time,open,high,low,close,volume
2025-01-02T00:00:00.000Z,2633,2634.53,2632.52,2634.05,43
2025-01-02T01:00:00.000Z,2634.05,2635.29,2633.57,2634.81,43
2025-01-02T02:00:00.000Z,2634.81,2636.04,2634.33,2635.56,43
2025-01-02T03:00:00.000Z,2635.56,2636.49,2635.08,2636.01,43
2025-01-02T04:00:00.000Z,2636.01,2636.37,2634.82,2635.18,52
2025-01-02T05:00:00.000Z,2635.18,2635.54,2634.22,2634.58,52
2025-01-02T06:00:00.000Z,2634.58,2634.94,2633.62,2633.98,52
2025-01-02T07:00:00.000Z,2633.98,2634.34,2633.24,2633.6,52
2025-01-02T08:00:00.000Z,2633.6,2638.95,2632.16,2637.51,121
2025-01-02T09:00:00.000Z,2637.51,2641.96,2636.07,2640.52,121
2025-01-02T10:00:00.000Z,2640.52,2644.97,2639.08,2643.53,121
2025-01-02T11:00:00.000Z,2643.53,2647.08,2642.09,2645.64,121
2025-01-02T12:00:00.000Z,2645.64,2650.74,2644.12,2649.22,138
2025-01-02T13:00:00.000Z,2649.22,2653.38,2647.7,2651.86,138
2025-01-02T14:00:00.000Z,2651.86,2656.01,2650.34,2654.49,138
2025-01-02T15:00:00.000Z,2654.49,2657.7,2652.97,2656.18,138
2025-01-02T16:00:00.000Z,2656.18,2656.66,2654.65,2655.13,52
2025-01-02T17:00:00.000Z,2655.13,2655.61,2653.89,2654.37,52
2025-01-02T18:00:00.000Z,2654.37,2654.85,2653.14,2653.62,52
2025-01-02T19:00:00.000Z,2653.62,2654.1,2652.69,2653.17,52
2025-01-02T20:00:00.000Z,2653.17,2655.74,2652.47,2655.04,26
2025-01-02T21:00:00.000Z,2655.04,2657.17,2654.34,2656.47,26
2025-01-02T22:00:00.000Z,2656.47,2658.6,2655.77,2657.9,26
2025-01-02T23:00:00.000Z,2657.9,2659.6,2657.2,2658.9,26
2025-01-03T00:00:00.000Z,2658.7,2658.97,2657.84,2658.11,15
2025-01-03T01:00:00.000Z,2658.11,2658.38,2657.42,2657.69,15
2025-01-03T02:00:00.000Z,2657.69,2657.96,2656.99,2657.26,15
2025-01-03T03:00:00.000Z,2657.26,2657.53,2656.74,2657.01,15
2025-01-03T04:00:00.000Z,2657.01,2657.67,2656.81,2657.47,18
2025-01-03T05:00:00.000Z,2657.47,2658.01,2657.27,2657.81,18
2025-01-03T06:00:00.000Z,2657.81,2658.35,2657.61,2658.15,18
2025-01-03T07:00:00.000Z,2658.15,2658.56,2657.95,2658.36,18
2025-01-03T08:00:00.000Z,2658.36,2659.17,2655.35,2656.16,41
2025-01-03T09:00:00.000Z,2656.16,2656.97,2653.66,2654.47,41
2025-01-03T10:00:00.000Z,2654.47,2655.28,2651.97,2652.78,41
2025-01-03T11:00:00.000Z,2652.78,2653.59,2650.79,2651.6,41
2025-01-03T12:00:00.000Z,2651.6,2652.45,2648.74,2649.59,47
2025-01-03T13:00:00.000Z,2649.59,2650.44,2647.26,2648.11,47
2025-01-03T14:00:00.000Z,2648.11,2648.96,2645.79,2646.64,47
2025-01-03T15:00:00.000Z,2646.64,2647.49,2644.84,2645.69,47
2025-01-03T16:00:00.000Z,2645.69,2646.55,2645.42,2646.28,18
2025-01-03T17:00:00.000Z,2646.28,2646.97,2646.01,2646.7,18
2025-01-03T18:00:00.000Z,2646.7,2647.4,2646.43,2647.13,18
2025-01-03T19:00:00.000Z,2647.13,2647.65,2646.86,2647.38,18
2025-01-03T20:00:00.000Z,2647.38,2647.7,2646.26,2646.58,9
2025-01-03T21:00:00.000Z,2646.58,2646.9,2645.67,2645.99,9
2025-01-03T22:00:00.000Z,2645.99,2646.31,2645.07,2645.39,9
2025-01-03T23:00:00.000Z,2645.39,2645.71,2644.68,2645,9
2025-01-06T00:00:00.000Z,2645.5,2645.97,2643.99,2644.46,24
2025-01-06T01:00:00.000Z,2644.46,2644.93,2643.25,2643.72,24
2025-01-06T02:00:00.000Z,2643.72,2644.19,2642.51,2642.98,24
2025-01-06T03:00:00.000Z,2642.98,2643.45,2642.06,2642.53,24
2025-01-06T04:00:00.000Z,2642.53,2643.9,2642.05,2643.42,29
2025-01-06T05:00:00.000Z,2643.42,2644.5,2642.94,2644.02,29
2025-01-06T06:00:00.000Z,2644.02,2645.09,2643.54,2644.61,29
2025-01-06T07:00:00.000Z,2644.61,2645.39,2644.13,2644.91,29
2025-01-06T08:00:00.000Z,2644.91,2646.34,2639.62,2641.05,67
2025-01-06T09:00:00.000Z,2641.05,2642.48,2636.65,2638.08,67
2025-01-06T10:00:00.000Z,2638.08,2639.51,2633.68,2635.11,67
2025-01-06T11:00:00.000Z,2635.11,2636.54,2631.6,2633.03,67
2025-01-06T12:00:00.000Z,2633.03,2634.41,2628.19,2629.57,77
2025-01-06T13:00:00.000Z,2629.57,2630.95,2625.59,2626.97,77
2025-01-06T14:00:00.000Z,2626.97,2628.35,2622.99,2624.37,77
2025-01-06T15:00:00.000Z,2624.37,2625.75,2621.25,2622.63,77
2025-01-06T16:00:00.000Z,2622.63,2624.15,2622.15,2623.67,29
2025-01-06T17:00:00.000Z,2623.67,2624.89,2623.19,2624.41,29
2025-01-06T18:00:00.000Z,2624.41,2625.63,2623.93,2625.15,29
2025-01-06T19:00:00.000Z,2625.15,2626.08,2624.67,2625.6,29
2025-01-06T20:00:00.000Z,2625.6,2630.85,2624.34,2629.59,15
2025-01-06T21:00:00.000Z,2629.59,2634.05,2628.33,2632.79,15
2025-01-06T22:00:00.000Z,2632.79,2637.25,2631.53,2635.99,15
2025-01-06T23:00:00.000Z,2635.99,2639.66,2634.73,2638.4,15
2025-01-07T00:00:00.000Z,2653.4,2653.63,2653.33,2653.56,16
2025-01-07T01:00:00.000Z,2653.56,2653.74,2653.49,2653.67,16
2025-01-07T02:00:00.000Z,2653.67,2653.85,2653.6,2653.78,16
2025-01-07T03:00:00.000Z,2653.78,2653.92,2653.71,2653.85,16
2025-01-07T04:00:00.000Z,2653.85,2653.94,2653.62,2653.71,19
2025-01-07T05:00:00.000Z,2653.71,2653.8,2653.53,2653.62,19
2025-01-07T06:00:00.000Z,2653.62,2653.71,2653.44,2653.53,19
2025-01-07T07:00:00.000Z,2653.53,2653.62,2653.4,2653.49,19
2025-01-07T08:00:00.000Z,2653.49,2654.29,2653.27,2654.07,45
2025-01-07T09:00:00.000Z,2654.07,2654.74,2653.85,2654.52,45
2025-01-07T10:00:00.000Z,2654.52,2655.2,2654.3,2654.98,45
2025-01-07T11:00:00.000Z,2654.98,2655.51,2654.76,2655.29,45
2025-01-07T12:00:00.000Z,2655.29,2656,2655.09,2655.8,52
2025-01-07T13:00:00.000Z,2655.8,2656.4,2655.6,2656.2,52
2025-01-07T14:00:00.000Z,2656.2,2656.79,2656,2656.59,52
2025-01-07T15:00:00.000Z,2656.59,2657.06,2656.39,2656.86,52
2025-01-07T16:00:00.000Z,2656.86,2656.93,2656.63,2656.7,19
2025-01-07T17:00:00.000Z,2656.7,2656.77,2656.52,2656.59,19
2025-01-07T18:00:00.000Z,2656.59,2656.66,2656.41,2656.48,19
2025-01-07T19:00:00.000Z,2656.48,2656.55,2656.34,2656.41,19
2025-01-07T20:00:00.000Z,2656.41,2656.58,2656.35,2656.52,10
2025-01-07T21:00:00.000Z,2656.52,2656.65,2656.46,2656.59,10
2025-01-07T22:00:00.000Z,2656.59,2656.72,2656.53,2656.66,10
2025-01-07T23:00:00.000Z,2656.66,2656.76,2656.6,2656.7,10
2025-01-08T00:00:00.000Z,2655.5,2656.69,2655.13,2656.32,25
2025-01-08T01:00:00.000Z,2656.32,2657.27,2655.95,2656.9,25
2025-01-08T02:00:00.000Z,2656.9,2657.86,2656.53,2657.49,25
2025-01-08T03:00:00.000Z,2657.49,2658.21,2657.12,2657.84,25
2025-01-08T04:00:00.000Z,2657.84,2658.28,2656.66,2657.1,30
2025-01-08T05:00:00.000Z,2657.1,2657.54,2656.19,2656.63,30
2025-01-08T06:00:00.000Z,2656.63,2657.07,2655.72,2656.16,30
2025-01-08T07:00:00.000Z,2656.16,2656.6,2655.53,2655.97,30
2025-01-08T08:00:00.000Z,2655.97,2660.13,2654.85,2659.01,70
2025-01-08T09:00:00.000Z,2659.01,2662.47,2657.89,2661.35,70
2025-01-08T10:00:00.000Z,2661.35,2664.81,2660.23,2663.69,70
2025-01-08T11:00:00.000Z,2663.69,2666.45,2662.57,2665.33,70
2025-01-08T12:00:00.000Z,2665.33,2669.03,2664.31,2668.01,80
2025-01-08T13:00:00.000Z,2668.01,2671.08,2666.99,2670.06,80
2025-01-08T14:00:00.000Z,2670.06,2673.13,2669.04,2672.11,80
2025-01-08T15:00:00.000Z,2672.11,2674.54,2671.09,2673.52,80
2025-01-08T16:00:00.000Z,2673.52,2673.89,2672.33,2672.7,30
2025-01-08T17:00:00.000Z,2672.7,2673.07,2671.75,2672.12,30
2025-01-08T18:00:00.000Z,2672.12,2672.49,2671.16,2671.53,30
2025-01-08T19:00:00.000Z,2671.53,2671.9,2670.81,2671.18,30
2025-01-08T20:00:00.000Z,2671.18,2671.9,2668.34,2669.06,15
2025-01-08T21:00:00.000Z,2669.06,2669.78,2666.67,2667.39,15
2025-01-08T22:00:00.000Z,2667.39,2668.11,2665,2665.72,15
2025-01-08T23:00:00.000Z,2665.72,2666.44,2663.78,2664.5,15
2025-01-09T00:00:00.000Z,2669.7,2670.63,2669.41,2670.34,29
2025-01-09T01:00:00.000Z,2670.34,2671.09,2670.05,2670.8,29
2025-01-09T02:00:00.000Z,2670.8,2671.55,2670.51,2671.26,29
2025-01-09T03:00:00.000Z,2671.26,2671.83,2670.97,2671.54,29
2025-01-09T04:00:00.000Z,2671.54,2671.9,2670.58,2670.94,34
2025-01-09T05:00:00.000Z,2670.94,2671.3,2670.22,2670.58,34
2025-01-09T06:00:00.000Z,2670.58,2670.94,2669.85,2670.21,34
2025-01-09T07:00:00.000Z,2670.21,2670.57,2669.71,2670.07,34
2025-01-09T08:00:00.000Z,2670.07,2673.34,2669.19,2672.46,80
2025-01-09T09:00:00.000Z,2672.46,2675.18,2671.58,2674.3,80
2025-01-09T10:00:00.000Z,2674.3,2677.02,2673.42,2676.14,80
2025-01-09T11:00:00.000Z,2676.14,2678.31,2675.26,2677.43,80
2025-01-09T12:00:00.000Z,2677.43,2680.31,2676.65,2679.53,91
2025-01-09T13:00:00.000Z,2679.53,2681.92,2678.75,2681.14,91
2025-01-09T14:00:00.000Z,2681.14,2683.53,2680.36,2682.75,91
2025-01-09T15:00:00.000Z,2682.75,2684.65,2681.97,2683.87,91
2025-01-09T16:00:00.000Z,2683.87,2684.16,2682.94,2683.23,34
2025-01-09T17:00:00.000Z,2683.23,2683.52,2682.48,2682.77,34
2025-01-09T18:00:00.000Z,2682.77,2683.06,2682.02,2682.31,34
2025-01-09T19:00:00.000Z,2682.31,2682.6,2681.74,2682.03,34
2025-01-09T20:00:00.000Z,2682.03,2682.94,2681.74,2682.65,17
2025-01-09T21:00:00.000Z,2682.65,2683.39,2682.36,2683.1,17
2025-01-09T22:00:00.000Z,2683.1,2683.83,2682.81,2683.54,17
2025-01-09T23:00:00.000Z,2683.54,2684.09,2683.25,2683.8,17
2025-01-10T00:00:00.000Z,2686.1,2687.95,2685.52,2687.37,10
2025-01-10T01:00:00.000Z,2687.37,2688.86,2686.79,2688.28,10
2025-01-10T02:00:00.000Z,2688.28,2689.77,2687.7,2689.19,10
2025-01-10T03:00:00.000Z,2689.19,2690.32,2688.61,2689.74,10
2025-01-10T04:00:00.000Z,2689.74,2690.37,2687.99,2688.62,12
2025-01-10T05:00:00.000Z,2688.62,2689.25,2687.26,2687.89,12
2025-01-10T06:00:00.000Z,2687.89,2688.52,2686.53,2687.16,12
2025-01-10T07:00:00.000Z,2687.16,2687.79,2686.2,2686.83,12
2025-01-10T08:00:00.000Z,2686.83,2693.31,2685.08,2691.56,28
2025-01-10T09:00:00.000Z,2691.56,2696.95,2689.81,2695.2,28
2025-01-10T10:00:00.000Z,2695.2,2700.59,2693.45,2698.84,28
2025-01-10T11:00:00.000Z,2698.84,2703.14,2697.09,2701.39,28
2025-01-10T12:00:00.000Z,2701.39,2707.24,2699.75,2705.6,32
2025-01-10T13:00:00.000Z,2705.6,2710.43,2703.96,2708.79,32
2025-01-10T14:00:00.000Z,2708.79,2713.61,2707.15,2711.97,32
2025-01-10T15:00:00.000Z,2711.97,2715.77,2710.33,2714.13,32
2025-01-10T16:00:00.000Z,2714.13,2714.71,2712.28,2712.86,12
2025-01-10T17:00:00.000Z,2712.86,2713.44,2711.37,2711.95,12
2025-01-10T18:00:00.000Z,2711.95,2712.53,2710.46,2711.04,12
2025-01-10T19:00:00.000Z,2711.04,2711.62,2709.91,2710.49,12
2025-01-10T20:00:00.000Z,2710.49,2710.94,2709.26,2709.71,6
2025-01-10T21:00:00.000Z,2709.71,2710.16,2708.76,2709.21,6
2025-01-10T22:00:00.000Z,2709.21,2709.66,2708.27,2708.72,6
2025-01-10T23:00:00.000Z,2708.72,2709.17,2708.05,2708.5,6
2025-01-13T00:00:00.000Z,2711.1,2711.7,2709.18,2709.78,19
2025-01-13T01:00:00.000Z,2709.78,2710.38,2708.24,2708.84,19
2025-01-13T02:00:00.000Z,2708.84,2709.44,2707.3,2707.9,19
2025-01-13T03:00:00.000Z,2707.9,2708.5,2706.73,2707.33,19
2025-01-13T04:00:00.000Z,2707.33,2708.83,2706.87,2708.37,23
2025-01-13T05:00:00.000Z,2708.37,2709.59,2707.91,2709.13,23
2025-01-13T06:00:00.000Z,2709.13,2710.34,2708.67,2709.88,23
2025-01-13T07:00:00.000Z,2709.88,2710.81,2709.42,2710.35,23
2025-01-13T08:00:00.000Z,2710.35,2712.16,2703.64,2705.45,54
2025-01-13T09:00:00.000Z,2705.45,2707.26,2699.87,2701.68,54
2025-01-13T10:00:00.000Z,2701.68,2703.49,2696.1,2697.91,54
2025-01-13T11:00:00.000Z,2697.91,2699.72,2693.46,2695.27,54
2025-01-13T12:00:00.000Z,2695.27,2697.16,2688.9,2690.79,61
2025-01-13T13:00:00.000Z,2690.79,2692.68,2685.6,2687.49,61
2025-01-13T14:00:00.000Z,2687.49,2689.38,2682.3,2684.19,61
2025-01-13T15:00:00.000Z,2684.19,2686.08,2680.18,2682.07,61
2025-01-13T16:00:00.000Z,2682.07,2683.99,2681.47,2683.39,23
2025-01-13T17:00:00.000Z,2683.39,2684.93,2682.79,2684.33,23
2025-01-13T18:00:00.000Z,2684.33,2685.87,2683.73,2685.27,23
2025-01-13T19:00:00.000Z,2685.27,2686.44,2684.67,2685.84,23
2025-01-13T20:00:00.000Z,2685.84,2687.13,2680.66,2681.95,12
2025-01-13T21:00:00.000Z,2681.95,2683.24,2677.57,2678.86,12
2025-01-13T22:00:00.000Z,2678.86,2680.15,2674.49,2675.78,12
2025-01-13T23:00:00.000Z,2675.78,2677.07,2672.21,2673.5,12
2025-01-14T00:00:00.000Z,2673.6,2674.49,2673.32,2674.21,20
2025-01-14T01:00:00.000Z,2674.21,2674.93,2673.93,2674.65,20
2025-01-14T02:00:00.000Z,2674.65,2675.37,2674.37,2675.09,20
2025-01-14T03:00:00.000Z,2675.09,2675.63,2674.81,2675.35,20
2025-01-14T04:00:00.000Z,2675.35,2675.78,2674.3,2674.73,24
2025-01-14T05:00:00.000Z,2674.73,2675.16,2673.95,2674.38,24
2025-01-14T06:00:00.000Z,2674.38,2674.81,2673.6,2674.03,24
2025-01-14T07:00:00.000Z,2674.03,2674.46,2673.52,2673.95,24
2025-01-14T08:00:00.000Z,2673.95,2677.06,2673.11,2676.22,56
2025-01-14T09:00:00.000Z,2676.22,2678.81,2675.38,2677.97,56
2025-01-14T10:00:00.000Z,2677.97,2680.56,2677.13,2679.72,56
2025-01-14T11:00:00.000Z,2679.72,2681.79,2678.88,2680.95,56
2025-01-14T12:00:00.000Z,2680.95,2683.55,2680.29,2682.89,64
2025-01-14T13:00:00.000Z,2682.89,2685.09,2682.23,2684.43,64
2025-01-14T14:00:00.000Z,2684.43,2686.62,2683.77,2685.96,64
2025-01-14T15:00:00.000Z,2685.96,2687.74,2685.3,2687.08,64
2025-01-14T16:00:00.000Z,2687.08,2687.36,2686.19,2686.47,24
2025-01-14T17:00:00.000Z,2686.47,2686.75,2685.75,2686.03,24
2025-01-14T18:00:00.000Z,2686.03,2686.31,2685.31,2685.59,24
2025-01-14T19:00:00.000Z,2685.59,2685.87,2685.05,2685.33,24
2025-01-14T20:00:00.000Z,2685.33,2686.1,2682.12,2682.89,12
2025-01-14T21:00:00.000Z,2682.89,2683.66,2680.17,2680.94,12
2025-01-14T22:00:00.000Z,2680.94,2681.71,2678.21,2678.98,12
2025-01-14T23:00:00.000Z,2678.98,2679.75,2676.73,2677.5,12
2025-01-15T00:00:00.000Z,2690.8,2691.91,2690.45,2691.56,23
2025-01-15T01:00:00.000Z,2691.56,2692.45,2691.21,2692.1,23
2025-01-15T02:00:00.000Z,2692.1,2692.99,2691.75,2692.64,23
2025-01-15T03:00:00.000Z,2692.64,2693.32,2692.29,2692.97,23
2025-01-15T04:00:00.000Z,2692.97,2693.23,2692.11,2692.37,28
2025-01-15T05:00:00.000Z,2692.37,2692.63,2691.68,2691.94,28
2025-01-15T06:00:00.000Z,2691.94,2692.2,2691.24,2691.5,28
2025-01-15T07:00:00.000Z,2691.5,2691.76,2690.97,2691.23,28
2025-01-15T08:00:00.000Z,2691.23,2695.09,2690.19,2694.05,65
2025-01-15T09:00:00.000Z,2694.05,2697.26,2693.01,2696.22,65
2025-01-15T10:00:00.000Z,2696.22,2699.43,2695.18,2698.39,65
2025-01-15T11:00:00.000Z,2698.39,2700.95,2697.35,2699.91,65
2025-01-15T12:00:00.000Z,2699.91,2703.58,2698.82,2702.49,75
2025-01-15T13:00:00.000Z,2702.49,2705.48,2701.4,2704.39,75
2025-01-15T14:00:00.000Z,2704.39,2707.38,2703.3,2706.29,75
2025-01-15T15:00:00.000Z,2706.29,2708.6,2705.2,2707.51,75
2025-01-15T16:00:00.000Z,2707.51,2707.86,2706.4,2706.75,28
2025-01-15T17:00:00.000Z,2706.75,2707.1,2705.86,2706.21,28
2025-01-15T18:00:00.000Z,2706.21,2706.56,2705.32,2705.67,28
2025-01-15T19:00:00.000Z,2705.67,2706.02,2704.99,2705.34,28
2025-01-15T20:00:00.000Z,2705.34,2708.35,2704.59,2707.6,14
2025-01-15T21:00:00.000Z,2707.6,2710.14,2706.85,2709.39,14
2025-01-15T22:00:00.000Z,2709.39,2711.93,2708.64,2711.18,14
2025-01-15T23:00:00.000Z,2711.18,2713.25,2710.43,2712.5,14
2025-01-16T00:00:00.000Z,2731.7,2732.62,2731.41,2732.33,43
2025-01-16T01:00:00.000Z,2732.33,2733.08,2732.04,2732.79,43
2025-01-16T02:00:00.000Z,2732.79,2733.53,2732.5,2733.24,43
2025-01-16T03:00:00.000Z,2733.24,2733.8,2732.95,2733.51,43
2025-01-16T04:00:00.000Z,2733.51,2733.73,2732.79,2733.01,52
2025-01-16T05:00:00.000Z,2733.01,2733.23,2732.43,2732.65,52
2025-01-16T06:00:00.000Z,2732.65,2732.87,2732.07,2732.29,52
2025-01-16T07:00:00.000Z,2732.29,2732.51,2731.84,2732.06,52
2025-01-16T08:00:00.000Z,2732.06,2735.28,2731.19,2734.41,121
2025-01-16T09:00:00.000Z,2734.41,2737.09,2733.54,2736.22,121
2025-01-16T10:00:00.000Z,2736.22,2738.9,2735.35,2738.03,121
2025-01-16T11:00:00.000Z,2738.03,2740.17,2737.16,2739.3,121
2025-01-16T12:00:00.000Z,2739.3,2742.37,2738.39,2741.46,138
2025-01-16T13:00:00.000Z,2741.46,2743.95,2740.55,2743.04,138
2025-01-16T14:00:00.000Z,2743.04,2745.54,2742.13,2744.63,138
2025-01-16T15:00:00.000Z,2744.63,2746.55,2743.72,2745.64,138
2025-01-16T16:00:00.000Z,2745.64,2745.93,2744.72,2745.01,52
2025-01-16T17:00:00.000Z,2745.01,2745.3,2744.26,2744.55,52
2025-01-16T18:00:00.000Z,2744.55,2744.84,2743.81,2744.1,52
2025-01-16T19:00:00.000Z,2744.1,2744.39,2743.54,2743.83,52
2025-01-16T20:00:00.000Z,2743.83,2745.04,2743.48,2744.69,26
2025-01-16T21:00:00.000Z,2744.69,2745.68,2744.34,2745.33,26
2025-01-16T22:00:00.000Z,2745.33,2746.33,2744.98,2745.98,26
2025-01-16T23:00:00.000Z,2745.98,2746.75,2745.63,2746.4,26
2025-01-17T00:00:00.000Z,2736,2737.33,2735.58,2736.91,30
2025-01-17T01:00:00.000Z,2736.91,2737.99,2736.49,2737.57,30
2025-01-17T02:00:00.000Z,2737.57,2738.64,2737.15,2738.22,30
2025-01-17T03:00:00.000Z,2738.22,2739.03,2737.8,2738.61,30
2025-01-17T04:00:00.000Z,2738.61,2739.76,2736.22,2737.37,37
2025-01-17T05:00:00.000Z,2737.37,2738.52,2735.69,2736.84,37
2025-01-17T06:00:00.000Z,2736.84,2737.99,2735.17,2736.32,37
2025-01-17T07:00:00.000Z,2736.32,2737.67,2735.17,2736.52,37
2025-01-17T08:00:00.000Z,2736.52,2741.16,2735.27,2739.91,85
2025-01-17T09:00:00.000Z,2739.91,2743.77,2738.66,2742.52,85
2025-01-17T10:00:00.000Z,2742.52,2746.38,2741.27,2745.13,85
2025-01-17T11:00:00.000Z,2745.13,2748.21,2743.88,2746.96,85
2025-01-17T12:00:00.000Z,2746.96,2750.61,2746.12,2749.77,97
2025-01-17T13:00:00.000Z,2749.77,2752.89,2748.93,2752.05,97
2025-01-17T14:00:00.000Z,2752.05,2755.18,2751.21,2754.34,97
2025-01-17T15:00:00.000Z,2754.34,2756.94,2753.5,2756.1,97
2025-01-17T16:00:00.000Z,2756.1,2756.52,2754.77,2755.19,37
2025-01-17T17:00:00.000Z,2755.19,2755.61,2754.11,2754.53,37
2025-01-17T18:00:00.000Z,2754.53,2754.95,2753.46,2753.88,37
2025-01-17T19:00:00.000Z,2753.88,2754.3,2753.07,2753.49,37
2025-01-17T20:00:00.000Z,2753.49,2754.43,2749.66,2750.6,18
2025-01-17T21:00:00.000Z,2750.6,2751.54,2747.37,2748.31,18
2025-01-17T22:00:00.000Z,2748.31,2749.25,2745.07,2746.01,18
2025-01-17T23:00:00.000Z,2746.01,2746.95,2743.36,2744.3,18
2025-01-21T00:00:00.000Z,2746,2747.54,2745.52,2747.06,36
2025-01-21T01:00:00.000Z,2747.06,2748.29,2746.58,2747.81,36
2025-01-21T02:00:00.000Z,2747.81,2749.05,2747.33,2748.57,36
2025-01-21T03:00:00.000Z,2748.57,2749.5,2748.09,2749.02,36
2025-01-21T04:00:00.000Z,2749.02,2751.08,2745.07,2747.13,43
2025-01-21T05:00:00.000Z,2747.13,2749.19,2744.46,2746.52,43
2025-01-21T06:00:00.000Z,2746.52,2748.58,2743.86,2745.92,43
2025-01-21T07:00:00.000Z,2745.92,2748.66,2743.86,2746.6,43
2025-01-21T08:00:00.000Z,2746.6,2751.98,2745.15,2750.53,101
2025-01-21T09:00:00.000Z,2750.53,2755,2749.08,2753.55,101
2025-01-21T10:00:00.000Z,2753.55,2758.02,2752.1,2756.57,101
2025-01-21T11:00:00.000Z,2756.57,2760.13,2755.12,2758.68,101
2025-01-21T12:00:00.000Z,2758.68,2762.9,2757.71,2761.93,115
2025-01-21T13:00:00.000Z,2761.93,2765.54,2760.96,2764.57,115
2025-01-21T14:00:00.000Z,2764.57,2768.18,2763.6,2767.21,115
2025-01-21T15:00:00.000Z,2767.21,2770.22,2766.24,2769.25,115
2025-01-21T16:00:00.000Z,2769.25,2769.73,2767.71,2768.19,43
2025-01-21T17:00:00.000Z,2768.19,2768.67,2766.96,2767.44,43
2025-01-21T18:00:00.000Z,2767.44,2767.92,2766.2,2766.68,43
2025-01-21T19:00:00.000Z,2766.68,2767.16,2765.75,2766.23,43
2025-01-21T20:00:00.000Z,2766.23,2767.37,2761.57,2762.71,22
2025-01-21T21:00:00.000Z,2762.71,2763.85,2758.76,2759.9,22
2025-01-21T22:00:00.000Z,2759.9,2761.04,2755.95,2757.09,22
2025-01-21T23:00:00.000Z,2757.09,2758.23,2753.86,2755,22
2025-01-22T00:00:00.000Z,2754.5,2755.29,2754.25,2755.04,52
2025-01-22T01:00:00.000Z,2755.04,2755.67,2754.79,2755.42,52
2025-01-22T02:00:00.000Z,2755.42,2756.05,2755.17,2755.8,52
2025-01-22T03:00:00.000Z,2755.8,2756.28,2755.55,2756.03,52
2025-01-22T04:00:00.000Z,2756.03,2756.29,2755.3,2755.56,62
2025-01-22T05:00:00.000Z,2755.56,2755.82,2755,2755.26,62
2025-01-22T06:00:00.000Z,2755.26,2755.52,2754.69,2754.95,62
2025-01-22T07:00:00.000Z,2754.95,2755.21,2754.55,2754.81,62
2025-01-22T08:00:00.000Z,2754.81,2757.53,2754.08,2756.8,146
2025-01-22T09:00:00.000Z,2756.8,2759.06,2756.07,2758.33,146
2025-01-22T10:00:00.000Z,2758.33,2760.59,2757.6,2759.86,146
2025-01-22T11:00:00.000Z,2759.86,2761.66,2759.13,2760.93,146
2025-01-22T12:00:00.000Z,2760.93,2763.39,2760.24,2762.7,166
2025-01-22T13:00:00.000Z,2762.7,2764.73,2762.01,2764.04,166
2025-01-22T14:00:00.000Z,2764.04,2766.06,2763.35,2765.37,166
2025-01-22T15:00:00.000Z,2765.37,2766.97,2764.68,2766.28,166
2025-01-22T16:00:00.000Z,2766.28,2766.52,2765.5,2765.74,62
2025-01-22T17:00:00.000Z,2765.74,2765.98,2765.12,2765.36,62
2025-01-22T18:00:00.000Z,2765.36,2765.6,2764.74,2764.98,62
2025-01-22T19:00:00.000Z,2764.98,2765.22,2764.51,2764.75,62
2025-01-22T20:00:00.000Z,2764.75,2766.03,2764.4,2765.68,31
2025-01-22T21:00:00.000Z,2765.68,2766.74,2765.33,2766.39,31
2025-01-22T22:00:00.000Z,2766.39,2767.46,2766.04,2767.11,31
2025-01-22T23:00:00.000Z,2767.11,2767.95,2766.76,2767.6,31
2025-01-23T00:00:00.000Z,2760,2761,2759.69,2760.69,55
2025-01-23T01:00:00.000Z,2760.69,2761.49,2760.38,2761.18,55
2025-01-23T02:00:00.000Z,2761.18,2761.98,2760.87,2761.67,55
2025-01-23T03:00:00.000Z,2761.67,2762.27,2761.36,2761.96,55
2025-01-23T04:00:00.000Z,2761.96,2763.36,2759.29,2760.69,66
2025-01-23T05:00:00.000Z,2760.69,2762.09,2758.9,2760.3,66
2025-01-23T06:00:00.000Z,2760.3,2761.7,2758.51,2759.91,66
2025-01-23T07:00:00.000Z,2759.91,2761.79,2758.51,2760.39,66
2025-01-23T08:00:00.000Z,2760.39,2763.88,2759.45,2762.94,154
2025-01-23T09:00:00.000Z,2762.94,2765.84,2762,2764.9,154
2025-01-23T10:00:00.000Z,2764.9,2767.8,2763.96,2766.86,154
2025-01-23T11:00:00.000Z,2766.86,2769.17,2765.92,2768.23,154
2025-01-23T12:00:00.000Z,2768.23,2770.97,2767.6,2770.34,176
2025-01-23T13:00:00.000Z,2770.34,2772.68,2769.71,2772.05,176
2025-01-23T14:00:00.000Z,2772.05,2774.4,2771.42,2773.77,176
2025-01-23T15:00:00.000Z,2773.77,2775.72,2773.14,2775.09,176
2025-01-23T16:00:00.000Z,2775.09,2775.4,2774.09,2774.4,66
2025-01-23T17:00:00.000Z,2774.4,2774.71,2773.6,2773.91,66
2025-01-23T18:00:00.000Z,2773.91,2774.22,2773.11,2773.42,66
2025-01-23T19:00:00.000Z,2773.42,2773.73,2772.82,2773.13,66
2025-01-23T20:00:00.000Z,2773.13,2774.09,2769.06,2770.02,33
2025-01-23T21:00:00.000Z,2770.02,2770.98,2766.56,2767.52,33
2025-01-23T22:00:00.000Z,2767.52,2768.48,2764.05,2765.01,33
2025-01-23T23:00:00.000Z,2765.01,2765.97,2762.14,2763.1,33
2025-01-24T00:00:00.000Z,2759.8,2761.45,2759.28,2760.93,40
2025-01-24T01:00:00.000Z,2760.93,2762.25,2760.41,2761.73,40
2025-01-24T02:00:00.000Z,2761.73,2763.06,2761.21,2762.54,40
2025-01-24T03:00:00.000Z,2762.54,2763.54,2762.02,2763.02,40
2025-01-24T04:00:00.000Z,2763.02,2763.41,2761.74,2762.13,48
2025-01-24T05:00:00.000Z,2762.13,2762.52,2761.1,2761.49,48
2025-01-24T06:00:00.000Z,2761.49,2761.88,2760.45,2760.84,48
2025-01-24T07:00:00.000Z,2760.84,2761.23,2760.05,2760.44,48
2025-01-24T08:00:00.000Z,2760.44,2766.18,2758.89,2764.63,112
2025-01-24T09:00:00.000Z,2764.63,2769.4,2763.08,2767.85,112
2025-01-24T10:00:00.000Z,2767.85,2772.62,2766.3,2771.07,112
2025-01-24T11:00:00.000Z,2771.07,2774.87,2769.52,2773.32,112
2025-01-24T12:00:00.000Z,2773.32,2778.77,2771.7,2777.15,128
2025-01-24T13:00:00.000Z,2777.15,2781.59,2775.53,2779.97,128
2025-01-24T14:00:00.000Z,2779.97,2784.41,2778.35,2782.79,128
2025-01-24T15:00:00.000Z,2782.79,2786.21,2781.17,2784.59,128
2025-01-24T16:00:00.000Z,2784.59,2785.11,2782.94,2783.46,48
2025-01-24T17:00:00.000Z,2783.46,2783.98,2782.14,2782.66,48
2025-01-24T18:00:00.000Z,2782.66,2783.18,2781.33,2781.85,48
2025-01-24T19:00:00.000Z,2781.85,2782.37,2780.85,2781.37,48
2025-01-24T20:00:00.000Z,2781.37,2781.95,2779.41,2779.99,24
2025-01-24T21:00:00.000Z,2779.99,2780.57,2778.39,2778.97,24
2025-01-24T22:00:00.000Z,2778.97,2779.55,2777.37,2777.95,24
2025-01-24T23:00:00.000Z,2777.95,2778.53,2776.72,2777.3,24
2025-01-27T00:00:00.000Z,2761.1,2761.5,2759.84,2760.24,25
2025-01-27T01:00:00.000Z,2760.24,2760.64,2759.22,2759.62,25
2025-01-27T02:00:00.000Z,2759.62,2760.02,2758.6,2759,25
2025-01-27T03:00:00.000Z,2759,2759.4,2758.23,2758.63,25
2025-01-27T04:00:00.000Z,2758.63,2759.74,2758.25,2759.36,30
2025-01-27T05:00:00.000Z,2759.36,2760.24,2758.98,2759.86,30
2025-01-27T06:00:00.000Z,2759.86,2760.74,2759.48,2760.36,30
2025-01-27T07:00:00.000Z,2760.36,2760.99,2759.98,2760.61,30
2025-01-27T08:00:00.000Z,2760.61,2761.8,2756.21,2757.4,69
2025-01-27T09:00:00.000Z,2757.4,2758.59,2753.74,2754.93,69
2025-01-27T10:00:00.000Z,2754.93,2756.12,2751.27,2752.46,69
2025-01-27T11:00:00.000Z,2752.46,2753.65,2749.54,2750.73,69
2025-01-27T12:00:00.000Z,2750.73,2751.89,2746.68,2747.84,79
2025-01-27T13:00:00.000Z,2747.84,2749,2744.52,2745.68,79
2025-01-27T14:00:00.000Z,2745.68,2746.84,2742.36,2743.52,79
2025-01-27T15:00:00.000Z,2743.52,2744.68,2740.92,2742.08,79
2025-01-27T16:00:00.000Z,2742.08,2743.34,2741.68,2742.94,30
2025-01-27T17:00:00.000Z,2742.94,2743.96,2742.54,2743.56,30
2025-01-27T18:00:00.000Z,2743.56,2744.58,2743.16,2744.18,30
2025-01-27T19:00:00.000Z,2744.18,2744.95,2743.78,2744.55,30
2025-01-27T20:00:00.000Z,2744.55,2745.31,2741.55,2742.31,15
2025-01-27T21:00:00.000Z,2742.31,2743.07,2739.79,2740.55,15
2025-01-27T22:00:00.000Z,2740.55,2741.31,2738.03,2738.79,15
2025-01-27T23:00:00.000Z,2738.79,2739.55,2736.74,2737.5,15
2025-01-28T00:00:00.000Z,2738,2739.47,2737.54,2739.01,58
2025-01-28T01:00:00.000Z,2739.01,2740.19,2738.55,2739.73,58
2025-01-28T02:00:00.000Z,2739.73,2740.91,2739.27,2740.45,58
2025-01-28T03:00:00.000Z,2740.45,2741.34,2739.99,2740.88,58
2025-01-28T04:00:00.000Z,2740.88,2741.23,2739.74,2740.09,69
2025-01-28T05:00:00.000Z,2740.09,2740.44,2739.16,2739.51,69
2025-01-28T06:00:00.000Z,2739.51,2739.86,2738.59,2738.94,69
2025-01-28T07:00:00.000Z,2738.94,2739.29,2738.23,2738.58,69
2025-01-28T08:00:00.000Z,2738.58,2743.7,2737.2,2742.32,162
2025-01-28T09:00:00.000Z,2742.32,2746.58,2740.94,2745.2,162
2025-01-28T10:00:00.000Z,2745.2,2749.46,2743.82,2748.08,162
2025-01-28T11:00:00.000Z,2748.08,2751.48,2746.7,2750.1,162
2025-01-28T12:00:00.000Z,2750.1,2754.98,2748.65,2753.53,185
2025-01-28T13:00:00.000Z,2753.53,2757.5,2752.08,2756.05,185
2025-01-28T14:00:00.000Z,2756.05,2760.02,2754.6,2758.57,185
2025-01-28T15:00:00.000Z,2758.57,2761.63,2757.12,2760.18,185
2025-01-28T16:00:00.000Z,2760.18,2760.64,2758.71,2759.17,69
2025-01-28T17:00:00.000Z,2759.17,2759.63,2757.99,2758.45,69
2025-01-28T18:00:00.000Z,2758.45,2758.91,2757.27,2757.73,69
2025-01-28T19:00:00.000Z,2757.73,2758.19,2756.84,2757.3,69
2025-01-28T20:00:00.000Z,2757.3,2761.28,2756.31,2760.29,35
2025-01-28T21:00:00.000Z,2760.29,2763.66,2759.3,2762.67,35
2025-01-28T22:00:00.000Z,2762.67,2766.03,2761.68,2765.04,35
2025-01-28T23:00:00.000Z,2765.04,2767.79,2764.05,2766.8,35
2025-01-29T00:00:00.000Z,2769.1,2769.1,2769.1,2769.1,3142
2025-01-29T01:00:00.000Z,2769.1,2769.1,2769.1,2769.1,3142
2025-01-29T02:00:00.000Z,2769.1,2769.1,2769.1,2769.1,3142
2025-01-29T03:00:00.000Z,2769.1,2769.1,2769.1,2769.1,3142
2025-01-29T04:00:00.000Z,2769.1,2769.1,2769.1,2769.1,3771
2025-01-29T05:00:00.000Z,2769.1,2769.1,2769.1,2769.1,3771
2025-01-29T06:00:00.000Z,2769.1,2769.1,2769.1,2769.1,3771
2025-01-29T07:00:00.000Z,2769.1,2769.1,2769.1,2769.1,3771
2025-01-29T08:00:00.000Z,2769.1,2769.1,2769.1,2769.1,8799
2025-01-29T09:00:00.000Z,2769.1,2769.1,2769.1,2769.1,8799
2025-01-29T10:00:00.000Z,2769.1,2769.1,2769.1,2769.1,8799
2025-01-29T11:00:00.000Z,2769.1,2769.1,2769.1,2769.1,8799
2025-01-29T12:00:00.000Z,2769.1,2769.1,2769.1,2769.1,10055
2025-01-29T13:00:00.000Z,2769.1,2769.1,2769.1,2769.1,10055
2025-01-29T14:00:00.000Z,2769.1,2769.1,2769.1,2769.1,10055
2025-01-29T15:00:00.000Z,2769.1,2769.1,2769.1,2769.1,10055
2025-01-29T16:00:00.000Z,2769.1,2769.1,2769.1,2769.1,3771
2025-01-29T17:00:00.000Z,2769.1,2769.1,2769.1,2769.1,3771
2025-01-29T18:00:00.000Z,2769.1,2769.1,2769.1,2769.1,3771
2025-01-29T19:00:00.000Z,2769.1,2769.1,2769.1,2769.1,3771
2025-01-29T20:00:00.000Z,2769.1,2769.1,2769.1,2769.1,1886
2025-01-29T21:00:00.000Z,2769.1,2769.1,2769.1,2769.1,1886
2025-01-29T22:00:00.000Z,2769.1,2769.1,2769.1,2769.1,1886
2025-01-29T23:00:00.000Z,2769.1,2769.1,2769.1,2769.1,1886
2025-01-30T00:00:00.000Z,2772.5,2775.53,2771.55,2774.58,1004
2025-01-30T01:00:00.000Z,2774.58,2777.02,2773.63,2776.07,1004
2025-01-30T02:00:00.000Z,2776.07,2778.51,2775.12,2777.56,1004
2025-01-30T03:00:00.000Z,2777.56,2779.4,2776.61,2778.45,1004
2025-01-30T04:00:00.000Z,2778.45,2779.36,2775.78,2776.69,1204
2025-01-30T05:00:00.000Z,2776.69,2777.6,2774.59,2775.5,1204
2025-01-30T06:00:00.000Z,2775.5,2776.41,2773.4,2774.31,1204
2025-01-30T07:00:00.000Z,2774.31,2775.22,2772.78,2773.69,1204
2025-01-30T08:00:00.000Z,2773.69,2784.28,2770.83,2781.42,2810
2025-01-30T09:00:00.000Z,2781.42,2790.24,2778.56,2787.38,2810
2025-01-30T10:00:00.000Z,2787.38,2796.18,2784.52,2793.32,2810
2025-01-30T11:00:00.000Z,2793.32,2800.35,2790.46,2797.49,2810
2025-01-30T12:00:00.000Z,2797.49,2807.24,2794.69,2804.44,3211
2025-01-30T13:00:00.000Z,2804.44,2812.45,2801.64,2809.65,3211
2025-01-30T14:00:00.000Z,2809.65,2817.65,2806.85,2814.85,3211
2025-01-30T15:00:00.000Z,2814.85,2821.11,2812.05,2818.31,3211
2025-01-30T16:00:00.000Z,2818.31,2819.26,2815.28,2816.23,1204
2025-01-30T17:00:00.000Z,2816.23,2817.18,2813.79,2814.74,1204
2025-01-30T18:00:00.000Z,2814.74,2815.69,2812.3,2813.25,1204
2025-01-30T19:00:00.000Z,2813.25,2814.2,2811.41,2812.36,1204
2025-01-30T20:00:00.000Z,2812.36,2817.18,2811.03,2815.85,602
2025-01-30T21:00:00.000Z,2815.85,2819.84,2814.52,2818.51,602
2025-01-30T22:00:00.000Z,2818.51,2822.5,2817.18,2821.17,602
2025-01-30T23:00:00.000Z,2821.17,2824.33,2819.84,2823,602
2025-01-31T00:00:00.000Z,2829,2829.54,2827.27,2827.81,86
2025-01-31T01:00:00.000Z,2827.81,2828.35,2826.42,2826.96,86
2025-01-31T02:00:00.000Z,2826.96,2827.5,2825.57,2826.11,86
2025-01-31T03:00:00.000Z,2826.11,2826.65,2825.06,2825.6,86
2025-01-31T04:00:00.000Z,2825.6,2828.11,2824.47,2826.98,103
2025-01-31T05:00:00.000Z,2826.98,2828.79,2825.85,2827.66,103
2025-01-31T06:00:00.000Z,2827.66,2829.48,2826.53,2828.35,103
2025-01-31T07:00:00.000Z,2828.35,2829.48,2827.19,2828.32,103
2025-01-31T08:00:00.000Z,2828.32,2829.95,2822.27,2823.9,241
2025-01-31T09:00:00.000Z,2823.9,2825.53,2818.87,2820.5,241
2025-01-31T10:00:00.000Z,2820.5,2822.13,2815.47,2817.1,241
2025-01-31T11:00:00.000Z,2817.1,2818.73,2813.09,2814.72,241
2025-01-31T12:00:00.000Z,2814.72,2815.81,2809.98,2811.07,276
2025-01-31T13:00:00.000Z,2811.07,2812.16,2807,2808.09,276
2025-01-31T14:00:00.000Z,2808.09,2809.18,2804.03,2805.12,276
2025-01-31T15:00:00.000Z,2805.12,2806.21,2801.73,2802.82,276
2025-01-31T16:00:00.000Z,2802.82,2804.55,2802.28,2804.01,103
2025-01-31T17:00:00.000Z,2804.01,2805.4,2803.47,2804.86,103
2025-01-31T18:00:00.000Z,2804.86,2806.25,2804.32,2805.71,103
2025-01-31T19:00:00.000Z,2805.71,2806.76,2805.17,2806.22,103
2025-01-31T20:00:00.000Z,2806.22,2809.04,2805.45,2808.27,52
2025-01-31T21:00:00.000Z,2808.27,2810.61,2807.5,2809.84,52
2025-01-31T22:00:00.000Z,2809.84,2812.18,2809.07,2811.41,52
2025-01-31T23:00:00.000Z,2811.41,2813.27,2810.64,2812.5,52
2025-02-03T00:00:00.000Z,2818.2,2821.64,2817.12,2820.56,66
2025-02-03T01:00:00.000Z,2820.56,2823.33,2819.48,2822.25,66
2025-02-03T02:00:00.000Z,2822.25,2825.02,2821.17,2823.94,66
2025-02-03T03:00:00.000Z,2823.94,2826.03,2822.86,2824.95,66
2025-02-03T04:00:00.000Z,2824.95,2828.74,2817.44,2821.23,80
2025-02-03T05:00:00.000Z,2821.23,2825.02,2816.09,2819.88,80
2025-02-03T06:00:00.000Z,2819.88,2823.67,2814.74,2818.53,80
2025-02-03T07:00:00.000Z,2818.53,2823.34,2814.74,2819.55,80
2025-02-03T08:00:00.000Z,2819.55,2831.57,2816.31,2828.33,186
2025-02-03T09:00:00.000Z,2828.33,2838.32,2825.09,2835.08,186
2025-02-03T10:00:00.000Z,2835.08,2845.07,2831.84,2841.83,186
2025-02-03T11:00:00.000Z,2841.83,2849.79,2838.59,2846.55,186
2025-02-03T12:00:00.000Z,2846.55,2855.96,2844.39,2853.8,212
2025-02-03T13:00:00.000Z,2853.8,2861.87,2851.64,2859.71,212
2025-02-03T14:00:00.000Z,2859.71,2867.78,2857.55,2865.62,212
2025-02-03T15:00:00.000Z,2865.62,2872.33,2863.46,2870.17,212
2025-02-03T16:00:00.000Z,2870.17,2871.25,2866.73,2867.81,80
2025-02-03T17:00:00.000Z,2867.81,2868.89,2865.04,2866.12,80
2025-02-03T18:00:00.000Z,2866.12,2867.2,2863.35,2864.43,80
2025-02-03T19:00:00.000Z,2864.43,2865.51,2862.34,2863.42,80
2025-02-03T20:00:00.000Z,2863.42,2866.32,2851.33,2854.23,40
2025-02-03T21:00:00.000Z,2854.23,2857.13,2843.95,2846.85,40
2025-02-03T22:00:00.000Z,2846.85,2849.75,2836.57,2839.47,40
2025-02-03T23:00:00.000Z,2839.47,2842.37,2831,2833.9,40
2025-02-04T00:00:00.000Z,2827.6,2829.5,2827,2828.9,55
2025-02-04T01:00:00.000Z,2828.9,2830.43,2828.3,2829.83,55
2025-02-04T02:00:00.000Z,2829.83,2831.36,2829.23,2830.76,55
2025-02-04T03:00:00.000Z,2830.76,2831.92,2830.16,2831.32,55
2025-02-04T04:00:00.000Z,2831.32,2832.69,2828.35,2829.72,66
2025-02-04T05:00:00.000Z,2829.72,2831.09,2827.61,2828.98,66
2025-02-04T06:00:00.000Z,2828.98,2830.35,2826.86,2828.23,66
2025-02-04T07:00:00.000Z,2828.23,2829.71,2826.86,2828.34,66
2025-02-04T08:00:00.000Z,2828.34,2834.97,2826.55,2833.18,153
2025-02-04T09:00:00.000Z,2833.18,2838.69,2831.39,2836.9,153
2025-02-04T10:00:00.000Z,2836.9,2842.41,2835.11,2840.62,153
2025-02-04T11:00:00.000Z,2840.62,2845.01,2838.83,2843.22,153
2025-02-04T12:00:00.000Z,2843.22,2848.41,2842.03,2847.22,175
2025-02-04T13:00:00.000Z,2847.22,2851.66,2846.03,2850.47,175
2025-02-04T14:00:00.000Z,2850.47,2854.92,2849.28,2853.73,175
2025-02-04T15:00:00.000Z,2853.73,2857.43,2852.54,2856.24,175
2025-02-04T16:00:00.000Z,2856.24,2856.84,2854.34,2854.94,66
2025-02-04T17:00:00.000Z,2854.94,2855.54,2853.41,2854.01,66
2025-02-04T18:00:00.000Z,2854.01,2854.61,2852.48,2853.08,66
2025-02-04T19:00:00.000Z,2853.08,2853.68,2851.92,2852.52,66
2025-02-04T20:00:00.000Z,2852.52,2853.3,2852.16,2852.94,33
2025-02-04T21:00:00.000Z,2852.94,2853.49,2852.58,2853.13,33
2025-02-04T22:00:00.000Z,2853.13,2853.69,2852.77,2853.33,33
2025-02-04T23:00:00.000Z,2853.33,2853.69,2852.94,2853.3,33
2025-02-05T00:00:00.000Z,2850,2851.66,2849.48,2851.14,113
2025-02-05T01:00:00.000Z,2851.14,2852.47,2850.62,2851.95,113
2025-02-05T02:00:00.000Z,2851.95,2853.28,2851.43,2852.76,113
2025-02-05T03:00:00.000Z,2852.76,2853.77,2852.24,2853.25,113
2025-02-05T04:00:00.000Z,2853.25,2853.8,2851.71,2852.26,136
2025-02-05T05:00:00.000Z,2852.26,2852.81,2851.06,2851.61,136
2025-02-05T06:00:00.000Z,2851.61,2852.16,2850.41,2850.96,136
2025-02-05T07:00:00.000Z,2850.96,2851.51,2850.1,2850.65,136
2025-02-05T08:00:00.000Z,2850.65,2856.44,2849.09,2854.88,316
2025-02-05T09:00:00.000Z,2854.88,2859.69,2853.32,2858.13,316
2025-02-05T10:00:00.000Z,2858.13,2862.94,2856.57,2861.38,316
2025-02-05T11:00:00.000Z,2861.38,2865.21,2859.82,2863.65,316
2025-02-05T12:00:00.000Z,2863.65,2868.9,2862.17,2867.42,362
2025-02-05T13:00:00.000Z,2867.42,2871.74,2865.94,2870.26,362
2025-02-05T14:00:00.000Z,2870.26,2874.59,2868.78,2873.11,362
2025-02-05T15:00:00.000Z,2873.11,2876.51,2871.63,2875.03,362
2025-02-05T16:00:00.000Z,2875.03,2875.55,2873.37,2873.89,136
2025-02-05T17:00:00.000Z,2873.89,2874.41,2872.56,2873.08,136
2025-02-05T18:00:00.000Z,2873.08,2873.6,2871.75,2872.27,136
2025-02-05T19:00:00.000Z,2872.27,2872.79,2871.26,2871.78,136
2025-02-05T20:00:00.000Z,2871.78,2872.05,2871.29,2871.56,68
2025-02-05T21:00:00.000Z,2871.56,2871.83,2871.25,2871.52,68
2025-02-05T22:00:00.000Z,2871.52,2871.79,2871.2,2871.47,68
2025-02-05T23:00:00.000Z,2871.47,2871.87,2871.2,2871.6,68
2025-02-06T00:00:00.000Z,2865.2,2865.77,2863.39,2863.96,78
2025-02-06T01:00:00.000Z,2863.96,2864.53,2862.51,2863.08,78
2025-02-06T02:00:00.000Z,2863.08,2863.65,2861.62,2862.19,78
2025-02-06T03:00:00.000Z,2862.19,2862.76,2861.09,2861.66,78
2025-02-06T04:00:00.000Z,2861.66,2863.9,2860.72,2862.96,94
2025-02-06T05:00:00.000Z,2862.96,2864.61,2862.02,2863.67,94
2025-02-06T06:00:00.000Z,2863.67,2865.31,2862.73,2864.37,94
2025-02-06T07:00:00.000Z,2864.37,2865.43,2863.43,2864.49,94
2025-02-06T08:00:00.000Z,2864.49,2866.19,2858.19,2859.89,218
2025-02-06T09:00:00.000Z,2859.89,2861.59,2854.65,2856.35,218
2025-02-06T10:00:00.000Z,2856.35,2858.05,2851.11,2852.81,218
2025-02-06T11:00:00.000Z,2852.81,2854.51,2848.63,2850.33,218
2025-02-06T12:00:00.000Z,2850.33,2851.59,2845.18,2846.44,249
2025-02-06T13:00:00.000Z,2846.44,2847.7,2842.09,2843.35,249
2025-02-06T14:00:00.000Z,2843.35,2844.61,2838.99,2840.25,249
2025-02-06T15:00:00.000Z,2840.25,2841.51,2836.68,2837.94,249
2025-02-06T16:00:00.000Z,2837.94,2839.75,2837.37,2839.18,94
2025-02-06T17:00:00.000Z,2839.18,2840.63,2838.61,2840.06,94
2025-02-06T18:00:00.000Z,2840.06,2841.52,2839.49,2840.95,94
2025-02-06T19:00:00.000Z,2840.95,2842.05,2840.38,2841.48,94
2025-02-06T20:00:00.000Z,2841.48,2847.45,2840.04,2846.01,47
2025-02-06T21:00:00.000Z,2846.01,2851.08,2844.57,2849.64,47
2025-02-06T22:00:00.000Z,2849.64,2854.71,2848.2,2853.27,47
2025-02-06T23:00:00.000Z,2853.27,2857.44,2851.83,2856,47
2025-02-07T00:00:00.000Z,2859.9,2861.52,2859.39,2861.01,46
2025-02-07T01:00:00.000Z,2861.01,2862.31,2860.5,2861.8,46
2025-02-07T02:00:00.000Z,2861.8,2863.1,2861.29,2862.59,46
2025-02-07T03:00:00.000Z,2862.59,2863.58,2862.08,2863.07,46
2025-02-07T04:00:00.000Z,2863.07,2863.62,2861.54,2862.09,55
2025-02-07T05:00:00.000Z,2862.09,2862.64,2860.91,2861.46,55
2025-02-07T06:00:00.000Z,2861.46,2862.01,2860.27,2860.82,55
2025-02-07T07:00:00.000Z,2860.82,2861.37,2859.98,2860.53,55
2025-02-07T08:00:00.000Z,2860.53,2866.17,2859.01,2864.65,128
2025-02-07T09:00:00.000Z,2864.65,2869.34,2863.13,2867.82,128
2025-02-07T10:00:00.000Z,2867.82,2872.51,2866.3,2870.99,128
2025-02-07T11:00:00.000Z,2870.99,2874.73,2869.47,2873.21,128
2025-02-07T12:00:00.000Z,2873.21,2878.31,2871.78,2876.88,146
2025-02-07T13:00:00.000Z,2876.88,2881.08,2875.45,2879.65,146
2025-02-07T14:00:00.000Z,2879.65,2883.86,2878.22,2882.43,146
2025-02-07T15:00:00.000Z,2882.43,2885.74,2881,2884.31,146
2025-02-07T16:00:00.000Z,2884.31,2884.82,2882.69,2883.2,55
2025-02-07T17:00:00.000Z,2883.2,2883.71,2881.9,2882.41,55
2025-02-07T18:00:00.000Z,2882.41,2882.92,2881.11,2881.62,55
2025-02-07T19:00:00.000Z,2881.62,2882.13,2880.63,2881.14,55
2025-02-07T20:00:00.000Z,2881.14,2882.5,2875.47,2876.83,27
2025-02-07T21:00:00.000Z,2876.83,2878.19,2872.01,2873.37,27
2025-02-07T22:00:00.000Z,2873.37,2874.73,2868.55,2869.91,27
2025-02-07T23:00:00.000Z,2869.91,2871.27,2865.94,2867.3,27
2025-02-10T00:00:00.000Z,2864.2,2866.87,2863.36,2866.03,56
2025-02-10T01:00:00.000Z,2866.03,2868.18,2865.19,2867.34,56
2025-02-10T02:00:00.000Z,2867.34,2869.49,2866.5,2868.65,56
2025-02-10T03:00:00.000Z,2868.65,2870.27,2867.81,2869.43,56
2025-02-10T04:00:00.000Z,2869.43,2870.09,2867.31,2867.97,67
2025-02-10T05:00:00.000Z,2867.97,2868.63,2866.27,2866.93,67
2025-02-10T06:00:00.000Z,2866.93,2867.59,2865.22,2865.88,67
2025-02-10T07:00:00.000Z,2865.88,2866.54,2864.59,2865.25,67
2025-02-10T08:00:00.000Z,2865.25,2874.56,2862.74,2872.05,157
2025-02-10T09:00:00.000Z,2872.05,2879.79,2869.54,2877.28,157
2025-02-10T10:00:00.000Z,2877.28,2885.02,2874.77,2882.51,157
2025-02-10T11:00:00.000Z,2882.51,2888.68,2880,2886.17,157
2025-02-10T12:00:00.000Z,2886.17,2894.97,2883.57,2892.37,179
2025-02-10T13:00:00.000Z,2892.37,2899.55,2889.77,2896.95,179
2025-02-10T14:00:00.000Z,2896.95,2904.12,2894.35,2901.52,179
2025-02-10T15:00:00.000Z,2901.52,2907.07,2898.92,2904.47,179
2025-02-10T16:00:00.000Z,2904.47,2905.31,2901.8,2902.64,67
2025-02-10T17:00:00.000Z,2902.64,2903.48,2900.49,2901.33,67
2025-02-10T18:00:00.000Z,2901.33,2902.17,2899.18,2900.02,67
2025-02-10T19:00:00.000Z,2900.02,2900.86,2898.4,2899.24,67
2025-02-10T20:00:00.000Z,2899.24,2905.64,2897.62,2904.02,34
2025-02-10T21:00:00.000Z,2904.02,2909.4,2902.4,2907.78,34
2025-02-10T22:00:00.000Z,2907.78,2913.17,2906.16,2911.55,34
2025-02-10T23:00:00.000Z,2911.55,2915.92,2909.93,2914.3,34
2025-02-11T00:00:00.000Z,2925.5,2926.39,2922.67,2923.56,64
2025-02-11T01:00:00.000Z,2923.56,2924.45,2921.29,2922.18,64
2025-02-11T02:00:00.000Z,2922.18,2923.07,2919.9,2920.79,64
2025-02-11T03:00:00.000Z,2920.79,2921.68,2919.07,2919.96,64
2025-02-11T04:00:00.000Z,2919.96,2924.74,2917.7,2922.48,77
2025-02-11T05:00:00.000Z,2922.48,2925.85,2920.22,2923.59,77
2025-02-11T06:00:00.000Z,2923.59,2926.95,2921.33,2924.69,77
2025-02-11T07:00:00.000Z,2924.69,2926.95,2922.13,2924.39,77
2025-02-11T08:00:00.000Z,2924.39,2927.05,2914.53,2917.19,179
2025-02-11T09:00:00.000Z,2917.19,2919.85,2908.99,2911.65,179
2025-02-11T10:00:00.000Z,2911.65,2914.31,2903.45,2906.11,179
2025-02-11T11:00:00.000Z,2906.11,2908.77,2899.57,2902.23,179
2025-02-11T12:00:00.000Z,2902.23,2904,2894.5,2896.27,204
2025-02-11T13:00:00.000Z,2896.27,2898.04,2889.66,2891.43,204
2025-02-11T14:00:00.000Z,2891.43,2893.2,2884.81,2886.58,204
2025-02-11T15:00:00.000Z,2886.58,2888.35,2881.07,2882.84,204
2025-02-11T16:00:00.000Z,2882.84,2885.67,2881.95,2884.78,77
2025-02-11T17:00:00.000Z,2884.78,2887.05,2883.89,2886.16,77
2025-02-11T18:00:00.000Z,2886.16,2888.44,2885.27,2887.55,77
2025-02-11T19:00:00.000Z,2887.55,2889.27,2886.66,2888.38,77
2025-02-11T20:00:00.000Z,2888.38,2898.26,2886.01,2895.89,38
2025-02-11T21:00:00.000Z,2895.89,2904.29,2893.52,2901.92,38
2025-02-11T22:00:00.000Z,2901.92,2910.32,2899.55,2907.95,38
2025-02-11T23:00:00.000Z,2907.95,2914.87,2905.58,2912.5,38
2025-02-12T00:00:00.000Z,2902,2904.23,2901.3,2903.53,63
2025-02-12T01:00:00.000Z,2903.53,2905.32,2902.83,2904.62,63
2025-02-12T02:00:00.000Z,2904.62,2906.41,2903.92,2905.71,63
2025-02-12T03:00:00.000Z,2905.71,2907.07,2905.01,2906.37,63
2025-02-12T04:00:00.000Z,2906.37,2909.57,2900.3,2903.5,75
2025-02-12T05:00:00.000Z,2903.5,2906.7,2899.42,2902.62,75
2025-02-12T06:00:00.000Z,2902.62,2905.82,2898.55,2901.75,75
2025-02-12T07:00:00.000Z,2901.75,2906.07,2898.55,2902.87,75
2025-02-12T08:00:00.000Z,2902.87,2910.65,2900.77,2908.55,175
2025-02-12T09:00:00.000Z,2908.55,2915.02,2906.45,2912.92,175
2025-02-12T10:00:00.000Z,2912.92,2919.39,2910.82,2917.29,175
2025-02-12T11:00:00.000Z,2917.29,2922.45,2915.19,2920.35,175
2025-02-12T12:00:00.000Z,2920.35,2926.45,2918.95,2925.05,200
2025-02-12T13:00:00.000Z,2925.05,2930.27,2923.65,2928.87,200
2025-02-12T14:00:00.000Z,2928.87,2934.1,2927.47,2932.7,200
2025-02-12T15:00:00.000Z,2932.7,2937.05,2931.3,2935.65,200
2025-02-12T16:00:00.000Z,2935.65,2936.35,2933.42,2934.12,75
2025-02-12T17:00:00.000Z,2934.12,2934.82,2932.33,2933.03,75
2025-02-12T18:00:00.000Z,2933.03,2933.73,2931.24,2931.94,75
2025-02-12T19:00:00.000Z,2931.94,2932.64,2930.58,2931.28,75
2025-02-12T20:00:00.000Z,2931.28,2933.41,2922.25,2924.38,38
2025-02-12T21:00:00.000Z,2924.38,2926.51,2916.68,2918.81,38
2025-02-12T22:00:00.000Z,2918.81,2920.94,2911.11,2913.24,38
2025-02-12T23:00:00.000Z,2913.24,2915.37,2906.87,2909,38
2025-02-13T00:00:00.000Z,2911.3,2912.68,2910.87,2912.25,117
2025-02-13T01:00:00.000Z,2912.25,2913.36,2911.82,2912.93,117
2025-02-13T02:00:00.000Z,2912.93,2914.03,2912.5,2913.6,117
2025-02-13T03:00:00.000Z,2913.6,2914.44,2913.17,2914.01,117
2025-02-13T04:00:00.000Z,2914.01,2914.39,2912.85,2913.23,140
2025-02-13T05:00:00.000Z,2913.23,2913.61,2912.31,2912.69,140
2025-02-13T06:00:00.000Z,2912.69,2913.07,2911.76,2912.14,140
2025-02-13T07:00:00.000Z,2912.14,2912.52,2911.46,2911.84,140
2025-02-13T08:00:00.000Z,2911.84,2916.66,2910.54,2915.36,327
2025-02-13T09:00:00.000Z,2915.36,2919.37,2914.06,2918.07,327
2025-02-13T10:00:00.000Z,2918.07,2922.08,2916.77,2920.78,327
2025-02-13T11:00:00.000Z,2920.78,2923.98,2919.48,2922.68,327
2025-02-13T12:00:00.000Z,2922.68,2927.18,2921.37,2925.87,374
2025-02-13T13:00:00.000Z,2925.87,2929.55,2924.56,2928.24,374
2025-02-13T14:00:00.000Z,2928.24,2931.93,2926.93,2930.62,374
2025-02-13T15:00:00.000Z,2930.62,2933.48,2929.31,2932.17,374
2025-02-13T16:00:00.000Z,2932.17,2932.6,2930.79,2931.22,140
2025-02-13T17:00:00.000Z,2931.22,2931.65,2930.11,2930.54,140
2025-02-13T18:00:00.000Z,2930.54,2930.97,2929.44,2929.87,140
2025-02-13T19:00:00.000Z,2929.87,2930.3,2929.03,2929.46,140
2025-02-13T20:00:00.000Z,2929.46,2929.96,2927.76,2928.26,70
2025-02-13T21:00:00.000Z,2928.26,2928.76,2926.87,2927.37,70
2025-02-13T22:00:00.000Z,2927.37,2927.87,2925.98,2926.48,70
2025-02-13T23:00:00.000Z,2926.48,2926.98,2925.4,2925.9,70
2025-02-14T00:00:00.000Z,2937.3,2938.41,2933.75,2934.86,50
2025-02-14T01:00:00.000Z,2934.86,2935.97,2932.01,2933.12,50
2025-02-14T02:00:00.000Z,2933.12,2934.23,2930.27,2931.38,50
2025-02-14T03:00:00.000Z,2931.38,2932.49,2929.23,2930.34,50
2025-02-14T04:00:00.000Z,2930.34,2934.01,2928.94,2932.61,60
2025-02-14T05:00:00.000Z,2932.61,2935.4,2931.21,2934,60
2025-02-14T06:00:00.000Z,2934,2936.79,2932.6,2935.39,60
2025-02-14T07:00:00.000Z,2935.39,2937.31,2933.99,2935.91,60
2025-02-14T08:00:00.000Z,2935.91,2939.25,2923.52,2926.86,140
2025-02-14T09:00:00.000Z,2926.86,2930.2,2916.56,2919.9,140
2025-02-14T10:00:00.000Z,2919.9,2923.24,2909.6,2912.94,140
2025-02-14T11:00:00.000Z,2912.94,2916.28,2904.73,2908.07,140
2025-02-14T12:00:00.000Z,2908.07,2911.01,2897.2,2900.14,159
2025-02-14T13:00:00.000Z,2900.14,2903.08,2891.11,2894.05,159
2025-02-14T14:00:00.000Z,2894.05,2896.99,2885.02,2887.96,159
2025-02-14T15:00:00.000Z,2887.96,2890.9,2880.77,2883.71,159
2025-02-14T16:00:00.000Z,2883.71,2887.26,2882.6,2886.15,60
2025-02-14T17:00:00.000Z,2886.15,2889,2885.04,2887.89,60
2025-02-14T18:00:00.000Z,2887.89,2890.74,2886.78,2889.63,60
2025-02-14T19:00:00.000Z,2889.63,2891.78,2888.52,2890.67,60
2025-02-14T20:00:00.000Z,2890.67,2891.79,2887.08,2888.2,30
2025-02-14T21:00:00.000Z,2888.2,2889.32,2885.31,2886.43,30
2025-02-14T22:00:00.000Z,2886.43,2887.55,2883.55,2884.67,30
2025-02-14T23:00:00.000Z,2884.67,2885.79,2882.48,2883.6,30
2025-02-18T00:00:00.000Z,2879.2,2882.39,2878.2,2881.39,100
2025-02-18T01:00:00.000Z,2881.39,2883.96,2880.39,2882.96,100
2025-02-18T02:00:00.000Z,2882.96,2885.52,2881.96,2884.52,100
2025-02-18T03:00:00.000Z,2884.52,2886.46,2883.52,2885.46,100
2025-02-18T04:00:00.000Z,2885.46,2886.64,2882.29,2883.47,120
2025-02-18T05:00:00.000Z,2883.47,2884.65,2881.04,2882.22,120
2025-02-18T06:00:00.000Z,2882.22,2883.4,2879.78,2880.96,120
2025-02-18T07:00:00.000Z,2880.96,2882.14,2879.27,2880.45,120
2025-02-18T08:00:00.000Z,2880.45,2891.59,2877.45,2888.59,281
2025-02-18T09:00:00.000Z,2888.59,2897.85,2885.59,2894.85,281
2025-02-18T10:00:00.000Z,2894.85,2904.11,2891.85,2901.11,281
2025-02-18T11:00:00.000Z,2901.11,2908.49,2898.11,2905.49,281
2025-02-18T12:00:00.000Z,2905.49,2915.39,2902.77,2912.67,321
2025-02-18T13:00:00.000Z,2912.67,2920.87,2909.95,2918.15,321
2025-02-18T14:00:00.000Z,2918.15,2926.34,2915.43,2923.62,321
2025-02-18T15:00:00.000Z,2923.62,2930.12,2920.9,2927.4,321
2025-02-18T16:00:00.000Z,2927.4,2928.4,2924.21,2925.21,120
2025-02-18T17:00:00.000Z,2925.21,2926.21,2922.64,2923.64,120
2025-02-18T18:00:00.000Z,2923.64,2924.64,2921.08,2922.08,120
2025-02-18T19:00:00.000Z,2922.08,2923.08,2920.14,2921.14,120
2025-02-18T20:00:00.000Z,2921.14,2925.93,2919.8,2924.59,60
2025-02-18T21:00:00.000Z,2924.59,2928.55,2923.25,2927.21,60
2025-02-18T22:00:00.000Z,2927.21,2931.16,2925.87,2929.82,60
2025-02-18T23:00:00.000Z,2929.82,2932.94,2928.48,2931.6,60
2025-02-19T00:00:00.000Z,2938.7,2939.16,2937.23,2937.69,66
2025-02-19T01:00:00.000Z,2937.69,2938.15,2936.51,2936.97,66
2025-02-19T02:00:00.000Z,2936.97,2937.43,2935.78,2936.24,66
2025-02-19T03:00:00.000Z,2936.24,2936.7,2935.35,2935.81,66
2025-02-19T04:00:00.000Z,2935.81,2937.9,2934.88,2936.97,79
2025-02-19T05:00:00.000Z,2936.97,2938.48,2936.04,2937.55,79
2025-02-19T06:00:00.000Z,2937.55,2939.05,2936.62,2938.12,79
2025-02-19T07:00:00.000Z,2938.12,2939.05,2937.19,2938.12,79
2025-02-19T08:00:00.000Z,2938.12,2939.51,2932.97,2934.36,184
2025-02-19T09:00:00.000Z,2934.36,2935.75,2930.08,2931.47,184
2025-02-19T10:00:00.000Z,2931.47,2932.86,2927.19,2928.58,184
2025-02-19T11:00:00.000Z,2928.58,2929.97,2925.17,2926.56,184
2025-02-19T12:00:00.000Z,2926.56,2927.48,2922.53,2923.45,211
2025-02-19T13:00:00.000Z,2923.45,2924.37,2920.01,2920.93,211
2025-02-19T14:00:00.000Z,2920.93,2921.85,2917.48,2918.4,211
2025-02-19T15:00:00.000Z,2918.4,2919.32,2915.53,2916.45,211
2025-02-19T16:00:00.000Z,2916.45,2917.92,2915.99,2917.46,79
2025-02-19T17:00:00.000Z,2917.46,2918.64,2917,2918.18,79
2025-02-19T18:00:00.000Z,2918.18,2919.37,2917.72,2918.91,79
2025-02-19T19:00:00.000Z,2918.91,2919.8,2918.45,2919.34,79
2025-02-19T20:00:00.000Z,2919.34,2919.74,2919.1,2919.5,40
2025-02-19T21:00:00.000Z,2919.5,2919.76,2919.26,2919.52,40
2025-02-19T22:00:00.000Z,2919.52,2919.77,2919.28,2919.53,40
2025-02-19T23:00:00.000Z,2919.53,2919.77,2919.16,2919.4,40
2025-02-20T00:00:00.000Z,2949.1,2949.61,2947.48,2947.99,17
2025-02-20T01:00:00.000Z,2947.99,2948.5,2946.69,2947.2,17
2025-02-20T02:00:00.000Z,2947.2,2947.71,2945.9,2946.41,17
2025-02-20T03:00:00.000Z,2946.41,2946.92,2945.43,2945.94,17
2025-02-20T04:00:00.000Z,2945.94,2948.06,2945.02,2947.14,20
2025-02-20T05:00:00.000Z,2947.14,2948.7,2946.22,2947.78,20
2025-02-20T06:00:00.000Z,2947.78,2949.33,2946.86,2948.41,20
2025-02-20T07:00:00.000Z,2948.41,2949.39,2947.49,2948.47,20
2025-02-20T08:00:00.000Z,2948.47,2949.99,2942.84,2944.36,46
2025-02-20T09:00:00.000Z,2944.36,2945.88,2939.68,2941.2,46
2025-02-20T10:00:00.000Z,2941.2,2942.72,2936.52,2938.04,46
2025-02-20T11:00:00.000Z,2938.04,2939.56,2934.31,2935.83,46
2025-02-20T12:00:00.000Z,2935.83,2936.89,2931.34,2932.4,53
2025-02-20T13:00:00.000Z,2932.4,2933.46,2928.58,2929.64,53
2025-02-20T14:00:00.000Z,2929.64,2930.7,2925.81,2926.87,53
2025-02-20T15:00:00.000Z,2926.87,2927.93,2923.71,2924.77,53
2025-02-20T16:00:00.000Z,2924.77,2926.39,2924.26,2925.88,20
2025-02-20T17:00:00.000Z,2925.88,2927.18,2925.37,2926.67,20
2025-02-20T18:00:00.000Z,2926.67,2927.97,2926.16,2927.46,20
2025-02-20T19:00:00.000Z,2927.46,2928.44,2926.95,2927.93,20
2025-02-20T20:00:00.000Z,2927.93,2932.93,2926.71,2931.71,10
2025-02-20T21:00:00.000Z,2931.71,2935.95,2930.49,2934.73,10
2025-02-20T22:00:00.000Z,2934.73,2938.96,2933.51,2937.74,10
2025-02-20T23:00:00.000Z,2937.74,2941.22,2936.52,2940,10
2025-02-21T00:00:00.000Z,2938.8,2939.16,2937.65,2938.01,14
2025-02-21T01:00:00.000Z,2938.01,2938.37,2937.08,2937.44,14
2025-02-21T02:00:00.000Z,2937.44,2937.8,2936.51,2936.87,14
2025-02-21T03:00:00.000Z,2936.87,2937.23,2936.17,2936.53,14
2025-02-21T04:00:00.000Z,2936.53,2937.59,2936.16,2937.22,17
2025-02-21T05:00:00.000Z,2937.22,2938.04,2936.85,2937.67,17
2025-02-21T06:00:00.000Z,2937.67,2938.5,2937.3,2938.13,17
2025-02-21T07:00:00.000Z,2938.13,2938.72,2937.76,2938.35,17
2025-02-21T08:00:00.000Z,2938.35,2939.44,2934.31,2935.4,40
2025-02-21T09:00:00.000Z,2935.4,2936.49,2932.04,2933.13,40
2025-02-21T10:00:00.000Z,2933.13,2934.22,2929.77,2930.86,40
2025-02-21T11:00:00.000Z,2930.86,2931.95,2928.18,2929.27,40
2025-02-21T12:00:00.000Z,2929.27,2930.32,2925.58,2926.63,46
2025-02-21T13:00:00.000Z,2926.63,2927.68,2923.59,2924.64,46
2025-02-21T14:00:00.000Z,2924.64,2925.69,2921.6,2922.65,46
2025-02-21T15:00:00.000Z,2922.65,2923.7,2920.27,2921.32,46
2025-02-21T16:00:00.000Z,2921.32,2922.47,2920.96,2922.11,17
2025-02-21T17:00:00.000Z,2922.11,2923.04,2921.75,2922.68,17
2025-02-21T18:00:00.000Z,2922.68,2923.61,2922.32,2923.25,17
2025-02-21T19:00:00.000Z,2923.25,2923.95,2922.89,2923.59,17
2025-02-21T20:00:00.000Z,2923.59,2929.21,2922.29,2927.91,9
2025-02-21T21:00:00.000Z,2927.91,2932.71,2926.61,2931.41,9
2025-02-21T22:00:00.000Z,2931.41,2936.21,2930.11,2934.91,9
2025-02-21T23:00:00.000Z,2934.91,2938.9,2933.61,2937.6,9
2025-02-24T00:00:00.000Z,2933.1,2934.37,2932.7,2933.97,11
2025-02-24T01:00:00.000Z,2933.97,2934.99,2933.57,2934.59,11
2025-02-24T02:00:00.000Z,2934.59,2935.61,2934.19,2935.21,11
2025-02-24T03:00:00.000Z,2935.21,2935.98,2934.81,2935.58,11
2025-02-24T04:00:00.000Z,2935.58,2935.88,2934.6,2934.9,13
2025-02-24T05:00:00.000Z,2934.9,2935.2,2934.1,2934.4,13
2025-02-24T06:00:00.000Z,2934.4,2934.7,2933.61,2933.91,13
2025-02-24T07:00:00.000Z,2933.91,2934.21,2933.3,2933.6,13
2025-02-24T08:00:00.000Z,2933.6,2938.01,2932.41,2936.82,29
2025-02-24T09:00:00.000Z,2936.82,2940.49,2935.63,2939.3,29
2025-02-24T10:00:00.000Z,2939.3,2942.97,2938.11,2941.78,29
2025-02-24T11:00:00.000Z,2941.78,2944.71,2940.59,2943.52,29
2025-02-24T12:00:00.000Z,2943.52,2947.72,2942.27,2946.47,33
2025-02-24T13:00:00.000Z,2946.47,2949.89,2945.22,2948.64,33
2025-02-24T14:00:00.000Z,2948.64,2952.06,2947.39,2950.81,33
2025-02-24T15:00:00.000Z,2950.81,2953.45,2949.56,2952.2,33
2025-02-24T16:00:00.000Z,2952.2,2952.6,2950.93,2951.33,13
2025-02-24T17:00:00.000Z,2951.33,2951.73,2950.31,2950.71,13
2025-02-24T18:00:00.000Z,2950.71,2951.11,2949.69,2950.09,13
2025-02-24T19:00:00.000Z,2950.09,2950.49,2949.32,2949.72,13
2025-02-24T20:00:00.000Z,2949.72,2950.06,2948.71,2949.05,6
2025-02-24T21:00:00.000Z,2949.05,2949.39,2948.25,2948.59,6
2025-02-24T22:00:00.000Z,2948.59,2948.93,2947.8,2948.14,6
2025-02-24T23:00:00.000Z,2948.14,2948.48,2947.56,2947.9,6
2025-02-25T00:00:00.000Z,2938.7,2939.55,2935.99,2936.84,46
2025-02-25T01:00:00.000Z,2936.84,2937.69,2934.66,2935.51,46
2025-02-25T02:00:00.000Z,2935.51,2936.36,2933.33,2934.18,46
2025-02-25T03:00:00.000Z,2934.18,2935.03,2932.53,2933.38,46
2025-02-25T04:00:00.000Z,2933.38,2936.07,2932.38,2935.07,56
2025-02-25T05:00:00.000Z,2935.07,2937.13,2934.07,2936.13,56
2025-02-25T06:00:00.000Z,2936.13,2938.2,2935.13,2937.2,56
2025-02-25T07:00:00.000Z,2937.2,2938.64,2936.2,2937.64,56
2025-02-25T08:00:00.000Z,2937.64,2940.19,2928.17,2930.72,130
2025-02-25T09:00:00.000Z,2930.72,2933.27,2922.85,2925.4,130
2025-02-25T10:00:00.000Z,2925.4,2927.95,2917.53,2920.08,130
2025-02-25T11:00:00.000Z,2920.08,2922.63,2913.81,2916.36,130
2025-02-25T12:00:00.000Z,2916.36,2918.68,2907.93,2910.25,148
2025-02-25T13:00:00.000Z,2910.25,2912.57,2903.28,2905.6,148
2025-02-25T14:00:00.000Z,2905.6,2907.92,2898.62,2900.94,148
2025-02-25T15:00:00.000Z,2900.94,2903.26,2895.42,2897.74,148
2025-02-25T16:00:00.000Z,2897.74,2900.45,2896.89,2899.6,56
2025-02-25T17:00:00.000Z,2899.6,2901.78,2898.75,2900.93,56
2025-02-25T18:00:00.000Z,2900.93,2903.11,2900.08,2902.26,56
2025-02-25T19:00:00.000Z,2902.26,2903.91,2901.41,2903.06,56
2025-02-25T20:00:00.000Z,2903.06,2904.3,2902.52,2903.76,28
2025-02-25T21:00:00.000Z,2903.76,2904.66,2903.22,2904.12,28
2025-02-25T22:00:00.000Z,2904.12,2905.02,2903.58,2904.48,28
2025-02-25T23:00:00.000Z,2904.48,2905.04,2903.94,2904.5,28
2025-02-26T00:00:00.000Z,2913.5,2913.7,2913.44,2913.64,51
2025-02-26T01:00:00.000Z,2913.64,2913.8,2913.58,2913.74,51
2025-02-26T02:00:00.000Z,2913.74,2913.9,2913.68,2913.84,51
2025-02-26T03:00:00.000Z,2913.84,2913.96,2913.78,2913.9,51
2025-02-26T04:00:00.000Z,2913.9,2913.99,2913.68,2913.77,62
2025-02-26T05:00:00.000Z,2913.77,2913.86,2913.59,2913.68,62
2025-02-26T06:00:00.000Z,2913.68,2913.77,2913.52,2913.61,62
2025-02-26T07:00:00.000Z,2913.61,2913.7,2913.49,2913.58,62
2025-02-26T08:00:00.000Z,2913.58,2914.29,2913.39,2914.1,144
2025-02-26T09:00:00.000Z,2914.1,2914.69,2913.91,2914.5,144
2025-02-26T10:00:00.000Z,2914.5,2915.09,2914.31,2914.9,144
2025-02-26T11:00:00.000Z,2914.9,2915.37,2914.71,2915.18,144
2025-02-26T12:00:00.000Z,2915.18,2915.79,2915.02,2915.63,164
2025-02-26T13:00:00.000Z,2915.63,2916.14,2915.47,2915.98,164
2025-02-26T14:00:00.000Z,2915.98,2916.49,2915.82,2916.33,164
2025-02-26T15:00:00.000Z,2916.33,2916.74,2916.17,2916.58,164
2025-02-26T16:00:00.000Z,2916.58,2916.64,2916.38,2916.44,62
2025-02-26T17:00:00.000Z,2916.44,2916.5,2916.28,2916.34,62
2025-02-26T18:00:00.000Z,2916.34,2916.4,2916.18,2916.24,62
2025-02-26T19:00:00.000Z,2916.24,2916.3,2916.12,2916.18,62
2025-02-26T20:00:00.000Z,2916.18,2916.47,2916.1,2916.39,31
2025-02-26T21:00:00.000Z,2916.39,2916.62,2916.31,2916.54,31
2025-02-26T22:00:00.000Z,2916.54,2916.78,2916.46,2916.7,31
2025-02-26T23:00:00.000Z,2916.7,2916.88,2916.62,2916.8,31
2025-02-27T00:00:00.000Z,2918.5,2919.34,2915.83,2916.67,81
2025-02-27T01:00:00.000Z,2916.67,2917.51,2914.52,2915.36,81
2025-02-27T02:00:00.000Z,2915.36,2916.2,2913.21,2914.05,81
2025-02-27T03:00:00.000Z,2914.05,2914.89,2912.42,2913.26,81
2025-02-27T04:00:00.000Z,2913.26,2915.89,2912.29,2914.92,97
2025-02-27T05:00:00.000Z,2914.92,2916.93,2913.95,2915.96,97
2025-02-27T06:00:00.000Z,2915.96,2917.98,2914.99,2917.01,97
2025-02-27T07:00:00.000Z,2917.01,2918.42,2916.04,2917.45,97
2025-02-27T08:00:00.000Z,2917.45,2919.97,2908.12,2910.64,225
2025-02-27T09:00:00.000Z,2910.64,2913.16,2902.88,2905.4,225
2025-02-27T10:00:00.000Z,2905.4,2907.92,2897.64,2900.16,225
2025-02-27T11:00:00.000Z,2900.16,2902.68,2893.97,2896.49,225
2025-02-27T12:00:00.000Z,2896.49,2898.79,2888.17,2890.47,257
2025-02-27T13:00:00.000Z,2890.47,2892.77,2883.58,2885.88,257
2025-02-27T14:00:00.000Z,2885.88,2888.18,2879,2881.3,257
2025-02-27T15:00:00.000Z,2881.3,2883.6,2875.85,2878.15,257
2025-02-27T16:00:00.000Z,2878.15,2880.82,2877.31,2879.98,97
2025-02-27T17:00:00.000Z,2879.98,2882.13,2879.14,2881.29,97
2025-02-27T18:00:00.000Z,2881.29,2883.44,2880.45,2882.6,97
2025-02-27T19:00:00.000Z,2882.6,2884.23,2881.76,2883.39,97
2025-02-27T20:00:00.000Z,2883.39,2883.82,2882.64,2883.07,48
2025-02-27T21:00:00.000Z,2883.07,2883.5,2882.59,2883.02,48
2025-02-27T22:00:00.000Z,2883.02,2883.45,2882.55,2882.98,48
2025-02-27T23:00:00.000Z,2882.98,2883.63,2882.55,2883.2,48
2025-02-28T00:00:00.000Z,2877.1,2877.79,2874.91,2875.6,25
2025-02-28T01:00:00.000Z,2875.6,2876.29,2873.83,2874.52,25
2025-02-28T02:00:00.000Z,2874.52,2875.21,2872.76,2873.45,25
2025-02-28T03:00:00.000Z,2873.45,2874.14,2872.11,2872.8,25
2025-02-28T04:00:00.000Z,2872.8,2874.5,2872.28,2873.98,30
2025-02-28T05:00:00.000Z,2873.98,2875.36,2873.46,2874.84,30
2025-02-28T06:00:00.000Z,2874.84,2876.22,2874.32,2875.7,30
2025-02-28T07:00:00.000Z,2875.7,2876.76,2875.18,2876.24,30
2025-02-28T08:00:00.000Z,2876.24,2878.3,2868.59,2870.65,69
2025-02-28T09:00:00.000Z,2870.65,2872.71,2864.29,2866.35,69
2025-02-28T10:00:00.000Z,2866.35,2868.41,2859.99,2862.05,69
2025-02-28T11:00:00.000Z,2862.05,2864.11,2856.98,2859.04,69
2025-02-28T12:00:00.000Z,2859.04,2861.21,2851.75,2853.92,79
2025-02-28T13:00:00.000Z,2853.92,2856.09,2847.99,2850.16,79
2025-02-28T14:00:00.000Z,2850.16,2852.33,2844.23,2846.4,79
2025-02-28T15:00:00.000Z,2846.4,2848.57,2841.82,2843.99,79
2025-02-28T16:00:00.000Z,2843.99,2846.18,2843.3,2845.49,30
2025-02-28T17:00:00.000Z,2845.49,2847.26,2844.8,2846.57,30
2025-02-28T18:00:00.000Z,2846.57,2848.33,2845.88,2847.64,30
2025-02-28T19:00:00.000Z,2847.64,2848.98,2846.95,2848.29,30
2025-02-28T20:00:00.000Z,2848.29,2849.55,2843.37,2844.63,15
2025-02-28T21:00:00.000Z,2844.63,2845.89,2840.5,2841.76,15
2025-02-28T22:00:00.000Z,2841.76,2843.02,2837.62,2838.88,15
2025-02-28T23:00:00.000Z,2838.88,2840.14,2835.54,2836.8,15
2025-03-03T00:00:00.000Z,2872.7,2874.14,2872.25,2873.69,11
2025-03-03T01:00:00.000Z,2873.69,2874.85,2873.24,2874.4,11
2025-03-03T02:00:00.000Z,2874.4,2875.56,2873.95,2875.11,11
2025-03-03T03:00:00.000Z,2875.11,2875.99,2874.66,2875.54,11
2025-03-03T04:00:00.000Z,2875.54,2876.62,2873.21,2874.29,13
2025-03-03T05:00:00.000Z,2874.29,2875.37,2872.65,2873.73,13
2025-03-03T06:00:00.000Z,2873.73,2874.81,2872.08,2873.16,13
2025-03-03T07:00:00.000Z,2873.16,2874.35,2872.08,2873.27,13
2025-03-03T08:00:00.000Z,2873.27,2878.32,2871.91,2876.96,30
2025-03-03T09:00:00.000Z,2876.96,2881.16,2875.6,2879.8,30
2025-03-03T10:00:00.000Z,2879.8,2884,2878.44,2882.64,30
2025-03-03T11:00:00.000Z,2882.64,2885.99,2881.28,2884.63,30
2025-03-03T12:00:00.000Z,2884.63,2888.59,2883.72,2887.68,34
2025-03-03T13:00:00.000Z,2887.68,2891.08,2886.77,2890.17,34
2025-03-03T14:00:00.000Z,2890.17,2893.56,2889.26,2892.65,34
2025-03-03T15:00:00.000Z,2892.65,2895.48,2891.74,2894.57,34
2025-03-03T16:00:00.000Z,2894.57,2895.02,2893.13,2893.58,13
2025-03-03T17:00:00.000Z,2893.58,2894.03,2892.42,2892.87,13
2025-03-03T18:00:00.000Z,2892.87,2893.32,2891.71,2892.16,13
2025-03-03T19:00:00.000Z,2892.16,2892.61,2891.28,2891.73,13
2025-03-03T20:00:00.000Z,2891.73,2892.08,2890.78,2891.13,6
2025-03-03T21:00:00.000Z,2891.13,2891.48,2890.4,2890.75,6
2025-03-03T22:00:00.000Z,2890.75,2891.1,2890.01,2890.36,6
2025-03-03T23:00:00.000Z,2890.36,2890.71,2889.85,2890.2,6
2025-03-04T00:00:00.000Z,2886.1,2888.23,2885.43,2887.56,22
2025-03-04T01:00:00.000Z,2887.56,2889.28,2886.89,2888.61,22
2025-03-04T02:00:00.000Z,2888.61,2890.32,2887.94,2889.65,22
2025-03-04T03:00:00.000Z,2889.65,2890.95,2888.98,2890.28,22
2025-03-04T04:00:00.000Z,2890.28,2890.78,2888.63,2889.13,27
2025-03-04T05:00:00.000Z,2889.13,2889.63,2887.8,2888.3,27
2025-03-04T06:00:00.000Z,2888.3,2888.8,2886.96,2887.46,27
2025-03-04T07:00:00.000Z,2887.46,2887.96,2886.44,2886.94,27
2025-03-04T08:00:00.000Z,2886.94,2894.38,2884.93,2892.37,62
2025-03-04T09:00:00.000Z,2892.37,2898.56,2890.36,2896.55,62
2025-03-04T10:00:00.000Z,2896.55,2902.74,2894.54,2900.73,62
2025-03-04T11:00:00.000Z,2900.73,2905.67,2898.72,2903.66,62
2025-03-04T12:00:00.000Z,2903.66,2910.74,2901.55,2908.63,71
2025-03-04T13:00:00.000Z,2908.63,2914.4,2906.52,2912.29,71
2025-03-04T14:00:00.000Z,2912.29,2918.06,2910.18,2915.95,71
2025-03-04T15:00:00.000Z,2915.95,2920.4,2913.84,2918.29,71
2025-03-04T16:00:00.000Z,2918.29,2918.96,2916.16,2916.83,27
2025-03-04T17:00:00.000Z,2916.83,2917.5,2915.11,2915.78,27
2025-03-04T18:00:00.000Z,2915.78,2916.45,2914.07,2914.74,27
2025-03-04T19:00:00.000Z,2914.74,2915.41,2913.44,2914.11,27
2025-03-04T20:00:00.000Z,2914.11,2914.81,2911.85,2912.55,13
2025-03-04T21:00:00.000Z,2912.55,2913.25,2910.72,2911.42,13
2025-03-04T22:00:00.000Z,2911.42,2912.12,2909.59,2910.29,13
2025-03-04T23:00:00.000Z,2910.29,2910.99,2908.9,2909.6,13
2025-03-05T00:00:00.000Z,2916.7,2917.16,2915.22,2915.68,14
2025-03-05T01:00:00.000Z,2915.68,2916.14,2914.5,2914.96,14
2025-03-05T02:00:00.000Z,2914.96,2915.42,2913.78,2914.24,14
2025-03-05T03:00:00.000Z,2914.24,2914.7,2913.34,2913.8,14
2025-03-05T04:00:00.000Z,2913.8,2915.63,2913.03,2914.86,17
2025-03-05T05:00:00.000Z,2914.86,2916.21,2914.09,2915.44,17
2025-03-05T06:00:00.000Z,2915.44,2916.79,2914.67,2916.02,17
2025-03-05T07:00:00.000Z,2916.02,2916.89,2915.25,2916.12,17
2025-03-05T08:00:00.000Z,2916.12,2917.51,2910.96,2912.35,39
2025-03-05T09:00:00.000Z,2912.35,2913.74,2908.06,2909.45,39
2025-03-05T10:00:00.000Z,2909.45,2910.84,2905.16,2906.55,39
2025-03-05T11:00:00.000Z,2906.55,2907.94,2903.13,2904.52,39
2025-03-05T12:00:00.000Z,2904.52,2905.56,2900.29,2901.33,44
2025-03-05T13:00:00.000Z,2901.33,2902.37,2897.76,2898.8,44
2025-03-05T14:00:00.000Z,2898.8,2899.84,2895.22,2896.26,44
2025-03-05T15:00:00.000Z,2896.26,2897.3,2893.33,2894.37,44
2025-03-05T16:00:00.000Z,2894.37,2895.84,2893.91,2895.38,17
2025-03-05T17:00:00.000Z,2895.38,2896.57,2894.92,2896.11,17
2025-03-05T18:00:00.000Z,2896.11,2897.3,2895.65,2896.84,17
2025-03-05T19:00:00.000Z,2896.84,2897.73,2896.38,2897.27,17
2025-03-05T20:00:00.000Z,2897.27,2904.49,2895.6,2902.82,8
2025-03-05T21:00:00.000Z,2902.82,2909,2901.15,2907.33,8
2025-03-05T22:00:00.000Z,2907.33,2913.51,2905.66,2911.84,8
2025-03-05T23:00:00.000Z,2911.84,2916.97,2910.17,2915.3,8
2025-03-06T00:00:00.000Z,2904,2904.76,2903.76,2904.52,22
2025-03-06T01:00:00.000Z,2904.52,2905.13,2904.28,2904.89,22
2025-03-06T02:00:00.000Z,2904.89,2905.5,2904.65,2905.26,22
2025-03-06T03:00:00.000Z,2905.26,2905.72,2905.02,2905.48,22
2025-03-06T04:00:00.000Z,2905.48,2905.67,2904.87,2905.06,26
2025-03-06T05:00:00.000Z,2905.06,2905.25,2904.58,2904.77,26
2025-03-06T06:00:00.000Z,2904.77,2904.96,2904.28,2904.47,26
2025-03-06T07:00:00.000Z,2904.47,2904.66,2904.11,2904.3,26
2025-03-06T08:00:00.000Z,2904.3,2906.93,2903.59,2906.22,61
2025-03-06T09:00:00.000Z,2906.22,2908.41,2905.51,2907.7,61
2025-03-06T10:00:00.000Z,2907.7,2909.89,2906.99,2909.18,61
2025-03-06T11:00:00.000Z,2909.18,2910.93,2908.47,2910.22,61
2025-03-06T12:00:00.000Z,2910.22,2912.7,2909.49,2911.97,70
2025-03-06T13:00:00.000Z,2911.97,2914,2911.24,2913.27,70
2025-03-06T14:00:00.000Z,2913.27,2915.29,2912.54,2914.56,70
2025-03-06T15:00:00.000Z,2914.56,2916.13,2913.83,2915.4,70
2025-03-06T16:00:00.000Z,2915.4,2915.64,2914.64,2914.88,26
2025-03-06T17:00:00.000Z,2914.88,2915.12,2914.27,2914.51,26
2025-03-06T18:00:00.000Z,2914.51,2914.75,2913.9,2914.14,26
2025-03-06T19:00:00.000Z,2914.14,2914.38,2913.68,2913.92,26
2025-03-06T20:00:00.000Z,2913.92,2915.13,2913.59,2914.8,13
2025-03-06T21:00:00.000Z,2914.8,2915.8,2914.47,2915.47,13
2025-03-06T22:00:00.000Z,2915.47,2916.47,2915.14,2916.14,13
2025-03-06T23:00:00.000Z,2916.14,2916.93,2915.81,2916.6,13
2025-03-07T00:00:00.000Z,2900.9,2902.27,2900.47,2901.84,13
2025-03-07T01:00:00.000Z,2901.84,2902.94,2901.41,2902.51,13
2025-03-07T02:00:00.000Z,2902.51,2903.61,2902.08,2903.18,13
2025-03-07T03:00:00.000Z,2903.18,2904.01,2902.75,2903.58,13
2025-03-07T04:00:00.000Z,2903.58,2903.93,2902.47,2902.82,16
2025-03-07T05:00:00.000Z,2902.82,2903.17,2901.94,2902.29,16
2025-03-07T06:00:00.000Z,2902.29,2902.64,2901.4,2901.75,16
2025-03-07T07:00:00.000Z,2901.75,2902.1,2901.09,2901.44,16
2025-03-07T08:00:00.000Z,2901.44,2906.21,2900.15,2904.92,37
2025-03-07T09:00:00.000Z,2904.92,2908.89,2903.63,2907.6,37
2025-03-07T10:00:00.000Z,2907.6,2911.57,2906.31,2910.28,37
2025-03-07T11:00:00.000Z,2910.28,2913.45,2908.99,2912.16,37
2025-03-07T12:00:00.000Z,2912.16,2916.65,2910.84,2915.33,43
2025-03-07T13:00:00.000Z,2915.33,2918.99,2914.01,2917.67,43
2025-03-07T14:00:00.000Z,2917.67,2921.34,2916.35,2920.02,43
2025-03-07T15:00:00.000Z,2920.02,2922.86,2918.7,2921.54,43
2025-03-07T16:00:00.000Z,2921.54,2921.97,2920.17,2920.6,16
2025-03-07T17:00:00.000Z,2920.6,2921.03,2919.5,2919.93,16
2025-03-07T18:00:00.000Z,2919.93,2920.36,2918.83,2919.26,16
2025-03-07T19:00:00.000Z,2919.26,2919.69,2918.43,2918.86,16
2025-03-07T20:00:00.000Z,2918.86,2920.21,2913.13,2914.48,8
2025-03-07T21:00:00.000Z,2914.48,2915.83,2909.59,2910.94,8
2025-03-07T22:00:00.000Z,2910.94,2912.29,2906.05,2907.4,8
2025-03-07T23:00:00.000Z,2907.4,2908.75,2903.35,2904.7,8
2025-03-10T00:00:00.000Z,2910.1,2910.66,2908.32,2908.88,5
2025-03-10T01:00:00.000Z,2908.88,2909.44,2907.45,2908.01,5
2025-03-10T02:00:00.000Z,2908.01,2908.57,2906.57,2907.13,5
2025-03-10T03:00:00.000Z,2907.13,2907.69,2906.05,2906.61,5
2025-03-10T04:00:00.000Z,2906.61,2908.64,2905.79,2907.82,5
2025-03-10T05:00:00.000Z,2907.82,2909.34,2907,2908.52,5
2025-03-10T06:00:00.000Z,2908.52,2910.03,2907.7,2909.21,5
2025-03-10T07:00:00.000Z,2909.21,2910.22,2908.39,2909.4,5
2025-03-10T08:00:00.000Z,2909.4,2911.08,2903.18,2904.86,5
2025-03-10T09:00:00.000Z,2904.86,2906.54,2899.69,2901.37,5
2025-03-10T10:00:00.000Z,2901.37,2903.05,2896.2,2897.88,5
2025-03-10T11:00:00.000Z,2897.88,2899.56,2893.76,2895.44,5
2025-03-10T12:00:00.000Z,2895.44,2896.8,2890.18,2891.54,5
2025-03-10T13:00:00.000Z,2891.54,2892.9,2887.13,2888.49,5
2025-03-10T14:00:00.000Z,2888.49,2889.85,2884.07,2885.43,5
2025-03-10T15:00:00.000Z,2885.43,2886.79,2881.87,2883.23,5
2025-03-10T16:00:00.000Z,2883.23,2885.01,2882.67,2884.45,5
2025-03-10T17:00:00.000Z,2884.45,2885.88,2883.89,2885.32,5
2025-03-10T18:00:00.000Z,2885.32,2886.76,2884.76,2886.2,5
2025-03-10T19:00:00.000Z,2886.2,2887.28,2885.64,2886.72,5
2025-03-10T20:00:00.000Z,2886.72,2888.8,2886.1,2888.18,5
2025-03-10T21:00:00.000Z,2888.18,2889.87,2887.56,2889.25,5
2025-03-10T22:00:00.000Z,2889.25,2890.94,2888.63,2890.32,5
2025-03-10T23:00:00.000Z,2890.32,2891.62,2889.7,2891,5
2025-03-11T00:00:00.000Z,2884.4,2886.25,2883.82,2885.67,5
2025-03-11T01:00:00.000Z,2885.67,2887.16,2885.09,2886.58,5
2025-03-11T02:00:00.000Z,2886.58,2888.07,2886,2887.49,5
2025-03-11T03:00:00.000Z,2887.49,2888.61,2886.91,2888.03,5
2025-03-11T04:00:00.000Z,2888.03,2888.79,2886.07,2886.83,6
2025-03-11T05:00:00.000Z,2886.83,2887.59,2885.35,2886.11,6
2025-03-11T06:00:00.000Z,2886.11,2886.87,2884.62,2885.38,6
2025-03-11T07:00:00.000Z,2885.38,2886.14,2884.37,2885.13,6
2025-03-11T08:00:00.000Z,2885.13,2891.59,2883.39,2889.85,14
2025-03-11T09:00:00.000Z,2889.85,2895.22,2888.11,2893.48,14
2025-03-11T10:00:00.000Z,2893.48,2898.85,2891.74,2897.11,14
2025-03-11T11:00:00.000Z,2897.11,2901.39,2895.37,2899.65,14
2025-03-11T12:00:00.000Z,2899.65,2905.28,2898.14,2903.77,16
2025-03-11T13:00:00.000Z,2903.77,2908.45,2902.26,2906.94,16
2025-03-11T14:00:00.000Z,2906.94,2911.63,2905.43,2910.12,16
2025-03-11T15:00:00.000Z,2910.12,2913.86,2908.61,2912.35,16
2025-03-11T16:00:00.000Z,2912.35,2912.93,2910.5,2911.08,6
2025-03-11T17:00:00.000Z,2911.08,2911.66,2909.59,2910.17,6
2025-03-11T18:00:00.000Z,2910.17,2910.75,2908.68,2909.26,6
2025-03-11T19:00:00.000Z,2909.26,2909.84,2908.14,2908.72,6
2025-03-11T20:00:00.000Z,2908.72,2910.77,2908.1,2910.15,5
2025-03-11T21:00:00.000Z,2910.15,2911.82,2909.53,2911.2,5
2025-03-11T22:00:00.000Z,2911.2,2912.86,2910.58,2912.24,5
2025-03-11T23:00:00.000Z,2912.24,2913.52,2911.62,2912.9,5
2025-03-12T00:00:00.000Z,2912,2913.49,2911.53,2913.02,5
2025-03-12T01:00:00.000Z,2913.02,2914.22,2912.55,2913.75,5
2025-03-12T02:00:00.000Z,2913.75,2914.94,2913.28,2914.47,5
2025-03-12T03:00:00.000Z,2914.47,2915.38,2914,2914.91,5
2025-03-12T04:00:00.000Z,2914.91,2915.42,2913.5,2914.01,7
2025-03-12T05:00:00.000Z,2914.01,2914.52,2912.92,2913.43,7
2025-03-12T06:00:00.000Z,2913.43,2913.94,2912.33,2912.84,7
2025-03-12T07:00:00.000Z,2912.84,2913.35,2912.07,2912.58,7
2025-03-12T08:00:00.000Z,2912.58,2917.76,2911.18,2916.36,15
2025-03-12T09:00:00.000Z,2916.36,2920.67,2914.96,2919.27,15
2025-03-12T10:00:00.000Z,2919.27,2923.58,2917.87,2922.18,15
2025-03-12T11:00:00.000Z,2922.18,2925.62,2920.78,2924.22,15
2025-03-12T12:00:00.000Z,2924.22,2928.89,2922.91,2927.58,17
2025-03-12T13:00:00.000Z,2927.58,2931.44,2926.27,2930.13,17
2025-03-12T14:00:00.000Z,2930.13,2933.99,2928.82,2932.68,17
2025-03-12T15:00:00.000Z,2932.68,2935.72,2931.37,2934.41,17
2025-03-12T16:00:00.000Z,2934.41,2934.88,2932.92,2933.39,7
2025-03-12T17:00:00.000Z,2933.39,2933.86,2932.19,2932.66,7
2025-03-12T18:00:00.000Z,2932.66,2933.13,2931.47,2931.94,7
2025-03-12T19:00:00.000Z,2931.94,2932.41,2931.03,2931.5,7
2025-03-12T20:00:00.000Z,2931.5,2934.77,2930.66,2933.93,5
2025-03-12T21:00:00.000Z,2933.93,2936.67,2933.09,2935.83,5
2025-03-12T22:00:00.000Z,2935.83,2938.57,2934.99,2937.73,5
2025-03-12T23:00:00.000Z,2937.73,2939.94,2936.89,2939.1,5
2025-03-13T00:00:00.000Z,2937.1,2939.79,2936.26,2938.95,59
2025-03-13T01:00:00.000Z,2938.95,2941.11,2938.11,2940.27,59
2025-03-13T02:00:00.000Z,2940.27,2942.43,2939.43,2941.59,59
2025-03-13T03:00:00.000Z,2941.59,2943.22,2940.75,2942.38,59
2025-03-13T04:00:00.000Z,2942.38,2943.17,2940.04,2940.83,71
2025-03-13T05:00:00.000Z,2940.83,2941.62,2938.99,2939.78,71
2025-03-13T06:00:00.000Z,2939.78,2940.57,2937.93,2938.72,71
2025-03-13T07:00:00.000Z,2938.72,2939.51,2937.37,2938.16,71
2025-03-13T08:00:00.000Z,2938.16,2947.55,2935.63,2945.02,166
2025-03-13T09:00:00.000Z,2945.02,2952.83,2942.49,2950.3,166
2025-03-13T10:00:00.000Z,2950.3,2958.11,2947.77,2955.58,166
2025-03-13T11:00:00.000Z,2955.58,2961.81,2953.05,2959.28,166
2025-03-13T12:00:00.000Z,2959.28,2967.98,2956.77,2965.47,189
2025-03-13T13:00:00.000Z,2965.47,2972.6,2962.96,2970.09,189
2025-03-13T14:00:00.000Z,2970.09,2977.22,2967.58,2974.71,189
2025-03-13T15:00:00.000Z,2974.71,2980.27,2972.2,2977.76,189
2025-03-13T16:00:00.000Z,2977.76,2978.6,2975.07,2975.91,71
2025-03-13T17:00:00.000Z,2975.91,2976.75,2973.75,2974.59,71
2025-03-13T18:00:00.000Z,2974.59,2975.43,2972.43,2973.27,71
2025-03-13T19:00:00.000Z,2973.27,2974.11,2971.64,2972.48,71
2025-03-13T20:00:00.000Z,2972.48,2977.66,2971.11,2976.29,36
2025-03-13T21:00:00.000Z,2976.29,2980.62,2974.92,2979.25,36
2025-03-13T22:00:00.000Z,2979.25,2983.57,2977.88,2982.2,36
2025-03-13T23:00:00.000Z,2982.2,2985.67,2980.83,2984.3,36
2025-03-14T00:00:00.000Z,2994.4,2995.36,2994.1,2995.06,45
2025-03-14T01:00:00.000Z,2995.06,2995.83,2994.76,2995.53,45
2025-03-14T02:00:00.000Z,2995.53,2996.3,2995.23,2996,45
2025-03-14T03:00:00.000Z,2996,2996.58,2995.7,2996.28,45
2025-03-14T04:00:00.000Z,2996.28,2997.18,2994.44,2995.34,54
2025-03-14T05:00:00.000Z,2995.34,2996.24,2994.07,2994.97,54
2025-03-14T06:00:00.000Z,2994.97,2995.87,2993.69,2994.59,54
2025-03-14T07:00:00.000Z,2994.59,2995.68,2993.69,2994.78,54
2025-03-14T08:00:00.000Z,2994.78,2998.12,2993.88,2997.22,126
2025-03-14T09:00:00.000Z,2997.22,3000,2996.32,2999.1,126
2025-03-14T10:00:00.000Z,2999.1,3001.88,2998.2,3000.98,126
2025-03-14T11:00:00.000Z,3000.98,3003.2,3000.08,3002.3,126
2025-03-14T12:00:00.000Z,3002.3,3004.92,3001.7,3004.32,144
2025-03-14T13:00:00.000Z,3004.32,3006.57,3003.72,3005.97,144
2025-03-14T14:00:00.000Z,3005.97,3008.21,3005.37,3007.61,144
2025-03-14T15:00:00.000Z,3007.61,3009.48,3007.01,3008.88,144
2025-03-14T16:00:00.000Z,3008.88,3009.18,3007.92,3008.22,54
2025-03-14T17:00:00.000Z,3008.22,3008.52,3007.45,3007.75,54
2025-03-14T18:00:00.000Z,3007.75,3008.05,3006.98,3007.28,54
2025-03-14T19:00:00.000Z,3007.28,3007.58,3006.7,3007,54
2025-03-14T20:00:00.000Z,3007,3008.15,3002.01,3003.16,27
2025-03-14T21:00:00.000Z,3003.16,3004.31,2998.88,3000.03,27
2025-03-14T22:00:00.000Z,3000.03,3001.18,2995.76,2996.91,27
2025-03-14T23:00:00.000Z,2996.91,2998.06,2993.35,2994.5,27
2025-03-17T00:00:00.000Z,2991,2991.64,2990.8,2991.44,5
2025-03-17T01:00:00.000Z,2991.44,2991.95,2991.24,2991.75,5
2025-03-17T02:00:00.000Z,2991.75,2992.26,2991.55,2992.06,5
2025-03-17T03:00:00.000Z,2992.06,2992.45,2991.86,2992.25,5
2025-03-17T04:00:00.000Z,2992.25,2992.56,2991.5,2991.81,7
2025-03-17T05:00:00.000Z,2991.81,2992.12,2991.25,2991.56,7
2025-03-17T06:00:00.000Z,2991.56,2991.87,2991,2991.31,7
2025-03-17T07:00:00.000Z,2991.31,2991.62,2990.94,2991.25,7
2025-03-17T08:00:00.000Z,2991.25,2993.48,2990.65,2992.88,15
2025-03-17T09:00:00.000Z,2992.88,2994.73,2992.28,2994.13,15
2025-03-17T10:00:00.000Z,2994.13,2995.98,2993.53,2995.38,15
2025-03-17T11:00:00.000Z,2995.38,2996.85,2994.78,2996.25,15
2025-03-17T12:00:00.000Z,2996.25,2998.11,2995.78,2997.64,17
2025-03-17T13:00:00.000Z,2997.64,2999.2,2997.17,2998.73,17
2025-03-17T14:00:00.000Z,2998.73,3000.3,2998.26,2999.83,17
2025-03-17T15:00:00.000Z,2999.83,3001.1,2999.36,3000.63,17
2025-03-17T16:00:00.000Z,3000.63,3000.83,2999.99,3000.19,7
2025-03-17T17:00:00.000Z,3000.19,3000.39,2999.68,2999.88,7
2025-03-17T18:00:00.000Z,2999.88,3000.08,2999.37,2999.57,7
2025-03-17T19:00:00.000Z,2999.57,2999.77,2999.18,2999.38,7
2025-03-17T20:00:00.000Z,2999.38,2999.78,2999.23,2999.63,5
2025-03-17T21:00:00.000Z,2999.63,2999.93,2999.48,2999.78,5
2025-03-17T22:00:00.000Z,2999.78,3000.09,2999.63,2999.94,5
2025-03-17T23:00:00.000Z,2999.94,3000.15,2999.79,3000,5
2025-03-18T00:00:00.000Z,3006.4,3008.18,3005.84,3007.62,11
2025-03-18T01:00:00.000Z,3007.62,3009.05,3007.06,3008.49,11
2025-03-18T02:00:00.000Z,3008.49,3009.92,3007.93,3009.36,11
2025-03-18T03:00:00.000Z,3009.36,3010.44,3008.8,3009.88,11
2025-03-18T04:00:00.000Z,3009.88,3010.46,3008.24,3008.82,13
2025-03-18T05:00:00.000Z,3008.82,3009.4,3007.55,3008.13,13
2025-03-18T06:00:00.000Z,3008.13,3008.71,3006.85,3007.43,13
2025-03-18T07:00:00.000Z,3007.43,3008.01,3006.52,3007.1,13
2025-03-18T08:00:00.000Z,3007.1,3013.29,3005.43,3011.62,30
2025-03-18T09:00:00.000Z,3011.62,3016.77,3009.95,3015.1,30
2025-03-18T10:00:00.000Z,3015.1,3020.25,3013.43,3018.58,30
2025-03-18T11:00:00.000Z,3018.58,3022.69,3016.91,3021.02,30
2025-03-18T12:00:00.000Z,3021.02,3026.65,3019.43,3025.06,34
2025-03-18T13:00:00.000Z,3025.06,3029.7,3023.47,3028.11,34
2025-03-18T14:00:00.000Z,3028.11,3032.74,3026.52,3031.15,34
2025-03-18T15:00:00.000Z,3031.15,3034.79,3029.56,3033.2,34
2025-03-18T16:00:00.000Z,3033.2,3033.76,3031.42,3031.98,13
2025-03-18T17:00:00.000Z,3031.98,3032.54,3030.55,3031.11,13
2025-03-18T18:00:00.000Z,3031.11,3031.67,3029.68,3030.24,13
2025-03-18T19:00:00.000Z,3030.24,3030.8,3029.16,3029.72,13
2025-03-18T20:00:00.000Z,3029.72,3032.22,3029.01,3031.51,7
2025-03-18T21:00:00.000Z,3031.51,3033.56,3030.8,3032.85,7
2025-03-18T22:00:00.000Z,3032.85,3034.91,3032.14,3034.2,7
2025-03-18T23:00:00.000Z,3034.2,3035.81,3033.49,3035.1,7
2025-03-19T00:00:00.000Z,3035.2,3036.22,3034.88,3035.9,5
2025-03-19T01:00:00.000Z,3035.9,3036.72,3035.58,3036.4,5
2025-03-19T02:00:00.000Z,3036.4,3037.22,3036.08,3036.9,5
2025-03-19T03:00:00.000Z,3036.9,3037.52,3036.58,3037.2,5
2025-03-19T04:00:00.000Z,3037.2,3037.78,3035.85,3036.43,5
2025-03-19T05:00:00.000Z,3036.43,3037.01,3035.45,3036.03,5
2025-03-19T06:00:00.000Z,3036.03,3036.61,3035.06,3035.64,5
2025-03-19T07:00:00.000Z,3035.64,3036.22,3035.02,3035.6,5
2025-03-19T08:00:00.000Z,3035.6,3039.16,3034.64,3038.2,12
2025-03-19T09:00:00.000Z,3038.2,3041.16,3037.24,3040.2,12
2025-03-19T10:00:00.000Z,3040.2,3043.16,3039.24,3042.2,12
2025-03-19T11:00:00.000Z,3042.2,3044.56,3041.24,3043.6,12
2025-03-19T12:00:00.000Z,3043.6,3046.42,3042.94,3045.76,14
2025-03-19T13:00:00.000Z,3045.76,3048.17,3045.1,3047.51,14
2025-03-19T14:00:00.000Z,3047.51,3049.92,3046.85,3049.26,14
2025-03-19T15:00:00.000Z,3049.26,3051.26,3048.6,3050.6,14
2025-03-19T16:00:00.000Z,3050.6,3050.92,3049.58,3049.9,5
2025-03-19T17:00:00.000Z,3049.9,3050.22,3049.08,3049.4,5
2025-03-19T18:00:00.000Z,3049.4,3049.72,3048.58,3048.9,5
2025-03-19T19:00:00.000Z,3048.9,3049.22,3048.28,3048.6,5
2025-03-19T20:00:00.000Z,3048.6,3049.78,3043.51,3044.69,5
2025-03-19T21:00:00.000Z,3044.69,3045.87,3040.33,3041.51,5
2025-03-19T22:00:00.000Z,3041.51,3042.69,3037.16,3038.34,5
2025-03-19T23:00:00.000Z,3038.34,3039.52,3034.72,3035.9,5
2025-03-20T00:00:00.000Z,3047.3,3047.51,3046.64,3046.85,5
2025-03-20T01:00:00.000Z,3046.85,3047.06,3046.32,3046.53,5
2025-03-20T02:00:00.000Z,3046.53,3046.74,3045.99,3046.2,5
2025-03-20T03:00:00.000Z,3046.2,3046.41,3045.8,3046.01,5
2025-03-20T04:00:00.000Z,3046.01,3046.51,3045.86,3046.36,6
2025-03-20T05:00:00.000Z,3046.36,3046.77,3046.21,3046.62,6
2025-03-20T06:00:00.000Z,3046.62,3047.03,3046.47,3046.88,6
2025-03-20T07:00:00.000Z,3046.88,3047.19,3046.73,3047.04,6
2025-03-20T08:00:00.000Z,3047.04,3047.66,3044.74,3045.36,13
2025-03-20T09:00:00.000Z,3045.36,3045.98,3043.45,3044.07,13
2025-03-20T10:00:00.000Z,3044.07,3044.69,3042.16,3042.78,13
2025-03-20T11:00:00.000Z,3042.78,3043.4,3041.26,3041.88,13
2025-03-20T12:00:00.000Z,3041.88,3042.53,3039.7,3040.35,15
2025-03-20T13:00:00.000Z,3040.35,3041,3038.57,3039.22,15
2025-03-20T14:00:00.000Z,3039.22,3039.87,3037.44,3038.09,15
2025-03-20T15:00:00.000Z,3038.09,3038.74,3036.72,3037.37,15
2025-03-20T16:00:00.000Z,3037.37,3038.03,3037.16,3037.82,6
2025-03-20T17:00:00.000Z,3037.82,3038.35,3037.61,3038.14,6
2025-03-20T18:00:00.000Z,3038.14,3038.68,3037.93,3038.47,6
2025-03-20T19:00:00.000Z,3038.47,3038.87,3038.26,3038.66,6
2025-03-20T20:00:00.000Z,3038.66,3039.34,3038.45,3039.13,5
2025-03-20T21:00:00.000Z,3039.13,3039.67,3038.92,3039.46,5
2025-03-20T22:00:00.000Z,3039.46,3040.01,3039.25,3039.8,5
2025-03-20T23:00:00.000Z,3039.8,3040.21,3039.59,3040,5
2025-03-21T00:00:00.000Z,3034.5,3035.09,3032.63,3033.22,5
2025-03-21T01:00:00.000Z,3033.22,3033.81,3031.71,3032.3,5
2025-03-21T02:00:00.000Z,3032.3,3032.89,3030.8,3031.39,5
2025-03-21T03:00:00.000Z,3031.39,3031.98,3030.25,3030.84,5
2025-03-21T04:00:00.000Z,3030.84,3032.68,3030.16,3032,5
2025-03-21T05:00:00.000Z,3032,3033.41,3031.32,3032.73,5
2025-03-21T06:00:00.000Z,3032.73,3034.14,3032.05,3033.46,5
2025-03-21T07:00:00.000Z,3033.46,3034.45,3032.78,3033.77,5
2025-03-21T08:00:00.000Z,3033.77,3035.53,3027.25,3029.01,11
2025-03-21T09:00:00.000Z,3029.01,3030.77,3023.59,3025.35,11
2025-03-21T10:00:00.000Z,3025.35,3027.11,3019.93,3021.69,11
2025-03-21T11:00:00.000Z,3021.69,3023.45,3017.37,3019.13,11
2025-03-21T12:00:00.000Z,3019.13,3020.73,3013.32,3014.92,12
2025-03-21T13:00:00.000Z,3014.92,3016.52,3010.12,3011.72,12
2025-03-21T14:00:00.000Z,3011.72,3013.32,3006.92,3008.52,12
2025-03-21T15:00:00.000Z,3008.52,3010.12,3004.72,3006.32,12
2025-03-21T16:00:00.000Z,3006.32,3008.19,3005.73,3007.6,5
2025-03-21T17:00:00.000Z,3007.6,3009.11,3007.01,3008.52,5
2025-03-21T18:00:00.000Z,3008.52,3010.02,3007.93,3009.43,5
2025-03-21T19:00:00.000Z,3009.43,3010.57,3008.84,3009.98,5
2025-03-21T20:00:00.000Z,3009.98,3013.58,3009.03,3012.63,5
2025-03-21T21:00:00.000Z,3012.63,3015.63,3011.68,3014.68,5
2025-03-21T22:00:00.000Z,3014.68,3017.69,3013.73,3016.74,5
2025-03-21T23:00:00.000Z,3016.74,3019.15,3015.79,3018.2,5
2025-03-24T00:00:00.000Z,3024.3,3024.59,3023.37,3023.66,5
2025-03-24T01:00:00.000Z,3023.66,3023.95,3022.91,3023.2,5
2025-03-24T02:00:00.000Z,3023.2,3023.49,3022.45,3022.74,5
2025-03-24T03:00:00.000Z,3022.74,3023.03,3022.18,3022.47,5
2025-03-24T04:00:00.000Z,3022.47,3023.19,3022.25,3022.97,5
2025-03-24T05:00:00.000Z,3022.97,3023.56,3022.75,3023.34,5
2025-03-24T06:00:00.000Z,3023.34,3023.92,3023.12,3023.7,5
2025-03-24T07:00:00.000Z,3023.7,3024.15,3023.48,3023.93,5
2025-03-24T08:00:00.000Z,3023.93,3024.81,3020.67,3021.55,10
2025-03-24T09:00:00.000Z,3021.55,3022.43,3018.84,3019.72,10
2025-03-24T10:00:00.000Z,3019.72,3020.6,3017.01,3017.89,10
2025-03-24T11:00:00.000Z,3017.89,3018.77,3015.73,3016.61,10
2025-03-24T12:00:00.000Z,3016.61,3017.53,3013.51,3014.43,11
2025-03-24T13:00:00.000Z,3014.43,3015.35,3011.91,3012.83,11
2025-03-24T14:00:00.000Z,3012.83,3013.75,3010.31,3011.23,11
2025-03-24T15:00:00.000Z,3011.23,3012.15,3009.29,3010.21,11
2025-03-24T16:00:00.000Z,3010.21,3011.14,3009.92,3010.85,5
2025-03-24T17:00:00.000Z,3010.85,3011.6,3010.56,3011.31,5
2025-03-24T18:00:00.000Z,3011.31,3012.06,3011.02,3011.77,5
2025-03-24T19:00:00.000Z,3011.77,3012.33,3011.48,3012.04,5
2025-03-24T20:00:00.000Z,3012.04,3012.68,3011.81,3012.45,5
2025-03-24T21:00:00.000Z,3012.45,3012.94,3012.22,3012.71,5
2025-03-24T22:00:00.000Z,3012.71,3013.21,3012.48,3012.98,5
2025-03-24T23:00:00.000Z,3012.98,3013.33,3012.75,3013.1,5
2025-03-25T00:00:00.000Z,3026.4,3026.48,3026.14,3026.22,5
2025-03-25T01:00:00.000Z,3026.22,3026.3,3026.01,3026.09,5
2025-03-25T02:00:00.000Z,3026.09,3026.17,3025.89,3025.97,5
2025-03-25T03:00:00.000Z,3025.97,3026.05,3025.81,3025.89,5
2025-03-25T04:00:00.000Z,3025.89,3026.4,3025.64,3026.15,5
2025-03-25T05:00:00.000Z,3026.15,3026.5,3025.9,3026.25,5
2025-03-25T06:00:00.000Z,3026.25,3026.61,3026,3026.36,5
2025-03-25T07:00:00.000Z,3026.36,3026.61,3026.05,3026.3,5
2025-03-25T08:00:00.000Z,3026.3,3026.54,3025.4,3025.64,5
2025-03-25T09:00:00.000Z,3025.64,3025.88,3024.89,3025.13,5
2025-03-25T10:00:00.000Z,3025.13,3025.37,3024.38,3024.62,5
2025-03-25T11:00:00.000Z,3024.62,3024.86,3024.02,3024.26,5
2025-03-25T12:00:00.000Z,3024.26,3024.42,3023.55,3023.71,6
2025-03-25T13:00:00.000Z,3023.71,3023.87,3023.1,3023.26,6
2025-03-25T14:00:00.000Z,3023.26,3023.42,3022.66,3022.82,6
2025-03-25T15:00:00.000Z,3022.82,3022.98,3022.31,3022.47,6
2025-03-25T16:00:00.000Z,3022.47,3022.73,3022.39,3022.65,5
2025-03-25T17:00:00.000Z,3022.65,3022.86,3022.57,3022.78,5
2025-03-25T18:00:00.000Z,3022.78,3022.98,3022.7,3022.9,5
2025-03-25T19:00:00.000Z,3022.9,3023.06,3022.82,3022.98,5
2025-03-25T20:00:00.000Z,3022.98,3023.32,3022.88,3023.22,5
2025-03-25T21:00:00.000Z,3023.22,3023.5,3023.12,3023.4,5
2025-03-25T22:00:00.000Z,3023.4,3023.68,3023.3,3023.58,5
2025-03-25T23:00:00.000Z,3023.58,3023.8,3023.48,3023.7,5
2025-03-26T00:00:00.000Z,3033.2,3033.42,3032.5,3032.72,5
2025-03-26T01:00:00.000Z,3032.72,3032.94,3032.16,3032.38,5
2025-03-26T02:00:00.000Z,3032.38,3032.6,3031.82,3032.04,5
2025-03-26T03:00:00.000Z,3032.04,3032.26,3031.61,3031.83,5
2025-03-26T04:00:00.000Z,3031.83,3032.37,3031.67,3032.21,5
2025-03-26T05:00:00.000Z,3032.21,3032.64,3032.05,3032.48,5
2025-03-26T06:00:00.000Z,3032.48,3032.92,3032.32,3032.76,5
2025-03-26T07:00:00.000Z,3032.76,3033.09,3032.6,3032.93,5
2025-03-26T08:00:00.000Z,3032.93,3033.59,3030.49,3031.15,6
2025-03-26T09:00:00.000Z,3031.15,3031.81,3029.12,3029.78,6
2025-03-26T10:00:00.000Z,3029.78,3030.44,3027.75,3028.41,6
2025-03-26T11:00:00.000Z,3028.41,3029.07,3026.79,3027.45,6
2025-03-26T12:00:00.000Z,3027.45,3028.14,3025.13,3025.82,7
2025-03-26T13:00:00.000Z,3025.82,3026.51,3023.93,3024.62,7
2025-03-26T14:00:00.000Z,3024.62,3025.31,3022.73,3023.42,7
2025-03-26T15:00:00.000Z,3023.42,3024.11,3021.96,3022.65,7
2025-03-26T16:00:00.000Z,3022.65,3023.35,3022.43,3023.13,5
2025-03-26T17:00:00.000Z,3023.13,3023.69,3022.91,3023.47,5
2025-03-26T18:00:00.000Z,3023.47,3024.03,3023.25,3023.81,5
2025-03-26T19:00:00.000Z,3023.81,3024.24,3023.59,3024.02,5
2025-03-26T20:00:00.000Z,3024.02,3024.38,3022.65,3023.01,5
2025-03-26T21:00:00.000Z,3023.01,3023.37,3021.88,3022.24,5
2025-03-26T22:00:00.000Z,3022.24,3022.6,3021.1,3021.46,5
2025-03-26T23:00:00.000Z,3021.46,3021.82,3020.54,3020.9,5
2025-03-27T00:00:00.000Z,3025.5,3027.51,3024.87,3026.88,3109
2025-03-27T01:00:00.000Z,3026.88,3028.5,3026.25,3027.87,3109
2025-03-27T02:00:00.000Z,3027.87,3029.49,3027.24,3028.86,3109
2025-03-27T03:00:00.000Z,3028.86,3030.08,3028.23,3029.45,3109
2025-03-27T04:00:00.000Z,3029.45,3029.92,3027.89,3028.36,3731
2025-03-27T05:00:00.000Z,3028.36,3028.83,3027.1,3027.57,3731
2025-03-27T06:00:00.000Z,3027.57,3028.04,3026.31,3026.78,3731
2025-03-27T07:00:00.000Z,3026.78,3027.25,3025.82,3026.29,3731
2025-03-27T08:00:00.000Z,3026.29,3033.32,3024.39,3031.42,8705
2025-03-27T09:00:00.000Z,3031.42,3037.28,3029.52,3035.38,8705
2025-03-27T10:00:00.000Z,3035.38,3041.23,3033.48,3039.33,8705
2025-03-27T11:00:00.000Z,3039.33,3043.99,3037.43,3042.09,8705
2025-03-27T12:00:00.000Z,3042.09,3048.78,3040.1,3046.79,9949
2025-03-27T13:00:00.000Z,3046.79,3052.23,3044.8,3050.24,9949
2025-03-27T14:00:00.000Z,3050.24,3055.69,3048.25,3053.7,9949
2025-03-27T15:00:00.000Z,3053.7,3057.9,3051.71,3055.91,9949
2025-03-27T16:00:00.000Z,3055.91,3056.54,3053.9,3054.53,3731
2025-03-27T17:00:00.000Z,3054.53,3055.16,3052.91,3053.54,3731
2025-03-27T18:00:00.000Z,3053.54,3054.17,3051.93,3052.56,3731
2025-03-27T19:00:00.000Z,3052.56,3053.19,3051.34,3051.97,3731
2025-03-27T20:00:00.000Z,3051.97,3055.61,3051,3054.64,1866
2025-03-27T21:00:00.000Z,3054.64,3057.66,3053.67,3056.69,1866
2025-03-27T22:00:00.000Z,3056.69,3059.72,3055.72,3058.75,1866
2025-03-27T23:00:00.000Z,3058.75,3061.17,3057.78,3060.2,1866
2025-03-28T00:00:00.000Z,3069.7,3071.13,3069.25,3070.68,780
2025-03-28T01:00:00.000Z,3070.68,3071.84,3070.23,3071.39,780
2025-03-28T02:00:00.000Z,3071.39,3072.54,3070.94,3072.09,780
2025-03-28T03:00:00.000Z,3072.09,3072.96,3071.64,3072.51,780
2025-03-28T04:00:00.000Z,3072.51,3073.08,3071.02,3071.59,936
2025-03-28T05:00:00.000Z,3071.59,3072.16,3070.46,3071.03,936
2025-03-28T06:00:00.000Z,3071.03,3071.6,3069.9,3070.47,936
2025-03-28T07:00:00.000Z,3070.47,3071.04,3069.69,3070.26,936
2025-03-28T08:00:00.000Z,3070.26,3075.26,3068.91,3073.91,2185
2025-03-28T09:00:00.000Z,3073.91,3078.07,3072.56,3076.72,2185
2025-03-28T10:00:00.000Z,3076.72,3080.88,3075.37,3079.53,2185
2025-03-28T11:00:00.000Z,3079.53,3082.85,3078.18,3081.5,2185
2025-03-28T12:00:00.000Z,3081.5,3085.88,3080.32,3084.7,2497
2025-03-28T13:00:00.000Z,3084.7,3088.34,3083.52,3087.16,2497
2025-03-28T14:00:00.000Z,3087.16,3090.8,3085.98,3089.62,2497
2025-03-28T15:00:00.000Z,3089.62,3092.52,3088.44,3091.34,2497
2025-03-28T16:00:00.000Z,3091.34,3091.79,3089.91,3090.36,936
2025-03-28T17:00:00.000Z,3090.36,3090.81,3089.2,3089.65,936
2025-03-28T18:00:00.000Z,3089.65,3090.1,3088.5,3088.95,936
2025-03-28T19:00:00.000Z,3088.95,3089.4,3088.08,3088.53,936
2025-03-28T20:00:00.000Z,3088.53,3088.92,3087.39,3087.78,468
2025-03-28T21:00:00.000Z,3087.78,3088.17,3086.88,3087.27,468
2025-03-28T22:00:00.000Z,3087.27,3087.66,3086.38,3086.77,468
2025-03-28T23:00:00.000Z,3086.77,3087.16,3086.11,3086.5,468
2025-03-31T00:00:00.000Z,3091,3093.37,3090.26,3092.63,86
2025-03-31T01:00:00.000Z,3092.63,3094.53,3091.89,3093.79,86
2025-03-31T02:00:00.000Z,3093.79,3095.69,3093.05,3094.95,86
2025-03-31T03:00:00.000Z,3094.95,3096.39,3094.21,3095.65,86
2025-03-31T04:00:00.000Z,3095.65,3096.61,3093.16,3094.12,103
2025-03-31T05:00:00.000Z,3094.12,3095.08,3092.23,3093.19,103
2025-03-31T06:00:00.000Z,3093.19,3094.15,3091.3,3092.26,103
2025-03-31T07:00:00.000Z,3092.26,3093.22,3090.97,3091.93,103
2025-03-31T08:00:00.000Z,3091.93,3100.2,3089.7,3097.97,241
2025-03-31T09:00:00.000Z,3097.97,3104.86,3095.74,3102.63,241
2025-03-31T10:00:00.000Z,3102.63,3109.51,3100.4,3107.28,241
2025-03-31T11:00:00.000Z,3107.28,3112.76,3105.05,3110.53,241
2025-03-31T12:00:00.000Z,3110.53,3117.75,3108.59,3115.81,275
2025-03-31T13:00:00.000Z,3115.81,3121.82,3113.87,3119.88,275
2025-03-31T14:00:00.000Z,3119.88,3125.89,3117.94,3123.95,275
2025-03-31T15:00:00.000Z,3123.95,3128.75,3122.01,3126.81,275
2025-03-31T16:00:00.000Z,3126.81,3127.55,3124.44,3125.18,103
2025-03-31T17:00:00.000Z,3125.18,3125.92,3123.28,3124.02,103
2025-03-31T18:00:00.000Z,3124.02,3124.76,3122.12,3122.86,103
2025-03-31T19:00:00.000Z,3122.86,3123.6,3121.42,3122.16,103
2025-03-31T20:00:00.000Z,3122.16,3123,3121.74,3122.58,52
2025-03-31T21:00:00.000Z,3122.58,3123.16,3122.16,3122.74,52
2025-03-31T22:00:00.000Z,3122.74,3123.33,3122.32,3122.91,52
2025-03-31T23:00:00.000Z,3122.91,3123.33,3122.38,3122.8,52
2025-04-01T00:00:00.000Z,3129.7,3130.43,3127.38,3128.11,43
2025-04-01T01:00:00.000Z,3128.11,3128.84,3126.24,3126.97,43
2025-04-01T02:00:00.000Z,3126.97,3127.7,3125.1,3125.83,43
2025-04-01T03:00:00.000Z,3125.83,3126.56,3124.42,3125.15,43
2025-04-01T04:00:00.000Z,3125.15,3129.52,3123.02,3127.39,52
2025-04-01T05:00:00.000Z,3127.39,3130.43,3125.26,3128.3,52
2025-04-01T06:00:00.000Z,3128.3,3131.34,3126.17,3129.21,52
2025-04-01T07:00:00.000Z,3129.21,3131.34,3126.66,3128.79,52
2025-04-01T08:00:00.000Z,3128.79,3130.97,3120.7,3122.88,121
2025-04-01T09:00:00.000Z,3122.88,3125.06,3116.14,3118.32,121
2025-04-01T10:00:00.000Z,3118.32,3120.5,3111.6,3113.78,121
2025-04-01T11:00:00.000Z,3113.78,3115.96,3108.41,3110.59,121
2025-04-01T12:00:00.000Z,3110.59,3112.05,3104.24,3105.7,138
2025-04-01T13:00:00.000Z,3105.7,3107.16,3100.26,3101.72,138
2025-04-01T14:00:00.000Z,3101.72,3103.18,3096.27,3097.73,138
2025-04-01T15:00:00.000Z,3097.73,3099.19,3093.2,3094.66,138
2025-04-01T16:00:00.000Z,3094.66,3096.98,3093.93,3096.25,52
2025-04-01T17:00:00.000Z,3096.25,3098.12,3095.52,3097.39,52
2025-04-01T18:00:00.000Z,3097.39,3099.26,3096.66,3098.53,52
2025-04-01T19:00:00.000Z,3098.53,3099.94,3097.8,3099.21,52
2025-04-01T20:00:00.000Z,3099.21,3107.28,3097.27,3105.34,26
2025-04-01T21:00:00.000Z,3105.34,3112.21,3103.4,3110.27,26
2025-04-01T22:00:00.000Z,3110.27,3117.13,3108.33,3115.19,26
2025-04-01T23:00:00.000Z,3115.19,3120.84,3113.25,3118.9,26
2025-04-02T00:00:00.000Z,3120.7,3123.31,3119.88,3122.49,149
2025-04-02T01:00:00.000Z,3122.49,3124.59,3121.67,3123.77,149
2025-04-02T02:00:00.000Z,3123.77,3125.87,3122.95,3125.05,149
2025-04-02T03:00:00.000Z,3125.05,3126.64,3124.23,3125.82,149
2025-04-02T04:00:00.000Z,3125.82,3126.7,3123.37,3124.25,179
2025-04-02T05:00:00.000Z,3124.25,3125.13,3122.34,3123.22,179
2025-04-02T06:00:00.000Z,3123.22,3124.1,3121.32,3122.2,179
2025-04-02T07:00:00.000Z,3122.2,3123.08,3120.84,3121.72,179
2025-04-02T08:00:00.000Z,3121.72,3130.84,3119.26,3128.38,416
2025-04-02T09:00:00.000Z,3128.38,3135.96,3125.92,3133.5,416
2025-04-02T10:00:00.000Z,3133.5,3141.08,3131.04,3138.62,416
2025-04-02T11:00:00.000Z,3138.62,3144.66,3136.16,3142.2,416
2025-04-02T12:00:00.000Z,3142.2,3150.45,3139.88,3148.13,476
2025-04-02T13:00:00.000Z,3148.13,3154.93,3145.81,3152.61,476
2025-04-02T14:00:00.000Z,3152.61,3159.41,3150.29,3157.09,476
2025-04-02T15:00:00.000Z,3157.09,3162.44,3154.77,3160.12,476
2025-04-02T16:00:00.000Z,3160.12,3160.94,3157.51,3158.33,179
2025-04-02T17:00:00.000Z,3158.33,3159.15,3156.23,3157.05,179
2025-04-02T18:00:00.000Z,3157.05,3157.87,3154.95,3155.77,179
2025-04-02T19:00:00.000Z,3155.77,3156.59,3154.18,3155,179
2025-04-02T20:00:00.000Z,3155,3156.62,3148.59,3150.21,89
2025-04-02T21:00:00.000Z,3150.21,3151.83,3144.82,3146.44,89
2025-04-02T22:00:00.000Z,3146.44,3148.06,3141.04,3142.66,89
2025-04-02T23:00:00.000Z,3142.66,3144.28,3138.28,3139.9,89
2025-04-03T00:00:00.000Z,3150,3151.84,3144.14,3145.98,138
2025-04-03T01:00:00.000Z,3145.98,3147.82,3141.27,3143.11,138
2025-04-03T02:00:00.000Z,3143.11,3144.95,3138.39,3140.23,138
2025-04-03T03:00:00.000Z,3140.23,3142.07,3136.67,3138.51,138
2025-04-03T04:00:00.000Z,3138.51,3145.24,3135.78,3142.51,166
2025-04-03T05:00:00.000Z,3142.51,3147.54,3139.78,3144.81,166
2025-04-03T06:00:00.000Z,3144.81,3149.84,3142.08,3147.11,166
2025-04-03T07:00:00.000Z,3147.11,3150.43,3144.38,3147.7,166
2025-04-03T08:00:00.000Z,3147.7,3153.22,3127.24,3132.76,386
2025-04-03T09:00:00.000Z,3132.76,3138.28,3115.75,3121.27,386
2025-04-03T10:00:00.000Z,3121.27,3126.79,3104.26,3109.78,386
2025-04-03T11:00:00.000Z,3109.78,3115.3,3096.22,3101.74,386
2025-04-03T12:00:00.000Z,3101.74,3106.18,3084.47,3088.91,441
2025-04-03T13:00:00.000Z,3088.91,3093.35,3074.42,3078.86,441
2025-04-03T14:00:00.000Z,3078.86,3083.3,3064.37,3068.81,441
2025-04-03T15:00:00.000Z,3068.81,3073.25,3057.09,3061.53,441
2025-04-03T16:00:00.000Z,3061.53,3067.39,3059.69,3065.55,166
2025-04-03T17:00:00.000Z,3065.55,3070.26,3063.71,3068.42,166
2025-04-03T18:00:00.000Z,3068.42,3073.14,3066.58,3071.3,166
2025-04-03T19:00:00.000Z,3071.3,3074.86,3069.46,3073.02,166
2025-04-03T20:00:00.000Z,3073.02,3083.63,3070.18,3080.79,83
2025-04-03T21:00:00.000Z,3080.79,3089.62,3077.95,3086.78,83
2025-04-03T22:00:00.000Z,3086.78,3095.62,3083.94,3092.78,83
2025-04-03T23:00:00.000Z,3092.78,3099.84,3089.94,3097,83
2025-04-04T00:00:00.000Z,3110.5,3112.37,3104.55,3106.42,81
2025-04-04T01:00:00.000Z,3106.42,3108.29,3101.63,3103.5,81
2025-04-04T02:00:00.000Z,3103.5,3105.37,3098.71,3100.58,81
2025-04-04T03:00:00.000Z,3100.58,3102.45,3096.96,3098.83,81
2025-04-04T04:00:00.000Z,3098.83,3105.68,3096.05,3102.9,98
2025-04-04T05:00:00.000Z,3102.9,3108.02,3100.12,3105.24,98
2025-04-04T06:00:00.000Z,3105.24,3110.35,3102.46,3107.57,98
2025-04-04T07:00:00.000Z,3107.57,3110.95,3104.79,3108.17,98
2025-04-04T08:00:00.000Z,3108.17,3113.77,3087.4,3093,227
2025-04-04T09:00:00.000Z,3093,3098.6,3075.73,3081.33,227
2025-04-04T10:00:00.000Z,3081.33,3086.93,3064.06,3069.66,227
2025-04-04T11:00:00.000Z,3069.66,3075.26,3055.89,3061.49,227
2025-04-04T12:00:00.000Z,3061.49,3066,3043.95,3048.46,260
2025-04-04T13:00:00.000Z,3048.46,3052.97,3033.74,3038.25,260
2025-04-04T14:00:00.000Z,3038.25,3042.76,3023.53,3028.04,260
2025-04-04T15:00:00.000Z,3028.04,3032.55,3016.13,3020.64,260
2025-04-04T16:00:00.000Z,3020.64,3026.59,3018.77,3024.72,98
2025-04-04T17:00:00.000Z,3024.72,3029.51,3022.85,3027.64,98
2025-04-04T18:00:00.000Z,3027.64,3032.43,3025.77,3030.56,98
2025-04-04T19:00:00.000Z,3030.56,3034.18,3028.69,3032.31,98
2025-04-04T20:00:00.000Z,3032.31,3034.87,3023.07,3025.63,49
2025-04-04T21:00:00.000Z,3025.63,3028.19,3018,3020.56,49
2025-04-04T22:00:00.000Z,3020.56,3023.12,3012.92,3015.48,49
2025-04-04T23:00:00.000Z,3015.48,3018.04,3009.44,3012,49
2025-04-07T00:00:00.000Z,3016.4,3018.02,3011.24,3012.86,111
2025-04-07T01:00:00.000Z,3012.86,3014.48,3008.71,3010.33,111
2025-04-07T02:00:00.000Z,3010.33,3011.95,3006.19,3007.81,111
2025-04-07T03:00:00.000Z,3007.81,3009.43,3004.67,3006.29,111
2025-04-07T04:00:00.000Z,3006.29,3014.76,3002.32,3010.79,133
2025-04-07T05:00:00.000Z,3010.79,3016.78,3006.82,3012.81,133
2025-04-07T06:00:00.000Z,3012.81,3018.81,3008.84,3014.84,133
2025-04-07T07:00:00.000Z,3014.84,3018.81,3010.41,3014.38,133
2025-04-07T08:00:00.000Z,3014.38,3019.23,2996.39,3001.24,310
2025-04-07T09:00:00.000Z,3001.24,3006.09,2986.28,2991.13,310
2025-04-07T10:00:00.000Z,2991.13,2995.98,2976.17,2981.02,310
2025-04-07T11:00:00.000Z,2981.02,2985.87,2969.09,2973.94,310
2025-04-07T12:00:00.000Z,2973.94,2977.18,2959.83,2963.07,354
2025-04-07T13:00:00.000Z,2963.07,2966.31,2950.98,2954.22,354
2025-04-07T14:00:00.000Z,2954.22,2957.46,2942.14,2945.38,354
2025-04-07T15:00:00.000Z,2945.38,2948.62,2935.31,2938.55,354
2025-04-07T16:00:00.000Z,2938.55,2943.71,2936.93,2942.09,133
2025-04-07T17:00:00.000Z,2942.09,2946.24,2940.47,2944.62,133
2025-04-07T18:00:00.000Z,2944.62,2948.76,2943,2947.14,133
2025-04-07T19:00:00.000Z,2947.14,2950.28,2945.52,2948.66,133
2025-04-07T20:00:00.000Z,2948.66,2950.98,2947.64,2949.96,66
2025-04-07T21:00:00.000Z,2949.96,2951.64,2948.94,2950.62,66
2025-04-07T22:00:00.000Z,2950.62,2952.3,2949.6,2951.28,66
2025-04-07T23:00:00.000Z,2951.28,2952.32,2950.26,2951.3,66
2025-04-08T00:00:00.000Z,2994,2994.74,2991.65,2992.39,80
2025-04-08T01:00:00.000Z,2992.39,2993.13,2990.49,2991.23,80
2025-04-08T02:00:00.000Z,2991.23,2991.97,2989.34,2990.08,80
2025-04-08T03:00:00.000Z,2990.08,2990.82,2988.65,2989.39,80
2025-04-08T04:00:00.000Z,2989.39,2993.87,2987.2,2991.68,97
2025-04-08T05:00:00.000Z,2991.68,2994.8,2989.49,2992.61,97
2025-04-08T06:00:00.000Z,2992.61,2995.72,2990.42,2993.53,97
2025-04-08T07:00:00.000Z,2993.53,2995.72,2990.89,2993.08,97
2025-04-08T08:00:00.000Z,2993.08,2995.29,2984.88,2987.09,225
2025-04-08T09:00:00.000Z,2987.09,2989.3,2980.27,2982.48,225
2025-04-08T10:00:00.000Z,2982.48,2984.69,2975.66,2977.87,225
2025-04-08T11:00:00.000Z,2977.87,2980.08,2972.43,2974.64,225
2025-04-08T12:00:00.000Z,2974.64,2976.12,2968.2,2969.68,257
2025-04-08T13:00:00.000Z,2969.68,2971.16,2964.17,2965.65,257
2025-04-08T14:00:00.000Z,2965.65,2967.13,2960.13,2961.61,257
2025-04-08T15:00:00.000Z,2961.61,2963.09,2957.02,2958.5,257
2025-04-08T16:00:00.000Z,2958.5,2960.85,2957.76,2960.11,97
2025-04-08T17:00:00.000Z,2960.11,2962.01,2959.37,2961.27,97
2025-04-08T18:00:00.000Z,2961.27,2963.16,2960.53,2962.42,97
2025-04-08T19:00:00.000Z,2962.42,2963.85,2961.68,2963.11,97
2025-04-08T20:00:00.000Z,2963.11,2965.72,2962.32,2964.93,48
2025-04-08T21:00:00.000Z,2964.93,2967.04,2964.14,2966.25,48
2025-04-08T22:00:00.000Z,2966.25,2968.36,2965.46,2967.57,48
2025-04-08T23:00:00.000Z,2967.57,2969.19,2966.78,2968.4,48
2025-04-09T00:00:00.000Z,2965.8,2972.15,2963.81,2970.16,55
2025-04-09T01:00:00.000Z,2970.16,2975.27,2968.17,2973.28,55
2025-04-09T02:00:00.000Z,2973.28,2978.38,2971.29,2976.39,55
2025-04-09T03:00:00.000Z,2976.39,2980.25,2974.4,2978.26,55
2025-04-09T04:00:00.000Z,2978.26,2979.76,2973.33,2974.83,65
2025-04-09T05:00:00.000Z,2974.83,2976.33,2970.84,2972.34,65
2025-04-09T06:00:00.000Z,2972.34,2973.84,2968.35,2969.85,65
2025-04-09T07:00:00.000Z,2969.85,2971.35,2966.79,2968.29,65
2025-04-09T08:00:00.000Z,2968.29,2990.47,2962.31,2984.49,152
2025-04-09T09:00:00.000Z,2984.49,3002.93,2978.51,2996.95,152
2025-04-09T10:00:00.000Z,2996.95,3015.39,2990.97,3009.41,152
2025-04-09T11:00:00.000Z,3009.41,3024.11,3003.43,3018.13,152
2025-04-09T12:00:00.000Z,3018.13,3039.24,3011.85,3032.96,174
2025-04-09T13:00:00.000Z,3032.96,3050.14,3026.68,3043.86,174
2025-04-09T14:00:00.000Z,3043.86,3061.04,3037.58,3054.76,174
2025-04-09T15:00:00.000Z,3054.76,3068.02,3048.48,3061.74,174
2025-04-09T16:00:00.000Z,3061.74,3063.73,3055.39,3057.38,65
2025-04-09T17:00:00.000Z,3057.38,3059.37,3052.27,3054.26,65
2025-04-09T18:00:00.000Z,3054.26,3056.25,3049.16,3051.15,65
2025-04-09T19:00:00.000Z,3051.15,3053.14,3047.29,3049.28,65
2025-04-09T20:00:00.000Z,3049.28,3053.64,3047.71,3052.07,33
2025-04-09T21:00:00.000Z,3052.07,3055.44,3050.5,3053.87,33
2025-04-09T22:00:00.000Z,3053.87,3057.25,3052.3,3055.68,33
2025-04-09T23:00:00.000Z,3055.68,3058.07,3054.11,3056.5,33
2025-04-10T00:00:00.000Z,3073.9,3078.74,3072.38,3077.22,87
2025-04-10T01:00:00.000Z,3077.22,3081.11,3075.7,3079.59,87
2025-04-10T02:00:00.000Z,3079.59,3083.49,3078.07,3081.97,87
2025-04-10T03:00:00.000Z,3081.97,3084.91,3080.45,3083.39,87
2025-04-10T04:00:00.000Z,3083.39,3084.67,3079.41,3080.69,104
2025-04-10T05:00:00.000Z,3080.69,3081.97,3077.51,3078.79,104
2025-04-10T06:00:00.000Z,3078.79,3080.07,3075.62,3076.9,104
2025-04-10T07:00:00.000Z,3076.9,3078.18,3074.52,3075.8,104
2025-04-10T08:00:00.000Z,3075.8,3092.7,3071.24,3088.14,242
2025-04-10T09:00:00.000Z,3088.14,3102.19,3083.58,3097.63,242
2025-04-10T10:00:00.000Z,3097.63,3111.68,3093.07,3107.12,242
2025-04-10T11:00:00.000Z,3107.12,3118.32,3102.56,3113.76,242
2025-04-10T12:00:00.000Z,3113.76,3129.6,3109.12,3124.96,277
2025-04-10T13:00:00.000Z,3124.96,3137.9,3120.32,3133.26,277
2025-04-10T14:00:00.000Z,3133.26,3146.21,3128.62,3141.57,277
2025-04-10T15:00:00.000Z,3141.57,3151.61,3136.93,3146.97,277
2025-04-10T16:00:00.000Z,3146.97,3148.49,3142.13,3143.65,104
2025-04-10T17:00:00.000Z,3143.65,3145.17,3139.76,3141.28,104
2025-04-10T18:00:00.000Z,3141.28,3142.8,3137.38,3138.9,104
2025-04-10T19:00:00.000Z,3138.9,3140.42,3135.96,3137.48,104
2025-04-10T20:00:00.000Z,3137.48,3145.45,3135.3,3143.27,52
2025-04-10T21:00:00.000Z,3143.27,3149.88,3141.09,3147.7,52
2025-04-10T22:00:00.000Z,3147.7,3154.31,3145.52,3152.13,52
2025-04-10T23:00:00.000Z,3152.13,3157.38,3149.95,3155.2,52
2025-04-11T00:00:00.000Z,3182.1,3184.8,3181.25,3183.95,22
2025-04-11T01:00:00.000Z,3183.95,3186.12,3183.1,3185.27,22
2025-04-11T02:00:00.000Z,3185.27,3187.45,3184.42,3186.6,22
2025-04-11T03:00:00.000Z,3186.6,3188.24,3185.75,3187.39,22
2025-04-11T04:00:00.000Z,3187.39,3188.03,3185.3,3185.94,26
2025-04-11T05:00:00.000Z,3185.94,3186.58,3184.24,3184.88,26
2025-04-11T06:00:00.000Z,3184.88,3185.52,3183.18,3183.82,26
2025-04-11T07:00:00.000Z,3183.82,3184.46,3182.52,3183.16,26
2025-04-11T08:00:00.000Z,3183.16,3192.58,3180.62,3190.04,60
2025-04-11T09:00:00.000Z,3190.04,3197.87,3187.5,3195.33,60
2025-04-11T10:00:00.000Z,3195.33,3203.16,3192.79,3200.62,60
2025-04-11T11:00:00.000Z,3200.62,3206.86,3198.08,3204.32,60
2025-04-11T12:00:00.000Z,3204.32,3213.28,3201.65,3210.61,69
2025-04-11T13:00:00.000Z,3210.61,3217.91,3207.94,3215.24,69
2025-04-11T14:00:00.000Z,3215.24,3222.54,3212.57,3219.87,69
2025-04-11T15:00:00.000Z,3219.87,3225.5,3217.2,3222.83,69
2025-04-11T16:00:00.000Z,3222.83,3223.68,3220.13,3220.98,26
2025-04-11T17:00:00.000Z,3220.98,3221.83,3218.81,3219.66,26
2025-04-11T18:00:00.000Z,3219.66,3220.51,3217.48,3218.33,26
2025-04-11T19:00:00.000Z,3218.33,3219.18,3216.69,3217.54,26
2025-04-11T20:00:00.000Z,3217.54,3220,3216.74,3219.2,13
2025-04-11T21:00:00.000Z,3219.2,3221.17,3218.4,3220.37,13
2025-04-11T22:00:00.000Z,3220.37,3222.33,3219.57,3221.53,13
2025-04-11T23:00:00.000Z,3221.53,3223,3220.73,3222.2,13
2025-04-14T00:00:00.000Z,3215.5,3216.05,3213.75,3214.3,7
2025-04-14T01:00:00.000Z,3214.3,3214.85,3212.89,3213.44,7
2025-04-14T02:00:00.000Z,3213.44,3213.99,3212.03,3212.58,7
2025-04-14T03:00:00.000Z,3212.58,3213.13,3211.52,3212.07,7
2025-04-14T04:00:00.000Z,3212.07,3215.16,3210.59,3213.68,8
2025-04-14T05:00:00.000Z,3213.68,3215.84,3212.2,3214.36,8
2025-04-14T06:00:00.000Z,3214.36,3216.53,3212.88,3215.05,8
2025-04-14T07:00:00.000Z,3215.05,3216.53,3213.33,3214.81,8
2025-04-14T08:00:00.000Z,3214.81,3216.46,3208.7,3210.35,19
2025-04-14T09:00:00.000Z,3210.35,3212,3205.27,3206.92,19
2025-04-14T10:00:00.000Z,3206.92,3208.57,3201.84,3203.49,19
2025-04-14T11:00:00.000Z,3203.49,3205.14,3199.44,3201.09,19
2025-04-14T12:00:00.000Z,3201.09,3202.19,3196.3,3197.4,21
2025-04-14T13:00:00.000Z,3197.4,3198.5,3193.3,3194.4,21
2025-04-14T14:00:00.000Z,3194.4,3195.5,3190.3,3191.4,21
2025-04-14T15:00:00.000Z,3191.4,3192.5,3187.99,3189.09,21
2025-04-14T16:00:00.000Z,3189.09,3190.84,3188.54,3190.29,8
2025-04-14T17:00:00.000Z,3190.29,3191.7,3189.74,3191.15,8
2025-04-14T18:00:00.000Z,3191.15,3192.56,3190.6,3192.01,8
2025-04-14T19:00:00.000Z,3192.01,3193.07,3191.46,3192.52,8
2025-04-14T20:00:00.000Z,3192.52,3197.64,3191.26,3196.38,5
2025-04-14T21:00:00.000Z,3196.38,3200.71,3195.12,3199.45,5
2025-04-14T22:00:00.000Z,3199.45,3203.78,3198.19,3202.52,5
2025-04-14T23:00:00.000Z,3202.52,3206.06,3201.26,3204.8,5
2025-04-15T00:00:00.000Z,3216,3216.23,3215.93,3216.16,10
2025-04-15T01:00:00.000Z,3216.16,3216.35,3216.09,3216.28,10
2025-04-15T02:00:00.000Z,3216.28,3216.47,3216.21,3216.4,10
2025-04-15T03:00:00.000Z,3216.4,3216.54,3216.33,3216.47,10
2025-04-15T04:00:00.000Z,3216.47,3216.69,3216.02,3216.24,12
2025-04-15T05:00:00.000Z,3216.24,3216.46,3215.92,3216.14,12
2025-04-15T06:00:00.000Z,3216.14,3216.36,3215.83,3216.05,12
2025-04-15T07:00:00.000Z,3216.05,3216.31,3215.83,3216.09,12
2025-04-15T08:00:00.000Z,3216.09,3216.93,3215.86,3216.7,27
2025-04-15T09:00:00.000Z,3216.7,3217.4,3216.47,3217.17,27
2025-04-15T10:00:00.000Z,3217.17,3217.87,3216.94,3217.64,27
2025-04-15T11:00:00.000Z,3217.64,3218.2,3217.41,3217.97,27
2025-04-15T12:00:00.000Z,3217.97,3218.63,3217.82,3218.48,31
2025-04-15T13:00:00.000Z,3218.48,3219.04,3218.33,3218.89,31
2025-04-15T14:00:00.000Z,3218.89,3219.45,3218.74,3219.3,31
2025-04-15T15:00:00.000Z,3219.3,3219.77,3219.15,3219.62,31
2025-04-15T16:00:00.000Z,3219.62,3219.7,3219.38,3219.46,12
2025-04-15T17:00:00.000Z,3219.46,3219.54,3219.26,3219.34,12
2025-04-15T18:00:00.000Z,3219.34,3219.42,3219.14,3219.22,12
2025-04-15T19:00:00.000Z,3219.22,3219.3,3219.07,3219.15,12
2025-04-15T20:00:00.000Z,3219.15,3219.22,3218.92,3218.99,6
2025-04-15T21:00:00.000Z,3218.99,3219.06,3218.81,3218.88,6
2025-04-15T22:00:00.000Z,3218.88,3218.95,3218.7,3218.77,6
2025-04-15T23:00:00.000Z,3218.77,3218.84,3218.63,3218.7,6
2025-04-16T00:00:00.000Z,3238.3,3243.23,3236.75,3241.68,47
2025-04-16T01:00:00.000Z,3241.68,3245.65,3240.13,3244.1,47
2025-04-16T02:00:00.000Z,3244.1,3248.06,3242.55,3246.51,47
2025-04-16T03:00:00.000Z,3246.51,3249.51,3244.96,3247.96,47
2025-04-16T04:00:00.000Z,3247.96,3249.12,3244.14,3245.3,56
2025-04-16T05:00:00.000Z,3245.3,3246.46,3242.21,3243.37,56
2025-04-16T06:00:00.000Z,3243.37,3244.53,3240.28,3241.44,56
2025-04-16T07:00:00.000Z,3241.44,3242.6,3239.07,3240.23,56
2025-04-16T08:00:00.000Z,3240.23,3257.43,3235.59,3252.79,131
2025-04-16T09:00:00.000Z,3252.79,3267.09,3248.15,3262.45,131
2025-04-16T10:00:00.000Z,3262.45,3276.75,3257.81,3272.11,131
2025-04-16T11:00:00.000Z,3272.11,3283.51,3267.47,3278.87,131
2025-04-16T12:00:00.000Z,3278.87,3295.24,3274,3290.37,150
2025-04-16T13:00:00.000Z,3290.37,3303.69,3285.5,3298.82,150
2025-04-16T14:00:00.000Z,3298.82,3312.14,3293.95,3307.27,150
2025-04-16T15:00:00.000Z,3307.27,3317.55,3302.4,3312.68,150
2025-04-16T16:00:00.000Z,3312.68,3314.23,3307.75,3309.3,56
2025-04-16T17:00:00.000Z,3309.3,3310.85,3305.33,3306.88,56
2025-04-16T18:00:00.000Z,3306.88,3308.43,3302.92,3304.47,56
2025-04-16T19:00:00.000Z,3304.47,3306.02,3301.47,3303.02,56
2025-04-16T20:00:00.000Z,3303.02,3313.24,3300.36,3310.58,28
2025-04-16T21:00:00.000Z,3310.58,3319.13,3307.92,3316.47,28
2025-04-16T22:00:00.000Z,3316.47,3325.03,3313.81,3322.37,28
2025-04-16T23:00:00.000Z,3322.37,3329.26,3319.71,3326.6,28
2025-04-17T00:00:00.000Z,3345,3345.92,3342.08,3343,21
2025-04-17T01:00:00.000Z,3343,3343.92,3340.65,3341.57,21
2025-04-17T02:00:00.000Z,3341.57,3342.49,3339.22,3340.14,21
2025-04-17T03:00:00.000Z,3340.14,3341.06,3338.36,3339.28,21
2025-04-17T04:00:00.000Z,3339.28,3341.54,3338.59,3340.85,25
2025-04-17T05:00:00.000Z,3340.85,3342.69,3340.16,3342,25
2025-04-17T06:00:00.000Z,3342,3343.83,3341.31,3343.14,25
2025-04-17T07:00:00.000Z,3343.14,3344.55,3342.45,3343.86,25
2025-04-17T08:00:00.000Z,3343.86,3346.61,3333.67,3336.42,58
2025-04-17T09:00:00.000Z,3336.42,3339.17,3327.95,3330.7,58
2025-04-17T10:00:00.000Z,3330.7,3333.45,3322.23,3324.98,58
2025-04-17T11:00:00.000Z,3324.98,3327.73,3318.23,3320.98,58
2025-04-17T12:00:00.000Z,3320.98,3323.86,3311.29,3314.17,66
2025-04-17T13:00:00.000Z,3314.17,3317.05,3306.29,3309.17,66
2025-04-17T14:00:00.000Z,3309.17,3312.05,3301.28,3304.16,66
2025-04-17T15:00:00.000Z,3304.16,3307.04,3298.08,3300.96,66
2025-04-17T16:00:00.000Z,3300.96,3303.88,3300.04,3302.96,25
2025-04-17T17:00:00.000Z,3302.96,3305.31,3302.04,3304.39,25
2025-04-17T18:00:00.000Z,3304.39,3306.74,3303.47,3305.82,25
2025-04-17T19:00:00.000Z,3305.82,3307.6,3304.9,3306.68,25
2025-04-17T20:00:00.000Z,3306.68,3308.19,3306.06,3307.57,12
2025-04-17T21:00:00.000Z,3307.57,3308.7,3306.95,3308.08,12
2025-04-17T22:00:00.000Z,3308.08,3309.2,3307.46,3308.58,12
2025-04-17T23:00:00.000Z,3308.58,3309.32,3307.96,3308.7,12
2025-04-21T00:00:00.000Z,3342.2,3346.09,3340.98,3344.87,5
2025-04-21T01:00:00.000Z,3344.87,3348,3343.65,3346.78,5
2025-04-21T02:00:00.000Z,3346.78,3349.91,3345.56,3348.69,5
2025-04-21T03:00:00.000Z,3348.69,3351.05,3347.47,3349.83,5
2025-04-21T04:00:00.000Z,3349.83,3350.75,3346.81,3347.73,5
2025-04-21T05:00:00.000Z,3347.73,3348.65,3345.29,3346.21,5
2025-04-21T06:00:00.000Z,3346.21,3347.13,3343.76,3344.68,5
2025-04-21T07:00:00.000Z,3344.68,3345.6,3342.81,3343.73,5
2025-04-21T08:00:00.000Z,3343.73,3357.31,3340.07,3353.65,6
2025-04-21T09:00:00.000Z,3353.65,3364.94,3349.99,3361.28,6
2025-04-21T10:00:00.000Z,3361.28,3372.57,3357.62,3368.91,6
2025-04-21T11:00:00.000Z,3368.91,3377.91,3365.25,3374.25,6
2025-04-21T12:00:00.000Z,3374.25,3387.18,3370.4,3383.33,6
2025-04-21T13:00:00.000Z,3383.33,3393.85,3379.48,3390,6
2025-04-21T14:00:00.000Z,3390,3400.53,3386.15,3396.68,6
2025-04-21T15:00:00.000Z,3396.68,3404.8,3392.83,3400.95,6
2025-04-21T16:00:00.000Z,3400.95,3402.17,3397.06,3398.28,5
2025-04-21T17:00:00.000Z,3398.28,3399.5,3395.15,3396.37,5
2025-04-21T18:00:00.000Z,3396.37,3397.59,3393.24,3394.46,5
2025-04-21T19:00:00.000Z,3394.46,3395.68,3392.1,3393.32,5
2025-04-21T20:00:00.000Z,3393.32,3399.21,3391.68,3397.57,5
2025-04-21T21:00:00.000Z,3397.57,3402.43,3395.93,3400.79,5
2025-04-21T22:00:00.000Z,3400.79,3405.65,3399.15,3404.01,5
2025-04-21T23:00:00.000Z,3404.01,3407.84,3402.37,3406.2,5
2025-04-22T00:00:00.000Z,3422.2,3424.18,3415.88,3417.86,20
2025-04-22T01:00:00.000Z,3417.86,3419.84,3412.79,3414.77,20
2025-04-22T02:00:00.000Z,3414.77,3416.75,3409.69,3411.67,20
2025-04-22T03:00:00.000Z,3411.67,3413.65,3407.83,3409.81,20
2025-04-22T04:00:00.000Z,3409.81,3422.95,3403.25,3416.39,24
2025-04-22T05:00:00.000Z,3416.39,3425.42,3409.83,3418.86,24
2025-04-22T06:00:00.000Z,3418.86,3427.9,3412.3,3421.34,24
2025-04-22T07:00:00.000Z,3421.34,3427.9,3413.16,3419.72,24
2025-04-22T08:00:00.000Z,3419.72,3425.67,3397.66,3403.61,55
2025-04-22T09:00:00.000Z,3403.61,3409.56,3385.27,3391.22,55
2025-04-22T10:00:00.000Z,3391.22,3397.17,3372.88,3378.83,55
2025-04-22T11:00:00.000Z,3378.83,3384.78,3364.21,3370.16,55
2025-04-22T12:00:00.000Z,3370.16,3374.12,3352.88,3356.84,63
2025-04-22T13:00:00.000Z,3356.84,3360.8,3342.04,3346,63
2025-04-22T14:00:00.000Z,3346,3349.96,3331.2,3335.16,63
2025-04-22T15:00:00.000Z,3335.16,3339.12,3322.84,3326.8,63
2025-04-22T16:00:00.000Z,3326.8,3333.12,3324.82,3331.14,24
2025-04-22T17:00:00.000Z,3331.14,3336.21,3329.16,3334.23,24
2025-04-22T18:00:00.000Z,3334.23,3339.31,3332.25,3337.33,24
2025-04-22T19:00:00.000Z,3337.33,3341.17,3335.35,3339.19,24
2025-04-22T20:00:00.000Z,3339.19,3364.21,3333.27,3358.29,12
2025-04-22T21:00:00.000Z,3358.29,3379.62,3352.37,3373.7,12
2025-04-22T22:00:00.000Z,3373.7,3395.02,3367.78,3389.1,12
2025-04-22T23:00:00.000Z,3389.1,3406.72,3383.18,3400.8,12
2025-04-23T00:00:00.000Z,3321.2,3323.03,3315.38,3317.21,8
2025-04-23T01:00:00.000Z,3317.21,3319.04,3312.52,3314.35,8
2025-04-23T02:00:00.000Z,3314.35,3316.18,3309.67,3311.5,8
2025-04-23T03:00:00.000Z,3311.5,3313.33,3307.96,3309.79,8
2025-04-23T04:00:00.000Z,3309.79,3320.68,3304.49,3315.38,10
2025-04-23T05:00:00.000Z,3315.38,3322.97,3310.08,3317.67,10
2025-04-23T06:00:00.000Z,3317.67,3325.25,3312.37,3319.95,10
2025-04-23T07:00:00.000Z,3319.95,3325.25,3313.62,3318.92,10
2025-04-23T08:00:00.000Z,3318.92,3324.4,3298.61,3304.09,23
2025-04-23T09:00:00.000Z,3304.09,3309.57,3287.2,3292.68,23
2025-04-23T10:00:00.000Z,3292.68,3298.16,3275.79,3281.27,23
2025-04-23T11:00:00.000Z,3281.27,3286.75,3267.8,3273.28,23
2025-04-23T12:00:00.000Z,3273.28,3276.93,3257.36,3261.01,27
2025-04-23T13:00:00.000Z,3261.01,3264.66,3247.38,3251.03,27
2025-04-23T14:00:00.000Z,3251.03,3254.68,3237.39,3241.04,27
2025-04-23T15:00:00.000Z,3241.04,3244.69,3229.69,3233.34,27
2025-04-23T16:00:00.000Z,3233.34,3239.16,3231.51,3237.33,10
2025-04-23T17:00:00.000Z,3237.33,3242.02,3235.5,3240.19,10
2025-04-23T18:00:00.000Z,3240.19,3244.87,3238.36,3243.04,10
2025-04-23T19:00:00.000Z,3243.04,3246.58,3241.21,3244.75,10
2025-04-23T20:00:00.000Z,3244.75,3258.23,3241.31,3254.79,5
2025-04-23T21:00:00.000Z,3254.79,3266.11,3251.35,3262.67,5
2025-04-23T22:00:00.000Z,3262.67,3274,3259.23,3270.56,5
2025-04-23T23:00:00.000Z,3270.56,3279.74,3267.12,3276.3,5
2025-04-24T00:00:00.000Z,3305.4,3307.89,3304.62,3307.11,14
2025-04-24T01:00:00.000Z,3307.11,3309.12,3306.33,3308.34,14
2025-04-24T02:00:00.000Z,3308.34,3310.35,3307.56,3309.57,14
2025-04-24T03:00:00.000Z,3309.57,3311.08,3308.79,3310.3,14
2025-04-24T04:00:00.000Z,3310.3,3310.93,3308.3,3308.93,17
2025-04-24T05:00:00.000Z,3308.93,3309.56,3307.32,3307.95,17
2025-04-24T06:00:00.000Z,3307.95,3308.58,3306.34,3306.97,17
2025-04-24T07:00:00.000Z,3306.97,3307.6,3305.75,3306.38,17
2025-04-24T08:00:00.000Z,3306.38,3315.1,3304.03,3312.75,39
2025-04-24T09:00:00.000Z,3312.75,3320,3310.4,3317.65,39
2025-04-24T10:00:00.000Z,3317.65,3324.9,3315.3,3322.55,39
2025-04-24T11:00:00.000Z,3322.55,3328.33,3320.2,3325.98,39
2025-04-24T12:00:00.000Z,3325.98,3334.22,3323.55,3331.79,45
2025-04-24T13:00:00.000Z,3331.79,3338.5,3329.36,3336.07,45
2025-04-24T14:00:00.000Z,3336.07,3342.79,3333.64,3340.36,45
2025-04-24T15:00:00.000Z,3340.36,3345.56,3337.93,3343.13,45
2025-04-24T16:00:00.000Z,3343.13,3343.91,3340.64,3341.42,17
2025-04-24T17:00:00.000Z,3341.42,3342.2,3339.41,3340.19,17
2025-04-24T18:00:00.000Z,3340.19,3340.97,3338.19,3338.97,17
2025-04-24T19:00:00.000Z,3338.97,3339.75,3337.45,3338.23,17
2025-04-24T20:00:00.000Z,3338.23,3339.12,3335.23,3336.12,9
2025-04-24T21:00:00.000Z,3336.12,3337.01,3333.67,3334.56,9
2025-04-24T22:00:00.000Z,3334.56,3335.45,3332.11,3333,9
2025-04-24T23:00:00.000Z,3333,3333.89,3331.11,3332,9
2025-04-25T00:00:00.000Z,3355.5,3356.93,3350.94,3352.37,5
2025-04-25T01:00:00.000Z,3352.37,3353.8,3348.71,3350.14,5
2025-04-25T02:00:00.000Z,3350.14,3351.57,3346.47,3347.9,5
2025-04-25T03:00:00.000Z,3347.9,3349.33,3345.13,3346.56,5
2025-04-25T04:00:00.000Z,3346.56,3350.09,3345.49,3349.02,5
2025-04-25T05:00:00.000Z,3349.02,3351.88,3347.95,3350.81,5
2025-04-25T06:00:00.000Z,3350.81,3353.66,3349.74,3352.59,5
2025-04-25T07:00:00.000Z,3352.59,3354.78,3351.52,3353.71,5
2025-04-25T08:00:00.000Z,3353.71,3358,3337.8,3342.09,11
2025-04-25T09:00:00.000Z,3342.09,3346.38,3328.86,3333.15,11
2025-04-25T10:00:00.000Z,3333.15,3337.44,3319.92,3324.21,11
2025-04-25T11:00:00.000Z,3324.21,3328.5,3313.66,3317.95,11
2025-04-25T12:00:00.000Z,3317.95,3322.46,3302.8,3307.31,13
2025-04-25T13:00:00.000Z,3307.31,3311.82,3294.98,3299.49,13
2025-04-25T14:00:00.000Z,3299.49,3304,3287.16,3291.67,13
2025-04-25T15:00:00.000Z,3291.67,3296.18,3282.15,3286.66,13
2025-04-25T16:00:00.000Z,3286.66,3291.22,3285.23,3289.79,5
2025-04-25T17:00:00.000Z,3289.79,3293.45,3288.36,3292.02,5
2025-04-25T18:00:00.000Z,3292.02,3295.69,3290.59,3294.26,5
2025-04-25T19:00:00.000Z,3294.26,3297.03,3292.83,3295.6,5
2025-04-25T20:00:00.000Z,3295.6,3297.37,3289.42,3291.19,5
2025-04-25T21:00:00.000Z,3291.19,3292.96,3286.12,3287.89,5
2025-04-25T22:00:00.000Z,3287.89,3289.66,3282.82,3284.59,5
2025-04-25T23:00:00.000Z,3284.59,3286.36,3280.63,3282.4,5
2025-04-28T00:00:00.000Z,3284.5,3286.95,3283.73,3286.18,33
2025-04-28T01:00:00.000Z,3286.18,3288.15,3285.41,3287.38,33
2025-04-28T02:00:00.000Z,3287.38,3289.35,3286.61,3288.58,33
2025-04-28T03:00:00.000Z,3288.58,3290.07,3287.81,3289.3,33
2025-04-28T04:00:00.000Z,3289.3,3289.88,3287.4,3287.98,39
2025-04-28T05:00:00.000Z,3287.98,3288.56,3286.44,3287.02,39
2025-04-28T06:00:00.000Z,3287.02,3287.6,3285.48,3286.06,39
2025-04-28T07:00:00.000Z,3286.06,3286.64,3284.88,3285.46,39
2025-04-28T08:00:00.000Z,3285.46,3294,3283.16,3291.7,91
2025-04-28T09:00:00.000Z,3291.7,3298.8,3289.4,3296.5,91
2025-04-28T10:00:00.000Z,3296.5,3303.6,3294.2,3301.3,91
2025-04-28T11:00:00.000Z,3301.3,3306.96,3299,3304.66,91
2025-04-28T12:00:00.000Z,3304.66,3312.79,3302.24,3310.37,104
2025-04-28T13:00:00.000Z,3310.37,3316.99,3307.95,3314.57,104
2025-04-28T14:00:00.000Z,3314.57,3321.19,3312.15,3318.77,104
2025-04-28T15:00:00.000Z,3318.77,3323.88,3316.35,3321.46,104
2025-04-28T16:00:00.000Z,3321.46,3322.23,3319.01,3319.78,39
2025-04-28T17:00:00.000Z,3319.78,3320.55,3317.81,3318.58,39
2025-04-28T18:00:00.000Z,3318.58,3319.35,3316.61,3317.38,39
2025-04-28T19:00:00.000Z,3317.38,3318.15,3315.89,3316.66,39
2025-04-28T20:00:00.000Z,3316.66,3323.3,3315.01,3321.65,20
2025-04-28T21:00:00.000Z,3321.65,3327.26,3320,3325.61,20
2025-04-28T22:00:00.000Z,3325.61,3331.22,3323.96,3329.57,20
2025-04-28T23:00:00.000Z,3329.57,3334.15,3327.92,3332.5,20
2025-04-29T00:00:00.000Z,3340,3340.64,3337.96,3338.6,32
2025-04-29T01:00:00.000Z,3338.6,3339.24,3336.95,3337.59,32
2025-04-29T02:00:00.000Z,3337.59,3338.23,3335.95,3336.59,32
2025-04-29T03:00:00.000Z,3336.59,3337.23,3335.35,3335.99,32
2025-04-29T04:00:00.000Z,3335.99,3337.57,3335.51,3337.09,38
2025-04-29T05:00:00.000Z,3337.09,3338.38,3336.61,3337.9,38
2025-04-29T06:00:00.000Z,3337.9,3339.18,3337.42,3338.7,38
2025-04-29T07:00:00.000Z,3338.7,3339.68,3338.22,3339.2,38
2025-04-29T08:00:00.000Z,3339.2,3341.12,3332.07,3333.99,90
2025-04-29T09:00:00.000Z,3333.99,3335.91,3328.06,3329.98,90
2025-04-29T10:00:00.000Z,3329.98,3331.9,3324.05,3325.97,90
2025-04-29T11:00:00.000Z,3325.97,3327.89,3321.24,3323.16,90
2025-04-29T12:00:00.000Z,3323.16,3325.18,3316.37,3318.39,102
2025-04-29T13:00:00.000Z,3318.39,3320.41,3312.86,3314.88,102
2025-04-29T14:00:00.000Z,3314.88,3316.9,3309.35,3311.37,102
2025-04-29T15:00:00.000Z,3311.37,3313.39,3307.1,3309.12,102
2025-04-29T16:00:00.000Z,3309.12,3311.16,3308.48,3310.52,38
2025-04-29T17:00:00.000Z,3310.52,3312.17,3309.88,3311.53,38
2025-04-29T18:00:00.000Z,3311.53,3313.17,3310.89,3312.53,38
2025-04-29T19:00:00.000Z,3312.53,3313.77,3311.89,3313.13,38
2025-04-29T20:00:00.000Z,3313.13,3315.8,3312.36,3315.03,19
2025-04-29T21:00:00.000Z,3315.03,3317.22,3314.26,3316.45,19
2025-04-29T22:00:00.000Z,3316.45,3318.64,3315.68,3317.87,19
2025-04-29T23:00:00.000Z,3317.87,3319.57,3317.1,3318.8,19
2025-04-30T00:00:00.000Z,3318.7,3319.51,3316.12,3316.93,5
2025-04-30T01:00:00.000Z,3316.93,3317.74,3314.85,3315.66,5
2025-04-30T02:00:00.000Z,3315.66,3316.47,3313.58,3314.39,5
2025-04-30T03:00:00.000Z,3314.39,3315.2,3312.82,3313.63,5
2025-04-30T04:00:00.000Z,3313.63,3315.64,3313.02,3315.03,6
2025-04-30T05:00:00.000Z,3315.03,3316.65,3314.42,3316.04,6
2025-04-30T06:00:00.000Z,3316.04,3317.67,3315.43,3317.06,6
2025-04-30T07:00:00.000Z,3317.06,3318.3,3316.45,3317.69,6
2025-04-30T08:00:00.000Z,3317.69,3320.12,3308.67,3311.1,15
2025-04-30T09:00:00.000Z,3311.1,3313.53,3303.6,3306.03,15
2025-04-30T10:00:00.000Z,3306.03,3308.46,3298.53,3300.96,15
2025-04-30T11:00:00.000Z,3300.96,3303.39,3294.98,3297.41,15
2025-04-30T12:00:00.000Z,3297.41,3299.97,3288.82,3291.38,17
2025-04-30T13:00:00.000Z,3291.38,3293.94,3284.38,3286.94,17
2025-04-30T14:00:00.000Z,3286.94,3289.5,3279.94,3282.5,17
2025-04-30T15:00:00.000Z,3282.5,3285.06,3277.1,3279.66,17
2025-04-30T16:00:00.000Z,3279.66,3282.24,3278.85,3281.43,6
2025-04-30T17:00:00.000Z,3281.43,3283.51,3280.62,3282.7,6
2025-04-30T18:00:00.000Z,3282.7,3284.78,3281.89,3283.97,6
2025-04-30T19:00:00.000Z,3283.97,3285.54,3283.16,3284.73,6
2025-04-30T20:00:00.000Z,3284.73,3293.09,3282.7,3291.06,5
2025-04-30T21:00:00.000Z,3291.06,3298.16,3289.03,3296.13,5
2025-04-30T22:00:00.000Z,3296.13,3303.23,3294.1,3301.2,5
2025-04-30T23:00:00.000Z,3301.2,3307.03,3299.17,3305,5
2025-05-01T00:00:00.000Z,3272.9,3274.12,3269.01,3270.23,53
2025-05-01T01:00:00.000Z,3270.23,3271.45,3267.1,3268.32,53
2025-05-01T02:00:00.000Z,3268.32,3269.54,3265.19,3266.41,53
2025-05-01T03:00:00.000Z,3266.41,3267.63,3264.04,3265.26,53
2025-05-01T04:00:00.000Z,3265.26,3268.55,3264.18,3267.47,64
2025-05-01T05:00:00.000Z,3267.47,3270.07,3266.39,3268.99,64
2025-05-01T06:00:00.000Z,3268.99,3271.6,3267.91,3270.52,64
2025-05-01T07:00:00.000Z,3270.52,3272.45,3269.44,3271.37,64
2025-05-01T08:00:00.000Z,3271.37,3275.04,3257.77,3261.44,149
2025-05-01T09:00:00.000Z,3261.44,3265.11,3250.13,3253.8,149
2025-05-01T10:00:00.000Z,3253.8,3257.47,3242.49,3246.16,149
2025-05-01T11:00:00.000Z,3246.16,3249.83,3237.14,3240.81,149
2025-05-01T12:00:00.000Z,3240.81,3244.49,3228.14,3231.82,171
2025-05-01T13:00:00.000Z,3231.82,3235.5,3221.46,3225.14,171
2025-05-01T14:00:00.000Z,3225.14,3228.82,3214.77,3218.45,171
2025-05-01T15:00:00.000Z,3218.45,3222.13,3210.39,3214.07,171
2025-05-01T16:00:00.000Z,3214.07,3217.96,3212.85,3216.74,64
2025-05-01T17:00:00.000Z,3216.74,3219.87,3215.52,3218.65,64
2025-05-01T18:00:00.000Z,3218.65,3221.78,3217.43,3220.56,64
2025-05-01T19:00:00.000Z,3220.56,3222.93,3219.34,3221.71,64
2025-05-01T20:00:00.000Z,3221.71,3223.26,3216.27,3217.82,32
2025-05-01T21:00:00.000Z,3217.82,3219.37,3213.34,3214.89,32
2025-05-01T22:00:00.000Z,3214.89,3216.44,3210.41,3211.96,32
2025-05-01T23:00:00.000Z,3211.96,3213.51,3208.45,3210,32
2025-05-02T00:00:00.000Z,3239.9,3240.41,3238.27,3238.78,34
2025-05-02T01:00:00.000Z,3238.78,3239.29,3237.47,3237.98,34
2025-05-02T02:00:00.000Z,3237.98,3238.49,3236.67,3237.18,34
2025-05-02T03:00:00.000Z,3237.18,3237.69,3236.19,3236.7,34
2025-05-02T04:00:00.000Z,3236.7,3240.18,3234.95,3238.43,41
2025-05-02T05:00:00.000Z,3238.43,3240.82,3236.68,3239.07,41
2025-05-02T06:00:00.000Z,3239.07,3241.46,3237.32,3239.71,41
2025-05-02T07:00:00.000Z,3239.71,3241.46,3237.51,3239.26,41
2025-05-02T08:00:00.000Z,3239.26,3240.8,3233.56,3235.1,95
2025-05-02T09:00:00.000Z,3235.1,3236.64,3230.36,3231.9,95
2025-05-02T10:00:00.000Z,3231.9,3233.44,3227.16,3228.7,95
2025-05-02T11:00:00.000Z,3228.7,3230.24,3224.92,3226.46,95
2025-05-02T12:00:00.000Z,3226.46,3227.48,3222,3223.02,108
2025-05-02T13:00:00.000Z,3223.02,3224.04,3219.2,3220.22,108
2025-05-02T14:00:00.000Z,3220.22,3221.24,3216.4,3217.42,108
2025-05-02T15:00:00.000Z,3217.42,3218.44,3214.24,3215.26,108
2025-05-02T16:00:00.000Z,3215.26,3216.89,3214.75,3216.38,41
2025-05-02T17:00:00.000Z,3216.38,3217.69,3215.87,3217.18,41
2025-05-02T18:00:00.000Z,3217.18,3218.49,3216.67,3217.98,41
2025-05-02T19:00:00.000Z,3217.98,3218.97,3217.47,3218.46,41
2025-05-02T20:00:00.000Z,3218.46,3223.98,3217.13,3222.65,20
2025-05-02T21:00:00.000Z,3222.65,3227.34,3221.32,3226.01,20
2025-05-02T22:00:00.000Z,3226.01,3230.7,3224.68,3229.37,20
2025-05-02T23:00:00.000Z,3229.37,3233.23,3228.04,3231.9,20
2025-05-05T00:00:00.000Z,3242.7,3246.58,3241.48,3245.36,6
2025-05-05T01:00:00.000Z,3245.36,3248.48,3244.14,3247.26,6
2025-05-05T02:00:00.000Z,3247.26,3250.38,3246.04,3249.16,6
2025-05-05T03:00:00.000Z,3249.16,3251.52,3247.94,3250.3,6
2025-05-05T04:00:00.000Z,3250.3,3251.45,3246.91,3248.06,7
2025-05-05T05:00:00.000Z,3248.06,3249.21,3245.39,3246.54,7
2025-05-05T06:00:00.000Z,3246.54,3247.69,3243.87,3245.02,7
2025-05-05T07:00:00.000Z,3245.02,3246.17,3243.07,3244.22,7
2025-05-05T08:00:00.000Z,3244.22,3257.75,3240.57,3254.1,17
2025-05-05T09:00:00.000Z,3254.1,3265.35,3250.45,3261.7,17
2025-05-05T10:00:00.000Z,3261.7,3272.95,3258.05,3269.3,17
2025-05-05T11:00:00.000Z,3269.3,3278.27,3265.65,3274.62,17
2025-05-05T12:00:00.000Z,3274.62,3287.1,3271.03,3283.51,20
2025-05-05T13:00:00.000Z,3283.51,3293.75,3279.92,3290.16,20
2025-05-05T14:00:00.000Z,3290.16,3300.4,3286.57,3296.81,20
2025-05-05T15:00:00.000Z,3296.81,3304.81,3293.22,3301.22,20
2025-05-05T16:00:00.000Z,3301.22,3302.44,3297.34,3298.56,7
2025-05-05T17:00:00.000Z,3298.56,3299.78,3295.44,3296.66,7
2025-05-05T18:00:00.000Z,3296.66,3297.88,3293.54,3294.76,7
2025-05-05T19:00:00.000Z,3294.76,3295.98,3292.4,3293.62,7
2025-05-05T20:00:00.000Z,3293.62,3301.32,3291.6,3299.3,5
2025-05-05T21:00:00.000Z,3299.3,3305.74,3297.28,3303.72,5
2025-05-05T22:00:00.000Z,3303.72,3310.16,3301.7,3308.14,5
2025-05-05T23:00:00.000Z,3308.14,3313.32,3306.12,3311.3,5
2025-05-06T00:00:00.000Z,3365.5,3369.27,3364.32,3368.09,59
2025-05-06T01:00:00.000Z,3368.09,3371.13,3366.91,3369.95,59
2025-05-06T02:00:00.000Z,3369.95,3372.98,3368.77,3371.8,59
2025-05-06T03:00:00.000Z,3371.8,3374.09,3370.62,3372.91,59
2025-05-06T04:00:00.000Z,3372.91,3374.49,3368.86,3370.44,71
2025-05-06T05:00:00.000Z,3370.44,3372.02,3367.37,3368.95,71
2025-05-06T06:00:00.000Z,3368.95,3370.53,3365.89,3367.47,71
2025-05-06T07:00:00.000Z,3367.47,3369.05,3365.4,3366.98,71
2025-05-06T08:00:00.000Z,3366.98,3380.17,3363.42,3376.61,165
2025-05-06T09:00:00.000Z,3376.61,3387.58,3373.05,3384.02,165
2025-05-06T10:00:00.000Z,3384.02,3394.99,3380.46,3391.43,165
2025-05-06T11:00:00.000Z,3391.43,3400.18,3387.87,3396.62,165
2025-05-06T12:00:00.000Z,3396.62,3408.04,3393.58,3405,189
2025-05-06T13:00:00.000Z,3405,3414.53,3401.96,3411.49,189
2025-05-06T14:00:00.000Z,3411.49,3421.01,3408.45,3417.97,189
2025-05-06T15:00:00.000Z,3417.97,3425.6,3414.93,3422.56,189
2025-05-06T16:00:00.000Z,3422.56,3423.75,3418.78,3419.97,71
2025-05-06T17:00:00.000Z,3419.97,3421.16,3416.92,3418.11,71
2025-05-06T18:00:00.000Z,3418.11,3419.3,3415.07,3416.26,71
2025-05-06T19:00:00.000Z,3416.26,3417.45,3413.96,3415.15,71
2025-05-06T20:00:00.000Z,3415.15,3416.04,3412.76,3413.65,35
2025-05-06T21:00:00.000Z,3413.65,3414.54,3411.83,3412.72,35
2025-05-06T22:00:00.000Z,3412.72,3413.61,3410.89,3411.78,35
2025-05-06T23:00:00.000Z,3411.78,3412.67,3410.51,3411.4,35
2025-05-07T00:00:00.000Z,3418.7,3419.56,3415.95,3416.81,27
2025-05-07T01:00:00.000Z,3416.81,3417.67,3414.6,3415.46,27
2025-05-07T02:00:00.000Z,3415.46,3416.32,3413.25,3414.11,27
2025-05-07T03:00:00.000Z,3414.11,3414.97,3412.44,3413.3,27
2025-05-07T04:00:00.000Z,3413.3,3415.44,3412.65,3414.79,33
2025-05-07T05:00:00.000Z,3414.79,3416.52,3414.14,3415.87,33
2025-05-07T06:00:00.000Z,3415.87,3417.6,3415.22,3416.95,33
2025-05-07T07:00:00.000Z,3416.95,3418.27,3416.3,3417.62,33
2025-05-07T08:00:00.000Z,3417.62,3420.21,3408.01,3410.6,76
2025-05-07T09:00:00.000Z,3410.6,3413.19,3402.61,3405.2,76
2025-05-07T10:00:00.000Z,3405.2,3407.79,3397.21,3399.8,76
2025-05-07T11:00:00.000Z,3399.8,3402.39,3393.43,3396.02,76
2025-05-07T12:00:00.000Z,3396.02,3398.74,3386.87,3389.59,87
2025-05-07T13:00:00.000Z,3389.59,3392.31,3382.15,3384.87,87
2025-05-07T14:00:00.000Z,3384.87,3387.59,3377.42,3380.14,87
2025-05-07T15:00:00.000Z,3380.14,3382.86,3374.4,3377.12,87
2025-05-07T16:00:00.000Z,3377.12,3379.87,3376.26,3379.01,33
2025-05-07T17:00:00.000Z,3379.01,3381.22,3378.15,3380.36,33
2025-05-07T18:00:00.000Z,3380.36,3382.57,3379.5,3381.71,33
2025-05-07T19:00:00.000Z,3381.71,3383.38,3380.85,3382.52,33
2025-05-07T20:00:00.000Z,3382.52,3383.04,3381.39,3381.91,16
2025-05-07T21:00:00.000Z,3381.91,3382.43,3381.11,3381.63,16
2025-05-07T22:00:00.000Z,3381.63,3382.15,3380.83,3381.35,16
2025-05-07T23:00:00.000Z,3381.35,3381.92,3380.83,3381.4,16
2025-05-08T00:00:00.000Z,3390,3391.62,3384.83,3386.45,5
2025-05-08T01:00:00.000Z,3386.45,3388.07,3382.3,3383.92,5
2025-05-08T02:00:00.000Z,3383.92,3385.54,3379.77,3381.39,5
2025-05-08T03:00:00.000Z,3381.39,3383.01,3378.25,3379.87,5
2025-05-08T04:00:00.000Z,3379.87,3383.87,3378.65,3382.65,6
2025-05-08T05:00:00.000Z,3382.65,3385.9,3381.43,3384.68,6
2025-05-08T06:00:00.000Z,3384.68,3387.92,3383.46,3386.7,6
2025-05-08T07:00:00.000Z,3386.7,3389.19,3385.48,3387.97,6
2025-05-08T08:00:00.000Z,3387.97,3392.83,3369.94,3374.8,14
2025-05-08T09:00:00.000Z,3374.8,3379.66,3359.81,3364.67,14
2025-05-08T10:00:00.000Z,3364.67,3369.53,3349.68,3354.54,14
2025-05-08T11:00:00.000Z,3354.54,3359.4,3342.59,3347.45,14
2025-05-08T12:00:00.000Z,3347.45,3352.56,3330.29,3335.4,16
2025-05-08T13:00:00.000Z,3335.4,3340.51,3321.42,3326.53,16
2025-05-08T14:00:00.000Z,3326.53,3331.64,3312.56,3317.67,16
2025-05-08T15:00:00.000Z,3317.67,3322.78,3306.89,3312,16
2025-05-08T16:00:00.000Z,3312,3317.17,3310.38,3315.55,6
2025-05-08T17:00:00.000Z,3315.55,3319.7,3313.93,3318.08,6
2025-05-08T18:00:00.000Z,3318.08,3322.23,3316.46,3320.61,6
2025-05-08T19:00:00.000Z,3320.61,3323.75,3318.99,3322.13,6
2025-05-08T20:00:00.000Z,3322.13,3324.98,3311.12,3313.97,5
2025-05-08T21:00:00.000Z,3313.97,3316.82,3304.73,3307.58,5
2025-05-08T22:00:00.000Z,3307.58,3310.43,3298.35,3301.2,5
2025-05-08T23:00:00.000Z,3301.2,3304.05,3293.75,3296.6,5
2025-05-09T00:00:00.000Z,3299,3300.86,3298.42,3300.28,6
2025-05-09T01:00:00.000Z,3300.28,3301.77,3299.7,3301.19,6
2025-05-09T02:00:00.000Z,3301.19,3302.68,3300.61,3302.1,6
2025-05-09T03:00:00.000Z,3302.1,3303.23,3301.52,3302.65,6
2025-05-09T04:00:00.000Z,3302.65,3303.09,3301.21,3301.65,7
2025-05-09T05:00:00.000Z,3301.65,3302.09,3300.48,3300.92,7
2025-05-09T06:00:00.000Z,3300.92,3301.36,3299.75,3300.19,7
2025-05-09T07:00:00.000Z,3300.19,3300.63,3299.29,3299.73,7
2025-05-09T08:00:00.000Z,3299.73,3306.22,3297.98,3304.47,15
2025-05-09T09:00:00.000Z,3304.47,3309.87,3302.72,3308.12,15
2025-05-09T10:00:00.000Z,3308.12,3313.52,3306.37,3311.77,15
2025-05-09T11:00:00.000Z,3311.77,3316.08,3310.02,3314.33,15
2025-05-09T12:00:00.000Z,3314.33,3320.51,3312.49,3318.67,17
2025-05-09T13:00:00.000Z,3318.67,3323.71,3316.83,3321.87,17
2025-05-09T14:00:00.000Z,3321.87,3326.9,3320.03,3325.06,17
2025-05-09T15:00:00.000Z,3325.06,3328.95,3323.22,3327.11,17
2025-05-09T16:00:00.000Z,3327.11,3327.69,3325.25,3325.83,7
2025-05-09T17:00:00.000Z,3325.83,3326.41,3324.33,3324.91,7
2025-05-09T18:00:00.000Z,3324.91,3325.49,3323.42,3324,7
2025-05-09T19:00:00.000Z,3324,3324.58,3322.87,3323.45,7
2025-05-09T20:00:00.000Z,3323.45,3328.47,3322.2,3327.22,5
2025-05-09T21:00:00.000Z,3327.22,3331.45,3325.97,3330.2,5
2025-05-09T22:00:00.000Z,3330.2,3334.44,3328.95,3333.19,5
2025-05-09T23:00:00.000Z,3333.19,3336.65,3331.94,3335.4,5
2025-05-12T00:00:00.000Z,3300.7,3302.23,3295.82,3297.35,22
2025-05-12T01:00:00.000Z,3297.35,3298.88,3293.43,3294.96,22
2025-05-12T02:00:00.000Z,3294.96,3296.49,3291.04,3292.57,22
2025-05-12T03:00:00.000Z,3292.57,3294.1,3289.6,3291.13,22
2025-05-12T04:00:00.000Z,3291.13,3294.91,3289.98,3293.76,27
2025-05-12T05:00:00.000Z,3293.76,3296.83,3292.61,3295.68,27
2025-05-12T06:00:00.000Z,3295.68,3298.74,3294.53,3297.59,27
2025-05-12T07:00:00.000Z,3297.59,3299.94,3296.44,3298.79,27
2025-05-12T08:00:00.000Z,3298.79,3303.38,3281.76,3286.35,62
2025-05-12T09:00:00.000Z,3286.35,3290.94,3272.19,3276.78,62
2025-05-12T10:00:00.000Z,3276.78,3281.37,3262.62,3267.21,62
2025-05-12T11:00:00.000Z,3267.21,3271.8,3255.92,3260.51,62
2025-05-12T12:00:00.000Z,3260.51,3265.33,3244.3,3249.12,71
2025-05-12T13:00:00.000Z,3249.12,3253.94,3235.93,3240.75,71
2025-05-12T14:00:00.000Z,3240.75,3245.57,3227.55,3232.37,71
2025-05-12T15:00:00.000Z,3232.37,3237.19,3222.19,3227.01,71
2025-05-12T16:00:00.000Z,3227.01,3231.89,3225.48,3230.36,27
2025-05-12T17:00:00.000Z,3230.36,3234.28,3228.83,3232.75,27
2025-05-12T18:00:00.000Z,3232.75,3236.67,3231.22,3235.14,27
2025-05-12T19:00:00.000Z,3235.14,3238.11,3233.61,3236.58,27
2025-05-12T20:00:00.000Z,3236.58,3238.67,3229.04,3231.13,13
2025-05-12T21:00:00.000Z,3231.13,3233.22,3224.89,3226.98,13
2025-05-12T22:00:00.000Z,3226.98,3229.07,3220.75,3222.84,13
2025-05-12T23:00:00.000Z,3222.84,3224.93,3217.91,3220,13
2025-05-13T00:00:00.000Z,3232,3233.43,3231.55,3232.98,61
2025-05-13T01:00:00.000Z,3232.98,3234.12,3232.53,3233.67,61
2025-05-13T02:00:00.000Z,3233.67,3234.82,3233.22,3234.37,61
2025-05-13T03:00:00.000Z,3234.37,3235.24,3233.92,3234.79,61
2025-05-13T04:00:00.000Z,3234.79,3235.8,3232.59,3233.6,73
2025-05-13T05:00:00.000Z,3233.6,3234.61,3232.03,3233.04,73
2025-05-13T06:00:00.000Z,3233.04,3234.05,3231.47,3232.48,73
2025-05-13T07:00:00.000Z,3232.48,3233.57,3231.47,3232.56,73
2025-05-13T08:00:00.000Z,3232.56,3237.53,3231.22,3236.19,170
2025-05-13T09:00:00.000Z,3236.19,3240.32,3234.85,3238.98,170
2025-05-13T10:00:00.000Z,3238.98,3243.11,3237.64,3241.77,170
2025-05-13T11:00:00.000Z,3241.77,3245.06,3240.43,3243.72,170
2025-05-13T12:00:00.000Z,3243.72,3247.61,3242.83,3246.72,194
2025-05-13T13:00:00.000Z,3246.72,3250.05,3245.83,3249.16,194
2025-05-13T14:00:00.000Z,3249.16,3252.49,3248.27,3251.6,194
2025-05-13T15:00:00.000Z,3251.6,3254.37,3250.71,3253.48,194
2025-05-13T16:00:00.000Z,3253.48,3253.93,3252.05,3252.5,73
2025-05-13T17:00:00.000Z,3252.5,3252.95,3251.36,3251.81,73
2025-05-13T18:00:00.000Z,3251.81,3252.26,3250.66,3251.11,73
2025-05-13T19:00:00.000Z,3251.11,3251.56,3250.24,3250.69,73
2025-05-13T20:00:00.000Z,3250.69,3251.74,3246.38,3247.43,36
2025-05-13T21:00:00.000Z,3247.43,3248.48,3243.79,3244.84,36
2025-05-13T22:00:00.000Z,3244.84,3245.89,3241.19,3242.24,36
2025-05-13T23:00:00.000Z,3242.24,3243.29,3239.25,3240.3,36
2025-05-14T00:00:00.000Z,3233,3233.98,3229.87,3230.85,88
2025-05-14T01:00:00.000Z,3230.85,3231.83,3228.34,3229.32,88
2025-05-14T02:00:00.000Z,3229.32,3230.3,3226.81,3227.79,88
2025-05-14T03:00:00.000Z,3227.79,3228.77,3225.89,3226.87,88
2025-05-14T04:00:00.000Z,3226.87,3229.29,3226.13,3228.55,106
2025-05-14T05:00:00.000Z,3228.55,3230.52,3227.81,3229.78,106
2025-05-14T06:00:00.000Z,3229.78,3231.75,3229.04,3231.01,106
2025-05-14T07:00:00.000Z,3231.01,3232.51,3230.27,3231.77,106
2025-05-14T08:00:00.000Z,3231.77,3234.71,3220.86,3223.8,246
2025-05-14T09:00:00.000Z,3223.8,3226.74,3214.73,3217.67,246
2025-05-14T10:00:00.000Z,3217.67,3220.61,3208.6,3211.54,246
2025-05-14T11:00:00.000Z,3211.54,3214.48,3204.31,3207.25,246
2025-05-14T12:00:00.000Z,3207.25,3210.34,3196.87,3199.96,282
2025-05-14T13:00:00.000Z,3199.96,3203.05,3191.5,3194.59,282
2025-05-14T14:00:00.000Z,3194.59,3197.68,3186.14,3189.23,282
2025-05-14T15:00:00.000Z,3189.23,3192.32,3182.71,3185.8,282
2025-05-14T16:00:00.000Z,3185.8,3188.93,3184.82,3187.95,106
2025-05-14T17:00:00.000Z,3187.95,3190.46,3186.97,3189.48,106
2025-05-14T18:00:00.000Z,3189.48,3191.99,3188.5,3191.01,106
2025-05-14T19:00:00.000Z,3191.01,3192.91,3190.03,3191.93,106
2025-05-14T20:00:00.000Z,3191.93,3193.26,3187.13,3188.46,53
2025-05-14T21:00:00.000Z,3188.46,3189.79,3184.5,3185.83,53
2025-05-14T22:00:00.000Z,3185.83,3187.16,3181.87,3183.2,53
2025-05-14T23:00:00.000Z,3183.2,3184.53,3180.07,3181.4,53
2025-05-15T00:00:00.000Z,3151,3156.26,3149.35,3154.61,16
2025-05-15T01:00:00.000Z,3154.61,3158.84,3152.96,3157.19,16
2025-05-15T02:00:00.000Z,3157.19,3161.41,3155.54,3159.76,16
2025-05-15T03:00:00.000Z,3159.76,3162.96,3158.11,3161.31,16
2025-05-15T04:00:00.000Z,3161.31,3164.63,3153.85,3157.17,20
2025-05-15T05:00:00.000Z,3157.17,3160.49,3151.79,3155.11,20
2025-05-15T06:00:00.000Z,3155.11,3158.43,3149.73,3153.05,20
2025-05-15T07:00:00.000Z,3153.05,3156.38,3149.73,3153.06,20
2025-05-15T08:00:00.000Z,3153.06,3171.41,3148.11,3166.46,46
2025-05-15T09:00:00.000Z,3166.46,3181.72,3161.51,3176.77,46
2025-05-15T10:00:00.000Z,3176.77,3192.03,3171.82,3187.08,46
2025-05-15T11:00:00.000Z,3187.08,3199.25,3182.13,3194.3,46
2025-05-15T12:00:00.000Z,3194.3,3208.68,3191,3205.38,52
2025-05-15T13:00:00.000Z,3205.38,3217.71,3202.08,3214.41,52
2025-05-15T14:00:00.000Z,3214.41,3226.73,3211.11,3223.43,52
2025-05-15T15:00:00.000Z,3223.43,3233.69,3220.13,3230.39,52
2025-05-15T16:00:00.000Z,3230.39,3232.04,3225.13,3226.78,20
2025-05-15T17:00:00.000Z,3226.78,3228.43,3222.55,3224.2,20
2025-05-15T18:00:00.000Z,3224.2,3225.85,3219.98,3221.63,20
2025-05-15T19:00:00.000Z,3221.63,3223.28,3218.43,3220.08,20
2025-05-15T20:00:00.000Z,3220.08,3221.65,3219.21,3220.78,10
2025-05-15T21:00:00.000Z,3220.78,3221.81,3219.91,3220.94,10
2025-05-15T22:00:00.000Z,3220.94,3221.96,3220.07,3221.09,10
2025-05-15T23:00:00.000Z,3221.09,3221.96,3219.83,3220.7,10
2025-05-16T00:00:00.000Z,3227.7,3228.57,3224.93,3225.8,5
2025-05-16T01:00:00.000Z,3225.8,3226.67,3223.58,3224.45,5
2025-05-16T02:00:00.000Z,3224.45,3225.32,3222.22,3223.09,5
2025-05-16T03:00:00.000Z,3223.09,3223.96,3221.41,3222.28,5
2025-05-16T04:00:00.000Z,3222.28,3224.47,3221.6,3223.79,6
2025-05-16T05:00:00.000Z,3223.79,3225.56,3223.11,3224.88,6
2025-05-16T06:00:00.000Z,3224.88,3226.64,3224.2,3225.96,6
2025-05-16T07:00:00.000Z,3225.96,3227.3,3225.28,3226.62,6
2025-05-16T08:00:00.000Z,3226.62,3229.22,3216.97,3219.57,14
2025-05-16T09:00:00.000Z,3219.57,3222.17,3211.55,3214.15,14
2025-05-16T10:00:00.000Z,3214.15,3216.75,3206.13,3208.73,14
2025-05-16T11:00:00.000Z,3208.73,3211.33,3202.34,3204.94,14
2025-05-16T12:00:00.000Z,3204.94,3207.64,3195.81,3198.51,16
2025-05-16T13:00:00.000Z,3198.51,3201.21,3191.07,3193.77,16
2025-05-16T14:00:00.000Z,3193.77,3196.47,3186.32,3189.02,16
2025-05-16T15:00:00.000Z,3189.02,3191.72,3183.27,3185.97,16
2025-05-16T16:00:00.000Z,3185.97,3188.74,3185.1,3187.87,6
2025-05-16T17:00:00.000Z,3187.87,3190.09,3187,3189.22,6
2025-05-16T18:00:00.000Z,3189.22,3191.45,3188.35,3190.58,6
2025-05-16T19:00:00.000Z,3190.58,3192.26,3189.71,3191.39,6
2025-05-16T20:00:00.000Z,3191.39,3192.57,3187.12,3188.3,5
2025-05-16T21:00:00.000Z,3188.3,3189.48,3184.77,3185.95,5
2025-05-16T22:00:00.000Z,3185.95,3187.13,3182.43,3183.61,5
2025-05-16T23:00:00.000Z,3183.61,3184.79,3180.82,3182,5
2025-05-19T00:00:00.000Z,3234.4,3234.6,3233.76,3233.96,7
2025-05-19T01:00:00.000Z,3233.96,3234.16,3233.44,3233.64,7
2025-05-19T02:00:00.000Z,3233.64,3233.84,3233.12,3233.32,7
2025-05-19T03:00:00.000Z,3233.32,3233.52,3232.93,3233.13,7
2025-05-19T04:00:00.000Z,3233.13,3234.49,3232.45,3233.81,8
2025-05-19T05:00:00.000Z,3233.81,3234.75,3233.13,3234.07,8
2025-05-19T06:00:00.000Z,3234.07,3235,3233.39,3234.32,8
2025-05-19T07:00:00.000Z,3234.32,3235,3233.47,3234.15,8
2025-05-19T08:00:00.000Z,3234.15,3234.76,3231.89,3232.5,19
2025-05-19T09:00:00.000Z,3232.5,3233.11,3230.62,3231.23,19
2025-05-19T10:00:00.000Z,3231.23,3231.84,3229.35,3229.96,19
2025-05-19T11:00:00.000Z,3229.96,3230.57,3228.46,3229.07,19
2025-05-19T12:00:00.000Z,3229.07,3229.48,3227.29,3227.7,21
2025-05-19T13:00:00.000Z,3227.7,3228.11,3226.18,3226.59,21
2025-05-19T14:00:00.000Z,3226.59,3227,3225.07,3225.48,21
2025-05-19T15:00:00.000Z,3225.48,3225.89,3224.21,3224.62,21
2025-05-19T16:00:00.000Z,3224.62,3225.26,3224.42,3225.06,8
2025-05-19T17:00:00.000Z,3225.06,3225.58,3224.86,3225.38,8
2025-05-19T18:00:00.000Z,3225.38,3225.9,3225.18,3225.7,8
2025-05-19T19:00:00.000Z,3225.7,3226.09,3225.5,3225.89,8
2025-05-19T20:00:00.000Z,3225.89,3227.2,3225.55,3226.86,5
2025-05-19T21:00:00.000Z,3226.86,3227.95,3226.52,3227.61,5
2025-05-19T22:00:00.000Z,3227.61,3228.7,3227.27,3228.36,5
2025-05-19T23:00:00.000Z,3228.36,3229.24,3228.02,3228.9,5
2025-05-20T00:00:00.000Z,3219,3223.37,3217.63,3222,9
2025-05-20T01:00:00.000Z,3222,3225.51,3220.63,3224.14,9
2025-05-20T02:00:00.000Z,3224.14,3227.65,3222.77,3226.28,9
2025-05-20T03:00:00.000Z,3226.28,3228.94,3224.91,3227.57,9
2025-05-20T04:00:00.000Z,3227.57,3229.52,3222.69,3224.64,11
2025-05-20T05:00:00.000Z,3224.64,3226.59,3220.97,3222.92,11
2025-05-20T06:00:00.000Z,3222.92,3224.87,3219.26,3221.21,11
2025-05-20T07:00:00.000Z,3221.21,3223.16,3218.76,3220.71,11
2025-05-20T08:00:00.000Z,3220.71,3235.96,3216.6,3231.85,25
2025-05-20T09:00:00.000Z,3231.85,3244.53,3227.74,3240.42,25
2025-05-20T10:00:00.000Z,3240.42,3253.1,3236.31,3248.99,25
2025-05-20T11:00:00.000Z,3248.99,3259.1,3244.88,3254.99,25
2025-05-20T12:00:00.000Z,3254.99,3268.01,3251.59,3264.61,29
2025-05-20T13:00:00.000Z,3264.61,3275.51,3261.21,3272.11,29
2025-05-20T14:00:00.000Z,3272.11,3283.01,3268.71,3279.61,29
2025-05-20T15:00:00.000Z,3279.61,3288.39,3276.21,3284.99,29
2025-05-20T16:00:00.000Z,3284.99,3286.36,3280.62,3281.99,11
2025-05-20T17:00:00.000Z,3281.99,3283.36,3278.48,3279.85,11
2025-05-20T18:00:00.000Z,3279.85,3281.22,3276.34,3277.71,11
2025-05-20T19:00:00.000Z,3277.71,3279.08,3275.05,3276.42,11
2025-05-20T20:00:00.000Z,3276.42,3279.01,3275.42,3278.01,5
2025-05-20T21:00:00.000Z,3278.01,3279.98,3277.01,3278.98,5
2025-05-20T22:00:00.000Z,3278.98,3280.95,3277.98,3279.95,5
2025-05-20T23:00:00.000Z,3279.95,3281.3,3278.95,3280.3,5
2025-05-21T00:00:00.000Z,3293.4,3294.8,3292.96,3294.36,25
2025-05-21T01:00:00.000Z,3294.36,3295.48,3293.92,3295.04,25
2025-05-21T02:00:00.000Z,3295.04,3296.16,3294.6,3295.72,25
2025-05-21T03:00:00.000Z,3295.72,3296.57,3295.28,3296.13,25
2025-05-21T04:00:00.000Z,3296.13,3296.71,3294.64,3295.22,29
2025-05-21T05:00:00.000Z,3295.22,3295.8,3294.1,3294.68,29
2025-05-21T06:00:00.000Z,3294.68,3295.26,3293.55,3294.13,29
2025-05-21T07:00:00.000Z,3294.13,3294.71,3293.37,3293.95,29
2025-05-21T08:00:00.000Z,3293.95,3298.81,3292.64,3297.5,69
2025-05-21T09:00:00.000Z,3297.5,3301.54,3296.19,3300.23,69
2025-05-21T10:00:00.000Z,3300.23,3304.27,3298.92,3302.96,69
2025-05-21T11:00:00.000Z,3302.96,3306.18,3301.65,3304.87,69
2025-05-21T12:00:00.000Z,3304.87,3309.08,3303.75,3307.96,78
2025-05-21T13:00:00.000Z,3307.96,3311.46,3306.84,3310.34,78
2025-05-21T14:00:00.000Z,3310.34,3313.85,3309.22,3312.73,78
2025-05-21T15:00:00.000Z,3312.73,3315.54,3311.61,3314.42,78
2025-05-21T16:00:00.000Z,3314.42,3314.86,3313.02,3313.46,29
2025-05-21T17:00:00.000Z,3313.46,3313.9,3312.34,3312.78,29
2025-05-21T18:00:00.000Z,3312.78,3313.22,3311.66,3312.1,29
2025-05-21T19:00:00.000Z,3312.1,3312.54,3311.25,3311.69,29
2025-05-21T20:00:00.000Z,3311.69,3312.1,3310.43,3310.84,15
2025-05-21T21:00:00.000Z,3310.84,3311.25,3309.83,3310.24,15
2025-05-21T22:00:00.000Z,3310.24,3310.65,3309.23,3309.64,15
2025-05-21T23:00:00.000Z,3309.64,3310.05,3308.89,3309.3,15
2025-05-22T00:00:00.000Z,3327.3,3328.02,3324.99,3325.71,30
2025-05-22T01:00:00.000Z,3325.71,3326.43,3323.86,3324.58,30
2025-05-22T02:00:00.000Z,3324.58,3325.3,3322.73,3323.45,30
2025-05-22T03:00:00.000Z,3323.45,3324.17,3322.05,3322.77,30
2025-05-22T04:00:00.000Z,3322.77,3324.65,3322.17,3324.05,36
2025-05-22T05:00:00.000Z,3324.05,3325.55,3323.45,3324.95,36
2025-05-22T06:00:00.000Z,3324.95,3326.46,3324.35,3325.86,36
2025-05-22T07:00:00.000Z,3325.86,3326.99,3325.26,3326.39,36
2025-05-22T08:00:00.000Z,3326.39,3328.56,3318.33,3320.5,85
2025-05-22T09:00:00.000Z,3320.5,3322.67,3313.8,3315.97,85
2025-05-22T10:00:00.000Z,3315.97,3318.14,3309.27,3311.44,85
2025-05-22T11:00:00.000Z,3311.44,3313.61,3306.1,3308.27,85
2025-05-22T12:00:00.000Z,3308.27,3310.5,3300.69,3302.92,97
2025-05-22T13:00:00.000Z,3302.92,3305.15,3296.72,3298.95,97
2025-05-22T14:00:00.000Z,3298.95,3301.18,3292.76,3294.99,97
2025-05-22T15:00:00.000Z,3294.99,3297.22,3290.19,3292.42,97
2025-05-22T16:00:00.000Z,3292.42,3294.73,3291.7,3294.01,36
2025-05-22T17:00:00.000Z,3294.01,3295.86,3293.29,3295.14,36
2025-05-22T18:00:00.000Z,3295.14,3296.99,3294.42,3296.27,36
2025-05-22T19:00:00.000Z,3296.27,3297.67,3295.55,3296.95,36
2025-05-22T20:00:00.000Z,3296.95,3297.68,3294.6,3295.33,18
2025-05-22T21:00:00.000Z,3295.33,3296.06,3293.44,3294.17,18
2025-05-22T22:00:00.000Z,3294.17,3294.9,3292.27,3293,18
2025-05-22T23:00:00.000Z,3293,3293.73,3291.57,3292.3,18
2025-05-23T00:00:00.000Z,3328,3330.04,3327.36,3329.4,5
2025-05-23T01:00:00.000Z,3329.4,3331.05,3328.76,3330.41,5
2025-05-23T02:00:00.000Z,3330.41,3332.05,3329.77,3331.41,5
2025-05-23T03:00:00.000Z,3331.41,3332.65,3330.77,3332.01,5
2025-05-23T04:00:00.000Z,3332.01,3332.85,3329.84,3330.68,5
2025-05-23T05:00:00.000Z,3330.68,3331.52,3329.04,3329.88,5
2025-05-23T06:00:00.000Z,3329.88,3330.72,3328.24,3329.08,5
2025-05-23T07:00:00.000Z,3329.08,3329.92,3327.96,3328.8,5
2025-05-23T08:00:00.000Z,3328.8,3335.93,3326.88,3334.01,5
2025-05-23T09:00:00.000Z,3334.01,3339.94,3332.09,3338.02,5
2025-05-23T10:00:00.000Z,3338.02,3343.95,3336.1,3342.03,5
2025-05-23T11:00:00.000Z,3342.03,3346.76,3340.11,3344.84,5
2025-05-23T12:00:00.000Z,3344.84,3351.05,3343.18,3349.39,5
2025-05-23T13:00:00.000Z,3349.39,3354.56,3347.73,3352.9,5
2025-05-23T14:00:00.000Z,3352.9,3358.07,3351.24,3356.41,5
2025-05-23T15:00:00.000Z,3356.41,3360.54,3354.75,3358.88,5
2025-05-23T16:00:00.000Z,3358.88,3359.52,3356.84,3357.48,5
2025-05-23T17:00:00.000Z,3357.48,3358.12,3355.83,3356.47,5
2025-05-23T18:00:00.000Z,3356.47,3357.11,3354.83,3355.47,5
2025-05-23T19:00:00.000Z,3355.47,3356.11,3354.23,3354.87,5
2025-05-23T20:00:00.000Z,3354.87,3358.71,3353.85,3357.69,5
2025-05-23T21:00:00.000Z,3357.69,3360.89,3356.67,3359.87,5
2025-05-23T22:00:00.000Z,3359.87,3363.07,3358.85,3362.05,5
2025-05-23T23:00:00.000Z,3362.05,3364.62,3361.03,3363.6,5
2025-05-27T00:00:00.000Z,3332.5,3333.21,3330.23,3330.94,5
2025-05-27T01:00:00.000Z,3330.94,3331.65,3329.11,3329.82,5
2025-05-27T02:00:00.000Z,3329.82,3330.53,3327.99,3328.7,5
2025-05-27T03:00:00.000Z,3328.7,3329.41,3327.32,3328.03,5
2025-05-27T04:00:00.000Z,3328.03,3330.91,3326.81,3329.69,6
2025-05-27T05:00:00.000Z,3329.69,3331.8,3328.47,3330.58,6
2025-05-27T06:00:00.000Z,3330.58,3332.7,3329.36,3331.48,6
2025-05-27T07:00:00.000Z,3331.48,3332.83,3330.26,3331.61,6
2025-05-27T08:00:00.000Z,3331.61,3333.76,3323.65,3325.8,13
2025-05-27T09:00:00.000Z,3325.8,3327.95,3319.18,3321.33,13
2025-05-27T10:00:00.000Z,3321.33,3323.48,3314.71,3316.86,13
2025-05-27T11:00:00.000Z,3316.86,3319.01,3311.58,3313.73,13
2025-05-27T12:00:00.000Z,3313.73,3315.3,3307.26,3308.83,15
2025-05-27T13:00:00.000Z,3308.83,3310.4,3303.35,3304.92,15
2025-05-27T14:00:00.000Z,3304.92,3306.49,3299.44,3301.01,15
2025-05-27T15:00:00.000Z,3301.01,3302.58,3296.51,3298.08,15
2025-05-27T16:00:00.000Z,3298.08,3300.36,3297.36,3299.64,6
2025-05-27T17:00:00.000Z,3299.64,3301.48,3298.92,3300.76,6
2025-05-27T18:00:00.000Z,3300.76,3302.6,3300.04,3301.88,6
2025-05-27T19:00:00.000Z,3301.88,3303.27,3301.16,3302.55,6
2025-05-27T20:00:00.000Z,3302.55,3303.18,3300.66,3301.29,5
2025-05-27T21:00:00.000Z,3301.29,3301.92,3299.8,3300.43,5
2025-05-27T22:00:00.000Z,3300.43,3301.06,3298.94,3299.57,5
2025-05-27T23:00:00.000Z,3299.57,3300.2,3298.47,3299.1,5
2025-05-28T00:00:00.000Z,3293.6,3293.6,3293.6,3293.6,3194
2025-05-28T01:00:00.000Z,3293.6,3293.6,3293.6,3293.6,3194
2025-05-28T02:00:00.000Z,3293.6,3293.6,3293.6,3293.6,3194
2025-05-28T03:00:00.000Z,3293.6,3293.6,3293.6,3293.6,3194
2025-05-28T04:00:00.000Z,3293.6,3293.6,3293.6,3293.6,3833
2025-05-28T05:00:00.000Z,3293.6,3293.6,3293.6,3293.6,3833
2025-05-28T06:00:00.000Z,3293.6,3293.6,3293.6,3293.6,3833
2025-05-28T07:00:00.000Z,3293.6,3293.6,3293.6,3293.6,3833
2025-05-28T08:00:00.000Z,3293.6,3293.6,3293.6,3293.6,8943
2025-05-28T09:00:00.000Z,3293.6,3293.6,3293.6,3293.6,8943
2025-05-28T10:00:00.000Z,3293.6,3293.6,3293.6,3293.6,8943
2025-05-28T11:00:00.000Z,3293.6,3293.6,3293.6,3293.6,8943
2025-05-28T12:00:00.000Z,3293.6,3293.6,3293.6,3293.6,10221
2025-05-28T13:00:00.000Z,3293.6,3293.6,3293.6,3293.6,10221
2025-05-28T14:00:00.000Z,3293.6,3293.6,3293.6,3293.6,10221
2025-05-28T15:00:00.000Z,3293.6,3293.6,3293.6,3293.6,10221
2025-05-28T16:00:00.000Z,3293.6,3293.6,3293.6,3293.6,3833
2025-05-28T17:00:00.000Z,3293.6,3293.6,3293.6,3293.6,3833
2025-05-28T18:00:00.000Z,3293.6,3293.6,3293.6,3293.6,3833
2025-05-28T19:00:00.000Z,3293.6,3293.6,3293.6,3293.6,3833
2025-05-28T20:00:00.000Z,3293.6,3293.6,3293.6,3293.6,1916
2025-05-28T21:00:00.000Z,3293.6,3293.6,3293.6,3293.6,1916
2025-05-28T22:00:00.000Z,3293.6,3293.6,3293.6,3293.6,1916
2025-05-28T23:00:00.000Z,3293.6,3293.6,3293.6,3293.6,1916
2025-05-29T00:00:00.000Z,3283.7,3288.1,3282.32,3286.72,609
2025-05-29T01:00:00.000Z,3286.72,3290.26,3285.34,3288.88,609
2025-05-29T02:00:00.000Z,3288.88,3292.42,3287.5,3291.04,609
2025-05-29T03:00:00.000Z,3291.04,3293.72,3289.66,3292.34,609
2025-05-29T04:00:00.000Z,3292.34,3296.68,3283.56,3287.9,731
2025-05-29T05:00:00.000Z,3287.9,3292.24,3281.83,3286.17,731
2025-05-29T06:00:00.000Z,3286.17,3290.51,3280.1,3284.44,731
2025-05-29T07:00:00.000Z,3284.44,3289.77,3280.1,3285.43,731
2025-05-29T08:00:00.000Z,3285.43,3300.81,3281.28,3296.66,1706
2025-05-29T09:00:00.000Z,3296.66,3309.45,3292.51,3305.3,1706
2025-05-29T10:00:00.000Z,3305.3,3318.09,3301.15,3313.94,1706
2025-05-29T11:00:00.000Z,3313.94,3324.14,3309.79,3319.99,1706
2025-05-29T12:00:00.000Z,3319.99,3332.04,3317.23,3329.28,1950
2025-05-29T13:00:00.000Z,3329.28,3339.6,3326.52,3336.84,1950
2025-05-29T14:00:00.000Z,3336.84,3347.16,3334.08,3344.4,1950
2025-05-29T15:00:00.000Z,3344.4,3352.99,3341.64,3350.23,1950
2025-05-29T16:00:00.000Z,3350.23,3351.61,3345.83,3347.21,731
2025-05-29T17:00:00.000Z,3347.21,3348.59,3343.67,3345.05,731
2025-05-29T18:00:00.000Z,3345.05,3346.43,3341.51,3342.89,731
2025-05-29T19:00:00.000Z,3342.89,3344.27,3340.21,3341.59,731
2025-05-29T20:00:00.000Z,3341.59,3344.24,3331.16,3333.81,366
2025-05-29T21:00:00.000Z,3333.81,3336.46,3325.04,3327.69,366
2025-05-29T22:00:00.000Z,3327.69,3330.34,3318.92,3321.57,366
2025-05-29T23:00:00.000Z,3321.57,3324.22,3314.45,3317.1,366
2025-05-30T00:00:00.000Z,3315.1,3315.85,3312.7,3313.45,55
2025-05-30T01:00:00.000Z,3313.45,3314.2,3311.52,3312.27,55
2025-05-30T02:00:00.000Z,3312.27,3313.02,3310.35,3311.1,55
2025-05-30T03:00:00.000Z,3311.1,3311.85,3309.64,3310.39,55
2025-05-30T04:00:00.000Z,3310.39,3312.63,3309.59,3311.83,67
2025-05-30T05:00:00.000Z,3311.83,3313.57,3311.03,3312.77,67
2025-05-30T06:00:00.000Z,3312.77,3314.52,3311.97,3313.72,67
2025-05-30T07:00:00.000Z,3313.72,3314.96,3312.92,3314.16,67
2025-05-30T08:00:00.000Z,3314.16,3316.42,3305.78,3308.04,155
2025-05-30T09:00:00.000Z,3308.04,3310.3,3301.07,3303.33,155
2025-05-30T10:00:00.000Z,3303.33,3305.59,3296.36,3298.62,155
2025-05-30T11:00:00.000Z,3298.62,3300.88,3293.06,3295.32,155
2025-05-30T12:00:00.000Z,3295.32,3297.46,3287.72,3289.86,177
2025-05-30T13:00:00.000Z,3289.86,3292,3283.6,3285.74,177
2025-05-30T14:00:00.000Z,3285.74,3287.88,3279.47,3281.61,177
2025-05-30T15:00:00.000Z,3281.61,3283.75,3276.69,3278.83,177
2025-05-30T16:00:00.000Z,3278.83,3281.23,3278.08,3280.48,67
2025-05-30T17:00:00.000Z,3280.48,3282.41,3279.73,3281.66,67
2025-05-30T18:00:00.000Z,3281.66,3283.58,3280.91,3282.83,67
2025-05-30T19:00:00.000Z,3282.83,3284.29,3282.08,3283.54,67
2025-05-30T20:00:00.000Z,3283.54,3286.18,3282.74,3285.38,33
2025-05-30T21:00:00.000Z,3285.38,3287.52,3284.58,3286.72,33
2025-05-30T22:00:00.000Z,3286.72,3288.86,3285.92,3288.06,33
2025-05-30T23:00:00.000Z,3288.06,3289.7,3287.26,3288.9,33
2025-06-02T00:00:00.000Z,3296.9,3301.18,3295.56,3299.84,25
2025-06-02T01:00:00.000Z,3299.84,3303.27,3298.5,3301.93,25
2025-06-02T02:00:00.000Z,3301.93,3305.37,3300.59,3304.03,25
2025-06-02T03:00:00.000Z,3304.03,3306.63,3302.69,3305.29,25
2025-06-02T04:00:00.000Z,3305.29,3306.3,3301.97,3302.98,29
2025-06-02T05:00:00.000Z,3302.98,3303.99,3300.3,3301.31,29
2025-06-02T06:00:00.000Z,3301.31,3302.32,3298.62,3299.63,29
2025-06-02T07:00:00.000Z,3299.63,3300.64,3297.57,3298.58,29
2025-06-02T08:00:00.000Z,3298.58,3313.52,3294.55,3309.49,68
2025-06-02T09:00:00.000Z,3309.49,3321.91,3305.46,3317.88,68
2025-06-02T10:00:00.000Z,3317.88,3330.3,3313.85,3326.27,68
2025-06-02T11:00:00.000Z,3326.27,3336.17,3322.24,3332.14,68
2025-06-02T12:00:00.000Z,3332.14,3346.35,3327.91,3342.12,78
2025-06-02T13:00:00.000Z,3342.12,3353.69,3337.89,3349.46,78
2025-06-02T14:00:00.000Z,3349.46,3361.03,3345.23,3356.8,78
2025-06-02T15:00:00.000Z,3356.8,3365.73,3352.57,3361.5,78
2025-06-02T16:00:00.000Z,3361.5,3362.84,3357.22,3358.56,29
2025-06-02T17:00:00.000Z,3358.56,3359.9,3355.13,3356.47,29
2025-06-02T18:00:00.000Z,3356.47,3357.81,3353.03,3354.37,29
2025-06-02T19:00:00.000Z,3354.37,3355.71,3351.77,3353.11,29
2025-06-02T20:00:00.000Z,3353.11,3360.85,3351.04,3358.78,15
2025-06-02T21:00:00.000Z,3358.78,3365.22,3356.71,3363.15,15
2025-06-02T22:00:00.000Z,3363.15,3369.59,3361.08,3367.52,15
2025-06-02T23:00:00.000Z,3367.52,3372.67,3365.45,3370.6,15
2025-06-03T00:00:00.000Z,3385.1,3386.04,3382.11,3383.05,160
2025-06-03T01:00:00.000Z,3383.05,3383.99,3380.64,3381.58,160
2025-06-03T02:00:00.000Z,3381.58,3382.52,3379.17,3380.11,160
2025-06-03T03:00:00.000Z,3380.11,3381.05,3378.29,3379.23,160
2025-06-03T04:00:00.000Z,3379.23,3382.19,3378.13,3381.09,192
2025-06-03T05:00:00.000Z,3381.09,3383.36,3379.99,3382.26,192
2025-06-03T06:00:00.000Z,3382.26,3384.54,3381.16,3383.44,192
2025-06-03T07:00:00.000Z,3383.44,3385.03,3382.34,3383.93,192
2025-06-03T08:00:00.000Z,3383.93,3386.75,3373.48,3376.3,449
2025-06-03T09:00:00.000Z,3376.3,3379.12,3367.61,3370.43,449
2025-06-03T10:00:00.000Z,3370.43,3373.25,3361.74,3364.56,449
2025-06-03T11:00:00.000Z,3364.56,3367.38,3357.63,3360.45,449
2025-06-03T12:00:00.000Z,3360.45,3363.02,3351.14,3353.71,513
2025-06-03T13:00:00.000Z,3353.71,3356.28,3346,3348.57,513
2025-06-03T14:00:00.000Z,3348.57,3351.14,3340.86,3343.43,513
2025-06-03T15:00:00.000Z,3343.43,3346,3337.33,3339.9,513
2025-06-03T16:00:00.000Z,3339.9,3342.89,3338.96,3341.95,192
2025-06-03T17:00:00.000Z,3341.95,3344.36,3341.01,3343.42,192
2025-06-03T18:00:00.000Z,3343.42,3345.83,3342.48,3344.89,192
2025-06-03T19:00:00.000Z,3344.89,3346.71,3343.95,3345.77,192
2025-06-03T20:00:00.000Z,3345.77,3348.21,3344.95,3347.39,96
2025-06-03T21:00:00.000Z,3347.39,3349.32,3346.57,3348.5,96
2025-06-03T22:00:00.000Z,3348.5,3350.43,3347.68,3349.61,96
2025-06-03T23:00:00.000Z,3349.61,3351.02,3348.79,3350.2,96
2025-06-04T00:00:00.000Z,3355,3356.84,3354.42,3356.26,5
2025-06-04T01:00:00.000Z,3356.26,3357.74,3355.68,3357.16,5
2025-06-04T02:00:00.000Z,3357.16,3358.64,3356.58,3358.06,5
2025-06-04T03:00:00.000Z,3358.06,3359.18,3357.48,3358.6,5
2025-06-04T04:00:00.000Z,3358.6,3359.91,3355.75,3357.06,6
2025-06-04T05:00:00.000Z,3357.06,3358.37,3355.03,3356.34,6
2025-06-04T06:00:00.000Z,3356.34,3357.65,3354.31,3355.62,6
2025-06-04T07:00:00.000Z,3355.62,3357.03,3354.31,3355.72,6
2025-06-04T08:00:00.000Z,3355.72,3362.13,3353.99,3360.4,15
2025-06-04T09:00:00.000Z,3360.4,3365.73,3358.67,3364,15
2025-06-04T10:00:00.000Z,3364,3369.33,3362.27,3367.6,15
2025-06-04T11:00:00.000Z,3367.6,3371.85,3365.87,3370.12,15
2025-06-04T12:00:00.000Z,3370.12,3375.14,3368.97,3373.99,17
2025-06-04T13:00:00.000Z,3373.99,3378.29,3372.84,3377.14,17
2025-06-04T14:00:00.000Z,3377.14,3381.44,3375.99,3380.29,17
2025-06-04T15:00:00.000Z,3380.29,3383.87,3379.14,3382.72,17
2025-06-04T16:00:00.000Z,3382.72,3383.3,3380.88,3381.46,6
2025-06-04T17:00:00.000Z,3381.46,3382.04,3379.98,3380.56,6
2025-06-04T18:00:00.000Z,3380.56,3381.14,3379.08,3379.66,6
2025-06-04T19:00:00.000Z,3379.66,3380.24,3378.54,3379.12,6
2025-06-04T20:00:00.000Z,3379.12,3379.86,3376.51,3377.25,5
2025-06-04T21:00:00.000Z,3377.25,3377.99,3375.11,3375.85,5
2025-06-04T22:00:00.000Z,3375.85,3376.59,3373.7,3374.44,5
2025-06-04T23:00:00.000Z,3374.44,3375.18,3372.76,3373.5,5
2025-06-05T00:00:00.000Z,3371.5,3372.4,3368.63,3369.53,18
2025-06-05T01:00:00.000Z,3369.53,3370.43,3367.22,3368.12,18
2025-06-05T02:00:00.000Z,3368.12,3369.02,3365.81,3366.71,18
2025-06-05T03:00:00.000Z,3366.71,3367.61,3364.97,3365.87,18
2025-06-05T04:00:00.000Z,3365.87,3371.8,3362.91,3368.84,22
2025-06-05T05:00:00.000Z,3368.84,3372.93,3365.88,3369.97,22
2025-06-05T06:00:00.000Z,3369.97,3374.05,3367.01,3371.09,22
2025-06-05T07:00:00.000Z,3371.09,3374.05,3367.41,3370.37,22
2025-06-05T08:00:00.000Z,3370.37,3373.07,3360.35,3363.05,51
2025-06-05T09:00:00.000Z,3363.05,3365.75,3354.72,3357.42,51
2025-06-05T10:00:00.000Z,3357.42,3360.12,3349.09,3351.79,51
2025-06-05T11:00:00.000Z,3351.79,3354.49,3345.15,3347.85,51
2025-06-05T12:00:00.000Z,3347.85,3349.65,3340,3341.8,59
2025-06-05T13:00:00.000Z,3341.8,3343.6,3335.07,3336.87,59
2025-06-05T14:00:00.000Z,3336.87,3338.67,3330.15,3331.95,59
2025-06-05T15:00:00.000Z,3331.95,3333.75,3326.35,3328.15,59
2025-06-05T16:00:00.000Z,3328.15,3331.02,3327.25,3330.12,22
2025-06-05T17:00:00.000Z,3330.12,3332.43,3329.22,3331.53,22
2025-06-05T18:00:00.000Z,3331.53,3333.84,3330.63,3332.94,22
2025-06-05T19:00:00.000Z,3332.94,3334.68,3332.04,3333.78,22
2025-06-05T20:00:00.000Z,3333.78,3340.94,3331.98,3339.14,11
2025-06-05T21:00:00.000Z,3339.14,3345.17,3337.34,3343.37,11
2025-06-05T22:00:00.000Z,3343.37,3349.4,3341.57,3347.6,11
2025-06-05T23:00:00.000Z,3347.6,3352.5,3345.8,3350.7,11
2025-06-06T00:00:00.000Z,3364.3,3365.23,3361.33,3362.26,5
2025-06-06T01:00:00.000Z,3362.26,3363.19,3359.87,3360.8,5
2025-06-06T02:00:00.000Z,3360.8,3361.73,3358.41,3359.34,5
2025-06-06T03:00:00.000Z,3359.34,3360.27,3357.54,3358.47,5
2025-06-06T04:00:00.000Z,3358.47,3360.77,3357.77,3360.07,5
2025-06-06T05:00:00.000Z,3360.07,3361.94,3359.37,3361.24,5
2025-06-06T06:00:00.000Z,3361.24,3363.1,3360.54,3362.4,5
2025-06-06T07:00:00.000Z,3362.4,3363.83,3361.7,3363.13,5
2025-06-06T08:00:00.000Z,3363.13,3365.93,3352.75,3355.55,6
2025-06-06T09:00:00.000Z,3355.55,3358.35,3346.92,3349.72,6
2025-06-06T10:00:00.000Z,3349.72,3352.52,3341.09,3343.89,6
2025-06-06T11:00:00.000Z,3343.89,3346.69,3337.01,3339.81,6
2025-06-06T12:00:00.000Z,3339.81,3342.75,3329.93,3332.87,7
2025-06-06T13:00:00.000Z,3332.87,3335.81,3324.83,3327.77,7
2025-06-06T14:00:00.000Z,3327.77,3330.71,3319.73,3322.67,7
2025-06-06T15:00:00.000Z,3322.67,3325.61,3316.47,3319.41,7
2025-06-06T16:00:00.000Z,3319.41,3322.38,3318.48,3321.45,5
2025-06-06T17:00:00.000Z,3321.45,3323.84,3320.52,3322.91,5
2025-06-06T18:00:00.000Z,3322.91,3325.3,3321.98,3324.37,5
2025-06-06T19:00:00.000Z,3324.37,3326.17,3323.44,3325.24,5
2025-06-06T20:00:00.000Z,3325.24,3325.91,3323.52,3324.19,5
2025-06-06T21:00:00.000Z,3324.19,3324.86,3322.88,3323.55,5
2025-06-06T22:00:00.000Z,3323.55,3324.22,3322.25,3322.92,5
2025-06-06T23:00:00.000Z,3322.92,3323.59,3322.03,3322.7,5
2025-06-09T00:00:00.000Z,3315.6,3317.87,3314.89,3317.16,47
2025-06-09T01:00:00.000Z,3317.16,3318.99,3316.45,3318.28,47
2025-06-09T02:00:00.000Z,3318.28,3320.1,3317.57,3319.39,47
2025-06-09T03:00:00.000Z,3319.39,3320.77,3318.68,3320.06,47
2025-06-09T04:00:00.000Z,3320.06,3322.64,3314.97,3317.55,57
2025-06-09T05:00:00.000Z,3317.55,3320.13,3314.08,3316.66,57
2025-06-09T06:00:00.000Z,3316.66,3319.24,3313.19,3315.77,57
2025-06-09T07:00:00.000Z,3315.77,3319.07,3313.19,3316.49,57
2025-06-09T08:00:00.000Z,3316.49,3324.43,3314.35,3322.29,132
2025-06-09T09:00:00.000Z,3322.29,3328.89,3320.15,3326.75,132
2025-06-09T10:00:00.000Z,3326.75,3333.35,3324.61,3331.21,132
2025-06-09T11:00:00.000Z,3331.21,3336.47,3329.07,3334.33,132
2025-06-09T12:00:00.000Z,3334.33,3340.55,3332.9,3339.12,151
2025-06-09T13:00:00.000Z,3339.12,3344.46,3337.69,3343.03,151
2025-06-09T14:00:00.000Z,3343.03,3348.36,3341.6,3346.93,151
2025-06-09T15:00:00.000Z,3346.93,3351.37,3345.5,3349.94,151
2025-06-09T16:00:00.000Z,3349.94,3350.65,3347.67,3348.38,57
2025-06-09T17:00:00.000Z,3348.38,3349.09,3346.55,3347.26,57
2025-06-09T18:00:00.000Z,3347.26,3347.97,3345.44,3346.15,57
2025-06-09T19:00:00.000Z,3346.15,3346.86,3344.77,3345.48,57
2025-06-09T20:00:00.000Z,3345.48,3346.91,3339.81,3341.24,28
2025-06-09T21:00:00.000Z,3341.24,3342.67,3336.47,3337.9,28
2025-06-09T22:00:00.000Z,3337.9,3339.33,3333.12,3334.55,28
2025-06-09T23:00:00.000Z,3334.55,3335.98,3330.67,3332.1,28
2025-06-10T00:00:00.000Z,3302,3304.16,3301.32,3303.48,5
2025-06-10T01:00:00.000Z,3303.48,3305.22,3302.8,3304.54,5
2025-06-10T02:00:00.000Z,3304.54,3306.28,3303.86,3305.6,5
2025-06-10T03:00:00.000Z,3305.6,3306.91,3304.92,3306.23,5
2025-06-10T04:00:00.000Z,3306.23,3306.74,3304.56,3305.07,5
2025-06-10T05:00:00.000Z,3305.07,3305.58,3303.71,3304.22,5
2025-06-10T06:00:00.000Z,3304.22,3304.73,3302.87,3303.38,5
2025-06-10T07:00:00.000Z,3303.38,3303.89,3302.34,3302.85,5
2025-06-10T08:00:00.000Z,3302.85,3310.38,3300.82,3308.35,5
2025-06-10T09:00:00.000Z,3308.35,3314.61,3306.32,3312.58,5
2025-06-10T10:00:00.000Z,3312.58,3318.84,3310.55,3316.81,5
2025-06-10T11:00:00.000Z,3316.81,3321.8,3314.78,3319.77,5
2025-06-10T12:00:00.000Z,3319.77,3326.93,3317.64,3324.8,5
2025-06-10T13:00:00.000Z,3324.8,3330.63,3322.67,3328.5,5
2025-06-10T14:00:00.000Z,3328.5,3334.33,3326.37,3332.2,5
2025-06-10T15:00:00.000Z,3332.2,3336.7,3330.07,3334.57,5
2025-06-10T16:00:00.000Z,3334.57,3335.25,3332.41,3333.09,5
2025-06-10T17:00:00.000Z,3333.09,3333.77,3331.35,3332.03,5
2025-06-10T18:00:00.000Z,3332.03,3332.71,3330.29,3330.97,5
2025-06-10T19:00:00.000Z,3330.97,3331.65,3329.66,3330.34,5
2025-06-10T20:00:00.000Z,3330.34,3331.43,3326.21,3327.3,5
2025-06-10T21:00:00.000Z,3327.3,3328.39,3323.85,3324.94,5
2025-06-10T22:00:00.000Z,3324.94,3326.03,3321.49,3322.58,5
2025-06-10T23:00:00.000Z,3322.58,3323.67,3319.81,3320.9,5
2025-06-11T00:00:00.000Z,3328,3328.55,3326.24,3326.79,53
2025-06-11T01:00:00.000Z,3326.79,3327.34,3325.37,3325.92,53
2025-06-11T02:00:00.000Z,3325.92,3326.47,3324.5,3325.05,53
2025-06-11T03:00:00.000Z,3325.05,3325.6,3323.98,3324.53,53
2025-06-11T04:00:00.000Z,3324.53,3329.55,3321.87,3326.89,63
2025-06-11T05:00:00.000Z,3326.89,3330.24,3324.23,3327.58,63
2025-06-11T06:00:00.000Z,3327.58,3330.93,3324.92,3328.27,63
2025-06-11T07:00:00.000Z,3328.27,3330.93,3324.65,3327.31,63
2025-06-11T08:00:00.000Z,3327.31,3328.98,3321.13,3322.8,148
2025-06-11T09:00:00.000Z,3322.8,3324.47,3317.66,3319.33,148
2025-06-11T10:00:00.000Z,3319.33,3321,3314.19,3315.86,148
2025-06-11T11:00:00.000Z,3315.86,3317.53,3311.76,3313.43,148
2025-06-11T12:00:00.000Z,3313.43,3314.54,3308.59,3309.7,169
2025-06-11T13:00:00.000Z,3309.7,3310.81,3305.55,3306.66,169
2025-06-11T14:00:00.000Z,3306.66,3307.77,3302.51,3303.62,169
2025-06-11T15:00:00.000Z,3303.62,3304.73,3300.17,3301.28,169
2025-06-11T16:00:00.000Z,3301.28,3303.05,3300.72,3302.49,63
2025-06-11T17:00:00.000Z,3302.49,3303.92,3301.93,3303.36,63
2025-06-11T18:00:00.000Z,3303.36,3304.79,3302.8,3304.23,63
2025-06-11T19:00:00.000Z,3304.23,3305.31,3303.67,3304.75,63
2025-06-11T20:00:00.000Z,3304.75,3311.49,3303.15,3309.89,32
2025-06-11T21:00:00.000Z,3309.89,3315.63,3308.29,3314.03,32
2025-06-11T22:00:00.000Z,3314.03,3319.76,3312.43,3318.16,32
2025-06-11T23:00:00.000Z,3318.16,3322.9,3316.56,3321.3,32
2025-06-12T00:00:00.000Z,3363,3365.17,3362.32,3364.49,46
2025-06-12T01:00:00.000Z,3364.49,3366.23,3363.81,3365.55,46
2025-06-12T02:00:00.000Z,3365.55,3367.29,3364.87,3366.61,46
2025-06-12T03:00:00.000Z,3366.61,3367.93,3365.93,3367.25,46
2025-06-12T04:00:00.000Z,3367.25,3368.53,3364.32,3365.6,55
2025-06-12T05:00:00.000Z,3365.6,3366.88,3363.47,3364.75,55
2025-06-12T06:00:00.000Z,3364.75,3366.03,3362.62,3363.9,55
2025-06-12T07:00:00.000Z,3363.9,3365.18,3362.57,3363.85,55
2025-06-12T08:00:00.000Z,3363.85,3371.42,3361.81,3369.38,127
2025-06-12T09:00:00.000Z,3369.38,3375.67,3367.34,3373.63,127
2025-06-12T10:00:00.000Z,3373.63,3379.92,3371.59,3377.88,127
2025-06-12T11:00:00.000Z,3377.88,3382.89,3375.84,3380.85,127
2025-06-12T12:00:00.000Z,3380.85,3386.8,3379.48,3385.43,146
2025-06-12T13:00:00.000Z,3385.43,3390.51,3384.06,3389.14,146
2025-06-12T14:00:00.000Z,3389.14,3394.23,3387.77,3392.86,146
2025-06-12T15:00:00.000Z,3392.86,3397.09,3391.49,3395.72,146
2025-06-12T16:00:00.000Z,3395.72,3396.4,3393.55,3394.23,55
2025-06-12T17:00:00.000Z,3394.23,3394.91,3392.49,3393.17,55
2025-06-12T18:00:00.000Z,3393.17,3393.85,3391.43,3392.11,55
2025-06-12T19:00:00.000Z,3392.11,3392.79,3390.79,3391.47,55
2025-06-12T20:00:00.000Z,3391.47,3392.66,3386.9,3388.09,27
2025-06-12T21:00:00.000Z,3388.09,3389.28,3384.25,3385.44,27
2025-06-12T22:00:00.000Z,3385.44,3386.63,3381.61,3382.8,27
2025-06-12T23:00:00.000Z,3382.8,3383.99,3379.71,3380.9,27
2025-06-13T00:00:00.000Z,3407.3,3409.17,3406.71,3408.58,13
2025-06-13T01:00:00.000Z,3408.58,3410.09,3407.99,3409.5,13
2025-06-13T02:00:00.000Z,3409.5,3411.01,3408.91,3410.42,13
2025-06-13T03:00:00.000Z,3410.42,3411.56,3409.83,3410.97,13
2025-06-13T04:00:00.000Z,3410.97,3411.41,3409.52,3409.96,15
2025-06-13T05:00:00.000Z,3409.96,3410.4,3408.78,3409.22,15
2025-06-13T06:00:00.000Z,3409.22,3409.66,3408.05,3408.49,15
2025-06-13T07:00:00.000Z,3408.49,3408.93,3407.59,3408.03,15
2025-06-13T08:00:00.000Z,3408.03,3414.56,3406.27,3412.8,35
2025-06-13T09:00:00.000Z,3412.8,3418.23,3411.04,3416.47,35
2025-06-13T10:00:00.000Z,3416.47,3421.9,3414.71,3420.14,35
2025-06-13T11:00:00.000Z,3420.14,3424.47,3418.38,3422.71,35
2025-06-13T12:00:00.000Z,3422.71,3428.93,3420.86,3427.08,40
2025-06-13T13:00:00.000Z,3427.08,3432.14,3425.23,3430.29,40
2025-06-13T14:00:00.000Z,3430.29,3435.35,3428.44,3433.5,40
2025-06-13T15:00:00.000Z,3433.5,3437.41,3431.65,3435.56,40
2025-06-13T16:00:00.000Z,3435.56,3436.15,3433.69,3434.28,15
2025-06-13T17:00:00.000Z,3434.28,3434.87,3432.77,3433.36,15
2025-06-13T18:00:00.000Z,3433.36,3433.95,3431.85,3432.44,15
2025-06-13T19:00:00.000Z,3432.44,3433.03,3431.3,3431.89,15
2025-06-13T20:00:00.000Z,3431.89,3432.24,3431.15,3431.5,8
2025-06-13T21:00:00.000Z,3431.5,3431.85,3430.98,3431.33,8
2025-06-13T22:00:00.000Z,3431.33,3431.68,3430.8,3431.15,8
2025-06-13T23:00:00.000Z,3431.15,3431.55,3430.8,3431.2,8
2025-06-16T00:00:00.000Z,3442,3442.91,3439.11,3440.02,12
2025-06-16T01:00:00.000Z,3440.02,3440.93,3437.69,3438.6,12
2025-06-16T02:00:00.000Z,3438.6,3439.51,3436.28,3437.19,12
2025-06-16T03:00:00.000Z,3437.19,3438.1,3435.43,3436.34,12
2025-06-16T04:00:00.000Z,3436.34,3438.58,3435.66,3437.9,15
2025-06-16T05:00:00.000Z,3437.9,3439.71,3437.22,3439.03,15
2025-06-16T06:00:00.000Z,3439.03,3440.84,3438.35,3440.16,15
2025-06-16T07:00:00.000Z,3440.16,3441.55,3439.48,3440.87,15
2025-06-16T08:00:00.000Z,3440.87,3443.59,3430.79,3433.51,34
2025-06-16T09:00:00.000Z,3433.51,3436.23,3425.13,3427.85,34
2025-06-16T10:00:00.000Z,3427.85,3430.57,3419.47,3422.19,34
2025-06-16T11:00:00.000Z,3422.19,3424.91,3415.51,3418.23,34
2025-06-16T12:00:00.000Z,3418.23,3421.08,3408.64,3411.49,39
2025-06-16T13:00:00.000Z,3411.49,3414.34,3403.69,3406.54,39
2025-06-16T14:00:00.000Z,3406.54,3409.39,3398.74,3401.59,39
2025-06-16T15:00:00.000Z,3401.59,3404.44,3395.57,3398.42,39
2025-06-16T16:00:00.000Z,3398.42,3401.31,3397.51,3400.4,15
2025-06-16T17:00:00.000Z,3400.4,3402.73,3399.49,3401.82,15
2025-06-16T18:00:00.000Z,3401.82,3404.14,3400.91,3403.23,15
2025-06-16T19:00:00.000Z,3403.23,3404.99,3402.32,3404.08,15
2025-06-16T20:00:00.000Z,3404.08,3405.15,3400.42,3401.49,7
2025-06-16T21:00:00.000Z,3401.49,3402.56,3398.5,3399.57,7
2025-06-16T22:00:00.000Z,3399.57,3400.64,3396.58,3397.65,7
2025-06-16T23:00:00.000Z,3397.65,3398.72,3395.33,3396.4,7
2025-06-17T00:00:00.000Z,3398.3,3398.66,3397.16,3397.52,37
2025-06-17T01:00:00.000Z,3397.52,3397.88,3396.61,3396.97,37
2025-06-17T02:00:00.000Z,3396.97,3397.33,3396.05,3396.41,37
2025-06-17T03:00:00.000Z,3396.41,3396.77,3395.72,3396.08,37
2025-06-17T04:00:00.000Z,3396.08,3396.96,3395.81,3396.69,44
2025-06-17T05:00:00.000Z,3396.69,3397.41,3396.42,3397.14,44
2025-06-17T06:00:00.000Z,3397.14,3397.85,3396.87,3397.58,44
2025-06-17T07:00:00.000Z,3397.58,3398.13,3397.31,3397.86,44
2025-06-17T08:00:00.000Z,3397.86,3398.93,3393.9,3394.97,104
2025-06-17T09:00:00.000Z,3394.97,3396.04,3391.68,3392.75,104
2025-06-17T10:00:00.000Z,3392.75,3393.82,3389.46,3390.53,104
2025-06-17T11:00:00.000Z,3390.53,3391.6,3387.91,3388.98,104
2025-06-17T12:00:00.000Z,3388.98,3390.1,3385.22,3386.34,118
2025-06-17T13:00:00.000Z,3386.34,3387.46,3383.28,3384.4,118
2025-06-17T14:00:00.000Z,3384.4,3385.52,3381.33,3382.45,118
2025-06-17T15:00:00.000Z,3382.45,3383.57,3380.09,3381.21,118
2025-06-17T16:00:00.000Z,3381.21,3382.35,3380.85,3381.99,44
2025-06-17T17:00:00.000Z,3381.99,3382.9,3381.63,3382.54,44
2025-06-17T18:00:00.000Z,3382.54,3383.46,3382.18,3383.1,44
2025-06-17T19:00:00.000Z,3383.1,3383.79,3382.74,3383.43,44
2025-06-17T20:00:00.000Z,3383.43,3384.92,3383,3384.49,22
2025-06-17T21:00:00.000Z,3384.49,3385.71,3384.06,3385.28,22
2025-06-17T22:00:00.000Z,3385.28,3386.51,3384.85,3386.08,22
2025-06-17T23:00:00.000Z,3386.08,3387.03,3385.65,3386.6,22
2025-06-18T00:00:00.000Z,3385.3,3386.67,3384.87,3386.24,25
2025-06-18T01:00:00.000Z,3386.24,3387.34,3385.81,3386.91,25
2025-06-18T02:00:00.000Z,3386.91,3388.01,3386.48,3387.58,25
2025-06-18T03:00:00.000Z,3387.58,3388.41,3387.15,3387.98,25
2025-06-18T04:00:00.000Z,3387.98,3389.92,3384.29,3386.23,30
2025-06-18T05:00:00.000Z,3386.23,3388.17,3383.76,3385.7,30
2025-06-18T06:00:00.000Z,3385.7,3387.64,3383.22,3385.16,30
2025-06-18T07:00:00.000Z,3385.16,3387.78,3383.22,3385.84,30
2025-06-18T08:00:00.000Z,3385.84,3390.61,3384.55,3389.32,70
2025-06-18T09:00:00.000Z,3389.32,3393.29,3388.03,3392,70
2025-06-18T10:00:00.000Z,3392,3395.97,3390.71,3394.68,70
2025-06-18T11:00:00.000Z,3394.68,3397.85,3393.39,3396.56,70
2025-06-18T12:00:00.000Z,3396.56,3400.3,3395.7,3399.44,80
2025-06-18T13:00:00.000Z,3399.44,3402.65,3398.58,3401.79,80
2025-06-18T14:00:00.000Z,3401.79,3404.99,3400.93,3404.13,80
2025-06-18T15:00:00.000Z,3404.13,3406.8,3403.27,3405.94,80
2025-06-18T16:00:00.000Z,3405.94,3406.37,3404.57,3405,30
2025-06-18T17:00:00.000Z,3405,3405.43,3403.9,3404.33,30
2025-06-18T18:00:00.000Z,3404.33,3404.76,3403.23,3403.66,30
2025-06-18T19:00:00.000Z,3403.66,3404.09,3402.83,3403.26,30
2025-06-18T20:00:00.000Z,3403.26,3404.55,3397.8,3399.09,15
2025-06-18T21:00:00.000Z,3399.09,3400.38,3394.43,3395.72,15
2025-06-18T22:00:00.000Z,3395.72,3397.01,3391.07,3392.36,15
2025-06-18T23:00:00.000Z,3392.36,3393.65,3388.51,3389.8,15
2025-06-20T00:00:00.000Z,3350,3351.63,3349.49,3351.12,18
2025-06-20T01:00:00.000Z,3351.12,3352.42,3350.61,3351.91,18
2025-06-20T02:00:00.000Z,3351.91,3353.22,3351.4,3352.71,18
2025-06-20T03:00:00.000Z,3352.71,3353.7,3352.2,3353.19,18
2025-06-20T04:00:00.000Z,3353.19,3354.29,3350.76,3351.86,21
2025-06-20T05:00:00.000Z,3351.86,3352.96,3350.13,3351.23,21
2025-06-20T06:00:00.000Z,3351.23,3352.33,3349.49,3350.59,21
2025-06-20T07:00:00.000Z,3350.59,3351.74,3349.49,3350.64,21
2025-06-20T08:00:00.000Z,3350.64,3356.32,3349.11,3354.79,50
2025-06-20T09:00:00.000Z,3354.79,3359.51,3353.26,3357.98,50
2025-06-20T10:00:00.000Z,3357.98,3362.7,3356.45,3361.17,50
2025-06-20T11:00:00.000Z,3361.17,3364.93,3359.64,3363.4,50
2025-06-20T12:00:00.000Z,3363.4,3367.85,3362.38,3366.83,57
2025-06-20T13:00:00.000Z,3366.83,3370.64,3365.81,3369.62,57
2025-06-20T14:00:00.000Z,3369.62,3373.43,3368.6,3372.41,57
2025-06-20T15:00:00.000Z,3372.41,3375.58,3371.39,3374.56,57
2025-06-20T16:00:00.000Z,3374.56,3375.07,3372.93,3373.44,21
2025-06-20T17:00:00.000Z,3373.44,3373.95,3372.14,3372.65,21
2025-06-20T18:00:00.000Z,3372.65,3373.16,3371.34,3371.85,21
2025-06-20T19:00:00.000Z,3371.85,3372.36,3370.86,3371.37,21
2025-06-20T20:00:00.000Z,3371.37,3371.89,3369.71,3370.23,11
2025-06-20T21:00:00.000Z,3370.23,3370.75,3368.89,3369.41,11
2025-06-20T22:00:00.000Z,3369.41,3369.93,3368.07,3368.59,11
2025-06-20T23:00:00.000Z,3368.59,3369.11,3367.58,3368.1,11
2025-06-23T00:00:00.000Z,3365.9,3367.84,3365.29,3367.23,5
2025-06-23T01:00:00.000Z,3367.23,3368.78,3366.62,3368.17,5
2025-06-23T02:00:00.000Z,3368.17,3369.73,3367.56,3369.12,5
2025-06-23T03:00:00.000Z,3369.12,3370.3,3368.51,3369.69,5
2025-06-23T04:00:00.000Z,3369.69,3371.42,3366.12,3367.85,5
2025-06-23T05:00:00.000Z,3367.85,3369.58,3365.37,3367.1,5
2025-06-23T06:00:00.000Z,3367.1,3368.83,3364.61,3366.34,5
2025-06-23T07:00:00.000Z,3366.34,3368.39,3364.61,3366.66,5
2025-06-23T08:00:00.000Z,3366.66,3373.41,3364.84,3371.59,5
2025-06-23T09:00:00.000Z,3371.59,3377.2,3369.77,3375.38,5
2025-06-23T10:00:00.000Z,3375.38,3380.99,3373.56,3379.17,5
2025-06-23T11:00:00.000Z,3379.17,3383.64,3377.35,3381.82,5
2025-06-23T12:00:00.000Z,3381.82,3387.1,3380.61,3385.89,5
2025-06-23T13:00:00.000Z,3385.89,3390.42,3384.68,3389.21,5
2025-06-23T14:00:00.000Z,3389.21,3393.73,3388,3392.52,5
2025-06-23T15:00:00.000Z,3392.52,3396.29,3391.31,3395.08,5
2025-06-23T16:00:00.000Z,3395.08,3395.69,3393.14,3393.75,5
2025-06-23T17:00:00.000Z,3393.75,3394.36,3392.2,3392.81,5
2025-06-23T18:00:00.000Z,3392.81,3393.42,3391.25,3391.86,5
2025-06-23T19:00:00.000Z,3391.86,3392.47,3390.68,3391.29,5
2025-06-23T20:00:00.000Z,3391.29,3392.68,3385.63,3387.02,5
2025-06-23T21:00:00.000Z,3387.02,3388.41,3382.24,3383.63,5
2025-06-23T22:00:00.000Z,3383.63,3385.02,3378.84,3380.23,5
2025-06-23T23:00:00.000Z,3380.23,3381.62,3376.31,3377.7,5
2025-06-24T00:00:00.000Z,3358,3358.91,3355.09,3356,14
2025-06-24T01:00:00.000Z,3356,3356.91,3353.67,3354.58,14
2025-06-24T02:00:00.000Z,3354.58,3355.49,3352.25,3353.16,14
2025-06-24T03:00:00.000Z,3353.16,3354.07,3351.39,3352.3,14
2025-06-24T04:00:00.000Z,3352.3,3354.55,3351.62,3353.87,16
2025-06-24T05:00:00.000Z,3353.87,3355.69,3353.19,3355.01,16
2025-06-24T06:00:00.000Z,3355.01,3356.83,3354.33,3356.15,16
2025-06-24T07:00:00.000Z,3356.15,3357.54,3355.47,3356.86,16
2025-06-24T08:00:00.000Z,3356.86,3359.6,3346.71,3349.45,38
2025-06-24T09:00:00.000Z,3349.45,3352.19,3341.01,3343.75,38
2025-06-24T10:00:00.000Z,3343.75,3346.49,3335.31,3338.05,38
2025-06-24T11:00:00.000Z,3338.05,3340.79,3331.32,3334.06,38
2025-06-24T12:00:00.000Z,3334.06,3336.93,3324.41,3327.28,43
2025-06-24T13:00:00.000Z,3327.28,3330.15,3319.42,3322.29,43
2025-06-24T14:00:00.000Z,3322.29,3325.16,3314.43,3317.3,43
2025-06-24T15:00:00.000Z,3317.3,3320.17,3311.24,3314.11,43
2025-06-24T16:00:00.000Z,3314.11,3317.02,3313.2,3316.11,16
2025-06-24T17:00:00.000Z,3316.11,3318.44,3315.2,3317.53,16
2025-06-24T18:00:00.000Z,3317.53,3319.87,3316.62,3318.96,16
2025-06-24T19:00:00.000Z,3318.96,3320.72,3318.05,3319.81,16
2025-06-24T20:00:00.000Z,3319.81,3320.46,3318.15,3318.8,8
2025-06-24T21:00:00.000Z,3318.8,3319.45,3317.55,3318.2,8
2025-06-24T22:00:00.000Z,3318.2,3318.85,3316.95,3317.6,8
2025-06-24T23:00:00.000Z,3317.6,3318.25,3316.75,3317.4,8
2025-06-25T00:00:00.000Z,3321.6,3322.65,3321.27,3322.32,9
2025-06-25T01:00:00.000Z,3322.32,3323.17,3321.99,3322.84,9
2025-06-25T02:00:00.000Z,3322.84,3323.68,3322.51,3323.35,9
2025-06-25T03:00:00.000Z,3323.35,3323.99,3323.02,3323.66,9
2025-06-25T04:00:00.000Z,3323.66,3324.79,3321.41,3322.54,11
2025-06-25T05:00:00.000Z,3322.54,3323.67,3321,3322.13,11
2025-06-25T06:00:00.000Z,3322.13,3323.26,3320.59,3321.72,11
2025-06-25T07:00:00.000Z,3321.72,3323.14,3320.59,3322.01,11
2025-06-25T08:00:00.000Z,3322.01,3325.68,3321.02,3324.69,26
2025-06-25T09:00:00.000Z,3324.69,3327.74,3323.7,3326.75,26
2025-06-25T10:00:00.000Z,3326.75,3329.8,3325.76,3328.81,26
2025-06-25T11:00:00.000Z,3328.81,3331.24,3327.82,3330.25,26
2025-06-25T12:00:00.000Z,3330.25,3333.12,3329.59,3332.46,30
2025-06-25T13:00:00.000Z,3332.46,3334.93,3331.8,3334.27,30
2025-06-25T14:00:00.000Z,3334.27,3336.73,3333.61,3336.07,30
2025-06-25T15:00:00.000Z,3336.07,3338.12,3335.41,3337.46,30
2025-06-25T16:00:00.000Z,3337.46,3337.79,3336.41,3336.74,11
2025-06-25T17:00:00.000Z,3336.74,3337.07,3335.89,3336.22,11
2025-06-25T18:00:00.000Z,3336.22,3336.55,3335.38,3335.71,11
2025-06-25T19:00:00.000Z,3335.71,3336.04,3335.07,3335.4,11
2025-06-25T20:00:00.000Z,3335.4,3336.23,3331.98,3332.81,6
2025-06-25T21:00:00.000Z,3332.81,3333.64,3329.9,3330.73,6
2025-06-25T22:00:00.000Z,3330.73,3331.56,3327.83,3328.66,6
2025-06-25T23:00:00.000Z,3328.66,3329.49,3326.27,3327.1,6
2025-06-26T00:00:00.000Z,3332.4,3332.46,3332.38,3332.44,52
2025-06-26T01:00:00.000Z,3332.44,3332.49,3332.42,3332.47,52
2025-06-26T02:00:00.000Z,3332.47,3332.51,3332.45,3332.49,52
2025-06-26T03:00:00.000Z,3332.49,3332.53,3332.47,3332.51,52
2025-06-26T04:00:00.000Z,3332.51,3332.52,3332.47,3332.48,62
2025-06-26T05:00:00.000Z,3332.48,3332.49,3332.45,3332.46,62
2025-06-26T06:00:00.000Z,3332.46,3332.47,3332.42,3332.43,62
2025-06-26T07:00:00.000Z,3332.43,3332.44,3332.41,3332.42,62
2025-06-26T08:00:00.000Z,3332.42,3332.61,3332.37,3332.56,144
2025-06-26T09:00:00.000Z,3332.56,3332.72,3332.51,3332.67,144
2025-06-26T10:00:00.000Z,3332.67,3332.83,3332.62,3332.78,144
2025-06-26T11:00:00.000Z,3332.78,3332.91,3332.73,3332.86,144
2025-06-26T12:00:00.000Z,3332.86,3333.05,3332.8,3332.99,165
2025-06-26T13:00:00.000Z,3332.99,3333.15,3332.93,3333.09,165
2025-06-26T14:00:00.000Z,3333.09,3333.25,3333.03,3333.19,165
2025-06-26T15:00:00.000Z,3333.19,3333.31,3333.13,3333.25,165
2025-06-26T16:00:00.000Z,3333.25,3333.27,3333.19,3333.21,62
2025-06-26T17:00:00.000Z,3333.21,3333.23,3333.16,3333.18,62
2025-06-26T18:00:00.000Z,3333.18,3333.2,3333.14,3333.16,62
2025-06-26T19:00:00.000Z,3333.16,3333.18,3333.12,3333.14,62
2025-06-26T20:00:00.000Z,3333.14,3333.29,3333.1,3333.25,31
2025-06-26T21:00:00.000Z,3333.25,3333.38,3333.21,3333.34,31
2025-06-26T22:00:00.000Z,3333.34,3333.47,3333.3,3333.43,31
2025-06-26T23:00:00.000Z,3333.43,3333.54,3333.39,3333.5,31
2025-06-27T00:00:00.000Z,3318.7,3319.74,3315.39,3316.43,7
2025-06-27T01:00:00.000Z,3316.43,3317.47,3313.77,3314.81,7
2025-06-27T02:00:00.000Z,3314.81,3315.85,3312.14,3313.18,7
2025-06-27T03:00:00.000Z,3313.18,3314.22,3311.17,3312.21,7
2025-06-27T04:00:00.000Z,3312.21,3314.77,3311.43,3313.99,9
2025-06-27T05:00:00.000Z,3313.99,3316.07,3313.21,3315.29,9
2025-06-27T06:00:00.000Z,3315.29,3317.37,3314.51,3316.59,9
2025-06-27T07:00:00.000Z,3316.59,3318.18,3315.81,3317.4,9
2025-06-27T08:00:00.000Z,3317.4,3320.52,3305.84,3308.96,20
2025-06-27T09:00:00.000Z,3308.96,3312.08,3299.35,3302.47,20
2025-06-27T10:00:00.000Z,3302.47,3305.59,3292.86,3295.98,20
2025-06-27T11:00:00.000Z,3295.98,3299.1,3288.32,3291.44,20
2025-06-27T12:00:00.000Z,3291.44,3294.71,3280.45,3283.72,23
2025-06-27T13:00:00.000Z,3283.72,3286.99,3274.77,3278.04,23
2025-06-27T14:00:00.000Z,3278.04,3281.31,3269.09,3272.36,23
2025-06-27T15:00:00.000Z,3272.36,3275.63,3265.46,3268.73,23
2025-06-27T16:00:00.000Z,3268.73,3272.04,3267.69,3271,9
2025-06-27T17:00:00.000Z,3271,3273.66,3269.96,3272.62,9
2025-06-27T18:00:00.000Z,3272.62,3275.29,3271.58,3274.25,9
2025-06-27T19:00:00.000Z,3274.25,3276.26,3273.21,3275.22,9
2025-06-27T20:00:00.000Z,3275.22,3275.86,3273.8,3274.44,5
2025-06-27T21:00:00.000Z,3274.44,3275.08,3273.42,3274.06,5
2025-06-27T22:00:00.000Z,3274.06,3274.7,3273.04,3273.68,5
2025-06-27T23:00:00.000Z,3273.68,3274.34,3273.04,3273.7,5
2025-06-30T00:00:00.000Z,3265.9,3268.19,3265.18,3267.47,31
2025-06-30T01:00:00.000Z,3267.47,3269.31,3266.75,3268.59,31
2025-06-30T02:00:00.000Z,3268.59,3270.44,3267.87,3269.72,31
2025-06-30T03:00:00.000Z,3269.72,3271.11,3269,3270.39,31
2025-06-30T04:00:00.000Z,3270.39,3271.24,3268.11,3268.96,37
2025-06-30T05:00:00.000Z,3268.96,3269.81,3267.21,3268.06,37
2025-06-30T06:00:00.000Z,3268.06,3268.91,3266.32,3267.17,37
2025-06-30T07:00:00.000Z,3267.17,3268.02,3265.95,3266.8,37
2025-06-30T08:00:00.000Z,3266.8,3274.8,3264.64,3272.64,87
2025-06-30T09:00:00.000Z,3272.64,3279.29,3270.48,3277.13,87
2025-06-30T10:00:00.000Z,3277.13,3283.78,3274.97,3281.62,87
2025-06-30T11:00:00.000Z,3281.62,3286.92,3279.46,3284.76,87
2025-06-30T12:00:00.000Z,3284.76,3291.86,3282.81,3289.91,99
2025-06-30T13:00:00.000Z,3289.91,3295.78,3287.96,3293.83,99
2025-06-30T14:00:00.000Z,3293.83,3299.71,3291.88,3297.76,99
2025-06-30T15:00:00.000Z,3297.76,3302.42,3295.81,3300.47,99
2025-06-30T16:00:00.000Z,3300.47,3301.19,3298.18,3298.9,37
2025-06-30T17:00:00.000Z,3298.9,3299.62,3297.06,3297.78,37
2025-06-30T18:00:00.000Z,3297.78,3298.5,3295.93,3296.65,37
2025-06-30T19:00:00.000Z,3296.65,3297.37,3295.26,3295.98,37
2025-06-30T20:00:00.000Z,3295.98,3296.47,3294.79,3295.28,19
2025-06-30T21:00:00.000Z,3295.28,3295.77,3294.4,3294.89,19
2025-06-30T22:00:00.000Z,3294.89,3295.38,3294,3294.49,19
2025-06-30T23:00:00.000Z,3294.49,3294.98,3293.91,3294.4,19
2025-07-01T00:00:00.000Z,3310.1,3312.34,3309.4,3311.64,9
2025-07-01T01:00:00.000Z,3311.64,3313.44,3310.94,3312.74,9
2025-07-01T02:00:00.000Z,3312.74,3314.54,3312.04,3313.84,9
2025-07-01T03:00:00.000Z,3313.84,3315.2,3313.14,3314.5,9
2025-07-01T04:00:00.000Z,3314.5,3315.03,3312.76,3313.29,11
2025-07-01T05:00:00.000Z,3313.29,3313.82,3311.88,3312.41,11
2025-07-01T06:00:00.000Z,3312.41,3312.94,3311,3311.53,11
2025-07-01T07:00:00.000Z,3311.53,3312.06,3310.45,3310.98,11
2025-07-01T08:00:00.000Z,3310.98,3318.81,3308.87,3316.7,26
2025-07-01T09:00:00.000Z,3316.7,3323.21,3314.59,3321.1,26
2025-07-01T10:00:00.000Z,3321.1,3327.61,3318.99,3325.5,26
2025-07-01T11:00:00.000Z,3325.5,3330.69,3323.39,3328.58,26
2025-07-01T12:00:00.000Z,3328.58,3336.04,3326.36,3333.82,30
2025-07-01T13:00:00.000Z,3333.82,3339.89,3331.6,3337.67,30
2025-07-01T14:00:00.000Z,3337.67,3343.74,3335.45,3341.52,30
2025-07-01T15:00:00.000Z,3341.52,3346.2,3339.3,3343.98,30
2025-07-01T16:00:00.000Z,3343.98,3344.68,3341.74,3342.44,11
2025-07-01T17:00:00.000Z,3342.44,3343.14,3340.64,3341.34,11
2025-07-01T18:00:00.000Z,3341.34,3342.04,3339.54,3340.24,11
2025-07-01T19:00:00.000Z,3340.24,3340.94,3338.88,3339.58,11
2025-07-01T20:00:00.000Z,3339.58,3340.16,3337.92,3338.5,6
2025-07-01T21:00:00.000Z,3338.5,3339.08,3337.2,3337.78,6
2025-07-01T22:00:00.000Z,3337.78,3338.36,3336.48,3337.06,6
2025-07-01T23:00:00.000Z,3337.06,3337.64,3336.12,3336.7,6
2025-07-02T00:00:00.000Z,3329,3330.46,3328.54,3330,5
2025-07-02T01:00:00.000Z,3330,3331.17,3329.54,3330.71,5
2025-07-02T02:00:00.000Z,3330.71,3331.88,3330.25,3331.42,5
2025-07-02T03:00:00.000Z,3331.42,3332.31,3330.96,3331.85,5
2025-07-02T04:00:00.000Z,3331.85,3332.19,3330.73,3331.07,5
2025-07-02T05:00:00.000Z,3331.07,3331.41,3330.16,3330.5,5
2025-07-02T06:00:00.000Z,3330.5,3330.84,3329.59,3329.93,5
2025-07-02T07:00:00.000Z,3329.93,3330.27,3329.23,3329.57,5
2025-07-02T08:00:00.000Z,3329.57,3334.65,3328.2,3333.28,5
2025-07-02T09:00:00.000Z,3333.28,3337.5,3331.91,3336.13,5
2025-07-02T10:00:00.000Z,3336.13,3340.34,3334.76,3338.97,5
2025-07-02T11:00:00.000Z,3338.97,3342.34,3337.6,3340.97,5
2025-07-02T12:00:00.000Z,3340.97,3345.8,3339.53,3344.36,5
2025-07-02T13:00:00.000Z,3344.36,3348.29,3342.92,3346.85,5
2025-07-02T14:00:00.000Z,3346.85,3350.79,3345.41,3349.35,5
2025-07-02T15:00:00.000Z,3349.35,3352.38,3347.91,3350.94,5
2025-07-02T16:00:00.000Z,3350.94,3351.4,3349.48,3349.94,5
2025-07-02T17:00:00.000Z,3349.94,3350.4,3348.77,3349.23,5
2025-07-02T18:00:00.000Z,3349.23,3349.69,3348.06,3348.52,5
2025-07-02T19:00:00.000Z,3348.52,3348.98,3347.63,3348.09,5
2025-07-02T20:00:00.000Z,3348.09,3348.33,3347.68,3347.92,5
2025-07-02T21:00:00.000Z,3347.92,3348.16,3347.66,3347.9,5
2025-07-02T22:00:00.000Z,3347.9,3348.14,3347.64,3347.88,5
2025-07-02T23:00:00.000Z,3347.88,3348.24,3347.64,3348,5
2025-07-03T00:00:00.000Z,3362,3362.63,3359.98,3360.61,25
2025-07-03T01:00:00.000Z,3360.61,3361.24,3358.99,3359.62,25
2025-07-03T02:00:00.000Z,3359.62,3360.25,3358,3358.63,25
2025-07-03T03:00:00.000Z,3358.63,3359.26,3357.4,3358.03,25
2025-07-03T04:00:00.000Z,3358.03,3359.6,3357.55,3359.12,30
2025-07-03T05:00:00.000Z,3359.12,3360.4,3358.64,3359.92,30
2025-07-03T06:00:00.000Z,3359.92,3361.19,3359.44,3360.71,30
2025-07-03T07:00:00.000Z,3360.71,3361.69,3360.23,3361.21,30
2025-07-03T08:00:00.000Z,3361.21,3363.12,3354.14,3356.05,70
2025-07-03T09:00:00.000Z,3356.05,3357.96,3350.17,3352.08,70
2025-07-03T10:00:00.000Z,3352.08,3353.99,3346.2,3348.11,70
2025-07-03T11:00:00.000Z,3348.11,3350.02,3343.42,3345.33,70
2025-07-03T12:00:00.000Z,3345.33,3347.33,3338.6,3340.6,80
2025-07-03T13:00:00.000Z,3340.6,3342.6,3335.13,3337.13,80
2025-07-03T14:00:00.000Z,3337.13,3339.13,3331.65,3333.65,80
2025-07-03T15:00:00.000Z,3333.65,3335.65,3329.43,3331.43,80
2025-07-03T16:00:00.000Z,3331.43,3333.46,3330.79,3332.82,30
2025-07-03T17:00:00.000Z,3332.82,3334.45,3332.18,3333.81,30
2025-07-03T18:00:00.000Z,3333.81,3335.44,3333.17,3334.8,30
2025-07-03T19:00:00.000Z,3334.8,3336.04,3334.16,3335.4,30
2025-07-03T20:00:00.000Z,3335.4,3336.02,3333.44,3334.06,15
2025-07-03T21:00:00.000Z,3334.06,3334.68,3332.49,3333.11,15
2025-07-03T22:00:00.000Z,3333.11,3333.73,3331.54,3332.16,15
2025-07-03T23:00:00.000Z,3332.16,3332.78,3330.98,3331.6,15
2025-07-04T00:00:00.000Z,3342,3342.15,3341.52,3341.67,25
2025-07-04T01:00:00.000Z,3341.67,3341.82,3341.28,3341.43,25
2025-07-04T02:00:00.000Z,3341.43,3341.58,3341.04,3341.19,25
2025-07-04T03:00:00.000Z,3341.19,3341.34,3340.9,3341.05,25
2025-07-04T04:00:00.000Z,3341.05,3341.42,3340.94,3341.31,30
2025-07-04T05:00:00.000Z,3341.31,3341.61,3341.2,3341.5,30
2025-07-04T06:00:00.000Z,3341.5,3341.8,3341.39,3341.69,30
2025-07-04T07:00:00.000Z,3341.69,3341.92,3341.58,3341.81,30
2025-07-04T08:00:00.000Z,3341.81,3342.27,3340.12,3340.58,70
2025-07-04T09:00:00.000Z,3340.58,3341.04,3339.17,3339.63,70
2025-07-04T10:00:00.000Z,3339.63,3340.09,3338.22,3338.68,70
2025-07-04T11:00:00.000Z,3338.68,3339.14,3337.55,3338.01,70
2025-07-04T12:00:00.000Z,3338.01,3338.49,3336.4,3336.88,80
2025-07-04T13:00:00.000Z,3336.88,3337.36,3335.57,3336.05,80
2025-07-04T14:00:00.000Z,3336.05,3336.53,3334.74,3335.22,80
2025-07-04T15:00:00.000Z,3335.22,3335.7,3334.21,3334.69,80
2025-07-04T16:00:00.000Z,3334.69,3335.17,3334.54,3335.02,30
2025-07-04T17:00:00.000Z,3335.02,3335.41,3334.87,3335.26,30
2025-07-04T18:00:00.000Z,3335.26,3335.65,3335.11,3335.5,30
2025-07-04T19:00:00.000Z,3335.5,3335.79,3335.35,3335.64,30
2025-07-04T20:00:00.000Z,3335.64,3335.97,3334.32,3334.65,15
2025-07-04T21:00:00.000Z,3334.65,3334.98,3333.54,3333.87,15
2025-07-04T22:00:00.000Z,3333.87,3334.2,3332.75,3333.08,15
2025-07-04T23:00:00.000Z,3333.08,3333.41,3332.17,3332.5,15
2025-07-07T00:00:00.000Z,3305.5,3307.24,3304.95,3306.69,6
2025-07-07T01:00:00.000Z,3306.69,3308.1,3306.14,3307.55,6
2025-07-07T02:00:00.000Z,3307.55,3308.95,3307,3308.4,6
2025-07-07T03:00:00.000Z,3308.4,3309.46,3307.85,3308.91,6
2025-07-07T04:00:00.000Z,3308.91,3309.82,3306.75,3307.66,8
2025-07-07T05:00:00.000Z,3307.66,3308.57,3306.06,3306.97,8
2025-07-07T06:00:00.000Z,3306.97,3307.88,3305.38,3306.29,8
2025-07-07T07:00:00.000Z,3306.29,3307.2,3305.27,3306.18,8
2025-07-07T08:00:00.000Z,3306.18,3312.25,3304.54,3310.61,18
2025-07-07T09:00:00.000Z,3310.61,3315.66,3308.97,3314.02,18
2025-07-07T10:00:00.000Z,3314.02,3319.07,3312.38,3317.43,18
2025-07-07T11:00:00.000Z,3317.43,3321.46,3315.79,3319.82,18
2025-07-07T12:00:00.000Z,3319.82,3324.77,3318.61,3323.56,20
2025-07-07T13:00:00.000Z,3323.56,3327.76,3322.35,3326.55,20
2025-07-07T14:00:00.000Z,3326.55,3330.74,3325.34,3329.53,20
2025-07-07T15:00:00.000Z,3329.53,3332.97,3328.32,3331.76,20
2025-07-07T16:00:00.000Z,3331.76,3332.31,3330.02,3330.57,8
2025-07-07T17:00:00.000Z,3330.57,3331.12,3329.16,3329.71,8
2025-07-07T18:00:00.000Z,3329.71,3330.26,3328.31,3328.86,8
2025-07-07T19:00:00.000Z,3328.86,3329.41,3327.8,3328.35,8
2025-07-07T20:00:00.000Z,3328.35,3330.26,3327.77,3329.68,5
2025-07-07T21:00:00.000Z,3329.68,3331.22,3329.1,3330.64,5
2025-07-07T22:00:00.000Z,3330.64,3332.18,3330.06,3331.6,5
2025-07-07T23:00:00.000Z,3331.6,3332.78,3331.02,3332.2,5
2025-07-08T00:00:00.000Z,3330.4,3331.15,3328.01,3328.76,23
2025-07-08T01:00:00.000Z,3328.76,3329.51,3326.84,3327.59,23
2025-07-08T02:00:00.000Z,3327.59,3328.34,3325.66,3326.41,23
2025-07-08T03:00:00.000Z,3326.41,3327.16,3324.96,3325.71,23
2025-07-08T04:00:00.000Z,3325.71,3328.09,3324.82,3327.2,27
2025-07-08T05:00:00.000Z,3327.2,3329.03,3326.31,3328.14,27
2025-07-08T06:00:00.000Z,3328.14,3329.97,3327.25,3329.08,27
2025-07-08T07:00:00.000Z,3329.08,3330.35,3328.19,3329.46,27
2025-07-08T08:00:00.000Z,3329.46,3331.71,3321.11,3323.36,64
2025-07-08T09:00:00.000Z,3323.36,3325.61,3316.42,3318.67,64
2025-07-08T10:00:00.000Z,3318.67,3320.92,3311.73,3313.98,64
2025-07-08T11:00:00.000Z,3313.98,3316.23,3308.45,3310.7,64
2025-07-08T12:00:00.000Z,3310.7,3312.74,3303.28,3305.32,73
2025-07-08T13:00:00.000Z,3305.32,3307.36,3299.18,3301.22,73
2025-07-08T14:00:00.000Z,3301.22,3303.26,3295.08,3297.12,73
2025-07-08T15:00:00.000Z,3297.12,3299.16,3292.25,3294.29,73
2025-07-08T16:00:00.000Z,3294.29,3296.68,3293.54,3295.93,27
2025-07-08T17:00:00.000Z,3295.93,3297.85,3295.18,3297.1,27
2025-07-08T18:00:00.000Z,3297.1,3299.03,3296.35,3298.28,27
2025-07-08T19:00:00.000Z,3298.28,3299.73,3297.53,3298.98,27
2025-07-08T20:00:00.000Z,3298.98,3302.64,3297.96,3301.62,14
2025-07-08T21:00:00.000Z,3301.62,3304.65,3300.6,3303.63,14
2025-07-08T22:00:00.000Z,3303.63,3306.65,3302.61,3305.63,14
2025-07-08T23:00:00.000Z,3305.63,3308.02,3304.61,3307,14
2025-07-09T00:00:00.000Z,3289.4,3291.03,3288.89,3290.52,5
2025-07-09T01:00:00.000Z,3290.52,3291.83,3290.01,3291.32,5
2025-07-09T02:00:00.000Z,3291.32,3292.63,3290.81,3292.12,5
2025-07-09T03:00:00.000Z,3292.12,3293.11,3291.61,3292.6,5
2025-07-09T04:00:00.000Z,3292.6,3293.58,3290.37,3291.35,5
2025-07-09T05:00:00.000Z,3291.35,3292.33,3289.73,3290.71,5
2025-07-09T06:00:00.000Z,3290.71,3291.69,3289.09,3290.07,5
2025-07-09T07:00:00.000Z,3290.07,3291.05,3289.06,3290.04,5
2025-07-09T08:00:00.000Z,3290.04,3295.74,3288.5,3294.2,8
2025-07-09T09:00:00.000Z,3294.2,3298.94,3292.66,3297.4,8
2025-07-09T10:00:00.000Z,3297.4,3302.14,3295.86,3300.6,8
2025-07-09T11:00:00.000Z,3300.6,3304.38,3299.06,3302.84,8
2025-07-09T12:00:00.000Z,3302.84,3307.3,3301.82,3306.28,9
2025-07-09T13:00:00.000Z,3306.28,3310.1,3305.26,3309.08,9
2025-07-09T14:00:00.000Z,3309.08,3312.9,3308.06,3311.88,9
2025-07-09T15:00:00.000Z,3311.88,3315.06,3310.86,3314.04,9
2025-07-09T16:00:00.000Z,3314.04,3314.55,3312.41,3312.92,5
2025-07-09T17:00:00.000Z,3312.92,3313.43,3311.61,3312.12,5
2025-07-09T18:00:00.000Z,3312.12,3312.63,3310.81,3311.32,5
2025-07-09T19:00:00.000Z,3311.32,3311.83,3310.33,3310.84,5
2025-07-09T20:00:00.000Z,3310.84,3311.55,3310.52,3311.23,5
2025-07-09T21:00:00.000Z,3311.23,3311.74,3310.91,3311.42,5
2025-07-09T22:00:00.000Z,3311.42,3311.93,3311.1,3311.61,5
2025-07-09T23:00:00.000Z,3311.61,3311.93,3311.28,3311.6,5
2025-07-10T00:00:00.000Z,3323.6,3323.9,3322.64,3322.94,5
2025-07-10T01:00:00.000Z,3322.94,3323.24,3322.17,3322.47,5
2025-07-10T02:00:00.000Z,3322.47,3322.77,3321.69,3321.99,5
2025-07-10T03:00:00.000Z,3321.99,3322.29,3321.41,3321.71,5
2025-07-10T04:00:00.000Z,3321.71,3323.35,3320.93,3322.57,6
2025-07-10T05:00:00.000Z,3322.57,3323.73,3321.79,3322.95,6
2025-07-10T06:00:00.000Z,3322.95,3324.11,3322.17,3323.33,6
2025-07-10T07:00:00.000Z,3323.33,3324.11,3322.44,3323.22,6
2025-07-10T08:00:00.000Z,3323.22,3324.13,3319.85,3320.76,15
2025-07-10T09:00:00.000Z,3320.76,3321.67,3317.96,3318.87,15
2025-07-10T10:00:00.000Z,3318.87,3319.78,3316.07,3316.98,15
2025-07-10T11:00:00.000Z,3316.98,3317.89,3314.75,3315.66,15
2025-07-10T12:00:00.000Z,3315.66,3316.26,3313.03,3313.63,17
2025-07-10T13:00:00.000Z,3313.63,3314.23,3311.38,3311.98,17
2025-07-10T14:00:00.000Z,3311.98,3312.58,3309.72,3310.32,17
2025-07-10T15:00:00.000Z,3310.32,3310.92,3308.45,3309.05,17
2025-07-10T16:00:00.000Z,3309.05,3310.01,3308.75,3309.71,6
2025-07-10T17:00:00.000Z,3309.71,3310.48,3309.41,3310.18,6
2025-07-10T18:00:00.000Z,3310.18,3310.96,3309.88,3310.66,6
2025-07-10T19:00:00.000Z,3310.66,3311.24,3310.36,3310.94,6
2025-07-10T20:00:00.000Z,3310.94,3313.64,3310.27,3312.97,5
2025-07-10T21:00:00.000Z,3312.97,3315.26,3312.3,3314.59,5
2025-07-10T22:00:00.000Z,3314.59,3316.87,3313.92,3316.2,5
2025-07-10T23:00:00.000Z,3316.2,3318.07,3315.53,3317.4,5
2025-07-11T00:00:00.000Z,3330.5,3332.51,3329.87,3331.88,20
2025-07-11T01:00:00.000Z,3331.88,3333.5,3331.25,3332.87,20
2025-07-11T02:00:00.000Z,3332.87,3334.49,3332.24,3333.86,20
2025-07-11T03:00:00.000Z,3333.86,3335.08,3333.23,3334.45,20
2025-07-11T04:00:00.000Z,3334.45,3334.92,3332.89,3333.36,23
2025-07-11T05:00:00.000Z,3333.36,3333.83,3332.1,3332.57,23
2025-07-11T06:00:00.000Z,3332.57,3333.04,3331.31,3331.78,23
2025-07-11T07:00:00.000Z,3331.78,3332.25,3330.82,3331.29,23
2025-07-11T08:00:00.000Z,3331.29,3338.32,3329.39,3336.42,54
2025-07-11T09:00:00.000Z,3336.42,3342.28,3334.52,3340.38,54
2025-07-11T10:00:00.000Z,3340.38,3346.23,3338.48,3344.33,54
2025-07-11T11:00:00.000Z,3344.33,3348.99,3342.43,3347.09,54
2025-07-11T12:00:00.000Z,3347.09,3353.78,3345.1,3351.79,62
2025-07-11T13:00:00.000Z,3351.79,3357.23,3349.8,3355.24,62
2025-07-11T14:00:00.000Z,3355.24,3360.69,3353.25,3358.7,62
2025-07-11T15:00:00.000Z,3358.7,3362.9,3356.71,3360.91,62
2025-07-11T16:00:00.000Z,3360.91,3361.54,3358.9,3359.53,23
2025-07-11T17:00:00.000Z,3359.53,3360.16,3357.91,3358.54,23
2025-07-11T18:00:00.000Z,3358.54,3359.17,3356.93,3357.56,23
2025-07-11T19:00:00.000Z,3357.56,3358.19,3356.34,3356.97,23
2025-07-11T20:00:00.000Z,3356.97,3357.36,3356.09,3356.48,12
2025-07-11T21:00:00.000Z,3356.48,3356.87,3355.85,3356.24,12
2025-07-11T22:00:00.000Z,3356.24,3356.63,3355.61,3356,12
2025-07-11T23:00:00.000Z,3356,3356.39,3355.61,3356,12
2025-07-14T00:00:00.000Z,3367,3367.41,3365.7,3366.11,15
2025-07-14T01:00:00.000Z,3366.11,3366.52,3365.06,3365.47,15
2025-07-14T02:00:00.000Z,3365.47,3365.88,3364.42,3364.83,15
2025-07-14T03:00:00.000Z,3364.83,3365.24,3364.04,3364.45,15
2025-07-14T04:00:00.000Z,3364.45,3366.57,3363.46,3365.58,18
2025-07-14T05:00:00.000Z,3365.58,3367.08,3364.59,3366.09,18
2025-07-14T06:00:00.000Z,3366.09,3367.59,3365.1,3366.6,18
2025-07-14T07:00:00.000Z,3366.6,3367.59,3365.5,3366.49,18
2025-07-14T08:00:00.000Z,3366.49,3367.71,3361.95,3363.17,41
2025-07-14T09:00:00.000Z,3363.17,3364.39,3359.41,3360.63,41
2025-07-14T10:00:00.000Z,3360.63,3361.85,3356.86,3358.08,41
2025-07-14T11:00:00.000Z,3358.08,3359.3,3355.07,3356.29,41
2025-07-14T12:00:00.000Z,3356.29,3357.11,3352.73,3353.55,47
2025-07-14T13:00:00.000Z,3353.55,3354.37,3350.49,3351.31,47
2025-07-14T14:00:00.000Z,3351.31,3352.13,3348.26,3349.08,47
2025-07-14T15:00:00.000Z,3349.08,3349.9,3346.54,3347.36,47
2025-07-14T16:00:00.000Z,3347.36,3348.66,3346.95,3348.25,18
2025-07-14T17:00:00.000Z,3348.25,3349.3,3347.84,3348.89,18
2025-07-14T18:00:00.000Z,3348.89,3349.94,3348.48,3349.53,18
2025-07-14T19:00:00.000Z,3349.53,3350.32,3349.12,3349.91,18
2025-07-14T20:00:00.000Z,3349.91,3350.84,3349.58,3350.51,9
2025-07-14T21:00:00.000Z,3350.51,3351.24,3350.18,3350.91,9
2025-07-14T22:00:00.000Z,3350.91,3351.64,3350.58,3351.31,9
2025-07-14T23:00:00.000Z,3351.31,3351.83,3350.98,3351.5,9
2025-07-15T00:00:00.000Z,3341,3341.18,3340.43,3340.61,5
2025-07-15T01:00:00.000Z,3340.61,3340.79,3340.15,3340.33,5
2025-07-15T02:00:00.000Z,3340.33,3340.51,3339.87,3340.05,5
2025-07-15T03:00:00.000Z,3340.05,3340.23,3339.7,3339.88,5
2025-07-15T04:00:00.000Z,3339.88,3340.32,3339.75,3340.19,6
2025-07-15T05:00:00.000Z,3340.19,3340.54,3340.06,3340.41,6
2025-07-15T06:00:00.000Z,3340.41,3340.77,3340.28,3340.64,6
2025-07-15T07:00:00.000Z,3340.64,3340.91,3340.51,3340.78,6
2025-07-15T08:00:00.000Z,3340.78,3341.32,3338.78,3339.32,15
2025-07-15T09:00:00.000Z,3339.32,3339.86,3337.66,3338.2,15
2025-07-15T10:00:00.000Z,3338.2,3338.74,3336.54,3337.08,15
2025-07-15T11:00:00.000Z,3337.08,3337.62,3335.76,3336.3,15
2025-07-15T12:00:00.000Z,3336.3,3336.86,3334.41,3334.97,17
2025-07-15T13:00:00.000Z,3334.97,3335.53,3333.43,3333.99,17
2025-07-15T14:00:00.000Z,3333.99,3334.55,3332.45,3333.01,17
2025-07-15T15:00:00.000Z,3333.01,3333.57,3331.82,3332.38,17
2025-07-15T16:00:00.000Z,3332.38,3332.95,3332.2,3332.77,6
2025-07-15T17:00:00.000Z,3332.77,3333.23,3332.59,3333.05,6
2025-07-15T18:00:00.000Z,3333.05,3333.51,3332.87,3333.33,6
2025-07-15T19:00:00.000Z,3333.33,3333.68,3333.15,3333.5,6
2025-07-15T20:00:00.000Z,3333.5,3333.89,3331.94,3332.33,5
2025-07-15T21:00:00.000Z,3332.33,3332.72,3331.02,3331.41,5
2025-07-15T22:00:00.000Z,3331.41,3331.8,3330.09,3330.48,5
2025-07-15T23:00:00.000Z,3330.48,3330.87,3329.41,3329.8,5
2025-07-16T00:00:00.000Z,3341.2,3342.39,3340.83,3342.02,5
2025-07-16T01:00:00.000Z,3342.02,3342.97,3341.65,3342.6,5
2025-07-16T02:00:00.000Z,3342.6,3343.56,3342.23,3343.19,5
2025-07-16T03:00:00.000Z,3343.19,3343.91,3342.82,3343.54,5
2025-07-16T04:00:00.000Z,3343.54,3344.76,3341.09,3342.31,5
2025-07-16T05:00:00.000Z,3342.31,3343.53,3340.62,3341.84,5
2025-07-16T06:00:00.000Z,3341.84,3343.06,3340.16,3341.38,5
2025-07-16T07:00:00.000Z,3341.38,3342.89,3340.16,3341.67,5
2025-07-16T08:00:00.000Z,3341.67,3345.83,3340.55,3344.71,5
2025-07-16T09:00:00.000Z,3344.71,3348.17,3343.59,3347.05,5
2025-07-16T10:00:00.000Z,3347.05,3350.51,3345.93,3349.39,5
2025-07-16T11:00:00.000Z,3349.39,3352.15,3348.27,3351.03,5
2025-07-16T12:00:00.000Z,3351.03,3354.3,3350.28,3353.55,5
2025-07-16T13:00:00.000Z,3353.55,3356.34,3352.8,3355.59,5
2025-07-16T14:00:00.000Z,3355.59,3358.39,3354.84,3357.64,5
2025-07-16T15:00:00.000Z,3357.64,3359.97,3356.89,3359.22,5
2025-07-16T16:00:00.000Z,3359.22,3359.59,3358.03,3358.4,5
2025-07-16T17:00:00.000Z,3358.4,3358.77,3357.45,3357.82,5
2025-07-16T18:00:00.000Z,3357.82,3358.19,3356.86,3357.23,5
2025-07-16T19:00:00.000Z,3357.23,3357.6,3356.51,3356.88,5
2025-07-16T20:00:00.000Z,3356.88,3357.42,3354.91,3355.45,5
2025-07-16T21:00:00.000Z,3355.45,3355.99,3353.81,3354.35,5
2025-07-16T22:00:00.000Z,3354.35,3354.89,3352.72,3353.26,5
2025-07-16T23:00:00.000Z,3353.26,3353.8,3351.96,3352.5,5
2025-07-17T00:00:00.000Z,3313.8,3315.18,3313.37,3314.75,17
2025-07-17T01:00:00.000Z,3314.75,3315.85,3314.32,3315.42,17
2025-07-17T02:00:00.000Z,3315.42,3316.52,3314.99,3316.09,17
2025-07-17T03:00:00.000Z,3316.09,3316.93,3315.66,3316.5,17
2025-07-17T04:00:00.000Z,3316.5,3316.82,3315.44,3315.76,20
2025-07-17T05:00:00.000Z,3315.76,3316.08,3314.9,3315.22,20
2025-07-17T06:00:00.000Z,3315.22,3315.54,3314.36,3314.68,20
2025-07-17T07:00:00.000Z,3314.68,3315,3314.02,3314.34,20
2025-07-17T08:00:00.000Z,3314.34,3319.15,3313.04,3317.85,47
2025-07-17T09:00:00.000Z,3317.85,3321.85,3316.55,3320.55,47
2025-07-17T10:00:00.000Z,3320.55,3324.55,3319.25,3323.25,47
2025-07-17T11:00:00.000Z,3323.25,3326.44,3321.95,3325.14,47
2025-07-17T12:00:00.000Z,3325.14,3329.71,3323.78,3328.35,53
2025-07-17T13:00:00.000Z,3328.35,3332.08,3326.99,3330.72,53
2025-07-17T14:00:00.000Z,3330.72,3334.44,3329.36,3333.08,53
2025-07-17T15:00:00.000Z,3333.08,3335.95,3331.72,3334.59,53
2025-07-17T16:00:00.000Z,3334.59,3335.02,3333.21,3333.64,20
2025-07-17T17:00:00.000Z,3333.64,3334.07,3332.54,3332.97,20
2025-07-17T18:00:00.000Z,3332.97,3333.4,3331.87,3332.3,20
2025-07-17T19:00:00.000Z,3332.3,3332.73,3331.46,3331.89,20
2025-07-17T20:00:00.000Z,3331.89,3335.36,3331.02,3334.49,10
2025-07-17T21:00:00.000Z,3334.49,3337.41,3333.62,3336.54,10
2025-07-17T22:00:00.000Z,3336.54,3339.46,3335.67,3338.59,10
2025-07-17T23:00:00.000Z,3338.59,3340.97,3337.72,3340.1,10
2025-07-18T00:00:00.000Z,3338.2,3338.96,3337.96,3338.72,15
2025-07-18T01:00:00.000Z,3338.72,3339.33,3338.48,3339.09,15
2025-07-18T02:00:00.000Z,3339.09,3339.7,3338.85,3339.46,15
2025-07-18T03:00:00.000Z,3339.46,3339.92,3339.22,3339.68,15
2025-07-18T04:00:00.000Z,3339.68,3339.86,3339.09,3339.27,18
2025-07-18T05:00:00.000Z,3339.27,3339.45,3338.8,3338.98,18
2025-07-18T06:00:00.000Z,3338.98,3339.16,3338.5,3338.68,18
2025-07-18T07:00:00.000Z,3338.68,3338.86,3338.32,3338.5,18
2025-07-18T08:00:00.000Z,3338.5,3341.13,3337.79,3340.42,42
2025-07-18T09:00:00.000Z,3340.42,3342.61,3339.71,3341.9,42
2025-07-18T10:00:00.000Z,3341.9,3344.09,3341.19,3343.38,42
2025-07-18T11:00:00.000Z,3343.38,3345.13,3342.67,3344.42,42
2025-07-18T12:00:00.000Z,3344.42,3346.93,3343.67,3346.18,48
2025-07-18T13:00:00.000Z,3346.18,3348.23,3345.43,3347.48,48
2025-07-18T14:00:00.000Z,3347.48,3349.52,3346.73,3348.77,48
2025-07-18T15:00:00.000Z,3348.77,3350.35,3348.02,3349.6,48
2025-07-18T16:00:00.000Z,3349.6,3349.84,3348.84,3349.08,18
2025-07-18T17:00:00.000Z,3349.08,3349.32,3348.47,3348.71,18
2025-07-18T18:00:00.000Z,3348.71,3348.95,3348.1,3348.34,18
2025-07-18T19:00:00.000Z,3348.34,3348.58,3347.88,3348.12,18
2025-07-18T20:00:00.000Z,3348.12,3350.17,3347.61,3349.66,9
2025-07-18T21:00:00.000Z,3349.66,3351.39,3349.15,3350.88,9
2025-07-18T22:00:00.000Z,3350.88,3352.61,3350.37,3352.1,9
2025-07-18T23:00:00.000Z,3352.1,3353.51,3351.59,3353,9
2025-07-21T00:00:00.000Z,3350.3,3353.43,3349.32,3352.45,5
2025-07-21T01:00:00.000Z,3352.45,3354.96,3351.47,3353.98,5
2025-07-21T02:00:00.000Z,3353.98,3356.5,3353,3355.52,5
2025-07-21T03:00:00.000Z,3355.52,3357.42,3354.54,3356.44,5
2025-07-21T04:00:00.000Z,3356.44,3357.18,3354.01,3354.75,5
2025-07-21T05:00:00.000Z,3354.75,3355.49,3352.78,3353.52,5
2025-07-21T06:00:00.000Z,3353.52,3354.26,3351.56,3352.3,5
2025-07-21T07:00:00.000Z,3352.3,3353.04,3350.79,3351.53,5
2025-07-21T08:00:00.000Z,3351.53,3362.46,3348.58,3359.51,5
2025-07-21T09:00:00.000Z,3359.51,3368.6,3356.56,3365.65,5
2025-07-21T10:00:00.000Z,3365.65,3374.74,3362.7,3371.79,5
2025-07-21T11:00:00.000Z,3371.79,3379.04,3368.84,3376.09,5
2025-07-21T12:00:00.000Z,3376.09,3386.49,3373,3383.4,5
2025-07-21T13:00:00.000Z,3383.4,3391.86,3380.31,3388.77,5
2025-07-21T14:00:00.000Z,3388.77,3397.23,3385.68,3394.14,5
2025-07-21T15:00:00.000Z,3394.14,3400.67,3391.05,3397.58,5
2025-07-21T16:00:00.000Z,3397.58,3398.56,3394.45,3395.43,5
2025-07-21T17:00:00.000Z,3395.43,3396.41,3392.92,3393.9,5
2025-07-21T18:00:00.000Z,3393.9,3394.88,3391.38,3392.36,5
2025-07-21T19:00:00.000Z,3392.36,3393.34,3390.46,3391.44,5
2025-07-21T20:00:00.000Z,3391.44,3396.22,3390.11,3394.89,5
2025-07-21T21:00:00.000Z,3394.89,3398.83,3393.56,3397.5,5
2025-07-21T22:00:00.000Z,3397.5,3401.44,3396.17,3400.11,5
2025-07-21T23:00:00.000Z,3400.11,3403.23,3398.78,3401.9,5
2025-07-22T00:00:00.000Z,3411,3413.32,3410.27,3412.59,5
2025-07-22T01:00:00.000Z,3412.59,3414.45,3411.86,3413.72,5
2025-07-22T02:00:00.000Z,3413.72,3415.59,3412.99,3414.86,5
2025-07-22T03:00:00.000Z,3414.86,3416.27,3414.13,3415.54,5
2025-07-22T04:00:00.000Z,3415.54,3417.32,3411.74,3413.52,5
2025-07-22T05:00:00.000Z,3413.52,3415.3,3410.83,3412.61,5
2025-07-22T06:00:00.000Z,3412.61,3414.39,3409.93,3411.71,5
2025-07-22T07:00:00.000Z,3411.71,3413.69,3409.93,3411.91,5
2025-07-22T08:00:00.000Z,3411.91,3419.99,3409.73,3417.81,5
2025-07-22T09:00:00.000Z,3417.81,3424.53,3415.63,3422.35,5
2025-07-22T10:00:00.000Z,3422.35,3429.07,3420.17,3426.89,5
2025-07-22T11:00:00.000Z,3426.89,3432.25,3424.71,3430.07,5
2025-07-22T12:00:00.000Z,3430.07,3436.4,3428.62,3434.95,5
2025-07-22T13:00:00.000Z,3434.95,3440.37,3433.5,3438.92,5
2025-07-22T14:00:00.000Z,3438.92,3444.35,3437.47,3442.9,5
2025-07-22T15:00:00.000Z,3442.9,3447.41,3441.45,3445.96,5
2025-07-22T16:00:00.000Z,3445.96,3446.69,3443.64,3444.37,5
2025-07-22T17:00:00.000Z,3444.37,3445.1,3442.51,3443.24,5
2025-07-22T18:00:00.000Z,3443.24,3443.97,3441.37,3442.1,5
2025-07-22T19:00:00.000Z,3442.1,3442.83,3440.69,3441.42,5
2025-07-22T20:00:00.000Z,3441.42,3441.96,3439.99,3440.53,5
2025-07-22T21:00:00.000Z,3440.53,3441.07,3439.43,3439.97,5
2025-07-22T22:00:00.000Z,3439.97,3440.51,3438.88,3439.42,5
2025-07-22T23:00:00.000Z,3439.42,3439.96,3438.66,3439.2,5
2025-07-23T00:00:00.000Z,3430.3,3431.03,3427.97,3428.7,5
2025-07-23T01:00:00.000Z,3428.7,3429.43,3426.82,3427.55,5
2025-07-23T02:00:00.000Z,3427.55,3428.28,3425.68,3426.41,5
2025-07-23T03:00:00.000Z,3426.41,3427.14,3424.99,3425.72,5
2025-07-23T04:00:00.000Z,3425.72,3428,3424.88,3427.16,5
2025-07-23T05:00:00.000Z,3427.16,3428.91,3426.32,3428.07,5
2025-07-23T06:00:00.000Z,3428.07,3429.83,3427.23,3428.99,5
2025-07-23T07:00:00.000Z,3428.99,3430.22,3428.15,3429.38,5
2025-07-23T08:00:00.000Z,3429.38,3431.58,3421.23,3423.43,5
2025-07-23T09:00:00.000Z,3423.43,3425.63,3416.65,3418.85,5
2025-07-23T10:00:00.000Z,3418.85,3421.05,3412.07,3414.27,5
2025-07-23T11:00:00.000Z,3414.27,3416.47,3408.86,3411.06,5
2025-07-23T12:00:00.000Z,3411.06,3413.08,3403.77,3405.79,5
2025-07-23T13:00:00.000Z,3405.79,3407.81,3399.76,3401.78,5
2025-07-23T14:00:00.000Z,3401.78,3403.8,3395.76,3397.78,5
2025-07-23T15:00:00.000Z,3397.78,3399.8,3393.01,3395.03,5
2025-07-23T16:00:00.000Z,3395.03,3397.36,3394.3,3396.63,5
2025-07-23T17:00:00.000Z,3396.63,3398.51,3395.9,3397.78,5
2025-07-23T18:00:00.000Z,3397.78,3399.65,3397.05,3398.92,5
2025-07-23T19:00:00.000Z,3398.92,3400.34,3398.19,3399.61,5
2025-07-23T20:00:00.000Z,3399.61,3400.42,3396.92,3397.73,5
2025-07-23T21:00:00.000Z,3397.73,3398.54,3395.54,3396.35,5
2025-07-23T22:00:00.000Z,3396.35,3397.16,3394.16,3394.97,5
2025-07-23T23:00:00.000Z,3394.97,3395.78,3393.29,3394.1,5
2025-07-24T00:00:00.000Z,3367,3367.2,3366.94,3367.14,30
2025-07-24T01:00:00.000Z,3367.14,3367.3,3367.08,3367.24,30
2025-07-24T02:00:00.000Z,3367.24,3367.4,3367.18,3367.34,30
2025-07-24T03:00:00.000Z,3367.34,3367.46,3367.28,3367.4,30
2025-07-24T04:00:00.000Z,3367.4,3367.45,3367.24,3367.29,35
2025-07-24T05:00:00.000Z,3367.29,3367.34,3367.16,3367.21,35
2025-07-24T06:00:00.000Z,3367.21,3367.26,3367.08,3367.13,35
2025-07-24T07:00:00.000Z,3367.13,3367.18,3367.03,3367.08,35
2025-07-24T08:00:00.000Z,3367.08,3367.79,3366.89,3367.6,82
2025-07-24T09:00:00.000Z,3367.6,3368.19,3367.41,3368,82
2025-07-24T10:00:00.000Z,3368,3368.59,3367.81,3368.4,82
2025-07-24T11:00:00.000Z,3368.4,3368.87,3368.21,3368.68,82
2025-07-24T12:00:00.000Z,3368.68,3369.36,3368.48,3369.16,94
2025-07-24T13:00:00.000Z,3369.16,3369.71,3368.96,3369.51,94
2025-07-24T14:00:00.000Z,3369.51,3370.06,3369.31,3369.86,94
2025-07-24T15:00:00.000Z,3369.86,3370.28,3369.66,3370.08,94
2025-07-24T16:00:00.000Z,3370.08,3370.14,3369.88,3369.94,35
2025-07-24T17:00:00.000Z,3369.94,3370,3369.78,3369.84,35
2025-07-24T18:00:00.000Z,3369.84,3369.9,3369.68,3369.74,35
2025-07-24T19:00:00.000Z,3369.74,3369.8,3369.62,3369.68,35
2025-07-24T20:00:00.000Z,3369.68,3370.24,3369.54,3370.1,18
2025-07-24T21:00:00.000Z,3370.1,3370.57,3369.96,3370.43,18
2025-07-24T22:00:00.000Z,3370.43,3370.9,3370.29,3370.76,18
2025-07-24T23:00:00.000Z,3370.76,3371.14,3370.62,3371,18
2025-07-25T00:00:00.000Z,3344,3344.3,3343.05,3343.35,5
2025-07-25T01:00:00.000Z,3343.35,3343.65,3342.59,3342.89,5
2025-07-25T02:00:00.000Z,3342.89,3343.19,3342.13,3342.43,5
2025-07-25T03:00:00.000Z,3342.43,3342.73,3341.85,3342.15,5
2025-07-25T04:00:00.000Z,3342.15,3343.01,3341.85,3342.71,5
2025-07-25T05:00:00.000Z,3342.71,3343.38,3342.41,3343.08,5
2025-07-25T06:00:00.000Z,3343.08,3343.75,3342.78,3343.45,5
2025-07-25T07:00:00.000Z,3343.45,3343.93,3343.15,3343.63,5
2025-07-25T08:00:00.000Z,3343.63,3344.52,3340.34,3341.23,5
2025-07-25T09:00:00.000Z,3341.23,3342.12,3338.49,3339.38,5
2025-07-25T10:00:00.000Z,3339.38,3340.27,3336.64,3337.53,5
2025-07-25T11:00:00.000Z,3337.53,3338.42,3335.34,3336.23,5
2025-07-25T12:00:00.000Z,3336.23,3337.08,3333.23,3334.08,5
2025-07-25T13:00:00.000Z,3334.08,3334.93,3331.61,3332.46,5
2025-07-25T14:00:00.000Z,3332.46,3333.31,3329.99,3330.84,5
2025-07-25T15:00:00.000Z,3330.84,3331.69,3328.91,3329.76,5
2025-07-25T16:00:00.000Z,3329.76,3330.71,3329.46,3330.41,5
2025-07-25T17:00:00.000Z,3330.41,3331.17,3330.11,3330.87,5
2025-07-25T18:00:00.000Z,3330.87,3331.63,3330.57,3331.33,5
2025-07-25T19:00:00.000Z,3331.33,3331.91,3331.03,3331.61,5
2025-07-25T20:00:00.000Z,3331.61,3332.76,3331.27,3332.42,5
2025-07-25T21:00:00.000Z,3332.42,3333.36,3332.08,3333.02,5
2025-07-25T22:00:00.000Z,3333.02,3333.96,3332.68,3333.62,5
2025-07-25T23:00:00.000Z,3333.62,3334.34,3333.28,3334,5
2025-07-28T00:00:00.000Z,3326.6,3326.88,3325.7,3325.98,13
2025-07-28T01:00:00.000Z,3325.98,3326.26,3325.26,3325.54,13
2025-07-28T02:00:00.000Z,3325.54,3325.82,3324.82,3325.1,13
2025-07-28T03:00:00.000Z,3325.1,3325.38,3324.55,3324.83,13
2025-07-28T04:00:00.000Z,3324.83,3325.56,3324.6,3325.33,16
2025-07-28T05:00:00.000Z,3325.33,3325.91,3325.1,3325.68,16
2025-07-28T06:00:00.000Z,3325.68,3326.27,3325.45,3326.04,16
2025-07-28T07:00:00.000Z,3326.04,3326.48,3325.81,3326.25,16
2025-07-28T08:00:00.000Z,3326.25,3327.1,3323.1,3323.95,37
2025-07-28T09:00:00.000Z,3323.95,3324.8,3321.33,3322.18,37
2025-07-28T10:00:00.000Z,3322.18,3323.03,3319.56,3320.41,37
2025-07-28T11:00:00.000Z,3320.41,3321.26,3318.32,3319.17,37
2025-07-28T12:00:00.000Z,3319.17,3320.05,3316.19,3317.07,43
2025-07-28T13:00:00.000Z,3317.07,3317.95,3314.64,3315.52,43
2025-07-28T14:00:00.000Z,3315.52,3316.4,3313.09,3313.97,43
2025-07-28T15:00:00.000Z,3313.97,3314.85,3312.09,3312.97,43
2025-07-28T16:00:00.000Z,3312.97,3313.87,3312.69,3313.59,16
2025-07-28T17:00:00.000Z,3313.59,3314.31,3313.31,3314.03,16
2025-07-28T18:00:00.000Z,3314.03,3314.75,3313.75,3314.47,16
2025-07-28T19:00:00.000Z,3314.47,3315.02,3314.19,3314.74,16
2025-07-28T20:00:00.000Z,3314.74,3315.33,3312.37,3312.96,8
2025-07-28T21:00:00.000Z,3312.96,3313.55,3310.96,3311.55,8
2025-07-28T22:00:00.000Z,3311.55,3312.14,3309.55,3310.14,8
2025-07-28T23:00:00.000Z,3310.14,3310.73,3308.51,3309.1,8
2025-07-29T00:00:00.000Z,3323.4,3323.4,3323.4,3323.4,2829
2025-07-29T01:00:00.000Z,3323.4,3323.4,3323.4,3323.4,2829
2025-07-29T02:00:00.000Z,3323.4,3323.4,3323.4,3323.4,2829
2025-07-29T03:00:00.000Z,3323.4,3323.4,3323.4,3323.4,2829
2025-07-29T04:00:00.000Z,3323.4,3323.4,3323.4,3323.4,3394
2025-07-29T05:00:00.000Z,3323.4,3323.4,3323.4,3323.4,3394
2025-07-29T06:00:00.000Z,3323.4,3323.4,3323.4,3323.4,3394
2025-07-29T07:00:00.000Z,3323.4,3323.4,3323.4,3323.4,3394
2025-07-29T08:00:00.000Z,3323.4,3323.4,3323.4,3323.4,7920
2025-07-29T09:00:00.000Z,3323.4,3323.4,3323.4,3323.4,7920
2025-07-29T10:00:00.000Z,3323.4,3323.4,3323.4,3323.4,7920
2025-07-29T11:00:00.000Z,3323.4,3323.4,3323.4,3323.4,7920
2025-07-29T12:00:00.000Z,3323.4,3323.4,3323.4,3323.4,9052
2025-07-29T13:00:00.000Z,3323.4,3323.4,3323.4,3323.4,9052
2025-07-29T14:00:00.000Z,3323.4,3323.4,3323.4,3323.4,9052
2025-07-29T15:00:00.000Z,3323.4,3323.4,3323.4,3323.4,9052
2025-07-29T16:00:00.000Z,3323.4,3323.4,3323.4,3323.4,3394
2025-07-29T17:00:00.000Z,3323.4,3323.4,3323.4,3323.4,3394
2025-07-29T18:00:00.000Z,3323.4,3323.4,3323.4,3323.4,3394
2025-07-29T19:00:00.000Z,3323.4,3323.4,3323.4,3323.4,3394
2025-07-29T20:00:00.000Z,3323.4,3323.4,3323.4,3323.4,1697
2025-07-29T21:00:00.000Z,3323.4,3323.4,3323.4,3323.4,1697
2025-07-29T22:00:00.000Z,3323.4,3323.4,3323.4,3323.4,1697
2025-07-29T23:00:00.000Z,3323.4,3323.4,3323.4,3323.4,1697
2025-07-30T00:00:00.000Z,3325.8,3326.89,3322.33,3323.42,481
2025-07-30T01:00:00.000Z,3323.42,3324.51,3320.64,3321.73,481
2025-07-30T02:00:00.000Z,3321.73,3322.82,3318.94,3320.03,481
2025-07-30T03:00:00.000Z,3320.03,3321.12,3317.92,3319.01,481
2025-07-30T04:00:00.000Z,3319.01,3322.47,3317.72,3321.18,578
2025-07-30T05:00:00.000Z,3321.18,3323.82,3319.89,3322.53,578
2025-07-30T06:00:00.000Z,3322.53,3325.18,3321.24,3323.89,578
2025-07-30T07:00:00.000Z,3323.89,3325.73,3322.6,3324.44,578
2025-07-30T08:00:00.000Z,3324.44,3327.7,3312.35,3315.61,1348
2025-07-30T09:00:00.000Z,3315.61,3318.87,3305.56,3308.82,1348
2025-07-30T10:00:00.000Z,3308.82,3312.08,3298.77,3302.03,1348
2025-07-30T11:00:00.000Z,3302.03,3305.29,3294.02,3297.28,1348
2025-07-30T12:00:00.000Z,3297.28,3300.22,3286.56,3289.5,1540
2025-07-30T13:00:00.000Z,3289.5,3292.44,3280.62,3283.56,1540
2025-07-30T14:00:00.000Z,3283.56,3286.5,3274.68,3277.62,1540
2025-07-30T15:00:00.000Z,3277.62,3280.56,3270.58,3273.52,1540
2025-07-30T16:00:00.000Z,3273.52,3276.99,3272.43,3275.9,578
2025-07-30T17:00:00.000Z,3275.9,3278.68,3274.81,3277.59,578
2025-07-30T18:00:00.000Z,3277.59,3280.38,3276.5,3279.29,578
2025-07-30T19:00:00.000Z,3279.29,3281.4,3278.2,3280.31,578
2025-07-30T20:00:00.000Z,3280.31,3287.08,3278.53,3285.3,289
2025-07-30T21:00:00.000Z,3285.3,3290.95,3283.52,3289.17,289
2025-07-30T22:00:00.000Z,3289.17,3294.82,3287.39,3293.04,289
2025-07-30T23:00:00.000Z,3293.04,3297.58,3291.26,3295.8,289
2025-07-31T00:00:00.000Z,3272.9,3274.9,3272.27,3274.27,93
2025-07-31T01:00:00.000Z,3274.27,3275.88,3273.64,3275.25,93
2025-07-31T02:00:00.000Z,3275.25,3276.85,3274.62,3276.22,93
2025-07-31T03:00:00.000Z,3276.22,3277.44,3275.59,3276.81,93
2025-07-31T04:00:00.000Z,3276.81,3277.28,3275.26,3275.73,111
2025-07-31T05:00:00.000Z,3275.73,3276.2,3274.48,3274.95,111
2025-07-31T06:00:00.000Z,3274.95,3275.42,3273.7,3274.17,111
2025-07-31T07:00:00.000Z,3274.17,3274.64,3273.21,3273.68,111
2025-07-31T08:00:00.000Z,3273.68,3280.64,3271.8,3278.76,259
2025-07-31T09:00:00.000Z,3278.76,3284.55,3276.88,3282.67,259
2025-07-31T10:00:00.000Z,3282.67,3288.46,3280.79,3286.58,259
2025-07-31T11:00:00.000Z,3286.58,3291.2,3284.7,3289.32,259
2025-07-31T12:00:00.000Z,3289.32,3295.94,3287.35,3293.97,296
2025-07-31T13:00:00.000Z,3293.97,3299.37,3292,3297.4,296
2025-07-31T14:00:00.000Z,3297.4,3302.79,3295.43,3300.82,296
2025-07-31T15:00:00.000Z,3300.82,3304.98,3298.85,3303.01,296
2025-07-31T16:00:00.000Z,3303.01,3303.64,3301.01,3301.64,111
2025-07-31T17:00:00.000Z,3301.64,3302.27,3300.03,3300.66,111
2025-07-31T18:00:00.000Z,3300.66,3301.29,3299.06,3299.69,111
2025-07-31T19:00:00.000Z,3299.69,3300.32,3298.47,3299.1,111
2025-07-31T20:00:00.000Z,3299.1,3299.88,3296.35,3297.13,56
2025-07-31T21:00:00.000Z,3297.13,3297.91,3294.88,3295.66,56
2025-07-31T22:00:00.000Z,3295.66,3296.44,3293.4,3294.18,56
2025-07-31T23:00:00.000Z,3294.18,3294.96,3292.42,3293.2,56
2025-08-01T00:00:00.000Z,3286.2,3290.26,3284.93,3288.99,86
2025-08-01T01:00:00.000Z,3288.99,3292.25,3287.72,3290.98,86
2025-08-01T02:00:00.000Z,3290.98,3294.24,3289.71,3292.97,86
2025-08-01T03:00:00.000Z,3292.97,3295.43,3291.7,3294.16,86
2025-08-01T04:00:00.000Z,3294.16,3295.53,3290.34,3291.71,103
2025-08-01T05:00:00.000Z,3291.71,3293.08,3288.75,3290.12,103
2025-08-01T06:00:00.000Z,3290.12,3291.49,3287.16,3288.53,103
2025-08-01T07:00:00.000Z,3288.53,3289.9,3286.42,3287.79,103
2025-08-01T08:00:00.000Z,3287.79,3301.96,3283.97,3298.14,240
2025-08-01T09:00:00.000Z,3298.14,3309.92,3294.32,3306.1,240
2025-08-01T10:00:00.000Z,3306.1,3317.88,3302.28,3314.06,240
2025-08-01T11:00:00.000Z,3314.06,3323.45,3310.24,3319.63,240
2025-08-01T12:00:00.000Z,3319.63,3332.44,3316.03,3328.84,274
2025-08-01T13:00:00.000Z,3328.84,3339.41,3325.24,3335.81,274
2025-08-01T14:00:00.000Z,3335.81,3346.37,3332.21,3342.77,274
2025-08-01T15:00:00.000Z,3342.77,3351.09,3339.17,3347.49,274
2025-08-01T16:00:00.000Z,3347.49,3348.76,3343.43,3344.7,103
2025-08-01T17:00:00.000Z,3344.7,3345.97,3341.44,3342.71,103
2025-08-01T18:00:00.000Z,3342.71,3343.98,3339.45,3340.72,103
2025-08-01T19:00:00.000Z,3340.72,3341.99,3338.26,3339.53,103
2025-08-01T20:00:00.000Z,3339.53,3343.67,3338.24,3342.38,51
2025-08-01T21:00:00.000Z,3342.38,3345.71,3341.09,3344.42,51
2025-08-01T22:00:00.000Z,3344.42,3347.75,3343.13,3346.46,51
2025-08-01T23:00:00.000Z,3346.46,3348.99,3345.17,3347.7,51
2025-08-04T00:00:00.000Z,3367.6,3369.6,3366.97,3368.97,9
2025-08-04T01:00:00.000Z,3368.97,3370.58,3368.34,3369.95,9
2025-08-04T02:00:00.000Z,3369.95,3371.55,3369.32,3370.92,9
2025-08-04T03:00:00.000Z,3370.92,3372.14,3370.29,3371.51,9
2025-08-04T04:00:00.000Z,3371.51,3373.6,3367.33,3369.42,11
2025-08-04T05:00:00.000Z,3369.42,3371.51,3366.55,3368.64,11
2025-08-04T06:00:00.000Z,3368.64,3370.73,3365.77,3367.86,11
2025-08-04T07:00:00.000Z,3367.86,3370.47,3365.77,3368.38,11
2025-08-04T08:00:00.000Z,3368.38,3375.34,3366.5,3373.46,25
2025-08-04T09:00:00.000Z,3373.46,3379.25,3371.58,3377.37,25
2025-08-04T10:00:00.000Z,3377.37,3383.16,3375.49,3381.28,25
2025-08-04T11:00:00.000Z,3381.28,3385.9,3379.4,3384.02,25
2025-08-04T12:00:00.000Z,3384.02,3389.47,3382.77,3388.22,28
2025-08-04T13:00:00.000Z,3388.22,3392.9,3386.97,3391.65,28
2025-08-04T14:00:00.000Z,3391.65,3396.32,3390.4,3395.07,28
2025-08-04T15:00:00.000Z,3395.07,3398.96,3393.82,3397.71,28
2025-08-04T16:00:00.000Z,3397.71,3398.34,3395.71,3396.34,11
2025-08-04T17:00:00.000Z,3396.34,3396.97,3394.73,3395.36,11
2025-08-04T18:00:00.000Z,3395.36,3395.99,3393.76,3394.39,11
2025-08-04T19:00:00.000Z,3394.39,3395.02,3393.17,3393.8,11
2025-08-04T20:00:00.000Z,3393.8,3395.66,3385.92,3387.78,5
2025-08-04T21:00:00.000Z,3387.78,3389.64,3381.07,3382.93,5
2025-08-04T22:00:00.000Z,3382.93,3384.79,3376.22,3378.08,5
2025-08-04T23:00:00.000Z,3378.08,3379.94,3372.54,3374.4,5
2025-08-05T00:00:00.000Z,3378.5,3380.34,3377.92,3379.76,23
2025-08-05T01:00:00.000Z,3379.76,3381.24,3379.18,3380.66,23
2025-08-05T02:00:00.000Z,3380.66,3382.14,3380.08,3381.56,23
2025-08-05T03:00:00.000Z,3381.56,3382.68,3380.98,3382.1,23
2025-08-05T04:00:00.000Z,3382.1,3384.72,3377.12,3379.74,28
2025-08-05T05:00:00.000Z,3379.74,3382.36,3376.4,3379.02,28
2025-08-05T06:00:00.000Z,3379.02,3381.64,3375.68,3378.3,28
2025-08-05T07:00:00.000Z,3378.3,3381.84,3375.68,3379.22,28
2025-08-05T08:00:00.000Z,3379.22,3385.63,3377.49,3383.9,64
2025-08-05T09:00:00.000Z,3383.9,3389.23,3382.17,3387.5,64
2025-08-05T10:00:00.000Z,3387.5,3392.83,3385.77,3391.1,64
2025-08-05T11:00:00.000Z,3391.1,3395.35,3389.37,3393.62,64
2025-08-05T12:00:00.000Z,3393.62,3398.64,3392.47,3397.49,73
2025-08-05T13:00:00.000Z,3397.49,3401.79,3396.34,3400.64,73
2025-08-05T14:00:00.000Z,3400.64,3404.94,3399.49,3403.79,73
2025-08-05T15:00:00.000Z,3403.79,3407.37,3402.64,3406.22,73
2025-08-05T16:00:00.000Z,3406.22,3406.8,3404.38,3404.96,28
2025-08-05T17:00:00.000Z,3404.96,3405.54,3403.48,3404.06,28
2025-08-05T18:00:00.000Z,3404.06,3404.64,3402.58,3403.16,28
2025-08-05T19:00:00.000Z,3403.16,3403.74,3402.04,3402.62,28
2025-08-05T20:00:00.000Z,3402.62,3404.57,3394.27,3396.22,14
2025-08-05T21:00:00.000Z,3396.22,3398.17,3389.09,3391.04,14
2025-08-05T22:00:00.000Z,3391.04,3392.99,3383.91,3385.86,14
2025-08-05T23:00:00.000Z,3385.86,3387.81,3379.95,3381.9,14
2025-08-06T00:00:00.000Z,3380.7,3381.05,3379.58,3379.93,37
2025-08-06T01:00:00.000Z,3379.93,3380.28,3379.03,3379.38,37
2025-08-06T02:00:00.000Z,3379.38,3379.73,3378.48,3378.83,37
2025-08-06T03:00:00.000Z,3378.83,3379.18,3378.15,3378.5,37
2025-08-06T04:00:00.000Z,3378.5,3379.71,3378.03,3379.24,45
2025-08-06T05:00:00.000Z,3379.24,3380.15,3378.77,3379.68,45
2025-08-06T06:00:00.000Z,3379.68,3380.59,3379.21,3380.12,45
2025-08-06T07:00:00.000Z,3380.12,3380.73,3379.65,3380.26,45
2025-08-06T08:00:00.000Z,3380.26,3381.32,3376.34,3377.4,105
2025-08-06T09:00:00.000Z,3377.4,3378.46,3374.14,3375.2,105
2025-08-06T10:00:00.000Z,3375.2,3376.26,3371.94,3373,105
2025-08-06T11:00:00.000Z,3373,3374.06,3370.4,3371.46,105
2025-08-06T12:00:00.000Z,3371.46,3372.36,3368.07,3368.97,119
2025-08-06T13:00:00.000Z,3368.97,3369.87,3366.15,3367.05,119
2025-08-06T14:00:00.000Z,3367.05,3367.95,3364.22,3365.12,119
2025-08-06T15:00:00.000Z,3365.12,3366.02,3362.86,3363.76,119
2025-08-06T16:00:00.000Z,3363.76,3364.88,3363.41,3364.53,45
2025-08-06T17:00:00.000Z,3364.53,3365.43,3364.18,3365.08,45
2025-08-06T18:00:00.000Z,3365.08,3365.98,3364.73,3365.63,45
2025-08-06T19:00:00.000Z,3365.63,3366.31,3365.28,3365.96,45
2025-08-06T20:00:00.000Z,3365.96,3371.58,3364.66,3370.28,23
2025-08-06T21:00:00.000Z,3370.28,3375.09,3368.98,3373.79,23
2025-08-06T22:00:00.000Z,3373.79,3378.6,3372.49,3377.3,23
2025-08-06T23:00:00.000Z,3377.3,3381.3,3376,3380,23
2025-08-07T00:00:00.000Z,3384.9,3386.84,3384.29,3386.23,137
2025-08-07T01:00:00.000Z,3386.23,3387.79,3385.62,3387.18,137
2025-08-07T02:00:00.000Z,3387.18,3388.74,3386.57,3388.13,137
2025-08-07T03:00:00.000Z,3388.13,3389.31,3387.52,3388.7,137
2025-08-07T04:00:00.000Z,3388.7,3389.16,3387.19,3387.65,164
2025-08-07T05:00:00.000Z,3387.65,3388.11,3386.43,3386.89,164
2025-08-07T06:00:00.000Z,3386.89,3387.35,3385.68,3386.14,164
2025-08-07T07:00:00.000Z,3386.14,3386.6,3385.2,3385.66,164
2025-08-07T08:00:00.000Z,3385.66,3392.42,3383.84,3390.6,383
2025-08-07T09:00:00.000Z,3390.6,3396.22,3388.78,3394.4,383
2025-08-07T10:00:00.000Z,3394.4,3400.02,3392.58,3398.2,383
2025-08-07T11:00:00.000Z,3398.2,3402.68,3396.38,3400.86,383
2025-08-07T12:00:00.000Z,3400.86,3407.3,3398.94,3405.38,437
2025-08-07T13:00:00.000Z,3405.38,3410.63,3403.46,3408.71,437
2025-08-07T14:00:00.000Z,3408.71,3413.95,3406.79,3412.03,437
2025-08-07T15:00:00.000Z,3412.03,3416.08,3410.11,3414.16,437
2025-08-07T16:00:00.000Z,3414.16,3414.77,3412.22,3412.83,164
2025-08-07T17:00:00.000Z,3412.83,3413.44,3411.27,3411.88,164
2025-08-07T18:00:00.000Z,3411.88,3412.49,3410.32,3410.93,164
2025-08-07T19:00:00.000Z,3410.93,3411.54,3409.75,3410.36,164
2025-08-07T20:00:00.000Z,3410.36,3411.47,3406.04,3407.15,82
2025-08-07T21:00:00.000Z,3407.15,3408.26,3403.53,3404.64,82
2025-08-07T22:00:00.000Z,3404.64,3405.75,3401.01,3402.12,82
2025-08-07T23:00:00.000Z,3402.12,3403.23,3399.19,3400.3,82
2025-08-08T00:00:00.000Z,3438.8,3442.6,3437.61,3441.41,192
2025-08-08T01:00:00.000Z,3441.41,3444.46,3440.22,3443.27,192
2025-08-08T02:00:00.000Z,3443.27,3446.32,3442.08,3445.13,192
2025-08-08T03:00:00.000Z,3445.13,3447.44,3443.94,3446.25,192
2025-08-08T04:00:00.000Z,3446.25,3450.05,3438.59,3442.39,230
2025-08-08T05:00:00.000Z,3442.39,3446.19,3437.1,3440.9,230
2025-08-08T06:00:00.000Z,3440.9,3444.7,3435.61,3439.41,230
2025-08-08T07:00:00.000Z,3439.41,3444.09,3435.61,3440.29,230
2025-08-08T08:00:00.000Z,3440.29,3453.55,3436.71,3449.97,536
2025-08-08T09:00:00.000Z,3449.97,3461.01,3446.39,3457.43,536
2025-08-08T10:00:00.000Z,3457.43,3468.46,3453.85,3464.88,536
2025-08-08T11:00:00.000Z,3464.88,3473.67,3461.3,3470.09,536
2025-08-08T12:00:00.000Z,3470.09,3480.48,3467.71,3478.1,613
2025-08-08T13:00:00.000Z,3478.1,3487,3475.72,3484.62,613
2025-08-08T14:00:00.000Z,3484.62,3493.52,3482.24,3491.14,613
2025-08-08T15:00:00.000Z,3491.14,3498.55,3488.76,3496.17,613
2025-08-08T16:00:00.000Z,3496.17,3497.36,3492.37,3493.56,230
2025-08-08T17:00:00.000Z,3493.56,3494.75,3490.51,3491.7,230
2025-08-08T18:00:00.000Z,3491.7,3492.89,3488.65,3489.84,230
2025-08-08T19:00:00.000Z,3489.84,3491.03,3487.53,3488.72,230
2025-08-08T20:00:00.000Z,3488.72,3493.28,3468.9,3473.46,115
2025-08-08T21:00:00.000Z,3473.46,3478.02,3456.5,3461.06,115
2025-08-08T22:00:00.000Z,3461.06,3465.62,3444.09,3448.65,115
2025-08-08T23:00:00.000Z,3448.65,3453.21,3434.54,3439.1,115
2025-08-11T00:00:00.000Z,3383.9,3384.46,3382.13,3382.69,37
2025-08-11T01:00:00.000Z,3382.69,3383.25,3381.26,3381.82,37
2025-08-11T02:00:00.000Z,3381.82,3382.38,3380.39,3380.95,37
2025-08-11T03:00:00.000Z,3380.95,3381.51,3379.87,3380.43,37
2025-08-11T04:00:00.000Z,3380.43,3381.81,3380.01,3381.39,45
2025-08-11T05:00:00.000Z,3381.39,3382.5,3380.97,3382.08,45
2025-08-11T06:00:00.000Z,3382.08,3383.2,3381.66,3382.78,45
2025-08-11T07:00:00.000Z,3382.78,3383.63,3382.36,3383.21,45
2025-08-11T08:00:00.000Z,3383.21,3384.88,3377.03,3378.7,104
2025-08-11T09:00:00.000Z,3378.7,3380.37,3373.56,3375.23,104
2025-08-11T10:00:00.000Z,3375.23,3376.9,3370.09,3371.76,104
2025-08-11T11:00:00.000Z,3371.76,3373.43,3367.66,3369.33,104
2025-08-11T12:00:00.000Z,3369.33,3371.08,3363.45,3365.2,119
2025-08-11T13:00:00.000Z,3365.2,3366.95,3360.41,3362.16,119
2025-08-11T14:00:00.000Z,3362.16,3363.91,3357.37,3359.12,119
2025-08-11T15:00:00.000Z,3359.12,3360.87,3355.43,3357.18,119
2025-08-11T16:00:00.000Z,3357.18,3358.95,3356.62,3358.39,45
2025-08-11T17:00:00.000Z,3358.39,3359.82,3357.83,3359.26,45
2025-08-11T18:00:00.000Z,3359.26,3360.69,3358.7,3360.13,45
2025-08-11T19:00:00.000Z,3360.13,3361.21,3359.57,3360.65,45
2025-08-11T20:00:00.000Z,3360.65,3361.53,3357.33,3358.21,22
2025-08-11T21:00:00.000Z,3358.21,3359.09,3355.44,3356.32,22
2025-08-11T22:00:00.000Z,3356.32,3357.2,3353.56,3354.44,22
2025-08-11T23:00:00.000Z,3354.44,3355.32,3352.22,3353.1,22
2025-08-12T00:00:00.000Z,3356.2,3356.62,3354.87,3355.29,40
2025-08-12T01:00:00.000Z,3355.29,3355.71,3354.21,3354.63,40
2025-08-12T02:00:00.000Z,3354.63,3355.05,3353.56,3353.98,40
2025-08-12T03:00:00.000Z,3353.98,3354.4,3353.17,3353.59,40
2025-08-12T04:00:00.000Z,3353.59,3354.62,3353.28,3354.31,48
2025-08-12T05:00:00.000Z,3354.31,3355.14,3354,3354.83,48
2025-08-12T06:00:00.000Z,3354.83,3355.66,3354.52,3355.35,48
2025-08-12T07:00:00.000Z,3355.35,3355.99,3355.04,3355.68,48
2025-08-12T08:00:00.000Z,3355.68,3356.93,3351.04,3352.29,113
2025-08-12T09:00:00.000Z,3352.29,3353.54,3348.43,3349.68,113
2025-08-12T10:00:00.000Z,3349.68,3350.93,3345.82,3347.07,113
2025-08-12T11:00:00.000Z,3347.07,3348.32,3343.99,3345.24,113
2025-08-12T12:00:00.000Z,3345.24,3346.56,3340.81,3342.13,129
2025-08-12T13:00:00.000Z,3342.13,3343.45,3338.53,3339.85,129
2025-08-12T14:00:00.000Z,3339.85,3341.17,3336.24,3337.56,129
2025-08-12T15:00:00.000Z,3337.56,3338.88,3334.78,3336.1,129
2025-08-12T16:00:00.000Z,3336.1,3337.43,3335.68,3337.01,48
2025-08-12T17:00:00.000Z,3337.01,3338.09,3336.59,3337.67,48
2025-08-12T18:00:00.000Z,3337.67,3338.74,3337.25,3338.32,48
2025-08-12T19:00:00.000Z,3338.32,3339.13,3337.9,3338.71,48
2025-08-12T20:00:00.000Z,3338.71,3342.92,3337.69,3341.9,24
2025-08-12T21:00:00.000Z,3341.9,3345.46,3340.88,3344.44,24
2025-08-12T22:00:00.000Z,3344.44,3348.01,3343.42,3346.99,24
2025-08-12T23:00:00.000Z,3346.99,3349.92,3345.97,3348.9,24
2025-08-13T00:00:00.000Z,3358.8,3358.88,3358.56,3358.64,25
2025-08-13T01:00:00.000Z,3358.64,3358.72,3358.44,3358.52,25
2025-08-13T02:00:00.000Z,3358.52,3358.6,3358.32,3358.4,25
2025-08-13T03:00:00.000Z,3358.4,3358.48,3358.25,3358.33,25
2025-08-13T04:00:00.000Z,3358.33,3359.11,3357.91,3358.69,30
2025-08-13T05:00:00.000Z,3358.69,3359.2,3358.27,3358.78,30
2025-08-13T06:00:00.000Z,3358.78,3359.3,3358.36,3358.88,30
2025-08-13T07:00:00.000Z,3358.88,3359.3,3358.29,3358.71,30
2025-08-13T08:00:00.000Z,3358.71,3358.94,3357.87,3358.1,71
2025-08-13T09:00:00.000Z,3358.1,3358.33,3357.4,3357.63,71
2025-08-13T10:00:00.000Z,3357.63,3357.86,3356.93,3357.16,71
2025-08-13T11:00:00.000Z,3357.16,3357.39,3356.6,3356.83,71
2025-08-13T12:00:00.000Z,3356.83,3356.98,3356.17,3356.32,81
2025-08-13T13:00:00.000Z,3356.32,3356.47,3355.76,3355.91,81
2025-08-13T14:00:00.000Z,3355.91,3356.06,3355.35,3355.5,81
2025-08-13T15:00:00.000Z,3355.5,3355.65,3355.03,3355.18,81
2025-08-13T16:00:00.000Z,3355.18,3355.42,3355.1,3355.34,30
2025-08-13T17:00:00.000Z,3355.34,3355.54,3355.26,3355.46,30
2025-08-13T18:00:00.000Z,3355.46,3355.66,3355.38,3355.58,30
2025-08-13T19:00:00.000Z,3355.58,3355.73,3355.5,3355.65,30
2025-08-13T20:00:00.000Z,3355.65,3356.87,3355.37,3356.59,15
2025-08-13T21:00:00.000Z,3356.59,3357.63,3356.31,3357.35,15
2025-08-13T22:00:00.000Z,3357.35,3358.39,3357.07,3358.11,15
2025-08-13T23:00:00.000Z,3358.11,3358.98,3357.83,3358.7,15
2025-08-14T00:00:00.000Z,3346.8,3347.23,3345.42,3345.85,15
2025-08-14T01:00:00.000Z,3345.85,3346.28,3344.74,3345.17,15
2025-08-14T02:00:00.000Z,3345.17,3345.6,3344.07,3344.5,15
2025-08-14T03:00:00.000Z,3344.5,3344.93,3343.66,3344.09,15
2025-08-14T04:00:00.000Z,3344.09,3346.36,3343.03,3345.3,18
2025-08-14T05:00:00.000Z,3345.3,3346.9,3344.24,3345.84,18
2025-08-14T06:00:00.000Z,3345.84,3347.44,3344.78,3346.38,18
2025-08-14T07:00:00.000Z,3346.38,3347.44,3345.2,3346.26,18
2025-08-14T08:00:00.000Z,3346.26,3347.56,3341.44,3342.74,42
2025-08-14T09:00:00.000Z,3342.74,3344.04,3338.73,3340.03,42
2025-08-14T10:00:00.000Z,3340.03,3341.33,3336.02,3337.32,42
2025-08-14T11:00:00.000Z,3337.32,3338.62,3334.12,3335.42,42
2025-08-14T12:00:00.000Z,3335.42,3336.29,3331.64,3332.51,47
2025-08-14T13:00:00.000Z,3332.51,3333.38,3329.26,3330.13,47
2025-08-14T14:00:00.000Z,3330.13,3331,3326.89,3327.76,47
2025-08-14T15:00:00.000Z,3327.76,3328.63,3325.06,3325.93,47
2025-08-14T16:00:00.000Z,3325.93,3327.31,3325.5,3326.88,18
2025-08-14T17:00:00.000Z,3326.88,3327.99,3326.45,3327.56,18
2025-08-14T18:00:00.000Z,3327.56,3328.66,3327.13,3328.23,18
2025-08-14T19:00:00.000Z,3328.23,3329.07,3327.8,3328.64,18
2025-08-14T20:00:00.000Z,3328.64,3331.48,3327.9,3330.74,9
2025-08-14T21:00:00.000Z,3330.74,3333.12,3330,3332.38,9
2025-08-14T22:00:00.000Z,3332.38,3334.76,3331.64,3334.02,9
2025-08-14T23:00:00.000Z,3334.02,3335.94,3333.28,3335.2,9
2025-08-15T00:00:00.000Z,3346.8,3346.97,3346.25,3346.42,30
2025-08-15T01:00:00.000Z,3346.42,3346.59,3345.98,3346.15,30
2025-08-15T02:00:00.000Z,3346.15,3346.32,3345.7,3345.87,30
2025-08-15T03:00:00.000Z,3345.87,3346.04,3345.54,3345.71,30
2025-08-15T04:00:00.000Z,3345.71,3346.14,3345.58,3346.01,36
2025-08-15T05:00:00.000Z,3346.01,3346.36,3345.88,3346.23,36
2025-08-15T06:00:00.000Z,3346.23,3346.57,3346.1,3346.44,36
2025-08-15T07:00:00.000Z,3346.44,3346.71,3346.31,3346.58,36
2025-08-15T08:00:00.000Z,3346.58,3347.1,3344.64,3345.16,83
2025-08-15T09:00:00.000Z,3345.16,3345.68,3343.55,3344.07,83
2025-08-15T10:00:00.000Z,3344.07,3344.59,3342.46,3342.98,83
2025-08-15T11:00:00.000Z,3342.98,3343.5,3341.7,3342.22,83
2025-08-15T12:00:00.000Z,3342.22,3342.77,3340.37,3340.92,95
2025-08-15T13:00:00.000Z,3340.92,3341.47,3339.42,3339.97,95
2025-08-15T14:00:00.000Z,3339.97,3340.52,3338.47,3339.02,95
2025-08-15T15:00:00.000Z,3339.02,3339.57,3337.86,3338.41,95
2025-08-15T16:00:00.000Z,3338.41,3338.96,3338.24,3338.79,36
2025-08-15T17:00:00.000Z,3338.79,3339.23,3338.62,3339.06,36
2025-08-15T18:00:00.000Z,3339.06,3339.51,3338.89,3339.34,36
2025-08-15T19:00:00.000Z,3339.34,3339.67,3339.17,3339.5,36
2025-08-15T20:00:00.000Z,3339.5,3339.87,3338.03,3338.4,18
2025-08-15T21:00:00.000Z,3338.4,3338.77,3337.15,3337.52,18
2025-08-15T22:00:00.000Z,3337.52,3337.89,3336.28,3336.65,18
2025-08-15T23:00:00.000Z,3336.65,3337.02,3335.63,3336,18
2025-08-18T00:00:00.000Z,3333.5,3333.76,3332.68,3332.94,16
2025-08-18T01:00:00.000Z,3332.94,3333.2,3332.27,3332.53,16
2025-08-18T02:00:00.000Z,3332.53,3332.79,3331.87,3332.13,16
2025-08-18T03:00:00.000Z,3332.13,3332.39,3331.63,3331.89,16
2025-08-18T04:00:00.000Z,3331.89,3334.39,3330.55,3333.05,20
2025-08-18T05:00:00.000Z,3333.05,3334.71,3331.71,3333.37,20
2025-08-18T06:00:00.000Z,3333.37,3335.03,3332.03,3333.69,20
2025-08-18T07:00:00.000Z,3333.69,3335.03,3331.84,3333.18,20
2025-08-18T08:00:00.000Z,3333.18,3333.95,3330.32,3331.09,45
2025-08-18T09:00:00.000Z,3331.09,3331.86,3328.71,3329.48,45
2025-08-18T10:00:00.000Z,3329.48,3330.25,3327.1,3327.87,45
2025-08-18T11:00:00.000Z,3327.87,3328.64,3325.97,3326.74,45
2025-08-18T12:00:00.000Z,3326.74,3327.26,3324.49,3325.01,52
2025-08-18T13:00:00.000Z,3325.01,3325.53,3323.08,3323.6,52
2025-08-18T14:00:00.000Z,3323.6,3324.12,3321.67,3322.19,52
2025-08-18T15:00:00.000Z,3322.19,3322.71,3320.58,3321.1,52
2025-08-18T16:00:00.000Z,3321.1,3321.92,3320.84,3321.66,20
2025-08-18T17:00:00.000Z,3321.66,3322.33,3321.4,3322.07,20
2025-08-18T18:00:00.000Z,3322.07,3322.73,3321.81,3322.47,20
2025-08-18T19:00:00.000Z,3322.47,3322.97,3322.21,3322.71,20
2025-08-18T20:00:00.000Z,3322.71,3326.34,3321.86,3325.49,10
2025-08-18T21:00:00.000Z,3325.49,3328.58,3324.64,3327.73,10
2025-08-18T22:00:00.000Z,3327.73,3330.83,3326.88,3329.98,10
2025-08-18T23:00:00.000Z,3329.98,3332.55,3329.13,3331.7,10
2025-08-19T00:00:00.000Z,3330.2,3330.68,3328.67,3329.15,42
2025-08-19T01:00:00.000Z,3329.15,3329.63,3327.91,3328.39,42
2025-08-19T02:00:00.000Z,3328.39,3328.87,3327.16,3327.64,42
2025-08-19T03:00:00.000Z,3327.64,3328.12,3326.71,3327.19,42
2025-08-19T04:00:00.000Z,3327.19,3330.11,3325.76,3328.68,50
2025-08-19T05:00:00.000Z,3328.68,3330.72,3327.25,3329.29,50
2025-08-19T06:00:00.000Z,3329.29,3331.32,3327.86,3329.89,50
2025-08-19T07:00:00.000Z,3329.89,3331.32,3328.17,3329.6,50
2025-08-19T08:00:00.000Z,3329.6,3331.04,3324.25,3325.69,116
2025-08-19T09:00:00.000Z,3325.69,3327.13,3321.24,3322.68,116
2025-08-19T10:00:00.000Z,3322.68,3324.12,3318.23,3319.67,116
2025-08-19T11:00:00.000Z,3319.67,3321.11,3316.12,3317.56,116
2025-08-19T12:00:00.000Z,3317.56,3318.52,3313.36,3314.32,133
2025-08-19T13:00:00.000Z,3314.32,3315.28,3310.73,3311.69,133
2025-08-19T14:00:00.000Z,3311.69,3312.65,3308.09,3309.05,133
2025-08-19T15:00:00.000Z,3309.05,3310.01,3306.06,3307.02,133
2025-08-19T16:00:00.000Z,3307.02,3308.55,3306.54,3308.07,50
2025-08-19T17:00:00.000Z,3308.07,3309.31,3307.59,3308.83,50
2025-08-19T18:00:00.000Z,3308.83,3310.06,3308.35,3309.58,50
2025-08-19T19:00:00.000Z,3309.58,3310.51,3309.1,3310.03,50
2025-08-19T20:00:00.000Z,3310.03,3311.7,3309.52,3311.19,25
2025-08-19T21:00:00.000Z,3311.19,3312.54,3310.68,3312.03,25
2025-08-19T22:00:00.000Z,3312.03,3313.39,3311.52,3312.88,25
2025-08-19T23:00:00.000Z,3312.88,3313.91,3312.37,3313.4,25
2025-08-20T00:00:00.000Z,3310.6,3312.3,3310.07,3311.77,30
2025-08-20T01:00:00.000Z,3311.77,3313.13,3311.24,3312.6,30
2025-08-20T02:00:00.000Z,3312.6,3313.97,3312.07,3313.44,30
2025-08-20T03:00:00.000Z,3313.44,3314.47,3312.91,3313.94,30
2025-08-20T04:00:00.000Z,3313.94,3314.38,3312.56,3313,37
2025-08-20T05:00:00.000Z,3313,3313.44,3311.89,3312.33,37
2025-08-20T06:00:00.000Z,3312.33,3312.77,3311.22,3311.66,37
2025-08-20T07:00:00.000Z,3311.66,3312.1,3310.83,3311.27,37
2025-08-20T08:00:00.000Z,3311.27,3317.21,3309.67,3315.61,85
2025-08-20T09:00:00.000Z,3315.61,3320.55,3314.01,3318.95,85
2025-08-20T10:00:00.000Z,3318.95,3323.89,3317.35,3322.29,85
2025-08-20T11:00:00.000Z,3322.29,3326.23,3320.69,3324.63,85
2025-08-20T12:00:00.000Z,3324.63,3330.22,3322.99,3328.58,97
2025-08-20T13:00:00.000Z,3328.58,3333.14,3326.94,3331.5,97
2025-08-20T14:00:00.000Z,3331.5,3336.06,3329.86,3334.42,97
2025-08-20T15:00:00.000Z,3334.42,3337.96,3332.78,3336.32,97
2025-08-20T16:00:00.000Z,3336.32,3336.85,3334.62,3335.15,37
2025-08-20T17:00:00.000Z,3335.15,3335.68,3333.79,3334.32,37
2025-08-20T18:00:00.000Z,3334.32,3334.85,3332.95,3333.48,37
2025-08-20T19:00:00.000Z,3333.48,3334.01,3332.45,3332.98,37
2025-08-20T20:00:00.000Z,3332.98,3337.37,3331.88,3336.27,18
2025-08-20T21:00:00.000Z,3336.27,3339.98,3335.17,3338.88,18
2025-08-20T22:00:00.000Z,3338.88,3342.58,3337.78,3341.48,18
2025-08-20T23:00:00.000Z,3341.48,3344.5,3340.38,3343.4,18
2025-08-21T00:00:00.000Z,3349.4,3349.77,3348.23,3348.6,5
2025-08-21T01:00:00.000Z,3348.6,3348.97,3347.66,3348.03,5
2025-08-21T02:00:00.000Z,3348.03,3348.4,3347.08,3347.45,5
2025-08-21T03:00:00.000Z,3347.45,3347.82,3346.74,3347.11,5
2025-08-21T04:00:00.000Z,3347.11,3348.02,3346.83,3347.74,5
2025-08-21T05:00:00.000Z,3347.74,3348.48,3347.46,3348.2,5
2025-08-21T06:00:00.000Z,3348.2,3348.93,3347.92,3348.65,5
2025-08-21T07:00:00.000Z,3348.65,3349.22,3348.37,3348.94,5
2025-08-21T08:00:00.000Z,3348.94,3350.04,3344.86,3345.96,10
2025-08-21T09:00:00.000Z,3345.96,3347.06,3342.57,3343.67,10
2025-08-21T10:00:00.000Z,3343.67,3344.77,3340.28,3341.38,10
2025-08-21T11:00:00.000Z,3341.38,3342.48,3338.68,3339.78,10
2025-08-21T12:00:00.000Z,3339.78,3340.93,3335.91,3337.06,11
2025-08-21T13:00:00.000Z,3337.06,3338.21,3333.9,3335.05,11
2025-08-21T14:00:00.000Z,3335.05,3336.2,3331.9,3333.05,11
2025-08-21T15:00:00.000Z,3333.05,3334.2,3330.62,3331.77,11
2025-08-21T16:00:00.000Z,3331.77,3332.94,3331.4,3332.57,5
2025-08-21T17:00:00.000Z,3332.57,3333.51,3332.2,3333.14,5
2025-08-21T18:00:00.000Z,3333.14,3334.09,3332.77,3333.72,5
2025-08-21T19:00:00.000Z,3333.72,3334.43,3333.35,3334.06,5
2025-08-21T20:00:00.000Z,3334.06,3335.44,3333.65,3335.03,5
2025-08-21T21:00:00.000Z,3335.03,3336.15,3334.62,3335.74,5
2025-08-21T22:00:00.000Z,3335.74,3336.86,3335.33,3336.45,5
2025-08-21T23:00:00.000Z,3336.45,3337.31,3336.04,3336.9,5
2025-08-22T00:00:00.000Z,3349.4,3350.84,3348.95,3350.39,31
2025-08-22T01:00:00.000Z,3350.39,3351.55,3349.94,3351.1,31
2025-08-22T02:00:00.000Z,3351.1,3352.26,3350.65,3351.81,31
2025-08-22T03:00:00.000Z,3351.81,3352.68,3351.36,3352.23,31
2025-08-22T04:00:00.000Z,3352.23,3352.57,3351.11,3351.45,37
2025-08-22T05:00:00.000Z,3351.45,3351.79,3350.55,3350.89,37
2025-08-22T06:00:00.000Z,3350.89,3351.23,3349.98,3350.32,37
2025-08-22T07:00:00.000Z,3350.32,3350.66,3349.63,3349.97,37
2025-08-22T08:00:00.000Z,3349.97,3355.01,3348.61,3353.65,87
2025-08-22T09:00:00.000Z,3353.65,3357.84,3352.29,3356.48,87
2025-08-22T10:00:00.000Z,3356.48,3360.67,3355.12,3359.31,87
2025-08-22T11:00:00.000Z,3359.31,3362.65,3357.95,3361.29,87
2025-08-22T12:00:00.000Z,3361.29,3366.09,3359.86,3364.66,99
2025-08-22T13:00:00.000Z,3364.66,3368.56,3363.23,3367.13,99
2025-08-22T14:00:00.000Z,3367.13,3371.04,3365.7,3369.61,99
2025-08-22T15:00:00.000Z,3369.61,3372.62,3368.18,3371.19,99
2025-08-22T16:00:00.000Z,3371.19,3371.64,3369.75,3370.2,37
2025-08-22T17:00:00.000Z,3370.2,3370.65,3369.04,3369.49,37
2025-08-22T18:00:00.000Z,3369.49,3369.94,3368.33,3368.78,37
2025-08-22T19:00:00.000Z,3368.78,3369.23,3367.91,3368.36,37
2025-08-22T20:00:00.000Z,3368.36,3371.02,3367.65,3370.31,19
2025-08-22T21:00:00.000Z,3370.31,3372.53,3369.6,3371.82,19
2025-08-22T22:00:00.000Z,3371.82,3374.04,3371.11,3373.33,19
2025-08-22T23:00:00.000Z,3373.33,3375.11,3372.62,3374.4,19
2025-08-25T00:00:00.000Z,3366,3366.61,3365.81,3366.42,26
2025-08-25T01:00:00.000Z,3366.42,3366.91,3366.23,3366.72,26
2025-08-25T02:00:00.000Z,3366.72,3367.21,3366.53,3367.02,26
2025-08-25T03:00:00.000Z,3367.02,3367.39,3366.83,3367.2,26
2025-08-25T04:00:00.000Z,3367.2,3367.34,3366.73,3366.87,31
2025-08-25T05:00:00.000Z,3366.87,3367.01,3366.49,3366.63,31
2025-08-25T06:00:00.000Z,3366.63,3366.77,3366.25,3366.39,31
2025-08-25T07:00:00.000Z,3366.39,3366.53,3366.1,3366.24,31
2025-08-25T08:00:00.000Z,3366.24,3368.38,3365.66,3367.8,73
2025-08-25T09:00:00.000Z,3367.8,3369.58,3367.22,3369,73
2025-08-25T10:00:00.000Z,3369,3370.78,3368.42,3370.2,73
2025-08-25T11:00:00.000Z,3370.2,3371.62,3369.62,3371.04,73
2025-08-25T12:00:00.000Z,3371.04,3373.07,3370.44,3372.47,84
2025-08-25T13:00:00.000Z,3372.47,3374.12,3371.87,3373.52,84
2025-08-25T14:00:00.000Z,3373.52,3375.17,3372.92,3374.57,84
2025-08-25T15:00:00.000Z,3374.57,3375.84,3373.97,3375.24,84
2025-08-25T16:00:00.000Z,3375.24,3375.43,3374.63,3374.82,31
2025-08-25T17:00:00.000Z,3374.82,3375.01,3374.33,3374.52,31
2025-08-25T18:00:00.000Z,3374.52,3374.71,3374.03,3374.22,31
2025-08-25T19:00:00.000Z,3374.22,3374.41,3373.85,3374.04,31
2025-08-25T20:00:00.000Z,3374.04,3374.16,3373.79,3373.91,16
2025-08-25T21:00:00.000Z,3373.91,3374.03,3373.73,3373.85,16
2025-08-25T22:00:00.000Z,3373.85,3373.97,3373.67,3373.79,16
2025-08-25T23:00:00.000Z,3373.79,3373.92,3373.67,3373.8,16
2025-08-26T00:00:00.000Z,3378.9,3380.2,3378.49,3379.79,23
2025-08-26T01:00:00.000Z,3379.79,3380.83,3379.38,3380.42,23
2025-08-26T02:00:00.000Z,3380.42,3381.47,3380.01,3381.06,23
2025-08-26T03:00:00.000Z,3381.06,3381.85,3380.65,3381.44,23
2025-08-26T04:00:00.000Z,3381.44,3382.37,3379.42,3380.35,27
2025-08-26T05:00:00.000Z,3380.35,3381.28,3378.91,3379.84,27
2025-08-26T06:00:00.000Z,3379.84,3380.77,3378.41,3379.34,27
2025-08-26T07:00:00.000Z,3379.34,3380.34,3378.41,3379.41,27
2025-08-26T08:00:00.000Z,3379.41,3383.93,3378.19,3382.71,63
2025-08-26T09:00:00.000Z,3382.71,3386.47,3381.49,3385.25,63
2025-08-26T10:00:00.000Z,3385.25,3389.01,3384.03,3387.79,63
2025-08-26T11:00:00.000Z,3387.79,3390.79,3386.57,3389.57,63
2025-08-26T12:00:00.000Z,3389.57,3393.11,3388.76,3392.3,73
2025-08-26T13:00:00.000Z,3392.3,3395.33,3391.49,3394.52,73
2025-08-26T14:00:00.000Z,3394.52,3397.56,3393.71,3396.75,73
2025-08-26T15:00:00.000Z,3396.75,3399.27,3395.94,3398.46,73
2025-08-26T16:00:00.000Z,3398.46,3398.87,3397.16,3397.57,27
2025-08-26T17:00:00.000Z,3397.57,3397.98,3396.53,3396.94,27
2025-08-26T18:00:00.000Z,3396.94,3397.35,3395.89,3396.3,27
2025-08-26T19:00:00.000Z,3396.3,3396.71,3395.51,3395.92,27
2025-08-26T20:00:00.000Z,3395.92,3396.71,3392.81,3393.6,14
2025-08-26T21:00:00.000Z,3393.6,3394.39,3390.98,3391.77,14
2025-08-26T22:00:00.000Z,3391.77,3392.56,3389.15,3389.94,14
2025-08-26T23:00:00.000Z,3389.94,3390.73,3387.81,3388.6,14
2025-08-27T00:00:00.000Z,3397,3398.15,3396.64,3397.79,81
2025-08-27T01:00:00.000Z,3397.79,3398.72,3397.43,3398.36,81
2025-08-27T02:00:00.000Z,3398.36,3399.28,3398,3398.92,81
2025-08-27T03:00:00.000Z,3398.92,3399.62,3398.56,3399.26,81
2025-08-27T04:00:00.000Z,3399.26,3400.73,3396.42,3397.89,97
2025-08-27T05:00:00.000Z,3397.89,3399.36,3395.97,3397.44,97
2025-08-27T06:00:00.000Z,3397.44,3398.91,3395.51,3396.98,97
2025-08-27T07:00:00.000Z,3396.98,3398.92,3395.51,3397.45,97
2025-08-27T08:00:00.000Z,3397.45,3401.47,3396.37,3400.39,226
2025-08-27T09:00:00.000Z,3400.39,3403.73,3399.31,3402.65,226
2025-08-27T10:00:00.000Z,3402.65,3405.99,3401.57,3404.91,226
2025-08-27T11:00:00.000Z,3404.91,3407.57,3403.83,3406.49,226
2025-08-27T12:00:00.000Z,3406.49,3409.64,3405.77,3408.92,258
2025-08-27T13:00:00.000Z,3408.92,3411.62,3408.2,3410.9,258
2025-08-27T14:00:00.000Z,3410.9,3413.59,3410.18,3412.87,258
2025-08-27T15:00:00.000Z,3412.87,3415.12,3412.15,3414.4,258
2025-08-27T16:00:00.000Z,3414.4,3414.76,3413.25,3413.61,97
2025-08-27T17:00:00.000Z,3413.61,3413.97,3412.68,3413.04,97
2025-08-27T18:00:00.000Z,3413.04,3413.4,3412.12,3412.48,97
2025-08-27T19:00:00.000Z,3412.48,3412.84,3411.78,3412.14,97
2025-08-27T20:00:00.000Z,3412.14,3412.92,3408.99,3409.77,48
2025-08-27T21:00:00.000Z,3409.77,3410.55,3407.1,3407.88,48
2025-08-27T22:00:00.000Z,3407.88,3408.66,3405.21,3405.99,48
2025-08-27T23:00:00.000Z,3405.99,3406.77,3403.82,3404.6,48
2025-08-28T00:00:00.000Z,3409,3410.76,3408.45,3410.21,26
2025-08-28T01:00:00.000Z,3410.21,3411.63,3409.66,3411.08,26
2025-08-28T02:00:00.000Z,3411.08,3412.49,3410.53,3411.94,26
2025-08-28T03:00:00.000Z,3411.94,3413.01,3411.39,3412.46,26
2025-08-28T04:00:00.000Z,3412.46,3413.6,3409.92,3411.06,31
2025-08-28T05:00:00.000Z,3411.06,3412.2,3409.23,3410.37,31
2025-08-28T06:00:00.000Z,3410.37,3411.51,3408.53,3409.67,31
2025-08-28T07:00:00.000Z,3409.67,3410.83,3408.53,3409.69,31
2025-08-28T08:00:00.000Z,3409.69,3415.85,3408.03,3414.19,73
2025-08-28T09:00:00.000Z,3414.19,3419.31,3412.53,3417.65,73
2025-08-28T10:00:00.000Z,3417.65,3422.77,3415.99,3421.11,73
2025-08-28T11:00:00.000Z,3421.11,3425.19,3419.45,3423.53,73
2025-08-28T12:00:00.000Z,3423.53,3428.36,3422.42,3427.25,83
2025-08-28T13:00:00.000Z,3427.25,3431.39,3426.14,3430.28,83
2025-08-28T14:00:00.000Z,3430.28,3434.41,3429.17,3433.3,83
2025-08-28T15:00:00.000Z,3433.3,3436.75,3432.19,3435.64,83
2025-08-28T16:00:00.000Z,3435.64,3436.19,3433.88,3434.43,31
2025-08-28T17:00:00.000Z,3434.43,3434.98,3433.01,3433.56,31
2025-08-28T18:00:00.000Z,3433.56,3434.11,3432.15,3432.7,31
2025-08-28T19:00:00.000Z,3432.7,3433.25,3431.63,3432.18,31
2025-08-28T20:00:00.000Z,3432.18,3432.49,3431.58,3431.89,16
2025-08-28T21:00:00.000Z,3431.89,3432.2,3431.49,3431.8,16
2025-08-28T22:00:00.000Z,3431.8,3432.11,3431.39,3431.7,16
2025-08-28T23:00:00.000Z,3431.7,3432.11,3431.39,3431.8,16
2025-08-29T00:00:00.000Z,3432.5,3434.99,3431.72,3434.21,25
2025-08-29T01:00:00.000Z,3434.21,3436.22,3433.43,3435.44,25
2025-08-29T02:00:00.000Z,3435.44,3437.44,3434.66,3436.66,25
2025-08-29T03:00:00.000Z,3436.66,3438.18,3435.88,3437.4,25
2025-08-29T04:00:00.000Z,3437.4,3438.46,3434.7,3435.76,30
2025-08-29T05:00:00.000Z,3435.76,3436.82,3433.72,3434.78,30
2025-08-29T06:00:00.000Z,3434.78,3435.84,3432.74,3433.8,30
2025-08-29T07:00:00.000Z,3433.8,3434.86,3432.42,3433.48,30
2025-08-29T08:00:00.000Z,3433.48,3442.2,3431.13,3439.85,70
2025-08-29T09:00:00.000Z,3439.85,3447.1,3437.5,3444.75,70
2025-08-29T10:00:00.000Z,3444.75,3452,3442.4,3449.65,70
2025-08-29T11:00:00.000Z,3449.65,3455.43,3447.3,3453.08,70
2025-08-29T12:00:00.000Z,3453.08,3460.62,3451.08,3458.62,80
2025-08-29T13:00:00.000Z,3458.62,3464.9,3456.62,3462.9,80
2025-08-29T14:00:00.000Z,3462.9,3469.19,3460.9,3467.19,80
2025-08-29T15:00:00.000Z,3467.19,3472.23,3465.19,3470.23,80
2025-08-29T16:00:00.000Z,3470.23,3471.01,3467.74,3468.52,30
2025-08-29T17:00:00.000Z,3468.52,3469.3,3466.51,3467.29,30
2025-08-29T18:00:00.000Z,3467.29,3468.07,3465.29,3466.07,30
2025-08-29T19:00:00.000Z,3466.07,3466.85,3464.55,3465.33,30
2025-08-29T20:00:00.000Z,3465.33,3469.15,3464.27,3468.09,15
2025-08-29T21:00:00.000Z,3468.09,3471.24,3467.03,3470.18,15
2025-08-29T22:00:00.000Z,3470.18,3473.33,3469.12,3472.27,15
2025-08-29T23:00:00.000Z,3472.27,3474.76,3471.21,3473.7,15
2025-09-02T00:00:00.000Z,3485.7,3489.45,3484.52,3488.27,17
2025-09-02T01:00:00.000Z,3488.27,3491.29,3487.09,3490.11,17
2025-09-02T02:00:00.000Z,3490.11,3493.13,3488.93,3491.95,17
2025-09-02T03:00:00.000Z,3491.95,3494.23,3490.77,3493.05,17
2025-09-02T04:00:00.000Z,3493.05,3493.93,3490.15,3491.03,20
2025-09-02T05:00:00.000Z,3491.03,3491.91,3488.68,3489.56,20
2025-09-02T06:00:00.000Z,3489.56,3490.44,3487.21,3488.09,20
2025-09-02T07:00:00.000Z,3488.09,3488.97,3486.29,3487.17,20
2025-09-02T08:00:00.000Z,3487.17,3500.25,3483.64,3496.72,46
2025-09-02T09:00:00.000Z,3496.72,3507.6,3493.19,3504.07,46
2025-09-02T10:00:00.000Z,3504.07,3514.96,3500.54,3511.43,46
2025-09-02T11:00:00.000Z,3511.43,3520.1,3507.9,3516.57,46
2025-09-02T12:00:00.000Z,3516.57,3529.02,3512.87,3525.32,53
2025-09-02T13:00:00.000Z,3525.32,3535.45,3521.62,3531.75,53
2025-09-02T14:00:00.000Z,3531.75,3541.88,3528.05,3538.18,53
2025-09-02T15:00:00.000Z,3538.18,3545.99,3534.48,3542.29,53
2025-09-02T16:00:00.000Z,3542.29,3543.47,3538.54,3539.72,20
2025-09-02T17:00:00.000Z,3539.72,3540.9,3536.7,3537.88,20
2025-09-02T18:00:00.000Z,3537.88,3539.06,3534.86,3536.04,20
2025-09-02T19:00:00.000Z,3536.04,3537.22,3533.76,3534.94,20
2025-09-02T20:00:00.000Z,3534.94,3541.39,3533.2,3539.65,10
2025-09-02T21:00:00.000Z,3539.65,3545,3537.91,3543.26,10
2025-09-02T22:00:00.000Z,3543.26,3548.62,3541.52,3546.88,10
2025-09-02T23:00:00.000Z,3546.88,3551.14,3545.14,3549.4,10
2025-09-03T00:00:00.000Z,3554.8,3556.87,3554.15,3556.22,5
2025-09-03T01:00:00.000Z,3556.22,3557.88,3555.57,3557.23,5
2025-09-03T02:00:00.000Z,3557.23,3558.89,3556.58,3558.24,5
2025-09-03T03:00:00.000Z,3558.24,3559.5,3557.59,3558.85,5
2025-09-03T04:00:00.000Z,3558.85,3559.46,3557.05,3557.66,5
2025-09-03T05:00:00.000Z,3557.66,3558.27,3556.24,3556.85,5
2025-09-03T06:00:00.000Z,3556.85,3557.46,3555.43,3556.04,5
2025-09-03T07:00:00.000Z,3556.04,3556.65,3555,3555.61,5
2025-09-03T08:00:00.000Z,3555.61,3562.82,3553.67,3560.88,5
2025-09-03T09:00:00.000Z,3560.88,3566.87,3558.94,3564.93,5
2025-09-03T10:00:00.000Z,3564.93,3570.92,3562.99,3568.98,5
2025-09-03T11:00:00.000Z,3568.98,3573.75,3567.04,3571.81,5
2025-09-03T12:00:00.000Z,3571.81,3578.46,3569.9,3576.55,6
2025-09-03T13:00:00.000Z,3576.55,3582.01,3574.64,3580.1,6
2025-09-03T14:00:00.000Z,3580.1,3585.55,3578.19,3583.64,6
2025-09-03T15:00:00.000Z,3583.64,3587.9,3581.73,3585.99,6
2025-09-03T16:00:00.000Z,3585.99,3586.64,3583.92,3584.57,5
2025-09-03T17:00:00.000Z,3584.57,3585.22,3582.91,3583.56,5
2025-09-03T18:00:00.000Z,3583.56,3584.21,3581.9,3582.55,5
2025-09-03T19:00:00.000Z,3582.55,3583.2,3581.29,3581.94,5
2025-09-03T20:00:00.000Z,3581.94,3586.74,3580.72,3585.52,5
2025-09-03T21:00:00.000Z,3585.52,3589.56,3584.3,3588.34,5
2025-09-03T22:00:00.000Z,3588.34,3592.37,3587.12,3591.15,5
2025-09-03T23:00:00.000Z,3591.15,3594.42,3589.93,3593.2,5
2025-09-04T00:00:00.000Z,3549.9,3551.11,3549.52,3550.73,6
2025-09-04T01:00:00.000Z,3550.73,3551.7,3550.35,3551.32,6
2025-09-04T02:00:00.000Z,3551.32,3552.29,3550.94,3551.91,6
2025-09-04T03:00:00.000Z,3551.91,3552.65,3551.53,3552.27,6
2025-09-04T04:00:00.000Z,3552.27,3552.55,3551.34,3551.62,7
2025-09-04T05:00:00.000Z,3551.62,3551.9,3550.86,3551.14,7
2025-09-04T06:00:00.000Z,3551.14,3551.42,3550.39,3550.67,7
2025-09-04T07:00:00.000Z,3550.67,3550.95,3550.09,3550.37,7
2025-09-04T08:00:00.000Z,3550.37,3554.59,3549.23,3553.45,17
2025-09-04T09:00:00.000Z,3553.45,3556.96,3552.31,3555.82,17
2025-09-04T10:00:00.000Z,3555.82,3559.33,3554.68,3558.19,17
2025-09-04T11:00:00.000Z,3558.19,3560.99,3557.05,3559.85,17
2025-09-04T12:00:00.000Z,3559.85,3563.86,3558.66,3562.67,19
2025-09-04T13:00:00.000Z,3562.67,3565.94,3561.48,3564.75,19
2025-09-04T14:00:00.000Z,3564.75,3568.01,3563.56,3566.82,19
2025-09-04T15:00:00.000Z,3566.82,3569.34,3565.63,3568.15,19
2025-09-04T16:00:00.000Z,3568.15,3568.53,3566.94,3567.32,7
2025-09-04T17:00:00.000Z,3567.32,3567.7,3566.35,3566.73,7
2025-09-04T18:00:00.000Z,3566.73,3567.11,3565.76,3566.14,7
2025-09-04T19:00:00.000Z,3566.14,3566.52,3565.4,3565.78,7
2025-09-04T20:00:00.000Z,3565.78,3566.1,3565.59,3565.91,5
2025-09-04T21:00:00.000Z,3565.91,3566.1,3565.72,3565.91,5
2025-09-04T22:00:00.000Z,3565.91,3566.1,3565.72,3565.91,5
2025-09-04T23:00:00.000Z,3565.91,3566.1,3565.61,3565.8,5
2025-09-05T00:00:00.000Z,3567.8,3570.12,3567.07,3569.39,23
2025-09-05T01:00:00.000Z,3569.39,3571.25,3568.66,3570.52,23
2025-09-05T02:00:00.000Z,3570.52,3572.39,3569.79,3571.66,23
2025-09-05T03:00:00.000Z,3571.66,3573.07,3570.93,3572.34,23
2025-09-05T04:00:00.000Z,3572.34,3572.88,3570.55,3571.09,28
2025-09-05T05:00:00.000Z,3571.09,3571.63,3569.64,3570.18,28
2025-09-05T06:00:00.000Z,3570.18,3570.72,3568.74,3569.28,28
2025-09-05T07:00:00.000Z,3569.28,3569.82,3568.17,3568.71,28
2025-09-05T08:00:00.000Z,3568.71,3576.79,3566.53,3574.61,65
2025-09-05T09:00:00.000Z,3574.61,3581.33,3572.43,3579.15,65
2025-09-05T10:00:00.000Z,3579.15,3585.87,3576.97,3583.69,65
2025-09-05T11:00:00.000Z,3583.69,3589.05,3581.51,3586.87,65
2025-09-05T12:00:00.000Z,3586.87,3594.56,3584.58,3592.27,74
2025-09-05T13:00:00.000Z,3592.27,3598.53,3589.98,3596.24,74
2025-09-05T14:00:00.000Z,3596.24,3602.51,3593.95,3600.22,74
2025-09-05T15:00:00.000Z,3600.22,3605.05,3597.93,3602.76,74
2025-09-05T16:00:00.000Z,3602.76,3603.49,3600.44,3601.17,28
2025-09-05T17:00:00.000Z,3601.17,3601.9,3599.31,3600.04,28
2025-09-05T18:00:00.000Z,3600.04,3600.77,3598.17,3598.9,28
2025-09-05T19:00:00.000Z,3598.9,3599.63,3597.49,3598.22,28
2025-09-05T20:00:00.000Z,3598.22,3604.5,3596.66,3602.94,14
2025-09-05T21:00:00.000Z,3602.94,3608.25,3601.38,3606.69,14
2025-09-05T22:00:00.000Z,3606.69,3611.99,3605.13,3610.43,14
2025-09-05T23:00:00.000Z,3610.43,3614.76,3608.87,3613.2,14
2025-09-08T00:00:00.000Z,3594.5,3597.11,3593.68,3596.29,5
2025-09-08T01:00:00.000Z,3596.29,3598.38,3595.47,3597.56,5
2025-09-08T02:00:00.000Z,3597.56,3599.66,3596.74,3598.84,5
2025-09-08T03:00:00.000Z,3598.84,3600.42,3598.02,3599.6,5
2025-09-08T04:00:00.000Z,3599.6,3600.57,3597,3597.97,5
2025-09-08T05:00:00.000Z,3597.97,3598.94,3595.98,3596.95,5
2025-09-08T06:00:00.000Z,3596.95,3597.92,3594.96,3595.93,5
2025-09-08T07:00:00.000Z,3595.93,3596.9,3594.55,3595.52,5
2025-09-08T08:00:00.000Z,3595.52,3604.6,3593.07,3602.15,7
2025-09-08T09:00:00.000Z,3602.15,3609.7,3599.7,3607.25,7
2025-09-08T10:00:00.000Z,3607.25,3614.8,3604.8,3612.35,7
2025-09-08T11:00:00.000Z,3612.35,3618.37,3609.9,3615.92,7
2025-09-08T12:00:00.000Z,3615.92,3623.97,3613.71,3621.76,8
2025-09-08T13:00:00.000Z,3621.76,3628.44,3619.55,3626.23,8
2025-09-08T14:00:00.000Z,3626.23,3632.9,3624.02,3630.69,8
2025-09-08T15:00:00.000Z,3630.69,3635.98,3628.48,3633.77,8
2025-09-08T16:00:00.000Z,3633.77,3634.59,3631.16,3631.98,5
2025-09-08T17:00:00.000Z,3631.98,3632.8,3629.89,3630.71,5
2025-09-08T18:00:00.000Z,3630.71,3631.53,3628.61,3629.43,5
2025-09-08T19:00:00.000Z,3629.43,3630.25,3627.85,3628.67,5
2025-09-08T20:00:00.000Z,3628.67,3632.91,3627.51,3631.75,5
2025-09-08T21:00:00.000Z,3631.75,3635.27,3630.59,3634.11,5
2025-09-08T22:00:00.000Z,3634.11,3637.63,3632.95,3636.47,5
2025-09-08T23:00:00.000Z,3636.47,3639.26,3635.31,3638.1,5
2025-09-09T00:00:00.000Z,3647.1,3647.78,3644.93,3645.61,14
2025-09-09T01:00:00.000Z,3645.61,3646.29,3643.86,3644.54,14
2025-09-09T02:00:00.000Z,3644.54,3645.22,3642.8,3643.48,14
2025-09-09T03:00:00.000Z,3643.48,3644.16,3642.16,3642.84,14
2025-09-09T04:00:00.000Z,3642.84,3647.56,3640.46,3645.18,16
2025-09-09T05:00:00.000Z,3645.18,3648.41,3642.8,3646.03,16
2025-09-09T06:00:00.000Z,3646.03,3649.26,3643.65,3646.88,16
2025-09-09T07:00:00.000Z,3646.88,3649.26,3643.87,3646.25,16
2025-09-09T08:00:00.000Z,3646.25,3648.29,3638.67,3640.71,38
2025-09-09T09:00:00.000Z,3640.71,3642.75,3634.41,3636.45,38
2025-09-09T10:00:00.000Z,3636.45,3638.49,3630.15,3632.19,38
2025-09-09T11:00:00.000Z,3632.19,3634.23,3627.17,3629.21,38
2025-09-09T12:00:00.000Z,3629.21,3630.57,3623.27,3624.63,43
2025-09-09T13:00:00.000Z,3624.63,3625.99,3619.54,3620.9,43
2025-09-09T14:00:00.000Z,3620.9,3622.26,3615.82,3617.18,43
2025-09-09T15:00:00.000Z,3617.18,3618.54,3612.94,3614.3,43
2025-09-09T16:00:00.000Z,3614.3,3616.47,3613.62,3615.79,16
2025-09-09T17:00:00.000Z,3615.79,3617.54,3615.11,3616.86,16
2025-09-09T18:00:00.000Z,3616.86,3618.6,3616.18,3617.92,16
2025-09-09T19:00:00.000Z,3617.92,3619.24,3617.24,3618.56,16
2025-09-09T20:00:00.000Z,3618.56,3628.51,3616.24,3626.19,8
2025-09-09T21:00:00.000Z,3626.19,3634.7,3623.87,3632.38,8
2025-09-09T22:00:00.000Z,3632.38,3640.89,3630.06,3638.57,8
2025-09-09T23:00:00.000Z,3638.57,3645.62,3636.25,3643.3,8
2025-09-10T00:00:00.000Z,3625,3626.76,3624.45,3626.21,5
2025-09-10T01:00:00.000Z,3626.21,3627.63,3625.66,3627.08,5
2025-09-10T02:00:00.000Z,3627.08,3628.49,3626.53,3627.94,5
2025-09-10T03:00:00.000Z,3627.94,3629.01,3627.39,3628.46,5
2025-09-10T04:00:00.000Z,3628.46,3629.21,3626.55,3627.3,5
2025-09-10T05:00:00.000Z,3627.3,3628.05,3625.86,3626.61,5
2025-09-10T06:00:00.000Z,3626.61,3627.36,3625.16,3625.91,5
2025-09-10T07:00:00.000Z,3625.91,3626.66,3624.94,3625.69,5
2025-09-10T08:00:00.000Z,3625.69,3631.85,3624.03,3630.19,10
2025-09-10T09:00:00.000Z,3630.19,3635.31,3628.53,3633.65,10
2025-09-10T10:00:00.000Z,3633.65,3638.77,3631.99,3637.11,10
2025-09-10T11:00:00.000Z,3637.11,3641.19,3635.45,3639.53,10
2025-09-10T12:00:00.000Z,3639.53,3644.85,3638.12,3643.44,11
2025-09-10T13:00:00.000Z,3643.44,3647.88,3642.03,3646.47,11
2025-09-10T14:00:00.000Z,3646.47,3650.9,3645.06,3649.49,11
2025-09-10T15:00:00.000Z,3649.49,3653.05,3648.08,3651.64,11
2025-09-10T16:00:00.000Z,3651.64,3652.19,3649.88,3650.43,5
2025-09-10T17:00:00.000Z,3650.43,3650.98,3649.01,3649.56,5
2025-09-10T18:00:00.000Z,3649.56,3650.11,3648.15,3648.7,5
2025-09-10T19:00:00.000Z,3648.7,3649.25,3647.63,3648.18,5
2025-09-10T20:00:00.000Z,3648.18,3648.82,3645.99,3646.63,5
2025-09-10T21:00:00.000Z,3646.63,3647.27,3644.85,3645.49,5
2025-09-10T22:00:00.000Z,3645.49,3646.13,3643.7,3644.34,5
2025-09-10T23:00:00.000Z,3644.34,3644.98,3642.96,3643.6,5
2025-09-11T00:00:00.000Z,3632.9,3633.85,3632.6,3633.55,8
2025-09-11T01:00:00.000Z,3633.55,3634.31,3633.25,3634.01,8
2025-09-11T02:00:00.000Z,3634.01,3634.77,3633.71,3634.47,8
2025-09-11T03:00:00.000Z,3634.47,3635.05,3634.17,3634.75,8
2025-09-11T04:00:00.000Z,3634.75,3636.13,3632.14,3633.52,9
2025-09-11T05:00:00.000Z,3633.52,3634.9,3631.77,3633.15,9
2025-09-11T06:00:00.000Z,3633.15,3634.53,3631.4,3632.78,9
2025-09-11T07:00:00.000Z,3632.78,3634.65,3631.4,3633.27,9
2025-09-11T08:00:00.000Z,3633.27,3636.56,3632.38,3635.67,22
2025-09-11T09:00:00.000Z,3635.67,3638.42,3634.78,3637.53,22
2025-09-11T10:00:00.000Z,3637.53,3640.27,3636.64,3639.38,22
2025-09-11T11:00:00.000Z,3639.38,3641.56,3638.49,3640.67,22
2025-09-11T12:00:00.000Z,3640.67,3643.25,3640.08,3642.66,25
2025-09-11T13:00:00.000Z,3642.66,3644.86,3642.07,3644.27,25
2025-09-11T14:00:00.000Z,3644.27,3646.48,3643.68,3645.89,25
2025-09-11T15:00:00.000Z,3645.89,3647.73,3645.3,3647.14,25
2025-09-11T16:00:00.000Z,3647.14,3647.44,3646.19,3646.49,9
2025-09-11T17:00:00.000Z,3646.49,3646.79,3645.73,3646.03,9
2025-09-11T18:00:00.000Z,3646.03,3646.33,3645.27,3645.57,9
2025-09-11T19:00:00.000Z,3645.57,3645.87,3644.99,3645.29,9
2025-09-11T20:00:00.000Z,3645.29,3646.11,3641.86,3642.68,5
2025-09-11T21:00:00.000Z,3642.68,3643.5,3639.76,3640.58,5
2025-09-11T22:00:00.000Z,3640.58,3641.4,3637.67,3638.49,5
2025-09-11T23:00:00.000Z,3638.49,3639.31,3636.08,3636.9,5
2025-09-12T00:00:00.000Z,3655.5,3655.72,3654.8,3655.02,33
2025-09-12T01:00:00.000Z,3655.02,3655.24,3654.45,3654.67,33
2025-09-12T02:00:00.000Z,3654.67,3654.89,3654.11,3654.33,33
2025-09-12T03:00:00.000Z,3654.33,3654.55,3653.9,3654.12,33
2025-09-12T04:00:00.000Z,3654.12,3654.83,3653.85,3654.56,39
2025-09-12T05:00:00.000Z,3654.56,3655.11,3654.29,3654.84,39
2025-09-12T06:00:00.000Z,3654.84,3655.38,3654.57,3655.11,39
2025-09-12T07:00:00.000Z,3655.11,3655.49,3654.84,3655.22,39
2025-09-12T08:00:00.000Z,3655.22,3655.88,3652.77,3653.43,91
2025-09-12T09:00:00.000Z,3653.43,3654.09,3651.39,3652.05,91
2025-09-12T10:00:00.000Z,3652.05,3652.71,3650.01,3650.67,91
2025-09-12T11:00:00.000Z,3650.67,3651.33,3649.04,3649.7,91
2025-09-12T12:00:00.000Z,3649.7,3650.29,3647.53,3648.12,104
2025-09-12T13:00:00.000Z,3648.12,3648.71,3646.33,3646.92,104
2025-09-12T14:00:00.000Z,3646.92,3647.51,3645.12,3645.71,104
2025-09-12T15:00:00.000Z,3645.71,3646.3,3644.28,3644.87,104
2025-09-12T16:00:00.000Z,3644.87,3645.57,3644.65,3645.35,39
2025-09-12T17:00:00.000Z,3645.35,3645.92,3645.13,3645.7,39
2025-09-12T18:00:00.000Z,3645.7,3646.26,3645.48,3646.04,39
2025-09-12T19:00:00.000Z,3646.04,3646.47,3645.82,3646.25,39
2025-09-12T20:00:00.000Z,3646.25,3647.62,3645.89,3647.26,20
2025-09-12T21:00:00.000Z,3647.26,3648.41,3646.9,3648.05,20
2025-09-12T22:00:00.000Z,3648.05,3649.2,3647.69,3648.84,20
2025-09-12T23:00:00.000Z,3648.84,3649.76,3648.48,3649.4,20
2025-09-15T00:00:00.000Z,3640,3642.62,3639.18,3641.8,5
2025-09-15T01:00:00.000Z,3641.8,3643.9,3640.98,3643.08,5
2025-09-15T02:00:00.000Z,3643.08,3645.18,3642.26,3644.36,5
2025-09-15T03:00:00.000Z,3644.36,3645.95,3643.54,3645.13,5
2025-09-15T04:00:00.000Z,3645.13,3646.14,3642.47,3643.48,6
2025-09-15T05:00:00.000Z,3643.48,3644.49,3641.44,3642.45,6
2025-09-15T06:00:00.000Z,3642.45,3643.46,3640.42,3641.43,6
2025-09-15T07:00:00.000Z,3641.43,3642.44,3640.02,3641.03,6
2025-09-15T08:00:00.000Z,3641.03,3650.16,3638.57,3647.7,15
2025-09-15T09:00:00.000Z,3647.7,3655.29,3645.24,3652.83,15
2025-09-15T10:00:00.000Z,3652.83,3660.42,3650.37,3657.96,15
2025-09-15T11:00:00.000Z,3657.96,3664.01,3655.5,3661.55,15
2025-09-15T12:00:00.000Z,3661.55,3669.6,3659.36,3667.41,17
2025-09-15T13:00:00.000Z,3667.41,3674.09,3665.22,3671.9,17
2025-09-15T14:00:00.000Z,3671.9,3678.57,3669.71,3676.38,17
2025-09-15T15:00:00.000Z,3676.38,3681.69,3674.19,3679.5,17
2025-09-15T16:00:00.000Z,3679.5,3680.32,3676.88,3677.7,6
2025-09-15T17:00:00.000Z,3677.7,3678.52,3675.6,3676.42,6
2025-09-15T18:00:00.000Z,3676.42,3677.24,3674.32,3675.14,6
2025-09-15T19:00:00.000Z,3675.14,3675.96,3673.55,3674.37,6
2025-09-15T20:00:00.000Z,3674.37,3678.01,3673.33,3676.97,5
2025-09-15T21:00:00.000Z,3676.97,3679.97,3675.93,3678.93,5
2025-09-15T22:00:00.000Z,3678.93,3681.93,3677.89,3680.89,5
2025-09-15T23:00:00.000Z,3680.89,3683.24,3679.85,3682.2,5
2025-09-16T00:00:00.000Z,3681.4,3682.28,3681.12,3682,9
2025-09-16T01:00:00.000Z,3682,3682.71,3681.72,3682.43,9
2025-09-16T02:00:00.000Z,3682.43,3683.14,3682.15,3682.86,9
2025-09-16T03:00:00.000Z,3682.86,3683.4,3682.58,3683.12,9
2025-09-16T04:00:00.000Z,3683.12,3683.33,3682.44,3682.65,11
2025-09-16T05:00:00.000Z,3682.65,3682.86,3682.09,3682.3,11
2025-09-16T06:00:00.000Z,3682.3,3682.51,3681.75,3681.96,11
2025-09-16T07:00:00.000Z,3681.96,3682.17,3681.53,3681.74,11
2025-09-16T08:00:00.000Z,3681.74,3684.81,3680.91,3683.98,26
2025-09-16T09:00:00.000Z,3683.98,3686.53,3683.15,3685.7,26
2025-09-16T10:00:00.000Z,3685.7,3688.25,3684.87,3687.42,26
2025-09-16T11:00:00.000Z,3687.42,3689.45,3686.59,3688.62,26
2025-09-16T12:00:00.000Z,3688.62,3691.54,3687.75,3690.67,30
2025-09-16T13:00:00.000Z,3690.67,3693.04,3689.8,3692.17,30
2025-09-16T14:00:00.000Z,3692.17,3694.55,3691.3,3693.68,30
2025-09-16T15:00:00.000Z,3693.68,3695.51,3692.81,3694.64,30
2025-09-16T16:00:00.000Z,3694.64,3694.92,3693.76,3694.04,11
2025-09-16T17:00:00.000Z,3694.04,3694.32,3693.33,3693.61,11
2025-09-16T18:00:00.000Z,3693.61,3693.89,3692.9,3693.18,11
2025-09-16T19:00:00.000Z,3693.18,3693.46,3692.64,3692.92,11
2025-09-16T20:00:00.000Z,3692.92,3693.38,3691.17,3691.63,6
2025-09-16T21:00:00.000Z,3691.63,3692.09,3690.16,3690.62,6
2025-09-16T22:00:00.000Z,3690.62,3691.08,3689.16,3689.62,6
2025-09-16T23:00:00.000Z,3689.62,3690.08,3688.44,3688.9,6
2025-09-17T00:00:00.000Z,3669,3670.21,3668.62,3669.83,5
2025-09-17T01:00:00.000Z,3669.83,3670.8,3669.45,3670.42,5
2025-09-17T02:00:00.000Z,3670.42,3671.39,3670.04,3671.01,5
2025-09-17T03:00:00.000Z,3671.01,3671.74,3670.63,3671.36,5
2025-09-17T04:00:00.000Z,3671.36,3672.24,3669.46,3670.34,6
2025-09-17T05:00:00.000Z,3670.34,3671.22,3668.99,3669.87,6
2025-09-17T06:00:00.000Z,3669.87,3670.75,3668.52,3669.4,6
2025-09-17T07:00:00.000Z,3669.4,3670.35,3668.52,3669.47,6
2025-09-17T08:00:00.000Z,3669.47,3673.67,3668.34,3672.54,13
2025-09-17T09:00:00.000Z,3672.54,3676.03,3671.41,3674.9,13
2025-09-17T10:00:00.000Z,3674.9,3678.39,3673.77,3677.26,13
2025-09-17T11:00:00.000Z,3677.26,3680.04,3676.13,3678.91,13
2025-09-17T12:00:00.000Z,3678.91,3682.21,3678.15,3681.45,15
2025-09-17T13:00:00.000Z,3681.45,3684.27,3680.69,3683.51,15
2025-09-17T14:00:00.000Z,3683.51,3686.34,3682.75,3685.58,15
2025-09-17T15:00:00.000Z,3685.58,3687.93,3684.82,3687.17,15
2025-09-17T16:00:00.000Z,3687.17,3687.55,3685.96,3686.34,6
2025-09-17T17:00:00.000Z,3686.34,3686.72,3685.37,3685.75,6
2025-09-17T18:00:00.000Z,3685.75,3686.13,3684.78,3685.16,6
2025-09-17T19:00:00.000Z,3685.16,3685.54,3684.43,3684.81,6
2025-09-17T20:00:00.000Z,3684.81,3685.24,3683.36,3683.79,5
2025-09-17T21:00:00.000Z,3683.79,3684.22,3682.61,3683.04,5
2025-09-17T22:00:00.000Z,3683.04,3683.47,3681.85,3682.28,5
2025-09-17T23:00:00.000Z,3682.28,3682.71,3681.37,3681.8,5
2025-09-18T00:00:00.000Z,3654.6,3655.09,3653.05,3653.54,5
2025-09-18T01:00:00.000Z,3653.54,3654.03,3652.29,3652.78,5
2025-09-18T02:00:00.000Z,3652.78,3653.27,3651.53,3652.02,5
2025-09-18T03:00:00.000Z,3652.02,3652.51,3651.07,3651.56,5
2025-09-18T04:00:00.000Z,3651.56,3654.43,3650.17,3653.04,5
2025-09-18T05:00:00.000Z,3653.04,3655.03,3651.65,3653.64,5
2025-09-18T06:00:00.000Z,3653.64,3655.64,3652.25,3654.25,5
2025-09-18T07:00:00.000Z,3654.25,3655.64,3652.6,3653.99,5
2025-09-18T08:00:00.000Z,3653.99,3655.45,3648.58,3650.04,6
2025-09-18T09:00:00.000Z,3650.04,3651.5,3645.54,3647,6
2025-09-18T10:00:00.000Z,3647,3648.46,3642.5,3643.96,6
2025-09-18T11:00:00.000Z,3643.96,3645.42,3640.37,3641.83,6
2025-09-18T12:00:00.000Z,3641.83,3642.8,3637.59,3638.56,7
2025-09-18T13:00:00.000Z,3638.56,3639.53,3634.93,3635.9,7
2025-09-18T14:00:00.000Z,3635.9,3636.87,3632.27,3633.24,7
2025-09-18T15:00:00.000Z,3633.24,3634.21,3630.22,3631.19,7
2025-09-18T16:00:00.000Z,3631.19,3632.74,3630.7,3632.25,5
2025-09-18T17:00:00.000Z,3632.25,3633.5,3631.76,3633.01,5
2025-09-18T18:00:00.000Z,3633.01,3634.26,3632.52,3633.77,5
2025-09-18T19:00:00.000Z,3633.77,3634.72,3633.28,3634.23,5
2025-09-18T20:00:00.000Z,3634.23,3638.22,3633.23,3637.22,5
2025-09-18T21:00:00.000Z,3637.22,3640.59,3636.22,3639.59,5
2025-09-18T22:00:00.000Z,3639.59,3642.96,3638.59,3641.96,5
2025-09-18T23:00:00.000Z,3641.96,3644.7,3640.96,3643.7,5
2025-09-19T00:00:00.000Z,3659,3660.41,3658.56,3659.97,5
2025-09-19T01:00:00.000Z,3659.97,3661.1,3659.53,3660.66,5
2025-09-19T02:00:00.000Z,3660.66,3661.79,3660.22,3661.35,5
2025-09-19T03:00:00.000Z,3661.35,3662.21,3660.91,3661.77,5
2025-09-19T04:00:00.000Z,3661.77,3662.17,3660.57,3660.97,6
2025-09-19T05:00:00.000Z,3660.97,3661.37,3660.01,3660.41,6
2025-09-19T06:00:00.000Z,3660.41,3660.81,3659.46,3659.86,6
2025-09-19T07:00:00.000Z,3659.86,3660.26,3659.15,3659.55,6
2025-09-19T08:00:00.000Z,3659.55,3664.48,3658.22,3663.15,15
2025-09-19T09:00:00.000Z,3663.15,3667.25,3661.82,3665.92,15
2025-09-19T10:00:00.000Z,3665.92,3670.02,3664.59,3668.69,15
2025-09-19T11:00:00.000Z,3668.69,3671.96,3667.36,3670.63,15
2025-09-19T12:00:00.000Z,3670.63,3675.22,3669.3,3673.89,17
2025-09-19T13:00:00.000Z,3673.89,3677.64,3672.56,3676.31,17
2025-09-19T14:00:00.000Z,3676.31,3680.07,3674.98,3678.74,17
2025-09-19T15:00:00.000Z,3678.74,3681.66,3677.41,3680.33,17
2025-09-19T16:00:00.000Z,3680.33,3680.77,3678.92,3679.36,6
2025-09-19T17:00:00.000Z,3679.36,3679.8,3678.23,3678.67,6
2025-09-19T18:00:00.000Z,3678.67,3679.11,3677.54,3677.98,6
2025-09-19T19:00:00.000Z,3677.98,3678.42,3677.12,3677.56,6
2025-09-19T20:00:00.000Z,3677.56,3678.27,3674.89,3675.6,5
2025-09-19T21:00:00.000Z,3675.6,3676.31,3673.38,3674.09,5
2025-09-19T22:00:00.000Z,3674.09,3674.8,3671.86,3672.57,5
2025-09-19T23:00:00.000Z,3672.57,3673.28,3670.79,3671.5,5
2025-09-22T00:00:00.000Z,3688.2,3691.27,3687.24,3690.31,10
2025-09-22T01:00:00.000Z,3690.31,3692.77,3689.35,3691.81,10
2025-09-22T02:00:00.000Z,3691.81,3694.28,3690.85,3693.32,10
2025-09-22T03:00:00.000Z,3693.32,3695.18,3692.36,3694.22,10
2025-09-22T04:00:00.000Z,3694.22,3694.96,3691.81,3692.55,12
2025-09-22T05:00:00.000Z,3692.55,3693.29,3690.61,3691.35,12
2025-09-22T06:00:00.000Z,3691.35,3692.09,3689.4,3690.14,12
2025-09-22T07:00:00.000Z,3690.14,3690.88,3688.66,3689.4,12
2025-09-22T08:00:00.000Z,3689.4,3700.12,3686.51,3697.23,29
2025-09-22T09:00:00.000Z,3697.23,3706.14,3694.34,3703.25,29
2025-09-22T10:00:00.000Z,3703.25,3712.16,3700.36,3709.27,29
2025-09-22T11:00:00.000Z,3709.27,3716.37,3706.38,3713.48,29
2025-09-22T12:00:00.000Z,3713.48,3723.65,3710.46,3720.63,33
2025-09-22T13:00:00.000Z,3720.63,3728.92,3717.61,3725.9,33
2025-09-22T14:00:00.000Z,3725.9,3734.19,3722.88,3731.17,33
2025-09-22T15:00:00.000Z,3731.17,3737.57,3728.15,3734.55,33
2025-09-22T16:00:00.000Z,3734.55,3735.51,3731.48,3732.44,12
2025-09-22T17:00:00.000Z,3732.44,3733.4,3729.98,3730.94,12
2025-09-22T18:00:00.000Z,3730.94,3731.9,3728.47,3729.43,12
2025-09-22T19:00:00.000Z,3729.43,3730.39,3727.57,3728.53,12
2025-09-22T20:00:00.000Z,3728.53,3733.94,3727.07,3732.48,6
2025-09-22T21:00:00.000Z,3732.48,3736.98,3731.02,3735.52,6
2025-09-22T22:00:00.000Z,3735.52,3740.03,3734.06,3738.57,6
2025-09-22T23:00:00.000Z,3738.57,3742.16,3737.11,3740.7,6
2025-09-23T00:00:00.000Z,3747,3749.35,3746.26,3748.61,16
2025-09-23T01:00:00.000Z,3748.61,3750.5,3747.87,3749.76,16
2025-09-23T02:00:00.000Z,3749.76,3751.65,3749.02,3750.91,16
2025-09-23T03:00:00.000Z,3750.91,3752.34,3750.17,3751.6,16
2025-09-23T04:00:00.000Z,3751.6,3752.71,3748.87,3749.98,19
2025-09-23T05:00:00.000Z,3749.98,3751.09,3747.96,3749.07,19
2025-09-23T06:00:00.000Z,3749.07,3750.18,3747.03,3748.14,19
2025-09-23T07:00:00.000Z,3748.14,3749.25,3746.81,3747.92,19
2025-09-23T08:00:00.000Z,3747.92,3756.11,3745.71,3753.9,44
2025-09-23T09:00:00.000Z,3753.9,3760.71,3751.69,3758.5,44
2025-09-23T10:00:00.000Z,3758.5,3765.31,3756.29,3763.1,44
2025-09-23T11:00:00.000Z,3763.1,3768.53,3760.89,3766.32,44
2025-09-23T12:00:00.000Z,3766.32,3773.2,3764.56,3771.44,50
2025-09-23T13:00:00.000Z,3771.44,3777.23,3769.68,3775.47,50
2025-09-23T14:00:00.000Z,3775.47,3781.25,3773.71,3779.49,50
2025-09-23T15:00:00.000Z,3779.49,3784.18,3777.73,3782.42,50
2025-09-23T16:00:00.000Z,3782.42,3783.16,3780.07,3780.81,19
2025-09-23T17:00:00.000Z,3780.81,3781.55,3778.92,3779.66,19
2025-09-23T18:00:00.000Z,3779.66,3780.4,3777.77,3778.51,19
2025-09-23T19:00:00.000Z,3778.51,3779.25,3777.08,3777.82,19
2025-09-23T20:00:00.000Z,3777.82,3779.47,3777.23,3778.88,10
2025-09-23T21:00:00.000Z,3778.88,3780.17,3778.29,3779.58,10
2025-09-23T22:00:00.000Z,3779.58,3780.86,3778.99,3780.27,10
2025-09-23T23:00:00.000Z,3780.27,3781.19,3779.68,3780.6,10
2025-09-24T00:00:00.000Z,3769.8,3770.45,3767.74,3768.39,15
2025-09-24T01:00:00.000Z,3768.39,3769.04,3766.73,3767.38,15
2025-09-24T02:00:00.000Z,3767.38,3768.03,3765.72,3766.37,15
2025-09-24T03:00:00.000Z,3766.37,3767.02,3765.11,3765.76,15
2025-09-24T04:00:00.000Z,3765.76,3767.71,3765.06,3767.01,18
2025-09-24T05:00:00.000Z,3767.01,3768.51,3766.31,3767.81,18
2025-09-24T06:00:00.000Z,3767.81,3769.32,3767.11,3768.62,18
2025-09-24T07:00:00.000Z,3768.62,3769.69,3767.92,3768.99,18
2025-09-24T08:00:00.000Z,3768.99,3770.93,3761.8,3763.74,41
2025-09-24T09:00:00.000Z,3763.74,3765.68,3757.76,3759.7,41
2025-09-24T10:00:00.000Z,3759.7,3761.64,3753.72,3755.66,41
2025-09-24T11:00:00.000Z,3755.66,3757.6,3750.89,3752.83,41
2025-09-24T12:00:00.000Z,3752.83,3754.65,3746.34,3748.16,47
2025-09-24T13:00:00.000Z,3748.16,3749.98,3742.8,3744.62,47
2025-09-24T14:00:00.000Z,3744.62,3746.44,3739.27,3741.09,47
2025-09-24T15:00:00.000Z,3741.09,3742.91,3736.87,3738.69,47
2025-09-24T16:00:00.000Z,3738.69,3740.75,3738.04,3740.1,18
2025-09-24T17:00:00.000Z,3740.1,3741.76,3739.45,3741.11,18
2025-09-24T18:00:00.000Z,3741.11,3742.77,3740.46,3742.12,18
2025-09-24T19:00:00.000Z,3742.12,3743.38,3741.47,3742.73,18
2025-09-24T20:00:00.000Z,3742.73,3743.9,3738.17,3739.34,9
2025-09-24T21:00:00.000Z,3739.34,3740.51,3735.51,3736.68,9
2025-09-24T22:00:00.000Z,3736.68,3737.85,3732.85,3734.02,9
2025-09-24T23:00:00.000Z,3734.02,3735.19,3730.93,3732.1,9
2025-09-25T00:00:00.000Z,3742.8,3743.3,3741.2,3741.7,48
2025-09-25T01:00:00.000Z,3741.7,3742.2,3740.42,3740.92,48
2025-09-25T02:00:00.000Z,3740.92,3741.42,3739.64,3740.14,48
2025-09-25T03:00:00.000Z,3740.14,3740.64,3739.17,3739.67,48
2025-09-25T04:00:00.000Z,3739.67,3742.62,3738.24,3741.19,57
2025-09-25T05:00:00.000Z,3741.19,3743.24,3739.76,3741.81,57
2025-09-25T06:00:00.000Z,3741.81,3743.87,3740.38,3742.44,57
2025-09-25T07:00:00.000Z,3742.44,3743.87,3740.74,3742.17,57
2025-09-25T08:00:00.000Z,3742.17,3743.67,3736.6,3738.1,133
2025-09-25T09:00:00.000Z,3738.1,3739.6,3733.47,3734.97,133
2025-09-25T10:00:00.000Z,3734.97,3736.47,3730.34,3731.84,133
2025-09-25T11:00:00.000Z,3731.84,3733.34,3728.15,3729.65,133
2025-09-25T12:00:00.000Z,3729.65,3730.65,3725.29,3726.29,152
2025-09-25T13:00:00.000Z,3726.29,3727.29,3722.55,3723.55,152
2025-09-25T14:00:00.000Z,3723.55,3724.55,3719.81,3720.81,152
2025-09-25T15:00:00.000Z,3720.81,3721.81,3717.7,3718.7,152
2025-09-25T16:00:00.000Z,3718.7,3720.3,3718.2,3719.8,57
2025-09-25T17:00:00.000Z,3719.8,3721.08,3719.3,3720.58,57
2025-09-25T18:00:00.000Z,3720.58,3721.86,3720.08,3721.36,57
2025-09-25T19:00:00.000Z,3721.36,3722.33,3720.86,3721.83,57
2025-09-25T20:00:00.000Z,3721.83,3727.97,3720.37,3726.51,29
2025-09-25T21:00:00.000Z,3726.51,3731.73,3725.05,3730.27,29
2025-09-25T22:00:00.000Z,3730.27,3735.5,3728.81,3734.04,29
2025-09-25T23:00:00.000Z,3734.04,3738.36,3732.58,3736.9,29
2025-09-26T00:00:00.000Z,3775.3,3775.3,3775.3,3775.3,483
2025-09-26T01:00:00.000Z,3775.3,3775.3,3775.3,3775.3,483
2025-09-26T02:00:00.000Z,3775.3,3775.3,3775.3,3775.3,483
2025-09-26T03:00:00.000Z,3775.3,3775.3,3775.3,3775.3,483
2025-09-26T04:00:00.000Z,3775.3,3775.3,3775.3,3775.3,579
2025-09-26T05:00:00.000Z,3775.3,3775.3,3775.3,3775.3,579
2025-09-26T06:00:00.000Z,3775.3,3775.3,3775.3,3775.3,579
2025-09-26T07:00:00.000Z,3775.3,3775.3,3775.3,3775.3,579
2025-09-26T08:00:00.000Z,3775.3,3775.3,3775.3,3775.3,1352
2025-09-26T09:00:00.000Z,3775.3,3775.3,3775.3,3775.3,1352
2025-09-26T10:00:00.000Z,3775.3,3775.3,3775.3,3775.3,1352
2025-09-26T11:00:00.000Z,3775.3,3775.3,3775.3,3775.3,1352
2025-09-26T12:00:00.000Z,3775.3,3775.3,3775.3,3775.3,1545
2025-09-26T13:00:00.000Z,3775.3,3775.3,3775.3,3775.3,1545
2025-09-26T14:00:00.000Z,3775.3,3775.3,3775.3,3775.3,1545
2025-09-26T15:00:00.000Z,3775.3,3775.3,3775.3,3775.3,1545
2025-09-26T16:00:00.000Z,3775.3,3775.3,3775.3,3775.3,579
2025-09-26T17:00:00.000Z,3775.3,3775.3,3775.3,3775.3,579
2025-09-26T18:00:00.000Z,3775.3,3775.3,3775.3,3775.3,579
2025-09-26T19:00:00.000Z,3775.3,3775.3,3775.3,3775.3,579
2025-09-26T20:00:00.000Z,3775.3,3775.3,3775.3,3775.3,290
2025-09-26T21:00:00.000Z,3775.3,3775.3,3775.3,3775.3,290
2025-09-26T22:00:00.000Z,3775.3,3775.3,3775.3,3775.3,290
2025-09-26T23:00:00.000Z,3775.3,3775.3,3775.3,3775.3,290
2025-09-29T00:00:00.000Z,3754.8,3758.51,3753.64,3757.35,222
2025-09-29T01:00:00.000Z,3757.35,3760.33,3756.19,3759.17,222
2025-09-29T02:00:00.000Z,3759.17,3762.15,3758.01,3760.99,222
2025-09-29T03:00:00.000Z,3760.99,3763.24,3759.83,3762.08,222
2025-09-29T04:00:00.000Z,3762.08,3762.95,3759.21,3760.08,266
2025-09-29T05:00:00.000Z,3760.08,3760.95,3757.75,3758.62,266
2025-09-29T06:00:00.000Z,3758.62,3759.49,3756.3,3757.17,266
2025-09-29T07:00:00.000Z,3757.17,3758.04,3755.39,3756.26,266
2025-09-29T08:00:00.000Z,3756.26,3769.21,3752.77,3765.72,620
2025-09-29T09:00:00.000Z,3765.72,3776.49,3762.23,3773,620
2025-09-29T10:00:00.000Z,3773,3783.77,3769.51,3780.28,620
2025-09-29T11:00:00.000Z,3780.28,3788.87,3776.79,3785.38,620
2025-09-29T12:00:00.000Z,3785.38,3797.71,3781.71,3794.04,709
2025-09-29T13:00:00.000Z,3794.04,3804.08,3790.37,3800.41,709
2025-09-29T14:00:00.000Z,3800.41,3810.45,3796.74,3806.78,709
2025-09-29T15:00:00.000Z,3806.78,3814.53,3803.11,3810.86,709
2025-09-29T16:00:00.000Z,3810.86,3812.02,3807.15,3808.31,266
2025-09-29T17:00:00.000Z,3808.31,3809.47,3805.33,3806.49,266
2025-09-29T18:00:00.000Z,3806.49,3807.65,3803.51,3804.67,266
2025-09-29T19:00:00.000Z,3804.67,3805.83,3802.42,3803.58,266
2025-09-29T20:00:00.000Z,3803.58,3811.11,3801.61,3809.14,133
2025-09-29T21:00:00.000Z,3809.14,3815.44,3807.17,3813.47,133
2025-09-29T22:00:00.000Z,3813.47,3819.77,3811.5,3817.8,133
2025-09-29T23:00:00.000Z,3817.8,3822.87,3815.83,3820.9,133
2025-09-30T00:00:00.000Z,3827.5,3831.17,3826.35,3830.02,40
2025-09-30T01:00:00.000Z,3830.02,3832.98,3828.87,3831.83,40
2025-09-30T02:00:00.000Z,3831.83,3834.78,3830.68,3833.63,40
2025-09-30T03:00:00.000Z,3833.63,3835.86,3832.48,3834.71,40
2025-09-30T04:00:00.000Z,3834.71,3838.3,3827.43,3831.02,48
2025-09-30T05:00:00.000Z,3831.02,3834.61,3825.99,3829.58,48
2025-09-30T06:00:00.000Z,3829.58,3833.17,3824.55,3828.14,48
2025-09-30T07:00:00.000Z,3828.14,3832.53,3824.55,3828.94,48
2025-09-30T08:00:00.000Z,3828.94,3841.77,3825.48,3838.31,113
2025-09-30T09:00:00.000Z,3838.31,3848.98,3834.85,3845.52,113
2025-09-30T10:00:00.000Z,3845.52,3856.19,3842.06,3852.73,113
2025-09-30T11:00:00.000Z,3852.73,3861.24,3849.27,3857.78,113
2025-09-30T12:00:00.000Z,3857.78,3867.84,3855.47,3865.53,129
2025-09-30T13:00:00.000Z,3865.53,3874.15,3863.22,3871.84,129
2025-09-30T14:00:00.000Z,3871.84,3880.46,3869.53,3878.15,129
2025-09-30T15:00:00.000Z,3878.15,3885.33,3875.84,3883.02,129
2025-09-30T16:00:00.000Z,3883.02,3884.17,3879.35,3880.5,48
2025-09-30T17:00:00.000Z,3880.5,3881.65,3877.54,3878.69,48
2025-09-30T18:00:00.000Z,3878.69,3879.84,3875.74,3876.89,48
2025-09-30T19:00:00.000Z,3876.89,3878.04,3874.66,3875.81,48
2025-09-30T20:00:00.000Z,3875.81,3879.19,3861.57,3864.95,24
2025-09-30T21:00:00.000Z,3864.95,3868.33,3852.81,3856.19,24
2025-09-30T22:00:00.000Z,3856.19,3859.57,3844.06,3847.44,24
2025-09-30T23:00:00.000Z,3847.44,3850.82,3837.42,3840.8,24
2025-10-01T00:00:00.000Z,3863.5,3865.47,3862.88,3864.85,45
2025-10-01T01:00:00.000Z,3864.85,3866.44,3864.23,3865.82,45
2025-10-01T02:00:00.000Z,3865.82,3867.4,3865.2,3866.78,45
2025-10-01T03:00:00.000Z,3866.78,3867.98,3866.16,3867.36,45
2025-10-01T04:00:00.000Z,3867.36,3868.64,3864.51,3865.79,53
2025-10-01T05:00:00.000Z,3865.79,3867.07,3863.74,3865.02,53
2025-10-01T06:00:00.000Z,3865.02,3866.3,3862.96,3864.24,53
2025-10-01T07:00:00.000Z,3864.24,3865.55,3862.96,3864.27,53
2025-10-01T08:00:00.000Z,3864.27,3871.14,3862.42,3869.29,125
2025-10-01T09:00:00.000Z,3869.29,3875,3867.44,3873.15,125
2025-10-01T10:00:00.000Z,3873.15,3878.86,3871.3,3877.01,125
2025-10-01T11:00:00.000Z,3877.01,3881.56,3875.16,3879.71,125
2025-10-01T12:00:00.000Z,3879.71,3885.1,3878.47,3883.86,142
2025-10-01T13:00:00.000Z,3883.86,3888.48,3882.62,3887.24,142
2025-10-01T14:00:00.000Z,3887.24,3891.85,3886,3890.61,142
2025-10-01T15:00:00.000Z,3890.61,3894.46,3889.37,3893.22,142
2025-10-01T16:00:00.000Z,3893.22,3893.84,3891.25,3891.87,53
2025-10-01T17:00:00.000Z,3891.87,3892.49,3890.28,3890.9,53
2025-10-01T18:00:00.000Z,3890.9,3891.52,3889.32,3889.94,53
2025-10-01T19:00:00.000Z,3889.94,3890.56,3888.74,3889.36,53
2025-10-01T20:00:00.000Z,3889.36,3891.42,3880.55,3882.61,27
2025-10-01T21:00:00.000Z,3882.61,3884.67,3875.08,3877.14,27
2025-10-01T22:00:00.000Z,3877.14,3879.2,3869.62,3871.68,27
2025-10-01T23:00:00.000Z,3871.68,3873.74,3865.44,3867.5,27
2025-10-02T00:00:00.000Z,3856.2,3857.24,3852.89,3853.93,86
2025-10-02T01:00:00.000Z,3853.93,3854.97,3851.27,3852.31,86
2025-10-02T02:00:00.000Z,3852.31,3853.35,3849.64,3850.68,86
2025-10-02T03:00:00.000Z,3850.68,3851.72,3848.67,3849.71,86
2025-10-02T04:00:00.000Z,3849.71,3856.48,3846.34,3853.11,103
2025-10-02T05:00:00.000Z,3853.11,3857.78,3849.74,3854.41,103
2025-10-02T06:00:00.000Z,3854.41,3859.08,3851.04,3855.71,103
2025-10-02T07:00:00.000Z,3855.71,3859.08,3851.53,3854.9,103
2025-10-02T08:00:00.000Z,3854.9,3858.02,3843.34,3846.46,239
2025-10-02T09:00:00.000Z,3846.46,3849.58,3836.85,3839.97,239
2025-10-02T10:00:00.000Z,3839.97,3843.09,3830.36,3833.48,239
2025-10-02T11:00:00.000Z,3833.48,3836.6,3825.82,3828.94,239
2025-10-02T12:00:00.000Z,3828.94,3831.02,3819.88,3821.96,274
2025-10-02T13:00:00.000Z,3821.96,3824.04,3814.21,3816.29,274
2025-10-02T14:00:00.000Z,3816.29,3818.37,3808.53,3810.61,274
2025-10-02T15:00:00.000Z,3810.61,3812.69,3804.15,3806.23,274
2025-10-02T16:00:00.000Z,3806.23,3809.54,3805.19,3808.5,103
2025-10-02T17:00:00.000Z,3808.5,3811.16,3807.46,3810.12,103
2025-10-02T18:00:00.000Z,3810.12,3812.79,3809.08,3811.75,103
2025-10-02T19:00:00.000Z,3811.75,3813.76,3810.71,3812.72,103
2025-10-02T20:00:00.000Z,3812.72,3823.82,3810.04,3821.14,51
2025-10-02T21:00:00.000Z,3821.14,3830.56,3818.46,3827.88,51
2025-10-02T22:00:00.000Z,3827.88,3837.31,3825.2,3834.63,51
2025-10-02T23:00:00.000Z,3834.63,3842.38,3831.95,3839.7,51
2025-10-03T00:00:00.000Z,3855.2,3856.89,3854.67,3856.36,10
2025-10-03T01:00:00.000Z,3856.36,3857.72,3855.83,3857.19,10
2025-10-03T02:00:00.000Z,3857.19,3858.54,3856.66,3858.01,10
2025-10-03T03:00:00.000Z,3858.01,3859.04,3857.48,3858.51,10
2025-10-03T04:00:00.000Z,3858.51,3859.03,3857,3857.52,12
2025-10-03T05:00:00.000Z,3857.52,3858.04,3856.34,3856.86,12
2025-10-03T06:00:00.000Z,3856.86,3857.38,3855.68,3856.2,12
2025-10-03T07:00:00.000Z,3856.2,3856.72,3855.34,3855.86,12
2025-10-03T08:00:00.000Z,3855.86,3861.75,3854.27,3860.16,28
2025-10-03T09:00:00.000Z,3860.16,3865.06,3858.57,3863.47,28
2025-10-03T10:00:00.000Z,3863.47,3868.37,3861.88,3866.78,28
2025-10-03T11:00:00.000Z,3866.78,3870.69,3865.19,3869.1,28
2025-10-03T12:00:00.000Z,3869.1,3874.52,3867.55,3872.97,31
2025-10-03T13:00:00.000Z,3872.97,3877.41,3871.42,3875.86,31
2025-10-03T14:00:00.000Z,3875.86,3880.31,3874.31,3878.76,31
2025-10-03T15:00:00.000Z,3878.76,3882.24,3877.21,3880.69,31
2025-10-03T16:00:00.000Z,3880.69,3881.22,3879,3879.53,12
2025-10-03T17:00:00.000Z,3879.53,3880.06,3878.17,3878.7,12
2025-10-03T18:00:00.000Z,3878.7,3879.23,3877.35,3877.88,12
2025-10-03T19:00:00.000Z,3877.88,3878.41,3876.85,3877.38,12
2025-10-03T20:00:00.000Z,3877.38,3879.11,3876.84,3878.57,6
2025-10-03T21:00:00.000Z,3878.57,3879.97,3878.03,3879.43,6
2025-10-03T22:00:00.000Z,3879.43,3880.82,3878.89,3880.28,6
2025-10-03T23:00:00.000Z,3880.28,3881.34,3879.74,3880.8,6
2025-10-06T00:00:00.000Z,3931.3,3932.99,3930.77,3932.46,32
2025-10-06T01:00:00.000Z,3932.46,3933.82,3931.93,3933.29,32
2025-10-06T02:00:00.000Z,3933.29,3934.65,3932.76,3934.12,32
2025-10-06T03:00:00.000Z,3934.12,3935.15,3933.59,3934.62,32
2025-10-06T04:00:00.000Z,3934.62,3935.38,3932.72,3933.48,38
2025-10-06T05:00:00.000Z,3933.48,3934.24,3932.06,3932.82,38
2025-10-06T06:00:00.000Z,3932.82,3933.58,3931.39,3932.15,38
2025-10-06T07:00:00.000Z,3932.15,3932.91,3931.2,3931.96,38
2025-10-06T08:00:00.000Z,3931.96,3937.87,3930.37,3936.28,89
2025-10-06T09:00:00.000Z,3936.28,3941.19,3934.69,3939.6,89
2025-10-06T10:00:00.000Z,3939.6,3944.51,3938.01,3942.92,89
2025-10-06T11:00:00.000Z,3942.92,3946.83,3941.33,3945.24,89
2025-10-06T12:00:00.000Z,3945.24,3950.28,3943.93,3948.97,101
2025-10-06T13:00:00.000Z,3948.97,3953.18,3947.66,3951.87,101
2025-10-06T14:00:00.000Z,3951.87,3956.09,3950.56,3954.78,101
2025-10-06T15:00:00.000Z,3954.78,3958.17,3953.47,3956.86,101
2025-10-06T16:00:00.000Z,3956.86,3957.39,3955.17,3955.7,38
2025-10-06T17:00:00.000Z,3955.7,3956.23,3954.34,3954.87,38
2025-10-06T18:00:00.000Z,3954.87,3955.4,3953.51,3954.04,38
2025-10-06T19:00:00.000Z,3954.04,3954.57,3953.01,3953.54,38
2025-10-06T20:00:00.000Z,3953.54,3954.21,3951.19,3951.86,19
2025-10-06T21:00:00.000Z,3951.86,3952.53,3949.93,3950.6,19
2025-10-06T22:00:00.000Z,3950.6,3951.27,3948.67,3949.34,19
2025-10-06T23:00:00.000Z,3949.34,3950.01,3947.83,3948.5,19
2025-10-07T00:00:00.000Z,3959.4,3961.51,3958.74,3960.85,73
2025-10-07T01:00:00.000Z,3960.85,3962.55,3960.19,3961.89,73
2025-10-07T02:00:00.000Z,3961.89,3963.59,3961.23,3962.93,73
2025-10-07T03:00:00.000Z,3962.93,3964.21,3962.27,3963.55,73
2025-10-07T04:00:00.000Z,3963.55,3965.6,3959.39,3961.44,87
2025-10-07T05:00:00.000Z,3961.44,3963.49,3958.56,3960.61,87
2025-10-07T06:00:00.000Z,3960.61,3962.66,3957.73,3959.78,87
2025-10-07T07:00:00.000Z,3959.78,3962.28,3957.73,3960.23,87
2025-10-07T08:00:00.000Z,3960.23,3967.62,3958.24,3965.63,203
2025-10-07T09:00:00.000Z,3965.63,3971.76,3963.64,3969.77,203
2025-10-07T10:00:00.000Z,3969.77,3975.91,3967.78,3973.92,203
2025-10-07T11:00:00.000Z,3973.92,3978.82,3971.93,3976.83,203
2025-10-07T12:00:00.000Z,3976.83,3982.62,3975.5,3981.29,232
2025-10-07T13:00:00.000Z,3981.29,3986.25,3979.96,3984.92,232
2025-10-07T14:00:00.000Z,3984.92,3989.88,3983.59,3988.55,232
2025-10-07T15:00:00.000Z,3988.55,3992.68,3987.22,3991.35,232
2025-10-07T16:00:00.000Z,3991.35,3992.01,3989.24,3989.9,87
2025-10-07T17:00:00.000Z,3989.9,3990.56,3988.2,3988.86,87
2025-10-07T18:00:00.000Z,3988.86,3989.52,3987.16,3987.82,87
2025-10-07T19:00:00.000Z,3987.82,3988.48,3986.54,3987.2,87
2025-10-07T20:00:00.000Z,3987.2,3988.38,3982.63,3983.81,44
2025-10-07T21:00:00.000Z,3983.81,3984.99,3979.98,3981.16,44
2025-10-07T22:00:00.000Z,3981.16,3982.34,3977.33,3978.51,44
2025-10-07T23:00:00.000Z,3978.51,3979.69,3975.42,3976.6,44
2025-10-08T00:00:00.000Z,3987.2,3990.36,3986.21,3989.37,55
2025-10-08T01:00:00.000Z,3989.37,3991.91,3988.38,3990.92,55
2025-10-08T02:00:00.000Z,3990.92,3993.46,3989.93,3992.47,55
2025-10-08T03:00:00.000Z,3992.47,3994.39,3991.48,3993.4,55
2025-10-08T04:00:00.000Z,3993.4,3994.14,3990.95,3991.69,65
2025-10-08T05:00:00.000Z,3991.69,3992.43,3989.71,3990.45,65
2025-10-08T06:00:00.000Z,3990.45,3991.19,3988.48,3989.22,65
2025-10-08T07:00:00.000Z,3989.22,3989.96,3987.7,3988.44,65
2025-10-08T08:00:00.000Z,3988.44,3999.48,3985.46,3996.5,153
2025-10-08T09:00:00.000Z,3996.5,4005.68,3993.52,4002.7,153
2025-10-08T10:00:00.000Z,4002.7,4011.88,3999.72,4008.9,153
2025-10-08T11:00:00.000Z,4008.9,4016.22,4005.92,4013.24,153
2025-10-08T12:00:00.000Z,4013.24,4023.74,4010.12,4020.62,174
2025-10-08T13:00:00.000Z,4020.62,4029.16,4017.5,4026.04,174
2025-10-08T14:00:00.000Z,4026.04,4034.59,4022.92,4031.47,174
2025-10-08T15:00:00.000Z,4031.47,4038.06,4028.35,4034.94,174
2025-10-08T16:00:00.000Z,4034.94,4035.93,4031.78,4032.77,65
2025-10-08T17:00:00.000Z,4032.77,4033.76,4030.23,4031.22,65
2025-10-08T18:00:00.000Z,4031.22,4032.21,4028.68,4029.67,65
2025-10-08T19:00:00.000Z,4029.67,4030.66,4027.75,4028.74,65
2025-10-08T20:00:00.000Z,4028.74,4035.08,4027.08,4033.42,33
2025-10-08T21:00:00.000Z,4033.42,4038.72,4031.76,4037.06,33
2025-10-08T22:00:00.000Z,4037.06,4042.36,4035.4,4040.7,33
2025-10-08T23:00:00.000Z,4040.7,4044.96,4039.04,4043.3,33
2025-10-09T00:00:00.000Z,4011.2,4012.9,4005.78,4007.48,78
2025-10-09T01:00:00.000Z,4007.48,4009.18,4003.13,4004.83,78
2025-10-09T02:00:00.000Z,4004.83,4006.53,4000.47,4002.17,78
2025-10-09T03:00:00.000Z,4002.17,4003.87,3998.88,4000.58,78
2025-10-09T04:00:00.000Z,4000.58,4009.32,3996.51,4005.25,94
2025-10-09T05:00:00.000Z,4005.25,4011.45,4001.18,4007.38,94
2025-10-09T06:00:00.000Z,4007.38,4013.57,4003.31,4009.5,94
2025-10-09T07:00:00.000Z,4009.5,4013.57,4005.01,4009.08,94
2025-10-09T08:00:00.000Z,4009.08,4014.18,3990.17,3995.27,219
2025-10-09T09:00:00.000Z,3995.27,4000.37,3979.55,3984.65,219
2025-10-09T10:00:00.000Z,3984.65,3989.75,3968.93,3974.03,219
2025-10-09T11:00:00.000Z,3974.03,3979.13,3961.5,3966.6,219
2025-10-09T12:00:00.000Z,3966.6,3970,3951.78,3955.18,251
2025-10-09T13:00:00.000Z,3955.18,3958.58,3942.49,3945.89,251
2025-10-09T14:00:00.000Z,3945.89,3949.29,3933.2,3936.6,251
2025-10-09T15:00:00.000Z,3936.6,3940,3926.03,3929.43,251
2025-10-09T16:00:00.000Z,3929.43,3934.85,3927.73,3933.15,94
2025-10-09T17:00:00.000Z,3933.15,3937.5,3931.45,3935.8,94
2025-10-09T18:00:00.000Z,3935.8,3940.16,3934.1,3938.46,94
2025-10-09T19:00:00.000Z,3938.46,3941.75,3936.76,3940.05,94
2025-10-09T20:00:00.000Z,3940.05,3943.81,3938.7,3942.46,47
2025-10-09T21:00:00.000Z,3942.46,3945.37,3941.11,3944.02,47
2025-10-09T22:00:00.000Z,3944.02,3946.93,3942.67,3945.58,47
2025-10-09T23:00:00.000Z,3945.58,3947.65,3944.23,3946.3,47
2025-10-10T00:00:00.000Z,3957,3960.39,3955.94,3959.33,43
2025-10-10T01:00:00.000Z,3959.33,3962.05,3958.27,3960.99,43
2025-10-10T02:00:00.000Z,3960.99,3963.71,3959.93,3962.65,43
2025-10-10T03:00:00.000Z,3962.65,3964.71,3961.59,3963.65,43
2025-10-10T04:00:00.000Z,3963.65,3965.37,3959.53,3961.25,51
2025-10-10T05:00:00.000Z,3961.25,3962.97,3958.2,3959.92,51
2025-10-10T06:00:00.000Z,3959.92,3961.64,3956.87,3958.59,51
2025-10-10T07:00:00.000Z,3958.59,3960.31,3956.61,3958.33,51
2025-10-10T08:00:00.000Z,3958.33,3970.16,3955.14,3966.97,119
2025-10-10T09:00:00.000Z,3966.97,3976.82,3963.78,3973.63,119
2025-10-10T10:00:00.000Z,3973.63,3983.46,3970.44,3980.27,119
2025-10-10T11:00:00.000Z,3980.27,3988.12,3977.08,3984.93,119
2025-10-10T12:00:00.000Z,3984.93,3994.7,3982.5,3992.27,136
2025-10-10T13:00:00.000Z,3992.27,4000.51,3989.84,3998.08,136
2025-10-10T14:00:00.000Z,3998.08,4006.33,3995.65,4003.9,136
2025-10-10T15:00:00.000Z,4003.9,4010.63,4001.47,4008.2,136
2025-10-10T16:00:00.000Z,4008.2,4009.26,4004.81,4005.87,51
2025-10-10T17:00:00.000Z,4005.87,4006.93,4003.15,4004.21,51
2025-10-10T18:00:00.000Z,4004.21,4005.27,4001.49,4002.55,51
2025-10-10T19:00:00.000Z,4002.55,4003.61,4000.49,4001.55,51
2025-10-10T20:00:00.000Z,4001.55,4004.13,3990.94,3993.52,26
2025-10-10T21:00:00.000Z,3993.52,3996.1,3984.53,3987.11,26
2025-10-10T22:00:00.000Z,3987.11,3989.69,3978.12,3980.7,26
2025-10-10T23:00:00.000Z,3980.7,3983.28,3973.32,3975.9,26
2025-10-13T00:00:00.000Z,4016,4020.84,4014.48,4019.32,43
2025-10-13T01:00:00.000Z,4019.32,4023.22,4017.8,4021.7,43
2025-10-13T02:00:00.000Z,4021.7,4025.59,4020.18,4024.07,43
2025-10-13T03:00:00.000Z,4024.07,4027.02,4022.55,4025.5,43
2025-10-13T04:00:00.000Z,4025.5,4026.64,4021.75,4022.89,51
2025-10-13T05:00:00.000Z,4022.89,4024.03,4019.85,4020.99,51
2025-10-13T06:00:00.000Z,4020.99,4022.13,4017.95,4019.09,51
2025-10-13T07:00:00.000Z,4019.09,4020.23,4016.76,4017.9,51
2025-10-13T08:00:00.000Z,4017.9,4034.81,4013.34,4030.25,119
2025-10-13T09:00:00.000Z,4030.25,4044.31,4025.69,4039.75,119
2025-10-13T10:00:00.000Z,4039.75,4053.81,4035.19,4049.25,119
2025-10-13T11:00:00.000Z,4049.25,4060.46,4044.69,4055.9,119
2025-10-13T12:00:00.000Z,4055.9,4071.99,4051.11,4067.2,136
2025-10-13T13:00:00.000Z,4067.2,4080.31,4062.41,4075.52,136
2025-10-13T14:00:00.000Z,4075.52,4088.62,4070.73,4083.83,136
2025-10-13T15:00:00.000Z,4083.83,4093.94,4079.04,4089.15,136
2025-10-13T16:00:00.000Z,4089.15,4090.67,4084.31,4085.83,51
2025-10-13T17:00:00.000Z,4085.83,4087.35,4081.93,4083.45,51
2025-10-13T18:00:00.000Z,4083.45,4084.97,4079.56,4081.08,51
2025-10-13T19:00:00.000Z,4081.08,4082.6,4078.13,4079.65,51
2025-10-13T20:00:00.000Z,4079.65,4091.89,4076.57,4088.81,26
2025-10-13T21:00:00.000Z,4088.81,4099.13,4085.73,4096.05,26
2025-10-13T22:00:00.000Z,4096.05,4106.36,4092.97,4103.28,26
2025-10-13T23:00:00.000Z,4103.28,4111.68,4100.2,4108.6,26
2025-10-14T00:00:00.000Z,4131.7,4135.49,4130.51,4134.3,61
2025-10-14T01:00:00.000Z,4134.3,4137.35,4133.11,4136.16,61
2025-10-14T02:00:00.000Z,4136.16,4139.21,4134.97,4138.02,61
2025-10-14T03:00:00.000Z,4138.02,4140.32,4136.83,4139.13,61
2025-10-14T04:00:00.000Z,4139.13,4143.69,4130.23,4134.79,73
2025-10-14T05:00:00.000Z,4134.79,4139.35,4128.75,4133.31,73
2025-10-14T06:00:00.000Z,4133.31,4137.87,4127.26,4131.82,73
2025-10-14T07:00:00.000Z,4131.82,4137.75,4127.26,4133.19,73
2025-10-14T08:00:00.000Z,4133.19,4146.42,4129.62,4142.85,170
2025-10-14T09:00:00.000Z,4142.85,4153.85,4139.28,4150.28,170
2025-10-14T10:00:00.000Z,4150.28,4161.28,4146.71,4157.71,170
2025-10-14T11:00:00.000Z,4157.71,4166.48,4154.14,4162.91,170
2025-10-14T12:00:00.000Z,4162.91,4173.28,4160.53,4170.9,194
2025-10-14T13:00:00.000Z,4170.9,4179.78,4168.52,4177.4,194
2025-10-14T14:00:00.000Z,4177.4,4186.28,4175.02,4183.9,194
2025-10-14T15:00:00.000Z,4183.9,4191.29,4181.52,4188.91,194
2025-10-14T16:00:00.000Z,4188.91,4190.1,4185.12,4186.31,73
2025-10-14T17:00:00.000Z,4186.31,4187.5,4183.26,4184.45,73
2025-10-14T18:00:00.000Z,4184.45,4185.64,4181.4,4182.59,73
2025-10-14T19:00:00.000Z,4182.59,4183.78,4180.29,4181.48,73
2025-10-14T20:00:00.000Z,4181.48,4185.5,4164.25,4168.27,36
2025-10-14T21:00:00.000Z,4168.27,4172.29,4153.56,4157.58,36
2025-10-14T22:00:00.000Z,4157.58,4161.6,4142.86,4146.88,36
2025-10-14T23:00:00.000Z,4146.88,4150.9,4134.68,4138.7,36
2025-10-15T00:00:00.000Z,4145,4148.35,4143.95,4147.3,82
2025-10-15T01:00:00.000Z,4147.3,4149.99,4146.25,4148.94,82
2025-10-15T02:00:00.000Z,4148.94,4151.63,4147.89,4150.58,82
2025-10-15T03:00:00.000Z,4150.58,4152.61,4149.53,4151.56,82
2025-10-15T04:00:00.000Z,4151.56,4152.35,4148.97,4149.76,99
2025-10-15T05:00:00.000Z,4149.76,4150.55,4147.65,4148.44,99
2025-10-15T06:00:00.000Z,4148.44,4149.23,4146.34,4147.13,99
2025-10-15T07:00:00.000Z,4147.13,4147.92,4145.52,4146.31,99
2025-10-15T08:00:00.000Z,4146.31,4157.99,4143.16,4154.84,230
2025-10-15T09:00:00.000Z,4154.84,4164.55,4151.69,4161.4,230
2025-10-15T10:00:00.000Z,4161.4,4171.11,4158.25,4167.96,230
2025-10-15T11:00:00.000Z,4167.96,4175.7,4164.81,4172.55,230
2025-10-15T12:00:00.000Z,4172.55,4183.67,4169.24,4180.36,263
2025-10-15T13:00:00.000Z,4180.36,4189.41,4177.05,4186.1,263
2025-10-15T14:00:00.000Z,4186.1,4195.15,4182.79,4191.84,263
2025-10-15T15:00:00.000Z,4191.84,4198.82,4188.53,4195.51,263
2025-10-15T16:00:00.000Z,4195.51,4196.56,4192.16,4193.21,99
2025-10-15T17:00:00.000Z,4193.21,4194.26,4190.52,4191.57,99
2025-10-15T18:00:00.000Z,4191.57,4192.62,4188.88,4189.93,99
2025-10-15T19:00:00.000Z,4189.93,4190.98,4187.9,4188.95,99
2025-10-15T20:00:00.000Z,4188.95,4190.44,4183.52,4185.01,49
2025-10-15T21:00:00.000Z,4185.01,4186.5,4180.5,4181.99,49
2025-10-15T22:00:00.000Z,4181.99,4183.48,4177.49,4178.98,49
2025-10-15T23:00:00.000Z,4178.98,4180.47,4175.41,4176.9,49
2025-10-16T00:00:00.000Z,4198.8,4204.43,4197.03,4202.66,118
2025-10-16T01:00:00.000Z,4202.66,4207.19,4200.89,4205.42,118
2025-10-16T02:00:00.000Z,4205.42,4209.95,4203.65,4208.18,118
2025-10-16T03:00:00.000Z,4208.18,4211.61,4206.41,4209.84,118
2025-10-16T04:00:00.000Z,4209.84,4211.34,4205.19,4206.69,141
2025-10-16T05:00:00.000Z,4206.69,4208.19,4202.99,4204.49,141
2025-10-16T06:00:00.000Z,4204.49,4205.99,4200.78,4202.28,141
2025-10-16T07:00:00.000Z,4202.28,4203.78,4199.51,4201.01,141
2025-10-16T08:00:00.000Z,4201.01,4220.66,4195.71,4215.36,329
2025-10-16T09:00:00.000Z,4215.36,4231.7,4210.06,4226.4,329
2025-10-16T10:00:00.000Z,4226.4,4242.74,4221.1,4237.44,329
2025-10-16T11:00:00.000Z,4237.44,4250.47,4232.14,4245.17,329
2025-10-16T12:00:00.000Z,4245.17,4263.59,4239.78,4258.2,377
2025-10-16T13:00:00.000Z,4258.2,4273.25,4252.81,4267.86,377
2025-10-16T14:00:00.000Z,4267.86,4282.91,4262.47,4277.52,377
2025-10-16T15:00:00.000Z,4277.52,4289.2,4272.13,4283.81,377
2025-10-16T16:00:00.000Z,4283.81,4285.58,4278.18,4279.95,141
2025-10-16T17:00:00.000Z,4279.95,4281.72,4275.42,4277.19,141
2025-10-16T18:00:00.000Z,4277.19,4278.96,4272.66,4274.43,141
2025-10-16T19:00:00.000Z,4274.43,4276.2,4271,4272.77,141
2025-10-16T20:00:00.000Z,4272.77,4277.03,4271.29,4275.55,71
2025-10-16T21:00:00.000Z,4275.55,4278.89,4274.07,4277.41,71
2025-10-16T22:00:00.000Z,4277.41,4280.75,4275.93,4279.27,71
2025-10-16T23:00:00.000Z,4279.27,4281.68,4277.79,4280.2,71
2025-10-17T00:00:00.000Z,4354.7,4357.51,4345.74,4348.55,102
2025-10-17T01:00:00.000Z,4348.55,4351.36,4341.34,4344.15,102
2025-10-17T02:00:00.000Z,4344.15,4346.96,4336.95,4339.76,102
2025-10-17T03:00:00.000Z,4339.76,4342.57,4334.31,4337.12,102
2025-10-17T04:00:00.000Z,4337.12,4344.49,4334.75,4342.12,122
2025-10-17T05:00:00.000Z,4342.12,4348,4339.75,4345.63,122
2025-10-17T06:00:00.000Z,4345.63,4351.52,4343.26,4349.15,122
2025-10-17T07:00:00.000Z,4349.15,4353.55,4346.78,4351.18,122
2025-10-17T08:00:00.000Z,4351.18,4359.62,4319.89,4328.33,284
2025-10-17T09:00:00.000Z,4328.33,4336.77,4302.31,4310.75,284
2025-10-17T10:00:00.000Z,4310.75,4319.19,4284.73,4293.17,284
2025-10-17T11:00:00.000Z,4293.17,4301.61,4272.42,4280.86,284
2025-10-17T12:00:00.000Z,4280.86,4289.46,4251.5,4260.1,325
2025-10-17T13:00:00.000Z,4260.1,4268.7,4236.12,4244.72,325
2025-10-17T14:00:00.000Z,4244.72,4253.32,4220.74,4229.34,325
2025-10-17T15:00:00.000Z,4229.34,4237.94,4210.73,4219.33,325
2025-10-17T16:00:00.000Z,4219.33,4228.29,4216.52,4225.48,122
2025-10-17T17:00:00.000Z,4225.48,4232.69,4222.67,4229.88,122
2025-10-17T18:00:00.000Z,4229.88,4237.08,4227.07,4234.27,122
2025-10-17T19:00:00.000Z,4234.27,4239.72,4231.46,4236.91,122
2025-10-17T20:00:00.000Z,4236.91,4242.08,4216.76,4221.93,61
2025-10-17T21:00:00.000Z,4221.93,4227.1,4205.01,4210.18,61
2025-10-17T22:00:00.000Z,4210.18,4215.35,4193.25,4198.42,61
2025-10-17T23:00:00.000Z,4198.42,4203.59,4184.73,4189.9,61
2025-10-20T00:00:00.000Z,4244.1,4251.34,4241.83,4249.07,44
2025-10-20T01:00:00.000Z,4249.07,4254.89,4246.8,4252.62,44
2025-10-20T02:00:00.000Z,4252.62,4258.44,4250.35,4256.17,44
2025-10-20T03:00:00.000Z,4256.17,4260.57,4253.9,4258.3,44
2025-10-20T04:00:00.000Z,4258.3,4262.36,4248.86,4252.92,53
2025-10-20T05:00:00.000Z,4252.92,4256.98,4246.02,4250.08,53
2025-10-20T06:00:00.000Z,4250.08,4254.14,4243.18,4247.24,53
2025-10-20T07:00:00.000Z,4247.24,4251.3,4242.88,4246.94,53
2025-10-20T08:00:00.000Z,4246.94,4272.22,4240.12,4265.4,123
2025-10-20T09:00:00.000Z,4265.4,4286.42,4258.58,4279.6,123
2025-10-20T10:00:00.000Z,4279.6,4300.62,4272.78,4293.8,123
2025-10-20T11:00:00.000Z,4293.8,4310.56,4286.98,4303.74,123
2025-10-20T12:00:00.000Z,4303.74,4323.96,4298.94,4319.16,140
2025-10-20T13:00:00.000Z,4319.16,4336.39,4314.36,4331.59,140
2025-10-20T14:00:00.000Z,4331.59,4348.81,4326.79,4344.01,140
2025-10-20T15:00:00.000Z,4344.01,4358.24,4339.21,4353.44,140
2025-10-20T16:00:00.000Z,4353.44,4355.71,4346.2,4348.47,53
2025-10-20T17:00:00.000Z,4348.47,4350.74,4342.65,4344.92,53
2025-10-20T18:00:00.000Z,4344.92,4347.19,4339.1,4341.37,53
2025-10-20T19:00:00.000Z,4341.37,4343.64,4336.97,4339.24,53
2025-10-20T20:00:00.000Z,4339.24,4340.6,4336.32,4337.68,26
2025-10-20T21:00:00.000Z,4337.68,4339.04,4335.61,4336.97,26
2025-10-20T22:00:00.000Z,4336.97,4338.33,4334.9,4336.26,26
2025-10-20T23:00:00.000Z,4336.26,4337.76,4334.9,4336.4,26
2025-10-21T00:00:00.000Z,4332.7,4336.62,4320.21,4324.13,74
2025-10-21T01:00:00.000Z,4324.13,4328.05,4314.08,4318,74
2025-10-21T02:00:00.000Z,4318,4321.92,4307.96,4311.88,74
2025-10-21T03:00:00.000Z,4311.88,4315.8,4304.28,4308.2,74
2025-10-21T04:00:00.000Z,4308.2,4317.88,4305.26,4314.94,88
2025-10-21T05:00:00.000Z,4314.94,4322.78,4312,4319.84,88
2025-10-21T06:00:00.000Z,4319.84,4327.68,4316.9,4324.74,88
2025-10-21T07:00:00.000Z,4324.74,4330.74,4321.8,4327.8,88
2025-10-21T08:00:00.000Z,4327.8,4339.56,4284.19,4295.95,206
2025-10-21T09:00:00.000Z,4295.95,4307.71,4259.69,4271.45,206
2025-10-21T10:00:00.000Z,4271.45,4283.21,4235.19,4246.95,206
2025-10-21T11:00:00.000Z,4246.95,4258.71,4218.04,4229.8,206
2025-10-21T12:00:00.000Z,4229.8,4242.15,4188.3,4200.65,236
2025-10-21T13:00:00.000Z,4200.65,4213,4166.86,4179.21,236
2025-10-21T14:00:00.000Z,4179.21,4191.56,4145.42,4157.77,236
2025-10-21T15:00:00.000Z,4157.77,4170.12,4131.7,4144.05,236
2025-10-21T16:00:00.000Z,4144.05,4156.55,4140.13,4152.63,88
2025-10-21T17:00:00.000Z,4152.63,4162.67,4148.71,4158.75,88
2025-10-21T18:00:00.000Z,4158.75,4168.8,4154.83,4164.88,88
2025-10-21T19:00:00.000Z,4164.88,4172.47,4160.96,4168.55,88
2025-10-21T20:00:00.000Z,4168.55,4176.98,4134.64,4143.07,44
2025-10-21T21:00:00.000Z,4143.07,4151.5,4114.43,4122.86,44
2025-10-21T22:00:00.000Z,4122.86,4131.29,4094.22,4102.65,44
2025-10-21T23:00:00.000Z,4102.65,4111.08,4079.27,4087.7,44
2025-10-22T00:00:00.000Z,4109.7,4111.98,4102.43,4104.71,31
2025-10-22T01:00:00.000Z,4104.71,4106.99,4098.87,4101.15,31
2025-10-22T02:00:00.000Z,4101.15,4103.43,4095.31,4097.59,31
2025-10-22T03:00:00.000Z,4097.59,4099.87,4093.17,4095.45,31
2025-10-22T04:00:00.000Z,4095.45,4106.12,4090.64,4101.31,37
2025-10-22T05:00:00.000Z,4101.31,4108.97,4096.5,4104.16,37
2025-10-22T06:00:00.000Z,4104.16,4111.82,4099.35,4107.01,37
2025-10-22T07:00:00.000Z,4107.01,4111.82,4102.04,4106.85,37
2025-10-22T08:00:00.000Z,4106.85,4113.69,4081.49,4088.33,87
2025-10-22T09:00:00.000Z,4088.33,4095.17,4067.24,4074.08,87
2025-10-22T10:00:00.000Z,4074.08,4080.92,4052.98,4059.82,87
2025-10-22T11:00:00.000Z,4059.82,4066.66,4043.01,4049.85,87
2025-10-22T12:00:00.000Z,4049.85,4054.41,4029.97,4034.53,99
2025-10-22T13:00:00.000Z,4034.53,4039.09,4017.51,4022.07,99
2025-10-22T14:00:00.000Z,4022.07,4026.63,4005.04,4009.6,99
2025-10-22T15:00:00.000Z,4009.6,4014.16,3995.42,3999.98,99
2025-10-22T16:00:00.000Z,3999.98,4007.25,3997.7,4004.97,37
2025-10-22T17:00:00.000Z,4004.97,4010.81,4002.69,4008.53,37
2025-10-22T18:00:00.000Z,4008.53,4014.37,4006.25,4012.09,37
2025-10-22T19:00:00.000Z,4012.09,4016.51,4009.81,4014.23,37
2025-10-22T20:00:00.000Z,4014.23,4027.54,4010.68,4023.99,19
2025-10-22T21:00:00.000Z,4023.99,4035.09,4020.44,4031.54,19
2025-10-22T22:00:00.000Z,4031.54,4042.63,4027.99,4039.08,19
2025-10-22T23:00:00.000Z,4039.08,4047.95,4035.53,4044.4,19
2025-10-23T00:00:00.000Z,4078.4,4081.77,4077.34,4080.71,9
2025-10-23T01:00:00.000Z,4080.71,4083.43,4079.65,4082.37,9
2025-10-23T02:00:00.000Z,4082.37,4085.08,4081.31,4084.02,9
2025-10-23T03:00:00.000Z,4084.02,4086.07,4082.96,4085.01,9
2025-10-23T04:00:00.000Z,4085.01,4086.42,4081.4,4082.81,11
2025-10-23T05:00:00.000Z,4082.81,4084.22,4080.07,4081.48,11
2025-10-23T06:00:00.000Z,4081.48,4082.89,4078.75,4080.16,11
2025-10-23T07:00:00.000Z,4080.16,4081.57,4078.31,4079.72,11
2025-10-23T08:00:00.000Z,4079.72,4091.48,4076.55,4088.31,25
2025-10-23T09:00:00.000Z,4088.31,4098.09,4085.14,4094.92,25
2025-10-23T10:00:00.000Z,4094.92,4104.7,4091.75,4101.53,25
2025-10-23T11:00:00.000Z,4101.53,4109.33,4098.36,4106.16,25
2025-10-23T12:00:00.000Z,4106.16,4116.36,4103.44,4113.64,28
2025-10-23T13:00:00.000Z,4113.64,4122.15,4110.92,4119.43,28
2025-10-23T14:00:00.000Z,4119.43,4127.93,4116.71,4125.21,28
2025-10-23T15:00:00.000Z,4125.21,4132.02,4122.49,4129.3,28
2025-10-23T16:00:00.000Z,4129.3,4130.36,4125.93,4126.99,11
2025-10-23T17:00:00.000Z,4126.99,4128.05,4124.27,4125.33,11
2025-10-23T18:00:00.000Z,4125.33,4126.39,4122.62,4123.68,11
2025-10-23T19:00:00.000Z,4123.68,4124.74,4121.63,4122.69,11
2025-10-23T20:00:00.000Z,4122.69,4124.61,4121.94,4123.86,5
2025-10-23T21:00:00.000Z,4123.86,4125.32,4123.11,4124.57,5
2025-10-23T22:00:00.000Z,4124.57,4126.02,4123.82,4125.27,5
2025-10-23T23:00:00.000Z,4125.27,4126.25,4124.52,4125.5,5
2025-10-24T00:00:00.000Z,4117.5,4119.83,4116.77,4119.1,5
2025-10-24T01:00:00.000Z,4119.1,4120.97,4118.37,4120.24,5
2025-10-24T02:00:00.000Z,4120.24,4122.12,4119.51,4121.39,5
2025-10-24T03:00:00.000Z,4121.39,4122.8,4120.66,4122.07,5
2025-10-24T04:00:00.000Z,4122.07,4126.03,4114.72,4118.68,5
2025-10-24T05:00:00.000Z,4118.68,4122.64,4113.81,4117.77,5
2025-10-24T06:00:00.000Z,4117.77,4121.73,4112.89,4116.85,5
2025-10-24T07:00:00.000Z,4116.85,4122.37,4112.89,4118.41,5
2025-10-24T08:00:00.000Z,4118.41,4126.54,4116.22,4124.35,9
2025-10-24T09:00:00.000Z,4124.35,4131.11,4122.16,4128.92,9
2025-10-24T10:00:00.000Z,4128.92,4135.68,4126.73,4133.49,9
2025-10-24T11:00:00.000Z,4133.49,4138.88,4131.3,4136.69,9
2025-10-24T12:00:00.000Z,4136.69,4143.06,4135.23,4141.6,10
2025-10-24T13:00:00.000Z,4141.6,4147.06,4140.14,4145.6,10
2025-10-24T14:00:00.000Z,4145.6,4151.06,4144.14,4149.6,10
2025-10-24T15:00:00.000Z,4149.6,4154.15,4148.14,4152.69,10
2025-10-24T16:00:00.000Z,4152.69,4153.42,4150.36,4151.09,5
2025-10-24T17:00:00.000Z,4151.09,4151.82,4149.22,4149.95,5
2025-10-24T18:00:00.000Z,4149.95,4150.68,4148.08,4148.81,5
2025-10-24T19:00:00.000Z,4148.81,4149.54,4147.39,4148.12,5
2025-10-24T20:00:00.000Z,4148.12,4150.86,4136.24,4138.98,5
2025-10-24T21:00:00.000Z,4138.98,4141.72,4128.81,4131.55,5
2025-10-24T22:00:00.000Z,4131.55,4134.29,4121.38,4124.12,5
2025-10-24T23:00:00.000Z,4124.12,4126.86,4115.66,4118.4,5
2025-10-27T00:00:00.000Z,4060,4061.72,4054.52,4056.24,6
2025-10-27T01:00:00.000Z,4056.24,4057.96,4051.84,4053.56,6
2025-10-27T02:00:00.000Z,4053.56,4055.28,4049.16,4050.88,6
2025-10-27T03:00:00.000Z,4050.88,4052.6,4047.55,4049.27,6
2025-10-27T04:00:00.000Z,4049.27,4055.93,4046.49,4053.15,7
2025-10-27T05:00:00.000Z,4053.15,4058.08,4050.37,4055.3,7
2025-10-27T06:00:00.000Z,4055.3,4060.22,4052.52,4057.44,7
2025-10-27T07:00:00.000Z,4057.44,4060.63,4054.66,4057.85,7
2025-10-27T08:00:00.000Z,4057.85,4063,4038.75,4043.9,16
2025-10-27T09:00:00.000Z,4043.9,4049.05,4028.02,4033.17,16
2025-10-27T10:00:00.000Z,4033.17,4038.32,4017.29,4022.44,16
2025-10-27T11:00:00.000Z,4022.44,4027.59,4009.78,4014.93,16
2025-10-27T12:00:00.000Z,4014.93,4018.85,3999.17,4003.09,18
2025-10-27T13:00:00.000Z,4003.09,4007.01,3989.78,3993.7,18
2025-10-27T14:00:00.000Z,3993.7,3997.62,3980.4,3984.32,18
2025-10-27T15:00:00.000Z,3984.32,3988.24,3973.46,3977.38,18
2025-10-27T16:00:00.000Z,3977.38,3982.86,3975.66,3981.14,7
2025-10-27T17:00:00.000Z,3981.14,3985.54,3979.42,3983.82,7
2025-10-27T18:00:00.000Z,3983.82,3988.22,3982.1,3986.5,7
2025-10-27T19:00:00.000Z,3986.5,3989.83,3984.78,3988.11,7
2025-10-27T20:00:00.000Z,3988.11,3994.74,3986.15,3992.78,5
2025-10-27T21:00:00.000Z,3992.78,3998.19,3990.82,3996.23,5
2025-10-27T22:00:00.000Z,3996.23,4001.64,3994.27,3999.68,5
2025-10-27T23:00:00.000Z,3999.68,4003.86,3997.72,4001.9,5
2025-10-28T00:00:00.000Z,3929.7,3931.87,3929.02,3931.19,6
2025-10-28T01:00:00.000Z,3931.19,3932.94,3930.51,3932.26,6
2025-10-28T02:00:00.000Z,3932.26,3934,3931.58,3933.32,6
2025-10-28T03:00:00.000Z,3933.32,3934.64,3932.64,3933.96,6
2025-10-28T04:00:00.000Z,3933.96,3934.96,3931.48,3932.48,7
2025-10-28T05:00:00.000Z,3932.48,3933.48,3930.63,3931.63,7
2025-10-28T06:00:00.000Z,3931.63,3932.63,3929.78,3930.78,7
2025-10-28T07:00:00.000Z,3930.78,3931.78,3929.55,3930.55,7
2025-10-28T08:00:00.000Z,3930.55,3938.13,3928.51,3936.09,15
2025-10-28T09:00:00.000Z,3936.09,3942.39,3934.05,3940.35,15
2025-10-28T10:00:00.000Z,3940.35,3946.65,3938.31,3944.61,15
2025-10-28T11:00:00.000Z,3944.61,3949.63,3942.57,3947.59,15
2025-10-28T12:00:00.000Z,3947.59,3954.01,3945.93,3952.35,18
2025-10-28T13:00:00.000Z,3952.35,3957.74,3950.69,3956.08,18
2025-10-28T14:00:00.000Z,3956.08,3961.47,3954.42,3959.81,18
2025-10-28T15:00:00.000Z,3959.81,3964.16,3958.15,3962.5,18
2025-10-28T16:00:00.000Z,3962.5,3963.18,3960.33,3961.01,7
2025-10-28T17:00:00.000Z,3961.01,3961.69,3959.26,3959.94,7
2025-10-28T18:00:00.000Z,3959.94,3960.62,3958.2,3958.88,7
2025-10-28T19:00:00.000Z,3958.88,3959.56,3957.56,3958.24,7
2025-10-28T20:00:00.000Z,3958.24,3961.82,3957.26,3960.84,5
2025-10-28T21:00:00.000Z,3960.84,3963.81,3959.86,3962.83,5
2025-10-28T22:00:00.000Z,3962.83,3965.8,3961.85,3964.82,5
2025-10-28T23:00:00.000Z,3964.82,3967.18,3963.84,3966.2,5
2025-10-29T00:00:00.000Z,3983.7,3983.7,3983.7,3983.7,34
2025-10-29T01:00:00.000Z,3983.7,3983.7,3983.7,3983.7,34
2025-10-29T02:00:00.000Z,3983.7,3983.7,3983.7,3983.7,34
2025-10-29T03:00:00.000Z,3983.7,3983.7,3983.7,3983.7,34
2025-10-29T04:00:00.000Z,3983.7,3983.7,3983.7,3983.7,40
2025-10-29T05:00:00.000Z,3983.7,3983.7,3983.7,3983.7,40
2025-10-29T06:00:00.000Z,3983.7,3983.7,3983.7,3983.7,40
2025-10-29T07:00:00.000Z,3983.7,3983.7,3983.7,3983.7,40
2025-10-29T08:00:00.000Z,3983.7,3983.7,3983.7,3983.7,94
2025-10-29T09:00:00.000Z,3983.7,3983.7,3983.7,3983.7,94
2025-10-29T10:00:00.000Z,3983.7,3983.7,3983.7,3983.7,94
2025-10-29T11:00:00.000Z,3983.7,3983.7,3983.7,3983.7,94
2025-10-29T12:00:00.000Z,3983.7,3983.7,3983.7,3983.7,108
2025-10-29T13:00:00.000Z,3983.7,3983.7,3983.7,3983.7,108
2025-10-29T14:00:00.000Z,3983.7,3983.7,3983.7,3983.7,108
2025-10-29T15:00:00.000Z,3983.7,3983.7,3983.7,3983.7,108
2025-10-29T16:00:00.000Z,3983.7,3983.7,3983.7,3983.7,40
2025-10-29T17:00:00.000Z,3983.7,3983.7,3983.7,3983.7,40
2025-10-29T18:00:00.000Z,3983.7,3983.7,3983.7,3983.7,40
2025-10-29T19:00:00.000Z,3983.7,3983.7,3983.7,3983.7,40
2025-10-29T20:00:00.000Z,3983.7,3983.7,3983.7,3983.7,20
2025-10-29T21:00:00.000Z,3983.7,3983.7,3983.7,3983.7,20
2025-10-29T22:00:00.000Z,3983.7,3983.7,3983.7,3983.7,20
2025-10-29T23:00:00.000Z,3983.7,3983.7,3983.7,3983.7,20
2025-10-30T00:00:00.000Z,3960,3965.79,3958.18,3963.97,24
2025-10-30T01:00:00.000Z,3963.97,3968.63,3962.15,3966.81,24
2025-10-30T02:00:00.000Z,3966.81,3971.47,3964.99,3969.65,24
2025-10-30T03:00:00.000Z,3969.65,3973.17,3967.83,3971.35,24
2025-10-30T04:00:00.000Z,3971.35,3976.42,3960.84,3965.91,28
2025-10-30T05:00:00.000Z,3965.91,3970.98,3958.57,3963.64,28
2025-10-30T06:00:00.000Z,3963.64,3968.71,3956.3,3961.37,28
2025-10-30T07:00:00.000Z,3961.37,3967.34,3956.3,3962.27,28
2025-10-30T08:00:00.000Z,3962.27,3982.48,3956.82,3977.03,66
2025-10-30T09:00:00.000Z,3977.03,3993.83,3971.58,3988.38,66
2025-10-30T10:00:00.000Z,3988.38,4005.18,3982.93,3999.73,66
2025-10-30T11:00:00.000Z,3999.73,4013.12,3994.28,4007.67,66
2025-10-30T12:00:00.000Z,4007.67,4023.5,4004.04,4019.87,75
2025-10-30T13:00:00.000Z,4019.87,4033.43,4016.24,4029.8,75
2025-10-30T14:00:00.000Z,4029.8,4043.36,4026.17,4039.73,75
2025-10-30T15:00:00.000Z,4039.73,4051.02,4036.1,4047.39,75
2025-10-30T16:00:00.000Z,4047.39,4049.21,4041.6,4043.42,28
2025-10-30T17:00:00.000Z,4043.42,4045.24,4038.77,4040.59,28
2025-10-30T18:00:00.000Z,4040.59,4042.41,4035.93,4037.75,28
2025-10-30T19:00:00.000Z,4037.75,4039.57,4034.23,4036.05,28
2025-10-30T20:00:00.000Z,4036.05,4039.74,4021.37,4025.06,14
2025-10-30T21:00:00.000Z,4025.06,4028.75,4012.68,4016.37,14
2025-10-30T22:00:00.000Z,4016.37,4020.06,4003.99,4007.68,14
2025-10-30T23:00:00.000Z,4007.68,4011.37,3997.61,4001.3,14
2025-10-31T00:00:00.000Z,4034.5,4035.43,4031.54,4032.47,14
2025-10-31T01:00:00.000Z,4032.47,4033.4,4030.1,4031.03,14
2025-10-31T02:00:00.000Z,4031.03,4031.96,4028.65,4029.58,14
2025-10-31T03:00:00.000Z,4029.58,4030.51,4027.78,4028.71,14
2025-10-31T04:00:00.000Z,4028.71,4030.99,4028.02,4030.3,17
2025-10-31T05:00:00.000Z,4030.3,4032.15,4029.61,4031.46,17
2025-10-31T06:00:00.000Z,4031.46,4033.31,4030.77,4032.62,17
2025-10-31T07:00:00.000Z,4032.62,4034.03,4031.93,4033.34,17
2025-10-31T08:00:00.000Z,4033.34,4036.12,4023.03,4025.81,39
2025-10-31T09:00:00.000Z,4025.81,4028.59,4017.24,4020.02,39
2025-10-31T10:00:00.000Z,4020.02,4022.8,4011.45,4014.23,39
2025-10-31T11:00:00.000Z,4014.23,4017.01,4007.4,4010.18,39
2025-10-31T12:00:00.000Z,4010.18,4013.1,4000.37,4003.29,45
2025-10-31T13:00:00.000Z,4003.29,4006.21,3995.31,3998.23,45
2025-10-31T14:00:00.000Z,3998.23,4001.15,3990.24,3993.16,45
2025-10-31T15:00:00.000Z,3993.16,3996.08,3987,3989.92,45
2025-10-31T16:00:00.000Z,3989.92,3992.88,3988.99,3991.95,17
2025-10-31T17:00:00.000Z,3991.95,3994.32,3991.02,3993.39,17
2025-10-31T18:00:00.000Z,3993.39,3995.77,3992.46,3994.84,17
2025-10-31T19:00:00.000Z,3994.84,3996.64,3993.91,3995.71,17
2025-10-31T20:00:00.000Z,3995.71,3997.25,3989.83,3991.37,9
2025-10-31T21:00:00.000Z,3991.37,3992.91,3986.45,3987.99,9
2025-10-31T22:00:00.000Z,3987.99,3989.53,3983.07,3984.61,9
2025-10-31T23:00:00.000Z,3984.61,3986.15,3980.66,3982.2,9
2025-11-03T00:00:00.000Z,3976.2,3979.32,3975.22,3978.34,25
2025-11-03T01:00:00.000Z,3978.34,3980.84,3977.36,3979.86,25
2025-11-03T02:00:00.000Z,3979.86,3982.37,3978.88,3981.39,25
2025-11-03T03:00:00.000Z,3981.39,3983.28,3980.41,3982.3,25
2025-11-03T04:00:00.000Z,3982.3,3984.41,3977.65,3979.76,30
2025-11-03T05:00:00.000Z,3979.76,3981.87,3976.43,3978.54,30
2025-11-03T06:00:00.000Z,3978.54,3980.65,3975.21,3977.32,30
2025-11-03T07:00:00.000Z,3977.32,3979.53,3975.21,3977.42,30
2025-11-03T08:00:00.000Z,3977.42,3988.28,3974.49,3985.35,70
2025-11-03T09:00:00.000Z,3985.35,3994.38,3982.42,3991.45,70
2025-11-03T10:00:00.000Z,3991.45,4000.48,3988.52,3997.55,70
2025-11-03T11:00:00.000Z,3997.55,4004.75,3994.62,4001.82,70
2025-11-03T12:00:00.000Z,4001.82,4010.33,3999.87,4008.38,80
2025-11-03T13:00:00.000Z,4008.38,4015.66,4006.43,4013.71,80
2025-11-03T14:00:00.000Z,4013.71,4021,4011.76,4019.05,80
2025-11-03T15:00:00.000Z,4019.05,4025.12,4017.1,4023.17,80
2025-11-03T16:00:00.000Z,4023.17,4024.15,4020.05,4021.03,30
2025-11-03T17:00:00.000Z,4021.03,4022.01,4018.53,4019.51,30
2025-11-03T18:00:00.000Z,4019.51,4020.49,4017.01,4017.99,30
2025-11-03T19:00:00.000Z,4017.99,4018.97,4016.09,4017.07,30
2025-11-03T20:00:00.000Z,4017.07,4018.9,4009.9,4011.73,15
2025-11-03T21:00:00.000Z,4011.73,4013.56,4005.71,4007.54,15
2025-11-03T22:00:00.000Z,4007.54,4009.37,4001.52,4003.35,15
2025-11-03T23:00:00.000Z,4003.35,4005.18,3998.47,4000.3,15
2025-11-04T00:00:00.000Z,3994.2,3995.29,3990.73,3991.82,17
2025-11-04T01:00:00.000Z,3991.82,3992.91,3989.03,3990.12,17
2025-11-04T02:00:00.000Z,3990.12,3991.21,3987.33,3988.42,17
2025-11-04T03:00:00.000Z,3988.42,3989.51,3986.31,3987.4,17
2025-11-04T04:00:00.000Z,3987.4,3990.24,3986.49,3989.33,20
2025-11-04T05:00:00.000Z,3989.33,3991.6,3988.42,3990.69,20
2025-11-04T06:00:00.000Z,3990.69,3992.96,3989.78,3992.05,20
2025-11-04T07:00:00.000Z,3992.05,3993.75,3991.14,3992.84,20
2025-11-04T08:00:00.000Z,3992.84,3996.1,3980.74,3984,46
2025-11-04T09:00:00.000Z,3984,3987.26,3973.94,3977.2,46
2025-11-04T10:00:00.000Z,3977.2,3980.46,3967.14,3970.4,46
2025-11-04T11:00:00.000Z,3970.4,3973.66,3962.38,3965.64,46
2025-11-04T12:00:00.000Z,3965.64,3968.97,3954.28,3957.61,53
2025-11-04T13:00:00.000Z,3957.61,3960.94,3948.33,3951.66,53
2025-11-04T14:00:00.000Z,3951.66,3954.99,3942.38,3945.71,53
2025-11-04T15:00:00.000Z,3945.71,3949.04,3938.51,3941.84,53
2025-11-04T16:00:00.000Z,3941.84,3945.31,3940.75,3944.22,20
2025-11-04T17:00:00.000Z,3944.22,3947.01,3943.13,3945.92,20
2025-11-04T18:00:00.000Z,3945.92,3948.71,3944.83,3947.62,20
2025-11-04T19:00:00.000Z,3947.62,3949.73,3946.53,3948.64,20
2025-11-04T20:00:00.000Z,3948.64,3949.26,3947.4,3948.02,10
2025-11-04T21:00:00.000Z,3948.02,3948.64,3947.16,3947.78,10
2025-11-04T22:00:00.000Z,3947.78,3948.4,3946.93,3947.55,10
2025-11-04T23:00:00.000Z,3947.55,3948.32,3946.93,3947.7,10
2025-11-05T00:00:00.000Z,3929.9,3932.64,3929.04,3931.78,14
2025-11-05T01:00:00.000Z,3931.78,3933.98,3930.92,3933.12,14
2025-11-05T02:00:00.000Z,3933.12,3935.32,3932.26,3934.46,14
2025-11-05T03:00:00.000Z,3934.46,3936.12,3933.6,3935.26,14
2025-11-05T04:00:00.000Z,3935.26,3935.9,3933.15,3933.79,17
2025-11-05T05:00:00.000Z,3933.79,3934.43,3932.07,3932.71,17
2025-11-05T06:00:00.000Z,3932.71,3933.35,3931,3931.64,17
2025-11-05T07:00:00.000Z,3931.64,3932.28,3930.33,3930.97,17
2025-11-05T08:00:00.000Z,3930.97,3940.51,3928.4,3937.94,39
2025-11-05T09:00:00.000Z,3937.94,3945.87,3935.37,3943.3,39
2025-11-05T10:00:00.000Z,3943.3,3951.23,3940.73,3948.66,39
2025-11-05T11:00:00.000Z,3948.66,3954.98,3946.09,3952.41,39
2025-11-05T12:00:00.000Z,3952.41,3961.49,3949.71,3958.79,45
2025-11-05T13:00:00.000Z,3958.79,3966.18,3956.09,3963.48,45
2025-11-05T14:00:00.000Z,3963.48,3970.87,3960.78,3968.17,45
2025-11-05T15:00:00.000Z,3968.17,3973.87,3965.47,3971.17,45
2025-11-05T16:00:00.000Z,3971.17,3972.03,3968.43,3969.29,17
2025-11-05T17:00:00.000Z,3969.29,3970.15,3967.09,3967.95,17
2025-11-05T18:00:00.000Z,3967.95,3968.81,3965.75,3966.61,17
2025-11-05T19:00:00.000Z,3966.61,3967.47,3964.95,3965.81,17
2025-11-05T20:00:00.000Z,3965.81,3972.01,3964.22,3970.42,9
2025-11-05T21:00:00.000Z,3970.42,3975.64,3968.83,3974.05,9
2025-11-05T22:00:00.000Z,3974.05,3979.26,3972.46,3977.67,9
2025-11-05T23:00:00.000Z,3977.67,3981.89,3976.08,3980.3,9
2025-11-06T00:00:00.000Z,4004,4004.44,4002.59,4003.03,16
2025-11-06T01:00:00.000Z,4003.03,4003.47,4001.9,4002.34,16
2025-11-06T02:00:00.000Z,4002.34,4002.78,4001.21,4001.65,16
2025-11-06T03:00:00.000Z,4001.65,4002.09,4000.8,4001.24,16
2025-11-06T04:00:00.000Z,4001.24,4002.78,4000.63,4002.17,20
2025-11-06T05:00:00.000Z,4002.17,4003.34,4001.56,4002.73,20
2025-11-06T06:00:00.000Z,4002.73,4003.89,4002.12,4003.28,20
2025-11-06T07:00:00.000Z,4003.28,4004.06,4002.67,4003.45,20
2025-11-06T08:00:00.000Z,4003.45,4004.77,3998.54,3999.86,46
2025-11-06T09:00:00.000Z,3999.86,4001.18,3995.78,3997.1,46
2025-11-06T10:00:00.000Z,3997.1,3998.42,3993.02,3994.34,46
2025-11-06T11:00:00.000Z,3994.34,3995.66,3991.09,3992.41,46
2025-11-06T12:00:00.000Z,3992.41,3993.52,3988.19,3989.3,52
2025-11-06T13:00:00.000Z,3989.3,3990.41,3985.78,3986.89,52
2025-11-06T14:00:00.000Z,3986.89,3988,3983.36,3984.47,52
2025-11-06T15:00:00.000Z,3984.47,3985.58,3981.64,3982.75,52
2025-11-06T16:00:00.000Z,3982.75,3984.16,3982.31,3983.72,20
2025-11-06T17:00:00.000Z,3983.72,3984.85,3983.28,3984.41,20
2025-11-06T18:00:00.000Z,3984.41,3985.54,3983.97,3985.1,20
2025-11-06T19:00:00.000Z,3985.1,3985.95,3984.66,3985.51,20
2025-11-06T20:00:00.000Z,3985.51,3986.18,3983.02,3983.69,10
2025-11-06T21:00:00.000Z,3983.69,3984.36,3981.62,3982.29,10
2025-11-06T22:00:00.000Z,3982.29,3982.96,3980.21,3980.88,10
2025-11-06T23:00:00.000Z,3980.88,3981.55,3979.23,3979.9,10
2025-11-07T00:00:00.000Z,3980.8,3981.75,3980.5,3981.45,6
2025-11-07T01:00:00.000Z,3981.45,3982.22,3981.15,3981.92,6
2025-11-07T02:00:00.000Z,3981.92,3982.68,3981.62,3982.38,6
2025-11-07T03:00:00.000Z,3982.38,3982.96,3982.08,3982.66,6
2025-11-07T04:00:00.000Z,3982.66,3982.88,3981.93,3982.15,7
2025-11-07T05:00:00.000Z,3982.15,3982.37,3981.56,3981.78,7
2025-11-07T06:00:00.000Z,3981.78,3982,3981.18,3981.4,7
2025-11-07T07:00:00.000Z,3981.4,3981.62,3980.95,3981.17,7
2025-11-07T08:00:00.000Z,3981.17,3984.48,3980.28,3983.59,17
2025-11-07T09:00:00.000Z,3983.59,3986.34,3982.7,3985.45,17
2025-11-07T10:00:00.000Z,3985.45,3988.2,3984.56,3987.31,17
2025-11-07T11:00:00.000Z,3987.31,3989.5,3986.42,3988.61,17
2025-11-07T12:00:00.000Z,3988.61,3991.76,3987.67,3990.82,20
2025-11-07T13:00:00.000Z,3990.82,3993.39,3989.88,3992.45,20
2025-11-07T14:00:00.000Z,3992.45,3995.02,3991.51,3994.08,20
2025-11-07T15:00:00.000Z,3994.08,3996.06,3993.14,3995.12,20
2025-11-07T16:00:00.000Z,3995.12,3995.42,3994.17,3994.47,7
2025-11-07T17:00:00.000Z,3994.47,3994.77,3993.7,3994,7
2025-11-07T18:00:00.000Z,3994,3994.3,3993.24,3993.54,7
2025-11-07T19:00:00.000Z,3993.54,3993.84,3992.96,3993.26,7
2025-11-07T20:00:00.000Z,3993.26,3995.84,3992.62,3995.2,5
2025-11-07T21:00:00.000Z,3995.2,3997.37,3994.56,3996.73,5
2025-11-07T22:00:00.000Z,3996.73,3998.91,3996.09,3998.27,5
2025-11-07T23:00:00.000Z,3998.27,4000.04,3997.63,3999.4,5
2025-11-10T00:00:00.000Z,4060,4062.64,4059.17,4061.81,5
2025-11-10T01:00:00.000Z,4061.81,4063.94,4060.98,4063.11,5
2025-11-10T02:00:00.000Z,4063.11,4065.23,4062.28,4064.4,5
2025-11-10T03:00:00.000Z,4064.4,4066.01,4063.57,4065.18,5
2025-11-10T04:00:00.000Z,4065.18,4065.8,4063.14,4063.76,6
2025-11-10T05:00:00.000Z,4063.76,4064.38,4062.1,4062.72,6
2025-11-10T06:00:00.000Z,4062.72,4063.34,4061.07,4061.69,6
2025-11-10T07:00:00.000Z,4061.69,4062.31,4060.42,4061.04,6
2025-11-10T08:00:00.000Z,4061.04,4070.26,4058.55,4067.77,13
2025-11-10T09:00:00.000Z,4067.77,4075.44,4065.28,4072.95,13
2025-11-10T10:00:00.000Z,4072.95,4080.62,4070.46,4078.13,13
2025-11-10T11:00:00.000Z,4078.13,4084.25,4075.64,4081.76,13
2025-11-10T12:00:00.000Z,4081.76,4090.53,4079.15,4087.92,15
2025-11-10T13:00:00.000Z,4087.92,4095.07,4085.31,4092.46,15
2025-11-10T14:00:00.000Z,4092.46,4099.6,4089.85,4096.99,15
2025-11-10T15:00:00.000Z,4096.99,4102.5,4094.38,4099.89,15
2025-11-10T16:00:00.000Z,4099.89,4100.72,4097.25,4098.08,6
2025-11-10T17:00:00.000Z,4098.08,4098.91,4095.95,4096.78,6
2025-11-10T18:00:00.000Z,4096.78,4097.61,4094.66,4095.49,6
2025-11-10T19:00:00.000Z,4095.49,4096.32,4093.88,4094.71,6
2025-11-10T20:00:00.000Z,4094.71,4101.88,4092.93,4100.1,5
2025-11-10T21:00:00.000Z,4100.1,4106.15,4098.32,4104.37,5
2025-11-10T22:00:00.000Z,4104.37,4110.42,4102.59,4108.64,5
2025-11-10T23:00:00.000Z,4108.64,4113.58,4106.86,4111.8,5
2025-11-11T00:00:00.000Z,4140.1,4140.63,4138.4,4138.93,14
2025-11-11T01:00:00.000Z,4138.93,4139.46,4137.57,4138.1,14
2025-11-11T02:00:00.000Z,4138.1,4138.63,4136.74,4137.27,14
2025-11-11T03:00:00.000Z,4137.27,4137.8,4136.24,4136.77,14
2025-11-11T04:00:00.000Z,4136.77,4138.08,4136.37,4137.68,17
2025-11-11T05:00:00.000Z,4137.68,4138.75,4137.28,4138.35,17
2025-11-11T06:00:00.000Z,4138.35,4139.41,4137.95,4139.01,17
2025-11-11T07:00:00.000Z,4139.01,4139.83,4138.61,4139.43,17
2025-11-11T08:00:00.000Z,4139.43,4141.03,4133.5,4135.1,40
2025-11-11T09:00:00.000Z,4135.1,4136.7,4130.17,4131.77,40
2025-11-11T10:00:00.000Z,4131.77,4133.37,4126.84,4128.44,40
2025-11-11T11:00:00.000Z,4128.44,4130.04,4124.51,4126.11,40
2025-11-11T12:00:00.000Z,4126.11,4127.79,4120.47,4122.15,46
2025-11-11T13:00:00.000Z,4122.15,4123.83,4117.56,4119.24,46
2025-11-11T14:00:00.000Z,4119.24,4120.92,4114.64,4116.32,46
2025-11-11T15:00:00.000Z,4116.32,4118,4112.78,4114.46,46
2025-11-11T16:00:00.000Z,4114.46,4116.16,4113.93,4115.63,17
2025-11-11T17:00:00.000Z,4115.63,4116.99,4115.1,4116.46,17
2025-11-11T18:00:00.000Z,4116.46,4117.82,4115.93,4117.29,17
2025-11-11T19:00:00.000Z,4117.29,4118.32,4116.76,4117.79,17
2025-11-11T20:00:00.000Z,4117.79,4118.94,4113.18,4114.33,9
2025-11-11T21:00:00.000Z,4114.33,4115.48,4110.43,4111.58,9
2025-11-11T22:00:00.000Z,4111.58,4112.73,4107.68,4108.83,9
2025-11-11T23:00:00.000Z,4108.83,4109.98,4105.65,4106.8,9
2025-11-12T00:00:00.000Z,4115.6,4120.77,4113.98,4119.15,10
2025-11-12T01:00:00.000Z,4119.15,4123.31,4117.53,4121.69,10
2025-11-12T02:00:00.000Z,4121.69,4125.85,4120.07,4124.23,10
2025-11-12T03:00:00.000Z,4124.23,4127.37,4122.61,4125.75,10
2025-11-12T04:00:00.000Z,4125.75,4127.98,4120.09,4122.32,12
2025-11-12T05:00:00.000Z,4122.32,4124.55,4118.06,4120.29,12
2025-11-12T06:00:00.000Z,4120.29,4122.52,4116.03,4118.26,12
2025-11-12T07:00:00.000Z,4118.26,4120.49,4115.4,4117.63,12
2025-11-12T08:00:00.000Z,4117.63,4135.69,4112.76,4130.82,28
2025-11-12T09:00:00.000Z,4130.82,4145.85,4125.95,4140.98,28
2025-11-12T10:00:00.000Z,4140.98,4156,4136.11,4151.13,28
2025-11-12T11:00:00.000Z,4151.13,4163.1,4146.26,4158.23,28
2025-11-12T12:00:00.000Z,4158.23,4173.77,4154.13,4169.67,32
2025-11-12T13:00:00.000Z,4169.67,4182.66,4165.57,4178.56,32
2025-11-12T14:00:00.000Z,4178.56,4191.54,4174.46,4187.44,32
2025-11-12T15:00:00.000Z,4187.44,4197.86,4183.34,4193.76,32
2025-11-12T16:00:00.000Z,4193.76,4195.38,4188.59,4190.21,12
2025-11-12T17:00:00.000Z,4190.21,4191.83,4186.05,4187.67,12
2025-11-12T18:00:00.000Z,4187.67,4189.29,4183.51,4185.13,12
2025-11-12T19:00:00.000Z,4185.13,4186.75,4181.99,4183.61,12
2025-11-12T20:00:00.000Z,4183.61,4192.83,4181.13,4190.35,6
2025-11-12T21:00:00.000Z,4190.35,4198.03,4187.87,4195.55,6
2025-11-12T22:00:00.000Z,4195.55,4203.23,4193.07,4200.75,6
2025-11-12T23:00:00.000Z,4200.75,4206.88,4198.27,4204.4,6
2025-11-13T00:00:00.000Z,4228.7,4229.74,4225.39,4226.43,5
2025-11-13T01:00:00.000Z,4226.43,4227.47,4223.76,4224.8,5
2025-11-13T02:00:00.000Z,4224.8,4225.84,4222.14,4223.18,5
2025-11-13T03:00:00.000Z,4223.18,4224.22,4221.16,4222.2,5
2025-11-13T04:00:00.000Z,4222.2,4224.77,4221.42,4223.99,5
2025-11-13T05:00:00.000Z,4223.99,4226.07,4223.21,4225.29,5
2025-11-13T06:00:00.000Z,4225.29,4227.37,4224.51,4226.59,5
2025-11-13T07:00:00.000Z,4226.59,4228.18,4225.81,4227.4,5
2025-11-13T08:00:00.000Z,4227.4,4230.52,4215.83,4218.95,12
2025-11-13T09:00:00.000Z,4218.95,4222.07,4209.33,4212.45,12
2025-11-13T10:00:00.000Z,4212.45,4215.57,4202.83,4205.95,12
2025-11-13T11:00:00.000Z,4205.95,4209.07,4198.28,4201.4,12
2025-11-13T12:00:00.000Z,4201.4,4204.68,4190.38,4193.66,13
2025-11-13T13:00:00.000Z,4193.66,4196.94,4184.7,4187.98,13
2025-11-13T14:00:00.000Z,4187.98,4191.26,4179.01,4182.29,13
2025-11-13T15:00:00.000Z,4182.29,4185.57,4175.37,4178.65,13
2025-11-13T16:00:00.000Z,4178.65,4181.96,4177.61,4180.92,5
2025-11-13T17:00:00.000Z,4180.92,4183.59,4179.88,4182.55,5
2025-11-13T18:00:00.000Z,4182.55,4185.21,4181.51,4184.17,5
2025-11-13T19:00:00.000Z,4184.17,4186.19,4183.13,4185.15,5
2025-11-13T20:00:00.000Z,4185.15,4186.66,4184.49,4186,5
2025-11-13T21:00:00.000Z,4186,4187.1,4185.34,4186.44,5
2025-11-13T22:00:00.000Z,4186.44,4187.54,4185.78,4186.88,5
2025-11-13T23:00:00.000Z,4186.88,4187.56,4186.22,4186.9,5
2025-11-14T00:00:00.000Z,4197.7,4200.11,4190.01,4192.42,12
2025-11-14T01:00:00.000Z,4192.42,4194.83,4186.24,4188.65,12
2025-11-14T02:00:00.000Z,4188.65,4191.06,4182.46,4184.87,12
2025-11-14T03:00:00.000Z,4184.87,4187.28,4180.2,4182.61,12
2025-11-14T04:00:00.000Z,4182.61,4188.6,4180.78,4186.77,15
2025-11-14T05:00:00.000Z,4186.77,4191.62,4184.94,4189.79,15
2025-11-14T06:00:00.000Z,4189.79,4194.63,4187.96,4192.8,15
2025-11-14T07:00:00.000Z,4192.8,4196.51,4190.97,4194.68,15
2025-11-14T08:00:00.000Z,4194.68,4201.92,4167.82,4175.06,34
2025-11-14T09:00:00.000Z,4175.06,4182.3,4152.73,4159.97,34
2025-11-14T10:00:00.000Z,4159.97,4167.21,4137.64,4144.88,34
2025-11-14T11:00:00.000Z,4144.88,4152.12,4127.08,4134.32,34
2025-11-14T12:00:00.000Z,4134.32,4141.91,4108.78,4116.37,39
2025-11-14T13:00:00.000Z,4116.37,4123.96,4095.58,4103.17,39
2025-11-14T14:00:00.000Z,4103.17,4110.76,4082.38,4089.97,39
2025-11-14T15:00:00.000Z,4089.97,4097.56,4073.92,4081.51,39
2025-11-14T16:00:00.000Z,4081.51,4089.2,4079.1,4086.79,15
2025-11-14T17:00:00.000Z,4086.79,4092.97,4084.38,4090.56,15
2025-11-14T18:00:00.000Z,4090.56,4096.75,4088.15,4094.34,15
2025-11-14T19:00:00.000Z,4094.34,4099.01,4091.93,4096.6,15
2025-11-14T20:00:00.000Z,4096.6,4098.53,4091.22,4093.15,7
2025-11-14T21:00:00.000Z,4093.15,4095.08,4088.97,4090.9,7
2025-11-14T22:00:00.000Z,4090.9,4092.83,4086.72,4088.65,7
2025-11-14T23:00:00.000Z,4088.65,4090.58,4085.67,4087.6,7
2025-11-17T00:00:00.000Z,4070,4071.28,4065.92,4067.2,39
2025-11-17T01:00:00.000Z,4067.2,4068.48,4063.91,4065.19,39
2025-11-17T02:00:00.000Z,4065.19,4066.47,4061.91,4063.19,39
2025-11-17T03:00:00.000Z,4063.19,4064.47,4060.71,4061.99,39
2025-11-17T04:00:00.000Z,4061.99,4068.99,4058.67,4065.67,47
2025-11-17T05:00:00.000Z,4065.67,4070.59,4062.35,4067.27,47
2025-11-17T06:00:00.000Z,4067.27,4072.19,4063.95,4068.87,47
2025-11-17T07:00:00.000Z,4068.87,4072.19,4065.08,4068.4,47
2025-11-17T08:00:00.000Z,4068.4,4072.24,4054.15,4057.99,109
2025-11-17T09:00:00.000Z,4057.99,4061.83,4046.14,4049.98,109
2025-11-17T10:00:00.000Z,4049.98,4053.82,4038.13,4041.97,109
2025-11-17T11:00:00.000Z,4041.97,4045.81,4032.52,4036.36,109
2025-11-17T12:00:00.000Z,4036.36,4038.92,4025.19,4027.75,124
2025-11-17T13:00:00.000Z,4027.75,4030.31,4018.18,4020.74,124
2025-11-17T14:00:00.000Z,4020.74,4023.3,4011.17,4013.73,124
2025-11-17T15:00:00.000Z,4013.73,4016.29,4005.76,4008.32,124
2025-11-17T16:00:00.000Z,4008.32,4012.4,4007.04,4011.12,47
2025-11-17T17:00:00.000Z,4011.12,4014.41,4009.84,4013.13,47
2025-11-17T18:00:00.000Z,4013.13,4016.41,4011.85,4015.13,47
2025-11-17T19:00:00.000Z,4015.13,4017.61,4013.85,4016.33,47
2025-11-17T20:00:00.000Z,4016.33,4037.12,4011.53,4032.32,23
2025-11-17T21:00:00.000Z,4032.32,4050.11,4027.52,4045.31,23
2025-11-17T22:00:00.000Z,4045.31,4063.11,4040.51,4058.31,23
2025-11-17T23:00:00.000Z,4058.31,4073.1,4053.51,4068.3,23
2025-11-18T00:00:00.000Z,4037.4,4038.81,4036.96,4038.37,35
2025-11-18T01:00:00.000Z,4038.37,4039.51,4037.93,4039.07,35
2025-11-18T02:00:00.000Z,4039.07,4040.2,4038.63,4039.76,35
2025-11-18T03:00:00.000Z,4039.76,4040.62,4039.32,4040.18,35
2025-11-18T04:00:00.000Z,4040.18,4040.66,4038.85,4039.33,41
2025-11-18T05:00:00.000Z,4039.33,4039.81,4038.29,4038.77,41
2025-11-18T06:00:00.000Z,4038.77,4039.25,4037.74,4038.22,41
2025-11-18T07:00:00.000Z,4038.22,4038.7,4037.48,4037.96,41
2025-11-18T08:00:00.000Z,4037.96,4042.9,4036.63,4041.57,96
2025-11-18T09:00:00.000Z,4041.57,4045.68,4040.24,4044.35,96
2025-11-18T10:00:00.000Z,4044.35,4048.46,4043.02,4047.13,96
2025-11-18T11:00:00.000Z,4047.13,4050.41,4045.8,4049.08,96
2025-11-18T12:00:00.000Z,4049.08,4053.56,4047.82,4052.3,110
2025-11-18T13:00:00.000Z,4052.3,4055.99,4051.04,4054.73,110
2025-11-18T14:00:00.000Z,4054.73,4058.42,4053.47,4057.16,110
2025-11-18T15:00:00.000Z,4057.16,4060.07,4055.9,4058.81,110
2025-11-18T16:00:00.000Z,4058.81,4059.25,4057.4,4057.84,41
2025-11-18T17:00:00.000Z,4057.84,4058.28,4056.7,4057.14,41
2025-11-18T18:00:00.000Z,4057.14,4057.58,4056.01,4056.45,41
2025-11-18T19:00:00.000Z,4056.45,4056.89,4055.59,4056.03,41
2025-11-18T20:00:00.000Z,4056.03,4058.39,4055.39,4057.75,21
2025-11-18T21:00:00.000Z,4057.75,4059.71,4057.11,4059.07,21
2025-11-18T22:00:00.000Z,4059.07,4061.03,4058.43,4060.39,21
2025-11-18T23:00:00.000Z,4060.39,4061.94,4059.75,4061.3,21
2025-11-19T00:00:00.000Z,4086.1,4086.91,4083.52,4084.33,12
2025-11-19T01:00:00.000Z,4084.33,4085.14,4082.25,4083.06,12
2025-11-19T02:00:00.000Z,4083.06,4083.87,4080.98,4081.79,12
2025-11-19T03:00:00.000Z,4081.79,4082.6,4080.22,4081.03,12
2025-11-19T04:00:00.000Z,4081.03,4087.8,4077.49,4084.26,15
2025-11-19T05:00:00.000Z,4084.26,4088.81,4080.72,4085.27,15
2025-11-19T06:00:00.000Z,4085.27,4089.83,4081.73,4086.29,15
2025-11-19T07:00:00.000Z,4086.29,4089.83,4081.55,4085.09,15
2025-11-19T08:00:00.000Z,4085.09,4087.52,4076.07,4078.5,34
2025-11-19T09:00:00.000Z,4078.5,4080.93,4071,4073.43,34
2025-11-19T10:00:00.000Z,4073.43,4075.86,4065.93,4068.36,34
2025-11-19T11:00:00.000Z,4068.36,4070.79,4062.38,4064.81,34
2025-11-19T12:00:00.000Z,4064.81,4066.43,4057.74,4059.36,39
2025-11-19T13:00:00.000Z,4059.36,4060.98,4053.3,4054.92,39
2025-11-19T14:00:00.000Z,4054.92,4056.54,4048.86,4050.48,39
2025-11-19T15:00:00.000Z,4050.48,4052.1,4045.44,4047.06,39
2025-11-19T16:00:00.000Z,4047.06,4049.64,4046.25,4048.83,15
2025-11-19T17:00:00.000Z,4048.83,4050.91,4048.02,4050.1,15
2025-11-19T18:00:00.000Z,4050.1,4052.18,4049.29,4051.37,15
2025-11-19T19:00:00.000Z,4051.37,4052.94,4050.56,4052.13,15
2025-11-19T20:00:00.000Z,4052.13,4062.5,4049.68,4060.05,7
2025-11-19T21:00:00.000Z,4060.05,4068.9,4057.6,4066.45,7
2025-11-19T22:00:00.000Z,4066.45,4075.29,4064,4072.84,7
2025-11-19T23:00:00.000Z,4072.84,4080.15,4070.39,4077.7,7
2025-11-20T00:00:00.000Z,4045,4047.56,4044.2,4046.76,5
2025-11-20T01:00:00.000Z,4046.76,4048.81,4045.96,4048.01,5
2025-11-20T02:00:00.000Z,4048.01,4050.07,4047.21,4049.27,5
2025-11-20T03:00:00.000Z,4049.27,4050.82,4048.47,4050.02,5
2025-11-20T04:00:00.000Z,4050.02,4051.01,4047.41,4048.4,6
2025-11-20T05:00:00.000Z,4048.4,4049.39,4046.4,4047.39,6
2025-11-20T06:00:00.000Z,4047.39,4048.38,4045.4,4046.39,6
2025-11-20T07:00:00.000Z,4046.39,4047.38,4045.01,4046,6
2025-11-20T08:00:00.000Z,4046,4054.94,4043.59,4052.53,14
2025-11-20T09:00:00.000Z,4052.53,4059.96,4050.12,4057.55,14
2025-11-20T10:00:00.000Z,4057.55,4064.98,4055.14,4062.57,14
2025-11-20T11:00:00.000Z,4062.57,4068.49,4060.16,4066.08,14
2025-11-20T12:00:00.000Z,4066.08,4073.96,4063.93,4071.81,16
2025-11-20T13:00:00.000Z,4071.81,4078.36,4069.66,4076.21,16
2025-11-20T14:00:00.000Z,4076.21,4082.75,4074.06,4080.6,16
2025-11-20T15:00:00.000Z,4080.6,4085.8,4078.45,4083.65,16
2025-11-20T16:00:00.000Z,4083.65,4084.45,4081.09,4081.89,6
2025-11-20T17:00:00.000Z,4081.89,4082.69,4079.84,4080.64,6
2025-11-20T18:00:00.000Z,4080.64,4081.44,4078.58,4079.38,6
2025-11-20T19:00:00.000Z,4079.38,4080.18,4077.83,4078.63,6
2025-11-20T20:00:00.000Z,4078.63,4080.8,4069.57,4071.74,5
2025-11-20T21:00:00.000Z,4071.74,4073.91,4064.04,4066.21,5
2025-11-20T22:00:00.000Z,4066.21,4068.38,4058.51,4060.68,5
2025-11-20T23:00:00.000Z,4060.68,4062.85,4054.33,4056.5,5
2025-11-21T00:00:00.000Z,4031.8,4034.52,4030.95,4033.67,5
2025-11-21T01:00:00.000Z,4033.67,4035.85,4032.82,4035,5
2025-11-21T02:00:00.000Z,4035,4037.19,4034.15,4036.34,5
2025-11-21T03:00:00.000Z,4036.34,4037.99,4035.49,4037.14,5
2025-11-21T04:00:00.000Z,4037.14,4037.78,4035.03,4035.67,5
2025-11-21T05:00:00.000Z,4035.67,4036.31,4033.96,4034.6,5
2025-11-21T06:00:00.000Z,4034.6,4035.24,4032.9,4033.54,5
2025-11-21T07:00:00.000Z,4033.54,4034.18,4032.23,4032.87,5
2025-11-21T08:00:00.000Z,4032.87,4042.37,4030.31,4039.81,12
2025-11-21T09:00:00.000Z,4039.81,4047.71,4037.25,4045.15,12
2025-11-21T10:00:00.000Z,4045.15,4053.05,4042.59,4050.49,12
2025-11-21T11:00:00.000Z,4050.49,4056.79,4047.93,4054.23,12
2025-11-21T12:00:00.000Z,4054.23,4063.27,4051.54,4060.58,14
2025-11-21T13:00:00.000Z,4060.58,4067.95,4057.89,4065.26,14
2025-11-21T14:00:00.000Z,4065.26,4072.62,4062.57,4069.93,14
2025-11-21T15:00:00.000Z,4069.93,4075.61,4067.24,4072.92,14
2025-11-21T16:00:00.000Z,4072.92,4073.77,4070.2,4071.05,5
2025-11-21T17:00:00.000Z,4071.05,4071.9,4068.87,4069.72,5
2025-11-21T18:00:00.000Z,4069.72,4070.57,4067.53,4068.38,5
2025-11-21T19:00:00.000Z,4068.38,4069.23,4066.73,4067.58,5
2025-11-21T20:00:00.000Z,4067.58,4071.74,4066.42,4070.58,5
2025-11-21T21:00:00.000Z,4070.58,4074.02,4069.42,4072.86,5
2025-11-21T22:00:00.000Z,4072.86,4076.3,4071.7,4075.14,5
2025-11-21T23:00:00.000Z,4075.14,4077.86,4073.98,4076.7,5
2025-11-24T00:00:00.000Z,4060.5,4062.1,4060,4061.6,15
2025-11-24T01:00:00.000Z,4061.6,4062.88,4061.1,4062.38,15
2025-11-24T02:00:00.000Z,4062.38,4063.67,4061.88,4063.17,15
2025-11-24T03:00:00.000Z,4063.17,4064.14,4062.67,4063.64,15
2025-11-24T04:00:00.000Z,4063.64,4064.02,4062.4,4062.78,18
2025-11-24T05:00:00.000Z,4062.78,4063.16,4061.77,4062.15,18
2025-11-24T06:00:00.000Z,4062.15,4062.53,4061.14,4061.52,18
2025-11-24T07:00:00.000Z,4061.52,4061.9,4060.75,4061.13,18
2025-11-24T08:00:00.000Z,4061.13,4066.72,4059.62,4065.21,41
2025-11-24T09:00:00.000Z,4065.21,4069.86,4063.7,4068.35,41
2025-11-24T10:00:00.000Z,4068.35,4073,4066.84,4071.49,41
2025-11-24T11:00:00.000Z,4071.49,4075.2,4069.98,4073.69,41
2025-11-24T12:00:00.000Z,4073.69,4079.01,4072.11,4077.43,47
2025-11-24T13:00:00.000Z,4077.43,4081.75,4075.85,4080.17,47
2025-11-24T14:00:00.000Z,4080.17,4084.5,4078.59,4082.92,47
2025-11-24T15:00:00.000Z,4082.92,4086.26,4081.34,4084.68,47
2025-11-24T16:00:00.000Z,4084.68,4085.18,4083.08,4083.58,18
2025-11-24T17:00:00.000Z,4083.58,4084.08,4082.3,4082.8,18
2025-11-24T18:00:00.000Z,4082.8,4083.3,4081.51,4082.01,18
2025-11-24T19:00:00.000Z,4082.01,4082.51,4081.04,4081.54,18
2025-11-24T20:00:00.000Z,4081.54,4085.89,4080.46,4084.81,9
2025-11-24T21:00:00.000Z,4084.81,4088.48,4083.73,4087.4,9
2025-11-24T22:00:00.000Z,4087.4,4091.07,4086.32,4089.99,9
2025-11-24T23:00:00.000Z,4089.99,4092.98,4088.91,4091.9,9
2025-11-25T00:00:00.000Z,4139.2,4139.2,4139.2,4139.2,3318
2025-11-25T01:00:00.000Z,4139.2,4139.2,4139.2,4139.2,3318
2025-11-25T02:00:00.000Z,4139.2,4139.2,4139.2,4139.2,3318
2025-11-25T03:00:00.000Z,4139.2,4139.2,4139.2,4139.2,3318
2025-11-25T04:00:00.000Z,4139.2,4139.2,4139.2,4139.2,3981
2025-11-25T05:00:00.000Z,4139.2,4139.2,4139.2,4139.2,3981
2025-11-25T06:00:00.000Z,4139.2,4139.2,4139.2,4139.2,3981
2025-11-25T07:00:00.000Z,4139.2,4139.2,4139.2,4139.2,3981
2025-11-25T08:00:00.000Z,4139.2,4139.2,4139.2,4139.2,9289
2025-11-25T09:00:00.000Z,4139.2,4139.2,4139.2,4139.2,9289
2025-11-25T10:00:00.000Z,4139.2,4139.2,4139.2,4139.2,9289
2025-11-25T11:00:00.000Z,4139.2,4139.2,4139.2,4139.2,9289
2025-11-25T12:00:00.000Z,4139.2,4139.2,4139.2,4139.2,10616
2025-11-25T13:00:00.000Z,4139.2,4139.2,4139.2,4139.2,10616
2025-11-25T14:00:00.000Z,4139.2,4139.2,4139.2,4139.2,10616
2025-11-25T15:00:00.000Z,4139.2,4139.2,4139.2,4139.2,10616
2025-11-25T16:00:00.000Z,4139.2,4139.2,4139.2,4139.2,3981
2025-11-25T17:00:00.000Z,4139.2,4139.2,4139.2,4139.2,3981
2025-11-25T18:00:00.000Z,4139.2,4139.2,4139.2,4139.2,3981
2025-11-25T19:00:00.000Z,4139.2,4139.2,4139.2,4139.2,3981
2025-11-25T20:00:00.000Z,4139.2,4139.2,4139.2,4139.2,1991
2025-11-25T21:00:00.000Z,4139.2,4139.2,4139.2,4139.2,1991
2025-11-25T22:00:00.000Z,4139.2,4139.2,4139.2,4139.2,1991
2025-11-25T23:00:00.000Z,4139.2,4139.2,4139.2,4139.2,1991
2025-11-26T00:00:00.000Z,4128.6,4130.82,4127.9,4130.12,627
2025-11-26T01:00:00.000Z,4130.12,4131.91,4129.42,4131.21,627
2025-11-26T02:00:00.000Z,4131.21,4133,4130.51,4132.3,627
2025-11-26T03:00:00.000Z,4132.3,4133.65,4131.6,4132.95,627
2025-11-26T04:00:00.000Z,4132.95,4133.56,4131.09,4131.7,753
2025-11-26T05:00:00.000Z,4131.7,4132.31,4130.22,4130.83,753
2025-11-26T06:00:00.000Z,4130.83,4131.44,4129.35,4129.96,753
2025-11-26T07:00:00.000Z,4129.96,4130.57,4128.86,4129.47,753
2025-11-26T08:00:00.000Z,4129.47,4137.22,4127.38,4135.13,1756
2025-11-26T09:00:00.000Z,4135.13,4141.57,4133.04,4139.48,1756
2025-11-26T10:00:00.000Z,4139.48,4145.92,4137.39,4143.83,1756
2025-11-26T11:00:00.000Z,4143.83,4148.96,4141.74,4146.87,1756
2025-11-26T12:00:00.000Z,4146.87,4154.09,4144.77,4151.99,2007
2025-11-26T13:00:00.000Z,4151.99,4157.9,4149.89,4155.8,2007
2025-11-26T14:00:00.000Z,4155.8,4161.71,4153.7,4159.61,2007
2025-11-26T15:00:00.000Z,4159.61,4164.2,4157.51,4162.1,2007
2025-11-26T16:00:00.000Z,4162.1,4162.8,4159.88,4160.58,753
2025-11-26T17:00:00.000Z,4160.58,4161.28,4158.79,4159.49,753
2025-11-26T18:00:00.000Z,4159.49,4160.19,4157.7,4158.4,753
2025-11-26T19:00:00.000Z,4158.4,4159.1,4157.05,4157.75,753
2025-11-26T20:00:00.000Z,4157.75,4161.14,4156.81,4160.2,376
2025-11-26T21:00:00.000Z,4160.2,4163.01,4159.26,4162.07,376
2025-11-26T22:00:00.000Z,4162.07,4164.87,4161.13,4163.93,376
2025-11-26T23:00:00.000Z,4163.93,4166.14,4162.99,4165.2,376
2025-11-28T00:00:00.000Z,4163.4,4167.68,4162.06,4166.34,91
2025-11-28T01:00:00.000Z,4166.34,4169.77,4165,4168.43,91
2025-11-28T02:00:00.000Z,4168.43,4171.87,4167.09,4170.53,91
2025-11-28T03:00:00.000Z,4170.53,4173.13,4169.19,4171.79,91
2025-11-28T04:00:00.000Z,4171.79,4174.67,4165.43,4168.31,109
2025-11-28T05:00:00.000Z,4168.31,4171.19,4163.76,4166.64,109
2025-11-28T06:00:00.000Z,4166.64,4169.52,4162.08,4164.96,109
2025-11-28T07:00:00.000Z,4164.96,4167.96,4162.08,4165.08,109
2025-11-28T08:00:00.000Z,4165.08,4180.02,4161.05,4175.99,253
2025-11-28T09:00:00.000Z,4175.99,4188.41,4171.96,4184.38,253
2025-11-28T10:00:00.000Z,4184.38,4196.8,4180.35,4192.77,253
2025-11-28T11:00:00.000Z,4192.77,4202.67,4188.74,4198.64,253
2025-11-28T12:00:00.000Z,4198.64,4210.34,4195.96,4207.66,289
2025-11-28T13:00:00.000Z,4207.66,4217.68,4204.98,4215,289
2025-11-28T14:00:00.000Z,4215,4225.02,4212.32,4222.34,289
2025-11-28T15:00:00.000Z,4222.34,4230.68,4219.66,4228,289
2025-11-28T16:00:00.000Z,4228,4229.34,4223.72,4225.06,109
2025-11-28T17:00:00.000Z,4225.06,4226.4,4221.63,4222.97,109
2025-11-28T18:00:00.000Z,4222.97,4224.31,4219.53,4220.87,109
2025-11-28T19:00:00.000Z,4220.87,4222.21,4218.27,4219.61,109
2025-11-28T20:00:00.000Z,4219.61,4220.39,4218.02,4218.8,54
2025-11-28T21:00:00.000Z,4218.8,4219.58,4217.69,4218.47,54
2025-11-28T22:00:00.000Z,4218.47,4219.25,4217.36,4218.14,54
2025-11-28T23:00:00.000Z,4218.14,4219.08,4217.36,4218.3,54
2025-12-01T00:00:00.000Z,4218.5,4220.91,4217.74,4220.15,23
2025-12-01T01:00:00.000Z,4220.15,4222.09,4219.39,4221.33,23
2025-12-01T02:00:00.000Z,4221.33,4223.27,4220.57,4222.51,23
2025-12-01T03:00:00.000Z,4222.51,4223.98,4221.75,4223.22,23
2025-12-01T04:00:00.000Z,4223.22,4224.07,4220.89,4221.74,28
2025-12-01T05:00:00.000Z,4221.74,4222.59,4219.95,4220.8,28
2025-12-01T06:00:00.000Z,4220.8,4221.65,4219,4219.85,28
2025-12-01T07:00:00.000Z,4219.85,4220.7,4218.59,4219.44,28
2025-12-01T08:00:00.000Z,4219.44,4227.85,4217.17,4225.58,64
2025-12-01T09:00:00.000Z,4225.58,4232.57,4223.31,4230.3,64
2025-12-01T10:00:00.000Z,4230.3,4237.29,4228.03,4235.02,64
2025-12-01T11:00:00.000Z,4235.02,4240.59,4232.75,4238.32,64
2025-12-01T12:00:00.000Z,4238.32,4245.85,4236.23,4243.76,73
2025-12-01T13:00:00.000Z,4243.76,4249.98,4241.67,4247.89,73
2025-12-01T14:00:00.000Z,4247.89,4254.11,4245.8,4252.02,73
2025-12-01T15:00:00.000Z,4252.02,4256.93,4249.93,4254.84,73
2025-12-01T16:00:00.000Z,4254.84,4255.6,4252.43,4253.19,28
2025-12-01T17:00:00.000Z,4253.19,4253.95,4251.25,4252.01,28
2025-12-01T18:00:00.000Z,4252.01,4252.77,4250.07,4250.83,28
2025-12-01T19:00:00.000Z,4250.83,4251.59,4249.36,4250.12,28
2025-12-01T20:00:00.000Z,4250.12,4251.36,4245.4,4246.64,14
2025-12-01T21:00:00.000Z,4246.64,4247.88,4242.69,4243.93,14
2025-12-01T22:00:00.000Z,4243.93,4245.17,4239.99,4241.23,14
2025-12-01T23:00:00.000Z,4241.23,4242.47,4238.06,4239.3,14
2025-12-02T00:00:00.000Z,4230.5,4231.52,4227.26,4228.28,9
2025-12-02T01:00:00.000Z,4228.28,4229.3,4225.67,4226.69,9
2025-12-02T02:00:00.000Z,4226.69,4227.71,4224.08,4225.1,9
2025-12-02T03:00:00.000Z,4225.1,4226.12,4223.13,4224.15,9
2025-12-02T04:00:00.000Z,4224.15,4226.66,4223.39,4225.9,11
2025-12-02T05:00:00.000Z,4225.9,4227.93,4225.14,4227.17,11
2025-12-02T06:00:00.000Z,4227.17,4229.2,4226.41,4228.44,11
2025-12-02T07:00:00.000Z,4228.44,4229.99,4227.68,4229.23,11
2025-12-02T08:00:00.000Z,4229.23,4232.28,4217.92,4220.97,26
2025-12-02T09:00:00.000Z,4220.97,4224.02,4211.58,4214.63,26
2025-12-02T10:00:00.000Z,4214.63,4217.68,4205.23,4208.28,26
2025-12-02T11:00:00.000Z,4208.28,4211.33,4200.78,4203.83,26
2025-12-02T12:00:00.000Z,4203.83,4207.03,4193.07,4196.27,29
2025-12-02T13:00:00.000Z,4196.27,4199.47,4187.51,4190.71,29
2025-12-02T14:00:00.000Z,4190.71,4193.91,4181.96,4185.16,29
2025-12-02T15:00:00.000Z,4185.16,4188.36,4178.4,4181.6,29
2025-12-02T16:00:00.000Z,4181.6,4184.84,4180.58,4183.82,11
2025-12-02T17:00:00.000Z,4183.82,4186.43,4182.8,4185.41,11
2025-12-02T18:00:00.000Z,4185.41,4188.02,4184.39,4187,11
2025-12-02T19:00:00.000Z,4187,4188.97,4185.98,4187.95,11
2025-12-02T20:00:00.000Z,4187.95,4188.57,4186.61,4187.23,6
2025-12-02T21:00:00.000Z,4187.23,4187.85,4186.27,4186.89,6
2025-12-02T22:00:00.000Z,4186.89,4187.51,4185.93,4186.55,6
2025-12-02T23:00:00.000Z,4186.55,4187.22,4185.93,4186.6,6
2025-12-03T00:00:00.000Z,4215.7,4216.31,4213.75,4214.36,48
2025-12-03T01:00:00.000Z,4214.36,4214.97,4212.79,4213.4,48
2025-12-03T02:00:00.000Z,4213.4,4214.01,4211.83,4212.44,48
2025-12-03T03:00:00.000Z,4212.44,4213.05,4211.25,4211.86,48
2025-12-03T04:00:00.000Z,4211.86,4215.77,4209.93,4213.84,57
2025-12-03T05:00:00.000Z,4213.84,4216.53,4211.91,4214.6,57
2025-12-03T06:00:00.000Z,4214.6,4217.3,4212.67,4215.37,57
2025-12-03T07:00:00.000Z,4215.37,4217.3,4213,4214.93,57
2025-12-03T08:00:00.000Z,4214.93,4216.77,4208.1,4209.94,133
2025-12-03T09:00:00.000Z,4209.94,4211.78,4204.26,4206.1,133
2025-12-03T10:00:00.000Z,4206.1,4207.94,4200.42,4202.26,133
2025-12-03T11:00:00.000Z,4202.26,4204.1,4197.73,4199.57,133
2025-12-03T12:00:00.000Z,4199.57,4200.8,4194.21,4195.44,152
2025-12-03T13:00:00.000Z,4195.44,4196.67,4190.85,4192.08,152
2025-12-03T14:00:00.000Z,4192.08,4193.31,4187.49,4188.72,152
2025-12-03T15:00:00.000Z,4188.72,4189.95,4184.9,4186.13,152
2025-12-03T16:00:00.000Z,4186.13,4188.08,4185.52,4187.47,57
2025-12-03T17:00:00.000Z,4187.47,4189.04,4186.86,4188.43,57
2025-12-03T18:00:00.000Z,4188.43,4190,4187.82,4189.39,57
2025-12-03T19:00:00.000Z,4189.39,4190.58,4188.78,4189.97,57
2025-12-03T20:00:00.000Z,4189.97,4194.01,4188.92,4192.96,29
2025-12-03T21:00:00.000Z,4192.96,4196.34,4191.91,4195.29,29
2025-12-03T22:00:00.000Z,4195.29,4198.68,4194.24,4197.63,29
2025-12-03T23:00:00.000Z,4197.63,4200.35,4196.58,4199.3,29
2025-12-04T00:00:00.000Z,4211,4212.88,4210.41,4212.29,16
2025-12-04T01:00:00.000Z,4212.29,4213.8,4211.7,4213.21,16
2025-12-04T02:00:00.000Z,4213.21,4214.72,4212.62,4214.13,16
2025-12-04T03:00:00.000Z,4214.13,4215.27,4213.54,4214.68,16
2025-12-04T04:00:00.000Z,4214.68,4218,4208.55,4211.87,19
2025-12-04T05:00:00.000Z,4211.87,4215.19,4207.81,4211.13,19
2025-12-04T06:00:00.000Z,4211.13,4214.45,4207.08,4210.4,19
2025-12-04T07:00:00.000Z,4210.4,4215.06,4207.08,4211.74,19
2025-12-04T08:00:00.000Z,4211.74,4218.29,4209.97,4216.52,43
2025-12-04T09:00:00.000Z,4216.52,4221.97,4214.75,4220.2,43
2025-12-04T10:00:00.000Z,4220.2,4225.65,4218.43,4223.88,43
2025-12-04T11:00:00.000Z,4223.88,4228.23,4222.11,4226.46,43
2025-12-04T12:00:00.000Z,4226.46,4231.6,4225.28,4230.42,49
2025-12-04T13:00:00.000Z,4230.42,4234.82,4229.24,4233.64,49
2025-12-04T14:00:00.000Z,4233.64,4238.04,4232.46,4236.86,49
2025-12-04T15:00:00.000Z,4236.86,4240.52,4235.68,4239.34,49
2025-12-04T16:00:00.000Z,4239.34,4239.93,4237.46,4238.05,19
2025-12-04T17:00:00.000Z,4238.05,4238.64,4236.54,4237.13,19
2025-12-04T18:00:00.000Z,4237.13,4237.72,4235.62,4236.21,19
2025-12-04T19:00:00.000Z,4236.21,4236.8,4235.07,4235.66,19
2025-12-04T20:00:00.000Z,4235.66,4237.86,4226.12,4228.32,9
2025-12-04T21:00:00.000Z,4228.32,4230.52,4220.15,4222.35,9
2025-12-04T22:00:00.000Z,4222.35,4224.55,4214.19,4216.39,9
2025-12-04T23:00:00.000Z,4216.39,4218.59,4209.6,4211.8,9
2025-12-05T00:00:00.000Z,4204.1,4207.22,4203.12,4206.24,13
2025-12-05T01:00:00.000Z,4206.24,4208.75,4205.26,4207.77,13
2025-12-05T02:00:00.000Z,4207.77,4210.28,4206.79,4209.3,13
2025-12-05T03:00:00.000Z,4209.3,4211.2,4208.32,4210.22,13
2025-12-05T04:00:00.000Z,4210.22,4211.72,4206.56,4208.06,16
2025-12-05T05:00:00.000Z,4208.06,4209.56,4205.33,4206.83,16
2025-12-05T06:00:00.000Z,4206.83,4208.33,4204.11,4205.61,16
2025-12-05T07:00:00.000Z,4205.61,4207.11,4203.82,4205.32,16
2025-12-05T08:00:00.000Z,4205.32,4216.22,4202.38,4213.28,37
2025-12-05T09:00:00.000Z,4213.28,4222.34,4210.34,4219.4,37
2025-12-05T10:00:00.000Z,4219.4,4228.46,4216.46,4225.52,37
2025-12-05T11:00:00.000Z,4225.52,4232.74,4222.58,4229.8,37
2025-12-05T12:00:00.000Z,4229.8,4238.92,4227.48,4236.6,43
2025-12-05T13:00:00.000Z,4236.6,4244.28,4234.28,4241.96,43
2025-12-05T14:00:00.000Z,4241.96,4249.63,4239.64,4247.31,43
2025-12-05T15:00:00.000Z,4247.31,4253.54,4244.99,4251.22,43
2025-12-05T16:00:00.000Z,4251.22,4252.2,4248.1,4249.08,16
2025-12-05T17:00:00.000Z,4249.08,4250.06,4246.57,4247.55,16
2025-12-05T18:00:00.000Z,4247.55,4248.53,4245.04,4246.02,16
2025-12-05T19:00:00.000Z,4246.02,4247,4244.12,4245.1,16
2025-12-05T20:00:00.000Z,4245.1,4248.17,4232.06,4235.13,8
2025-12-05T21:00:00.000Z,4235.13,4238.2,4224.01,4227.08,8
2025-12-05T22:00:00.000Z,4227.08,4230.15,4215.96,4219.03,8
2025-12-05T23:00:00.000Z,4219.03,4222.1,4209.83,4212.9,8
2025-12-08T00:00:00.000Z,4205.5,4206.14,4203.45,4204.09,8
2025-12-08T01:00:00.000Z,4204.09,4204.73,4202.44,4203.08,8
2025-12-08T02:00:00.000Z,4203.08,4203.72,4201.43,4202.07,8
2025-12-08T03:00:00.000Z,4202.07,4202.71,4200.83,4201.47,8
2025-12-08T04:00:00.000Z,4201.47,4204.4,4200.16,4203.09,10
2025-12-08T05:00:00.000Z,4203.09,4205.21,4201.78,4203.9,10
2025-12-08T06:00:00.000Z,4203.9,4206.01,4202.59,4204.7,10
2025-12-08T07:00:00.000Z,4204.7,4206.01,4203.38,4204.69,10
2025-12-08T08:00:00.000Z,4204.69,4206.62,4197.52,4199.45,22
2025-12-08T09:00:00.000Z,4199.45,4201.38,4193.49,4195.42,22
2025-12-08T10:00:00.000Z,4195.42,4197.35,4189.46,4191.39,22
2025-12-08T11:00:00.000Z,4191.39,4193.32,4186.64,4188.57,22
2025-12-08T12:00:00.000Z,4188.57,4189.86,4182.95,4184.24,26
2025-12-08T13:00:00.000Z,4184.24,4185.53,4179.42,4180.71,26
2025-12-08T14:00:00.000Z,4180.71,4182,4175.9,4177.19,26
2025-12-08T15:00:00.000Z,4177.19,4178.48,4173.18,4174.47,26
2025-12-08T16:00:00.000Z,4174.47,4176.52,4173.83,4175.88,10
2025-12-08T17:00:00.000Z,4175.88,4177.53,4175.24,4176.89,10
2025-12-08T18:00:00.000Z,4176.89,4178.54,4176.25,4177.9,10
2025-12-08T19:00:00.000Z,4177.9,4179.14,4177.26,4178.5,10
2025-12-08T20:00:00.000Z,4178.5,4182.33,4177.48,4181.31,5
2025-12-08T21:00:00.000Z,4181.31,4184.51,4180.29,4183.49,5
2025-12-08T22:00:00.000Z,4183.49,4186.68,4182.47,4185.66,5
2025-12-08T23:00:00.000Z,4185.66,4188.22,4184.64,4187.2,5
2025-12-09T00:00:00.000Z,4190.7,4192.84,4190.03,4192.17,17
2025-12-09T01:00:00.000Z,4192.17,4193.89,4191.5,4193.22,17
2025-12-09T02:00:00.000Z,4193.22,4194.94,4192.55,4194.27,17
2025-12-09T03:00:00.000Z,4194.27,4195.57,4193.6,4194.9,17
2025-12-09T04:00:00.000Z,4194.9,4196.44,4191.55,4193.09,20
2025-12-09T05:00:00.000Z,4193.09,4194.63,4190.71,4192.25,20
2025-12-09T06:00:00.000Z,4192.25,4193.79,4189.87,4191.41,20
2025-12-09T07:00:00.000Z,4191.41,4193.08,4189.87,4191.54,20
2025-12-09T08:00:00.000Z,4191.54,4199.02,4189.52,4197,46
2025-12-09T09:00:00.000Z,4197,4203.22,4194.98,4201.2,46
2025-12-09T10:00:00.000Z,4201.2,4207.42,4199.18,4205.4,46
2025-12-09T11:00:00.000Z,4205.4,4210.36,4203.38,4208.34,46
2025-12-09T12:00:00.000Z,4208.34,4214.2,4207,4212.86,53
2025-12-09T13:00:00.000Z,4212.86,4217.87,4211.52,4216.53,53
2025-12-09T14:00:00.000Z,4216.53,4221.54,4215.19,4220.2,53
2025-12-09T15:00:00.000Z,4220.2,4224.38,4218.86,4223.04,53
2025-12-09T16:00:00.000Z,4223.04,4223.71,4220.9,4221.57,20
2025-12-09T17:00:00.000Z,4221.57,4222.24,4219.85,4220.52,20
2025-12-09T18:00:00.000Z,4220.52,4221.19,4218.8,4219.47,20
2025-12-09T19:00:00.000Z,4219.47,4220.14,4218.17,4218.84,20
2025-12-09T20:00:00.000Z,4218.84,4220.15,4213.68,4214.99,10
2025-12-09T21:00:00.000Z,4214.99,4216.3,4210.64,4211.95,10
2025-12-09T22:00:00.000Z,4211.95,4213.26,4207.61,4208.92,10
2025-12-09T23:00:00.000Z,4208.92,4210.23,4205.39,4206.7,10
2025-12-10T00:00:00.000Z,4209,4209.81,4206.41,4207.22,17
2025-12-10T01:00:00.000Z,4207.22,4208.03,4205.14,4205.95,17
2025-12-10T02:00:00.000Z,4205.95,4206.76,4203.86,4204.67,17
2025-12-10T03:00:00.000Z,4204.67,4205.48,4203.1,4203.91,17
2025-12-10T04:00:00.000Z,4203.91,4209.23,4201.26,4206.58,21
2025-12-10T05:00:00.000Z,4206.58,4210.25,4203.93,4207.6,21
2025-12-10T06:00:00.000Z,4207.6,4211.27,4204.95,4208.62,21
2025-12-10T07:00:00.000Z,4208.62,4211.27,4205.33,4207.98,21
2025-12-10T08:00:00.000Z,4207.98,4210.42,4198.92,4201.36,49
2025-12-10T09:00:00.000Z,4201.36,4203.8,4193.83,4196.27,49
2025-12-10T10:00:00.000Z,4196.27,4198.71,4188.74,4191.18,49
2025-12-10T11:00:00.000Z,4191.18,4193.62,4185.18,4187.62,49
2025-12-10T12:00:00.000Z,4187.62,4189.25,4180.52,4182.15,55
2025-12-10T13:00:00.000Z,4182.15,4183.78,4176.07,4177.7,55
2025-12-10T14:00:00.000Z,4177.7,4179.33,4171.61,4173.24,55
2025-12-10T15:00:00.000Z,4173.24,4174.87,4168.18,4169.81,55
2025-12-10T16:00:00.000Z,4169.81,4172.4,4169,4171.59,21
2025-12-10T17:00:00.000Z,4171.59,4173.67,4170.78,4172.86,21
2025-12-10T18:00:00.000Z,4172.86,4174.95,4172.05,4174.14,21
2025-12-10T19:00:00.000Z,4174.14,4175.71,4173.33,4174.9,21
2025-12-10T20:00:00.000Z,4174.9,4183.73,4172.77,4181.6,11
2025-12-10T21:00:00.000Z,4181.6,4189.11,4179.47,4186.98,11
2025-12-10T22:00:00.000Z,4186.98,4194.48,4184.85,4192.35,11
2025-12-10T23:00:00.000Z,4192.35,4198.53,4190.22,4196.4,11
2025-12-11T00:00:00.000Z,4224,4227.7,4222.84,4226.54,13
2025-12-11T01:00:00.000Z,4226.54,4229.52,4225.38,4228.36,13
2025-12-11T02:00:00.000Z,4228.36,4231.33,4227.2,4230.17,13
2025-12-11T03:00:00.000Z,4230.17,4232.42,4229.01,4231.26,13
2025-12-11T04:00:00.000Z,4231.26,4232.91,4227.13,4228.78,16
2025-12-11T05:00:00.000Z,4228.78,4230.43,4225.68,4227.33,16
2025-12-11T06:00:00.000Z,4227.33,4228.98,4224.22,4225.87,16
2025-12-11T07:00:00.000Z,4225.87,4227.52,4223.8,4225.45,16
2025-12-11T08:00:00.000Z,4225.45,4238.37,4221.97,4234.89,37
2025-12-11T09:00:00.000Z,4234.89,4245.63,4231.41,4242.15,37
2025-12-11T10:00:00.000Z,4242.15,4252.89,4238.67,4249.41,37
2025-12-11T11:00:00.000Z,4249.41,4257.97,4245.93,4254.49,37
2025-12-11T12:00:00.000Z,4254.49,4265.52,4251.61,4262.64,42
2025-12-11T13:00:00.000Z,4262.64,4271.88,4259.76,4269,42
2025-12-11T14:00:00.000Z,4269,4278.23,4266.12,4275.35,42
2025-12-11T15:00:00.000Z,4275.35,4282.78,4272.47,4279.9,42
2025-12-11T16:00:00.000Z,4279.9,4281.06,4276.2,4277.36,16
2025-12-11T17:00:00.000Z,4277.36,4278.52,4274.38,4275.54,16
2025-12-11T18:00:00.000Z,4275.54,4276.7,4272.57,4273.73,16
2025-12-11T19:00:00.000Z,4273.73,4274.89,4271.48,4272.64,16
2025-12-11T20:00:00.000Z,4272.64,4278.47,4271.03,4276.86,8
2025-12-11T21:00:00.000Z,4276.86,4281.69,4275.25,4280.08,8
2025-12-11T22:00:00.000Z,4280.08,4284.9,4278.47,4283.29,8
2025-12-11T23:00:00.000Z,4283.29,4287.11,4281.68,4285.5,8
2025-12-12T00:00:00.000Z,4276.4,4281.24,4274.88,4279.72,38
2025-12-12T01:00:00.000Z,4279.72,4283.62,4278.2,4282.1,38
2025-12-12T02:00:00.000Z,4282.1,4285.99,4280.58,4284.47,38
2025-12-12T03:00:00.000Z,4284.47,4287.42,4282.95,4285.9,38
2025-12-12T04:00:00.000Z,4285.9,4288.35,4280.02,4282.47,46
2025-12-12T05:00:00.000Z,4282.47,4284.92,4278.12,4280.57,46
2025-12-12T06:00:00.000Z,4280.57,4283.02,4276.22,4278.67,46
2025-12-12T07:00:00.000Z,4278.67,4281.12,4275.85,4278.3,46
2025-12-12T08:00:00.000Z,4278.3,4295.21,4273.74,4290.65,107
2025-12-12T09:00:00.000Z,4290.65,4304.71,4286.09,4300.15,107
2025-12-12T10:00:00.000Z,4300.15,4314.21,4295.59,4309.65,107
2025-12-12T11:00:00.000Z,4309.65,4320.86,4305.09,4316.3,107
2025-12-12T12:00:00.000Z,4316.3,4330.26,4312.82,4326.78,123
2025-12-12T13:00:00.000Z,4326.78,4338.58,4323.3,4335.1,123
2025-12-12T14:00:00.000Z,4335.1,4346.89,4331.62,4343.41,123
2025-12-12T15:00:00.000Z,4343.41,4353.03,4339.93,4349.55,123
2025-12-12T16:00:00.000Z,4349.55,4351.07,4344.71,4346.23,46
2025-12-12T17:00:00.000Z,4346.23,4347.75,4342.33,4343.85,46
2025-12-12T18:00:00.000Z,4343.85,4345.37,4339.96,4341.48,46
2025-12-12T19:00:00.000Z,4341.48,4343,4338.53,4340.05,46
2025-12-12T20:00:00.000Z,4340.05,4344.01,4323.63,4327.59,23
2025-12-12T21:00:00.000Z,4327.59,4331.55,4313.64,4317.6,23
2025-12-12T22:00:00.000Z,4317.6,4321.56,4303.66,4307.62,23
2025-12-12T23:00:00.000Z,4307.62,4311.58,4296.14,4300.1,23
2025-12-15T00:00:00.000Z,4308.3,4309.2,4305.43,4306.33,21
2025-12-15T01:00:00.000Z,4306.33,4307.23,4304.02,4304.92,21
2025-12-15T02:00:00.000Z,4304.92,4305.82,4302.61,4303.51,21
2025-12-15T03:00:00.000Z,4303.51,4304.41,4301.77,4302.67,21
2025-12-15T04:00:00.000Z,4302.67,4310.21,4298.72,4306.26,26
2025-12-15T05:00:00.000Z,4306.26,4311.34,4302.31,4307.39,26
2025-12-15T06:00:00.000Z,4307.39,4312.46,4303.44,4308.51,26
2025-12-15T07:00:00.000Z,4308.51,4312.46,4303.22,4307.17,26
2025-12-15T08:00:00.000Z,4307.17,4309.87,4297.15,4299.85,60
2025-12-15T09:00:00.000Z,4299.85,4302.55,4291.52,4294.22,60
2025-12-15T10:00:00.000Z,4294.22,4296.92,4285.89,4288.59,60
2025-12-15T11:00:00.000Z,4288.59,4291.29,4281.95,4284.65,60
2025-12-15T12:00:00.000Z,4284.65,4286.45,4276.8,4278.6,68
2025-12-15T13:00:00.000Z,4278.6,4280.4,4271.87,4273.67,68
2025-12-15T14:00:00.000Z,4273.67,4275.47,4266.95,4268.75,68
2025-12-15T15:00:00.000Z,4268.75,4270.55,4263.15,4264.95,68
2025-12-15T16:00:00.000Z,4264.95,4267.82,4264.05,4266.92,26
2025-12-15T17:00:00.000Z,4266.92,4269.23,4266.02,4268.33,26
2025-12-15T18:00:00.000Z,4268.33,4270.64,4267.43,4269.74,26
2025-12-15T19:00:00.000Z,4269.74,4271.48,4268.84,4270.58,26
2025-12-15T20:00:00.000Z,4270.58,4285.04,4267.24,4281.7,13
2025-12-15T21:00:00.000Z,4281.7,4294.07,4278.36,4290.73,13
2025-12-15T22:00:00.000Z,4290.73,4303.1,4287.39,4299.76,13
2025-12-15T23:00:00.000Z,4299.76,4310.04,4296.42,4306.7,13
2025-12-16T00:00:00.000Z,4270.5,4273.09,4269.69,4272.28,45
2025-12-16T01:00:00.000Z,4272.28,4274.36,4271.47,4273.55,45
2025-12-16T02:00:00.000Z,4273.55,4275.64,4272.74,4274.83,45
2025-12-16T03:00:00.000Z,4274.83,4276.4,4274.02,4275.59,45
2025-12-16T04:00:00.000Z,4275.59,4276.2,4273.58,4274.19,54
2025-12-16T05:00:00.000Z,4274.19,4274.8,4272.56,4273.17,54
2025-12-16T06:00:00.000Z,4273.17,4273.78,4271.55,4272.16,54
2025-12-16T07:00:00.000Z,4272.16,4272.77,4270.91,4271.52,54
2025-12-16T08:00:00.000Z,4271.52,4280.58,4269.08,4278.14,126
2025-12-16T09:00:00.000Z,4278.14,4285.67,4275.7,4283.23,126
2025-12-16T10:00:00.000Z,4283.23,4290.76,4280.79,4288.32,126
2025-12-16T11:00:00.000Z,4288.32,4294.32,4285.88,4291.88,126
2025-12-16T12:00:00.000Z,4291.88,4300.51,4289.31,4297.94,144
2025-12-16T13:00:00.000Z,4297.94,4304.96,4295.37,4302.39,144
2025-12-16T14:00:00.000Z,4302.39,4309.41,4299.82,4306.84,144
2025-12-16T15:00:00.000Z,4306.84,4312.26,4304.27,4309.69,144
2025-12-16T16:00:00.000Z,4309.69,4310.5,4307.1,4307.91,54
2025-12-16T17:00:00.000Z,4307.91,4308.72,4305.83,4306.64,54
2025-12-16T18:00:00.000Z,4306.64,4307.45,4304.55,4305.36,54
2025-12-16T19:00:00.000Z,4305.36,4306.17,4303.79,4304.6,54
2025-12-16T20:00:00.000Z,4304.6,4305.02,4303.9,4304.32,27
2025-12-16T21:00:00.000Z,4304.32,4304.74,4303.87,4304.29,27
2025-12-16T22:00:00.000Z,4304.29,4304.71,4303.85,4304.27,27
2025-12-16T23:00:00.000Z,4304.27,4304.92,4303.85,4304.5,27
2025-12-17T00:00:00.000Z,4308.5,4310.69,4307.81,4310,54
2025-12-17T01:00:00.000Z,4310,4311.76,4309.31,4311.07,54
2025-12-17T02:00:00.000Z,4311.07,4312.84,4310.38,4312.15,54
2025-12-17T03:00:00.000Z,4312.15,4313.48,4311.46,4312.79,54
2025-12-17T04:00:00.000Z,4312.79,4313.3,4311.1,4311.61,65
2025-12-17T05:00:00.000Z,4311.61,4312.12,4310.24,4310.75,65
2025-12-17T06:00:00.000Z,4310.75,4311.26,4309.39,4309.9,65
2025-12-17T07:00:00.000Z,4309.9,4310.41,4308.85,4309.36,65
2025-12-17T08:00:00.000Z,4309.36,4317,4307.3,4314.94,152
2025-12-17T09:00:00.000Z,4314.94,4321.29,4312.88,4319.23,152
2025-12-17T10:00:00.000Z,4319.23,4325.58,4317.17,4323.52,152
2025-12-17T11:00:00.000Z,4323.52,4328.58,4321.46,4326.52,152
2025-12-17T12:00:00.000Z,4326.52,4333.78,4324.36,4331.62,174
2025-12-17T13:00:00.000Z,4331.62,4337.54,4329.46,4335.38,174
2025-12-17T14:00:00.000Z,4335.38,4341.29,4333.22,4339.13,174
2025-12-17T15:00:00.000Z,4339.13,4343.69,4336.97,4341.53,174
2025-12-17T16:00:00.000Z,4341.53,4342.22,4339.34,4340.03,65
2025-12-17T17:00:00.000Z,4340.03,4340.72,4338.27,4338.96,65
2025-12-17T18:00:00.000Z,4338.96,4339.65,4337.19,4337.88,65
2025-12-17T19:00:00.000Z,4337.88,4338.57,4336.55,4337.24,65
2025-12-17T20:00:00.000Z,4337.24,4341.69,4336.08,4340.53,33
2025-12-17T21:00:00.000Z,4340.53,4344.26,4339.37,4343.1,33
2025-12-17T22:00:00.000Z,4343.1,4346.82,4341.94,4345.66,33
2025-12-17T23:00:00.000Z,4345.66,4348.66,4344.5,4347.5,33
2025-12-18T00:00:00.000Z,4331,4332.02,4330.68,4331.7,18
2025-12-18T01:00:00.000Z,4331.7,4332.51,4331.38,4332.19,18
2025-12-18T02:00:00.000Z,4332.19,4333.01,4331.87,4332.69,18
2025-12-18T03:00:00.000Z,4332.69,4333.31,4332.37,4332.99,18
2025-12-18T04:00:00.000Z,4332.99,4333.45,4331.84,4332.3,21
2025-12-18T05:00:00.000Z,4332.3,4332.76,4331.45,4331.91,21
2025-12-18T06:00:00.000Z,4331.91,4332.37,4331.05,4331.51,21
2025-12-18T07:00:00.000Z,4331.51,4331.97,4330.94,4331.4,21
2025-12-18T08:00:00.000Z,4331.4,4334.95,4330.44,4333.99,49
2025-12-18T09:00:00.000Z,4333.99,4336.94,4333.03,4335.98,49
2025-12-18T10:00:00.000Z,4335.98,4338.93,4335.02,4337.97,49
2025-12-18T11:00:00.000Z,4337.97,4340.32,4337.01,4339.36,49
2025-12-18T12:00:00.000Z,4339.36,4342.37,4338.58,4341.59,57
2025-12-18T13:00:00.000Z,4341.59,4344.11,4340.81,4343.33,57
2025-12-18T14:00:00.000Z,4343.33,4345.85,4342.55,4345.07,57
2025-12-18T15:00:00.000Z,4345.07,4347.1,4344.29,4346.32,57
2025-12-18T16:00:00.000Z,4346.32,4346.64,4345.3,4345.62,21
2025-12-18T17:00:00.000Z,4345.62,4345.94,4344.81,4345.13,21
2025-12-18T18:00:00.000Z,4345.13,4345.45,4344.31,4344.63,21
2025-12-18T19:00:00.000Z,4344.63,4344.95,4344.01,4344.33,21
2025-12-18T20:00:00.000Z,4344.33,4344.88,4342.23,4342.78,11
2025-12-18T21:00:00.000Z,4342.78,4343.33,4341.02,4341.57,11
2025-12-18T22:00:00.000Z,4341.57,4342.12,4339.82,4340.37,11
2025-12-18T23:00:00.000Z,4340.37,4340.92,4338.95,4339.5,11
2025-12-19T00:00:00.000Z,4350.1,4350.68,4349.92,4350.5,27
2025-12-19T01:00:00.000Z,4350.5,4350.96,4350.32,4350.78,27
2025-12-19T02:00:00.000Z,4350.78,4351.24,4350.6,4351.06,27
2025-12-19T03:00:00.000Z,4351.06,4351.41,4350.88,4351.23,27
2025-12-19T04:00:00.000Z,4351.23,4351.37,4350.78,4350.92,32
2025-12-19T05:00:00.000Z,4350.92,4351.06,4350.55,4350.69,32
2025-12-19T06:00:00.000Z,4350.69,4350.83,4350.33,4350.47,32
2025-12-19T07:00:00.000Z,4350.47,4350.61,4350.19,4350.33,32
2025-12-19T08:00:00.000Z,4350.33,4352.34,4349.79,4351.8,75
2025-12-19T09:00:00.000Z,4351.8,4353.47,4351.26,4352.93,75
2025-12-19T10:00:00.000Z,4352.93,4354.6,4352.39,4354.06,75
2025-12-19T11:00:00.000Z,4354.06,4355.39,4353.52,4354.85,75
2025-12-19T12:00:00.000Z,4354.85,4356.76,4354.28,4356.19,85
2025-12-19T13:00:00.000Z,4356.19,4357.75,4355.62,4357.18,85
2025-12-19T14:00:00.000Z,4357.18,4358.74,4356.61,4358.17,85
2025-12-19T15:00:00.000Z,4358.17,4359.37,4357.6,4358.8,85
2025-12-19T16:00:00.000Z,4358.8,4358.98,4358.22,4358.4,32
2025-12-19T17:00:00.000Z,4358.4,4358.58,4357.94,4358.12,32
2025-12-19T18:00:00.000Z,4358.12,4358.3,4357.66,4357.84,32
2025-12-19T19:00:00.000Z,4357.84,4358.02,4357.49,4357.67,32
2025-12-19T20:00:00.000Z,4357.67,4359.24,4357.28,4358.85,16
2025-12-19T21:00:00.000Z,4358.85,4360.17,4358.46,4359.78,16
2025-12-19T22:00:00.000Z,4359.78,4361.1,4359.39,4360.71,16
2025-12-19T23:00:00.000Z,4360.71,4361.79,4360.32,4361.4,16
2025-12-22T00:00:00.000Z,4371.1,4375,4369.88,4373.78,11
2025-12-22T01:00:00.000Z,4373.78,4376.91,4372.56,4375.69,11
2025-12-22T02:00:00.000Z,4375.69,4378.82,4374.47,4377.6,11
2025-12-22T03:00:00.000Z,4377.6,4379.97,4376.38,4378.75,11
2025-12-22T04:00:00.000Z,4378.75,4379.67,4375.73,4376.65,14
2025-12-22T05:00:00.000Z,4376.65,4377.57,4374.2,4375.12,14
2025-12-22T06:00:00.000Z,4375.12,4376.04,4372.67,4373.59,14
2025-12-22T07:00:00.000Z,4373.59,4374.51,4371.71,4372.63,14
2025-12-22T08:00:00.000Z,4372.63,4386.24,4368.96,4382.57,32
2025-12-22T09:00:00.000Z,4382.57,4393.9,4378.9,4390.23,32
2025-12-22T10:00:00.000Z,4390.23,4401.55,4386.56,4397.88,32
2025-12-22T11:00:00.000Z,4397.88,4406.9,4394.21,4403.23,32
2025-12-22T12:00:00.000Z,4403.23,4416.19,4399.37,4412.33,36
2025-12-22T13:00:00.000Z,4412.33,4422.89,4408.47,4419.03,36
2025-12-22T14:00:00.000Z,4419.03,4429.58,4415.17,4425.72,36
2025-12-22T15:00:00.000Z,4425.72,4433.87,4421.86,4430.01,36
2025-12-22T16:00:00.000Z,4430.01,4431.23,4426.11,4427.33,14
2025-12-22T17:00:00.000Z,4427.33,4428.55,4424.2,4425.42,14
2025-12-22T18:00:00.000Z,4425.42,4426.64,4422.29,4423.51,14
2025-12-22T19:00:00.000Z,4423.51,4424.73,4421.14,4422.36,14
2025-12-22T20:00:00.000Z,4422.36,4431.8,4419.97,4429.41,7
2025-12-22T21:00:00.000Z,4429.41,4437.36,4427.02,4434.97,7
2025-12-22T22:00:00.000Z,4434.97,4442.92,4432.58,4440.53,7
2025-12-22T23:00:00.000Z,4440.53,4446.99,4438.14,4444.6,7
2025-12-23T00:00:00.000Z,4503.3,4504.15,4500.58,4501.43,17
2025-12-23T01:00:00.000Z,4501.43,4502.28,4499.25,4500.1,17
2025-12-23T02:00:00.000Z,4500.1,4500.95,4497.91,4498.76,17
2025-12-23T03:00:00.000Z,4498.76,4499.61,4497.11,4497.96,17
2025-12-23T04:00:00.000Z,4497.96,4500.13,4497.28,4499.45,21
2025-12-23T05:00:00.000Z,4499.45,4501.2,4498.77,4500.52,21
2025-12-23T06:00:00.000Z,4500.52,4502.27,4499.84,4501.59,21
2025-12-23T07:00:00.000Z,4501.59,4502.91,4500.91,4502.23,21
2025-12-23T08:00:00.000Z,4502.23,4504.79,4492.73,4495.29,49
2025-12-23T09:00:00.000Z,4495.29,4497.85,4487.39,4489.95,49
2025-12-23T10:00:00.000Z,4489.95,4492.51,4482.05,4484.61,49
2025-12-23T11:00:00.000Z,4484.61,4487.17,4478.31,4480.87,49
2025-12-23T12:00:00.000Z,4480.87,4483.52,4471.89,4474.54,56
2025-12-23T13:00:00.000Z,4474.54,4477.19,4467.22,4469.87,56
2025-12-23T14:00:00.000Z,4469.87,4472.52,4462.55,4465.2,56
2025-12-23T15:00:00.000Z,4465.2,4467.85,4459.53,4462.18,56
2025-12-23T16:00:00.000Z,4462.18,4464.9,4461.33,4464.05,21
2025-12-23T17:00:00.000Z,4464.05,4466.23,4463.2,4465.38,21
2025-12-23T18:00:00.000Z,4465.38,4467.57,4464.53,4466.72,21
2025-12-23T19:00:00.000Z,4466.72,4468.37,4465.87,4467.52,21
2025-12-23T20:00:00.000Z,4467.52,4474.02,4465.87,4472.37,11
2025-12-23T21:00:00.000Z,4472.37,4477.84,4470.72,4476.19,11
2025-12-23T22:00:00.000Z,4476.19,4481.66,4474.54,4480.01,11
2025-12-23T23:00:00.000Z,4480.01,4484.45,4478.36,4482.8,11
2025-12-24T00:00:00.000Z,4500.7,4501.26,4498.91,4499.47,13
2025-12-24T01:00:00.000Z,4499.47,4500.03,4498.04,4498.6,13
2025-12-24T02:00:00.000Z,4498.6,4499.16,4497.16,4497.72,13
2025-12-24T03:00:00.000Z,4497.72,4498.28,4496.64,4497.2,13
2025-12-24T04:00:00.000Z,4497.2,4498.94,4496.56,4498.3,15
2025-12-24T05:00:00.000Z,4498.3,4499.64,4497.66,4499,15
2025-12-24T06:00:00.000Z,4499,4500.34,4498.36,4499.7,15
2025-12-24T07:00:00.000Z,4499.7,4500.64,4499.06,4500,15
2025-12-24T08:00:00.000Z,4500,4501.68,4493.77,4495.45,35
2025-12-24T09:00:00.000Z,4495.45,4497.13,4490.27,4491.95,35
2025-12-24T10:00:00.000Z,4491.95,4493.63,4486.77,4488.45,35
2025-12-24T11:00:00.000Z,4488.45,4490.13,4484.32,4486,35
2025-12-24T12:00:00.000Z,4486,4487.55,4480.42,4481.97,40
2025-12-24T13:00:00.000Z,4481.97,4483.52,4477.36,4478.91,40
2025-12-24T14:00:00.000Z,4478.91,4480.46,4474.3,4475.85,40
2025-12-24T15:00:00.000Z,4475.85,4477.4,4472.2,4473.75,40
2025-12-24T16:00:00.000Z,4473.75,4475.54,4473.19,4474.98,15
2025-12-24T17:00:00.000Z,4474.98,4476.41,4474.42,4475.85,15
2025-12-24T18:00:00.000Z,4475.85,4477.29,4475.29,4476.73,15
2025-12-24T19:00:00.000Z,4476.73,4477.81,4476.17,4477.25,15
2025-12-24T20:00:00.000Z,4477.25,4478.98,4476.7,4478.43,8
2025-12-24T21:00:00.000Z,4478.43,4479.82,4477.88,4479.27,8
2025-12-24T22:00:00.000Z,4479.27,4480.66,4478.72,4480.11,8
2025-12-24T23:00:00.000Z,4480.11,4481.15,4479.56,4480.6,8
2025-12-26T00:00:00.000Z,4512,4514.77,4511.13,4513.9,7
2025-12-26T01:00:00.000Z,4513.9,4516.13,4513.03,4515.26,7
2025-12-26T02:00:00.000Z,4515.26,4517.48,4514.39,4516.61,7
2025-12-26T03:00:00.000Z,4516.61,4518.3,4515.74,4517.43,7
2025-12-26T04:00:00.000Z,4517.43,4518.88,4513.99,4515.44,8
2025-12-26T05:00:00.000Z,4515.44,4516.89,4512.9,4514.35,8
2025-12-26T06:00:00.000Z,4514.35,4515.8,4511.82,4513.27,8
2025-12-26T07:00:00.000Z,4513.27,4514.72,4511.64,4513.09,8
2025-12-26T08:00:00.000Z,4513.09,4522.76,4510.48,4520.15,19
2025-12-26T09:00:00.000Z,4520.15,4528.19,4517.54,4525.58,19
2025-12-26T10:00:00.000Z,4525.58,4533.62,4522.97,4531.01,19
2025-12-26T11:00:00.000Z,4531.01,4537.42,4528.4,4534.81,19
2025-12-26T12:00:00.000Z,4534.81,4542.71,4532.87,4540.77,21
2025-12-26T13:00:00.000Z,4540.77,4547.46,4538.83,4545.52,21
2025-12-26T14:00:00.000Z,4545.52,4552.21,4543.58,4550.27,21
2025-12-26T15:00:00.000Z,4550.27,4555.75,4548.33,4553.81,21
2025-12-26T16:00:00.000Z,4553.81,4554.68,4551.04,4551.91,8
2025-12-26T17:00:00.000Z,4551.91,4552.78,4549.68,4550.55,8
2025-12-26T18:00:00.000Z,4550.55,4551.42,4548.32,4549.19,8
2025-12-26T19:00:00.000Z,4549.19,4550.06,4547.51,4548.38,8
2025-12-26T20:00:00.000Z,4548.38,4550.36,4540.34,4542.32,5
2025-12-26T21:00:00.000Z,4542.32,4544.3,4535.52,4537.5,5
2025-12-26T22:00:00.000Z,4537.5,4539.48,4530.7,4532.68,5
2025-12-26T23:00:00.000Z,4532.68,4534.66,4527.12,4529.1,5
2025-12-29T00:00:00.000Z,4371.5,4372.36,4368.75,4369.61,51
2025-12-29T01:00:00.000Z,4369.61,4370.47,4367.41,4368.27,51
2025-12-29T02:00:00.000Z,4368.27,4369.13,4366.06,4366.92,51
2025-12-29T03:00:00.000Z,4366.92,4367.78,4365.25,4366.11,51
2025-12-29T04:00:00.000Z,4366.11,4369.22,4364.86,4367.97,61
2025-12-29T05:00:00.000Z,4367.97,4370.29,4366.72,4369.04,61
2025-12-29T06:00:00.000Z,4369.04,4371.37,4367.79,4370.12,61
2025-12-29T07:00:00.000Z,4370.12,4371.67,4368.87,4370.42,61
2025-12-29T08:00:00.000Z,4370.42,4373.01,4360.82,4363.41,143
2025-12-29T09:00:00.000Z,4363.41,4366,4355.43,4358.02,143
2025-12-29T10:00:00.000Z,4358.02,4360.61,4350.04,4352.63,143
2025-12-29T11:00:00.000Z,4352.63,4355.22,4346.27,4348.86,143
2025-12-29T12:00:00.000Z,4348.86,4350.98,4340.7,4342.82,164
2025-12-29T13:00:00.000Z,4342.82,4344.94,4335.99,4338.11,164
2025-12-29T14:00:00.000Z,4338.11,4340.23,4331.27,4333.39,164
2025-12-29T15:00:00.000Z,4333.39,4335.51,4327.88,4330,164
2025-12-29T16:00:00.000Z,4330,4332.75,4329.14,4331.89,61
2025-12-29T17:00:00.000Z,4331.89,4334.09,4331.03,4333.23,61
2025-12-29T18:00:00.000Z,4333.23,4335.44,4332.37,4334.58,61
2025-12-29T19:00:00.000Z,4334.58,4336.25,4333.72,4335.39,61
2025-12-29T20:00:00.000Z,4335.39,4336.64,4330.78,4332.03,31
2025-12-29T21:00:00.000Z,4332.03,4333.28,4328.21,4329.46,31
2025-12-29T22:00:00.000Z,4329.46,4330.71,4325.64,4326.89,31
2025-12-29T23:00:00.000Z,4326.89,4328.14,4323.85,4325.1,31
2025-12-30T00:00:00.000Z,4346.4,4349.75,4345.35,4348.7,46
2025-12-30T01:00:00.000Z,4348.7,4351.39,4347.65,4350.34,46
2025-12-30T02:00:00.000Z,4350.34,4353.03,4349.29,4351.98,46
2025-12-30T03:00:00.000Z,4351.98,4354.01,4350.93,4352.96,46
2025-12-30T04:00:00.000Z,4352.96,4354.42,4349.28,4350.74,55
2025-12-30T05:00:00.000Z,4350.74,4352.2,4347.96,4349.42,55
2025-12-30T06:00:00.000Z,4349.42,4350.88,4346.65,4348.11,55
2025-12-30T07:00:00.000Z,4348.11,4349.57,4346.25,4347.71,55
2025-12-30T08:00:00.000Z,4347.71,4359.39,4344.56,4356.24,129
2025-12-30T09:00:00.000Z,4356.24,4365.95,4353.09,4362.8,129
2025-12-30T10:00:00.000Z,4362.8,4372.51,4359.65,4369.36,129
2025-12-30T11:00:00.000Z,4369.36,4377.1,4366.21,4373.95,129
2025-12-30T12:00:00.000Z,4373.95,4383.97,4371.32,4381.34,147
2025-12-30T13:00:00.000Z,4381.34,4389.71,4378.71,4387.08,147
2025-12-30T14:00:00.000Z,4387.08,4395.45,4384.45,4392.82,147
2025-12-30T15:00:00.000Z,4392.82,4399.54,4390.19,4396.91,147
2025-12-30T16:00:00.000Z,4396.91,4397.96,4393.56,4394.61,55
2025-12-30T17:00:00.000Z,4394.61,4395.66,4391.92,4392.97,55
2025-12-30T18:00:00.000Z,4392.97,4394.02,4390.28,4391.33,55
2025-12-30T19:00:00.000Z,4391.33,4392.38,4389.3,4390.35,55
2025-12-30T20:00:00.000Z,4390.35,4392.49,4381.81,4383.95,28
2025-12-30T21:00:00.000Z,4383.95,4386.09,4376.74,4378.88,28
2025-12-30T22:00:00.000Z,4378.88,4381.02,4371.68,4373.82,28
2025-12-30T23:00:00.000Z,4373.82,4375.96,4367.96,4370.1,28
2025-12-31T00:00:00.000Z,4333.5,4334.76,4329.48,4330.74,20
2025-12-31T01:00:00.000Z,4330.74,4332,4327.51,4328.77,20
2025-12-31T02:00:00.000Z,4328.77,4330.03,4325.54,4326.8,20
2025-12-31T03:00:00.000Z,4326.8,4328.06,4324.36,4325.62,20
2025-12-31T04:00:00.000Z,4325.62,4332.67,4322.25,4329.3,24
2025-12-31T05:00:00.000Z,4329.3,4334.25,4325.93,4330.88,24
2025-12-31T06:00:00.000Z,4330.88,4335.82,4327.51,4332.45,24
2025-12-31T07:00:00.000Z,4332.45,4335.82,4328.55,4331.92,24
2025-12-31T08:00:00.000Z,4331.92,4335.7,4317.9,4321.68,55
2025-12-31T09:00:00.000Z,4321.68,4325.46,4310.02,4313.8,55
2025-12-31T10:00:00.000Z,4313.8,4317.58,4302.14,4305.92,55
2025-12-31T11:00:00.000Z,4305.92,4309.7,4296.62,4300.4,55
2025-12-31T12:00:00.000Z,4300.4,4302.92,4289.41,4291.93,63
2025-12-31T13:00:00.000Z,4291.93,4294.45,4282.51,4285.03,63
2025-12-31T14:00:00.000Z,4285.03,4287.55,4275.62,4278.14,63
2025-12-31T15:00:00.000Z,4278.14,4280.66,4270.3,4272.82,63
2025-12-31T16:00:00.000Z,4272.82,4276.84,4271.56,4275.58,24
2025-12-31T17:00:00.000Z,4275.58,4278.81,4274.32,4277.55,24
2025-12-31T18:00:00.000Z,4277.55,4280.78,4276.29,4279.52,24
2025-12-31T19:00:00.000Z,4279.52,4281.96,4278.26,4280.7,24
2025-12-31T20:00:00.000Z,4280.7,4298.78,4276.48,4294.56,12
2025-12-31T21:00:00.000Z,4294.56,4310.01,4290.34,4305.79,12
2025-12-31T22:00:00.000Z,4305.79,4321.23,4301.57,4317.01,12
2025-12-31T23:00:00.000Z,4317.01,4329.82,4312.79,4325.6,12
