time,open,high,low,close,volume
2024-01-02T00:00:00.000Z,2063.5,2064.41,2063.17,2064.08,5
2024-01-02T01:00:00.000Z,2064.08,2064.83,2063.75,2064.5,5
2024-01-02T02:00:00.000Z,2064.5,2065.24,2064.17,2064.91,5
2024-01-02T03:00:00.000Z,2064.91,2065.49,2064.58,2065.16,5
2024-01-02T04:00:00.000Z,2065.16,2066.05,2063.49,2064.38,5
2024-01-02T05:00:00.000Z,2064.38,2065.27,2063.16,2064.05,5
2024-01-02T06:00:00.000Z,2064.05,2064.94,2062.83,2063.72,5
2024-01-02T07:00:00.000Z,2063.72,2064.72,2062.83,2063.83,5
2024-01-02T08:00:00.000Z,2063.83,2066.99,2062.83,2065.99,5
2024-01-02T09:00:00.000Z,2065.99,2068.65,2064.99,2067.65,5
2024-01-02T10:00:00.000Z,2067.65,2070.31,2066.65,2069.31,5
2024-01-02T11:00:00.000Z,2069.31,2071.47,2068.31,2070.47,5
2024-01-02T12:00:00.000Z,2070.47,2072.91,2069.81,2072.25,5
2024-01-02T13:00:00.000Z,2072.25,2074.37,2071.59,2073.71,5
2024-01-02T14:00:00.000Z,2073.71,2075.82,2073.05,2075.16,5
2024-01-02T15:00:00.000Z,2075.16,2076.94,2074.5,2076.28,5
2024-01-02T16:00:00.000Z,2076.28,2076.61,2075.37,2075.7,5
2024-01-02T17:00:00.000Z,2075.7,2076.03,2074.95,2075.28,5
2024-01-02T18:00:00.000Z,2075.28,2075.61,2074.54,2074.87,5
2024-01-02T19:00:00.000Z,2074.87,2075.2,2074.29,2074.62,5
2024-01-02T20:00:00.000Z,2074.62,2075.81,2070.28,2071.47,5
2024-01-02T21:00:00.000Z,2071.47,2072.66,2067.73,2068.92,5
2024-01-02T22:00:00.000Z,2068.92,2070.11,2065.17,2066.36,5
2024-01-02T23:00:00.000Z,2066.36,2067.55,2063.21,2064.4,5
2024-01-03T00:00:00.000Z,2034.2,2034.74,2034,2034.54,5
2024-01-03T01:00:00.000Z,2034.54,2034.99,2034.34,2034.79,5
2024-01-03T02:00:00.000Z,2034.79,2035.23,2034.59,2035.03,5
2024-01-03T03:00:00.000Z,2035.03,2035.38,2034.83,2035.18,5
2024-01-03T04:00:00.000Z,2035.18,2035.33,2034.76,2034.91,5
2024-01-03T05:00:00.000Z,2034.91,2035.06,2034.57,2034.72,5
2024-01-03T06:00:00.000Z,2034.72,2034.87,2034.37,2034.52,5
2024-01-03T07:00:00.000Z,2034.52,2034.67,2034.25,2034.4,5
2024-01-03T08:00:00.000Z,2034.4,2036.26,2033.81,2035.67,5
2024-01-03T09:00:00.000Z,2035.67,2037.24,2035.08,2036.65,5
2024-01-03T10:00:00.000Z,2036.65,2038.22,2036.06,2037.63,5
2024-01-03T11:00:00.000Z,2037.63,2038.91,2037.04,2038.32,5
2024-01-03T12:00:00.000Z,2038.32,2040.11,2037.7,2039.49,5
2024-01-03T13:00:00.000Z,2039.49,2040.96,2038.87,2040.34,5
2024-01-03T14:00:00.000Z,2040.34,2041.82,2039.72,2041.2,5
2024-01-03T15:00:00.000Z,2041.2,2042.37,2040.58,2041.75,5
2024-01-03T16:00:00.000Z,2041.75,2041.95,2041.21,2041.41,5
2024-01-03T17:00:00.000Z,2041.41,2041.61,2040.96,2041.16,5
2024-01-03T18:00:00.000Z,2041.16,2041.36,2040.72,2040.92,5
2024-01-03T19:00:00.000Z,2040.92,2041.12,2040.57,2040.77,5
2024-01-03T20:00:00.000Z,2040.77,2041.53,2037.99,2038.75,5
2024-01-03T21:00:00.000Z,2038.75,2039.51,2036.36,2037.11,5
2024-01-03T22:00:00.000Z,2037.11,2037.86,2034.7,2035.46,5
2024-01-03T23:00:00.000Z,2035.46,2036.22,2033.45,2034.2,5
2024-01-04T00:00:00.000Z,2041.6,2041.96,2041.47,2041.83,5
2024-01-04T01:00:00.000Z,2041.83,2042.12,2041.7,2041.99,5
2024-01-04T02:00:00.000Z,2041.99,2042.28,2041.86,2042.15,5
2024-01-04T03:00:00.000Z,2042.15,2042.38,2042.02,2042.25,5
2024-01-04T04:00:00.000Z,2042.25,2042.71,2041.43,2041.89,5
2024-01-04T05:00:00.000Z,2041.89,2042.35,2041.3,2041.76,5
2024-01-04T06:00:00.000Z,2041.76,2042.22,2041.17,2041.63,5
2024-01-04T07:00:00.000Z,2041.63,2042.19,2041.17,2041.73,5
2024-01-04T08:00:00.000Z,2041.73,2042.97,2041.34,2042.58,6
2024-01-04T09:00:00.000Z,2042.58,2043.61,2042.19,2043.22,6
2024-01-04T10:00:00.000Z,2043.22,2044.26,2042.83,2043.87,6
2024-01-04T11:00:00.000Z,2043.87,2044.72,2043.48,2044.33,6
2024-01-04T12:00:00.000Z,2044.33,2045.29,2044.07,2045.03,7
2024-01-04T13:00:00.000Z,2045.03,2045.85,2044.77,2045.59,7
2024-01-04T14:00:00.000Z,2045.59,2046.42,2045.33,2046.16,7
2024-01-04T15:00:00.000Z,2046.16,2046.86,2045.9,2046.6,7
2024-01-04T16:00:00.000Z,2046.6,2046.73,2046.24,2046.37,5
2024-01-04T17:00:00.000Z,2046.37,2046.5,2046.08,2046.21,5
2024-01-04T18:00:00.000Z,2046.21,2046.34,2045.92,2046.05,5
2024-01-04T19:00:00.000Z,2046.05,2046.18,2045.82,2045.95,5
2024-01-04T20:00:00.000Z,2045.95,2046.38,2044.39,2044.82,5
2024-01-04T21:00:00.000Z,2044.82,2045.25,2043.48,2043.91,5
2024-01-04T22:00:00.000Z,2043.91,2044.34,2042.57,2043,5
2024-01-04T23:00:00.000Z,2043,2043.43,2041.87,2042.3,5
2024-01-05T00:00:00.000Z,2044.5,2044.62,2044.18,2044.3,5
2024-01-05T01:00:00.000Z,2044.3,2044.41,2044.05,2044.16,5
2024-01-05T02:00:00.000Z,2044.16,2044.28,2043.9,2044.02,5
2024-01-05T03:00:00.000Z,2044.02,2044.13,2043.82,2043.93,5
2024-01-05T04:00:00.000Z,2043.93,2044.72,2043.48,2044.27,5
2024-01-05T05:00:00.000Z,2044.27,2044.83,2043.82,2044.38,5
2024-01-05T06:00:00.000Z,2044.38,2044.95,2043.93,2044.5,5
2024-01-05T07:00:00.000Z,2044.5,2044.95,2043.94,2044.39,5
2024-01-05T08:00:00.000Z,2044.39,2044.73,2043.31,2043.65,5
2024-01-05T09:00:00.000Z,2043.65,2043.99,2042.74,2043.08,5
2024-01-05T10:00:00.000Z,2043.08,2043.42,2042.17,2042.51,5
2024-01-05T11:00:00.000Z,2042.51,2042.85,2041.77,2042.11,5
2024-01-05T12:00:00.000Z,2042.11,2042.34,2041.27,2041.5,5
2024-01-05T13:00:00.000Z,2041.5,2041.73,2040.77,2041,5
2024-01-05T14:00:00.000Z,2041,2041.23,2040.27,2040.5,5
2024-01-05T15:00:00.000Z,2040.5,2040.73,2039.88,2040.11,5
2024-01-05T16:00:00.000Z,2040.11,2040.42,2040,2040.31,5
2024-01-05T17:00:00.000Z,2040.31,2040.56,2040.2,2040.45,5
2024-01-05T18:00:00.000Z,2040.45,2040.7,2040.34,2040.59,5
2024-01-05T19:00:00.000Z,2040.59,2040.79,2040.48,2040.68,5
2024-01-05T20:00:00.000Z,2040.68,2041.45,2040.45,2041.22,5
2024-01-05T21:00:00.000Z,2041.22,2041.88,2040.99,2041.65,5
2024-01-05T22:00:00.000Z,2041.65,2042.31,2041.42,2042.08,5
2024-01-05T23:00:00.000Z,2042.08,2042.63,2041.85,2042.4,5
2024-01-08T00:00:00.000Z,2019.1,2019.9,2018.81,2019.61,5
2024-01-08T01:00:00.000Z,2019.61,2020.27,2019.32,2019.98,5
2024-01-08T02:00:00.000Z,2019.98,2020.63,2019.69,2020.34,5
2024-01-08T03:00:00.000Z,2020.34,2020.85,2020.05,2020.56,5
2024-01-08T04:00:00.000Z,2020.56,2020.78,2019.94,2020.16,5
2024-01-08T05:00:00.000Z,2020.16,2020.38,2019.65,2019.87,5
2024-01-08T06:00:00.000Z,2019.87,2020.09,2019.35,2019.57,5
2024-01-08T07:00:00.000Z,2019.57,2019.79,2019.17,2019.39,5
2024-01-08T08:00:00.000Z,2019.39,2022.17,2018.51,2021.29,5
2024-01-08T09:00:00.000Z,2021.29,2023.63,2020.41,2022.75,5
2024-01-08T10:00:00.000Z,2022.75,2025.09,2021.87,2024.21,5
2024-01-08T11:00:00.000Z,2024.21,2026.11,2023.33,2025.23,5
2024-01-08T12:00:00.000Z,2025.23,2027.89,2024.31,2026.97,5
2024-01-08T13:00:00.000Z,2026.97,2029.16,2026.05,2028.24,5
2024-01-08T14:00:00.000Z,2028.24,2030.44,2027.32,2029.52,5
2024-01-08T15:00:00.000Z,2029.52,2031.26,2028.6,2030.34,5
2024-01-08T16:00:00.000Z,2030.34,2030.63,2029.54,2029.83,5
2024-01-08T17:00:00.000Z,2029.83,2030.12,2029.17,2029.46,5
2024-01-08T18:00:00.000Z,2029.46,2029.75,2028.81,2029.1,5
2024-01-08T19:00:00.000Z,2029.1,2029.39,2028.59,2028.88,5
2024-01-08T20:00:00.000Z,2028.88,2029.25,2027.75,2028.12,5
2024-01-08T21:00:00.000Z,2028.12,2028.49,2027.18,2027.55,5
2024-01-08T22:00:00.000Z,2027.55,2027.92,2026.61,2026.98,5
2024-01-08T23:00:00.000Z,2026.98,2027.35,2026.23,2026.6,5
2024-01-09T00:00:00.000Z,2035.8,2035.99,2035.28,2035.47,5
2024-01-09T01:00:00.000Z,2035.47,2035.66,2035.05,2035.24,5
2024-01-09T02:00:00.000Z,2035.24,2035.43,2034.81,2035,5
2024-01-09T03:00:00.000Z,2035,2035.19,2034.67,2034.86,5
2024-01-09T04:00:00.000Z,2034.86,2035.26,2034.72,2035.12,5
2024-01-09T05:00:00.000Z,2035.12,2035.45,2034.98,2035.31,5
2024-01-09T06:00:00.000Z,2035.31,2035.63,2035.17,2035.49,5
2024-01-09T07:00:00.000Z,2035.49,2035.75,2035.35,2035.61,5
2024-01-09T08:00:00.000Z,2035.61,2036.17,2033.83,2034.39,5
2024-01-09T09:00:00.000Z,2034.39,2034.95,2032.89,2033.45,5
2024-01-09T10:00:00.000Z,2033.45,2034.01,2031.95,2032.51,5
2024-01-09T11:00:00.000Z,2032.51,2033.07,2031.29,2031.85,5
2024-01-09T12:00:00.000Z,2031.85,2032.44,2030.14,2030.73,5
2024-01-09T13:00:00.000Z,2030.73,2031.32,2029.32,2029.91,5
2024-01-09T14:00:00.000Z,2029.91,2030.5,2028.5,2029.09,5
2024-01-09T15:00:00.000Z,2029.09,2029.68,2027.97,2028.56,5
2024-01-09T16:00:00.000Z,2028.56,2029.08,2028.37,2028.89,5
2024-01-09T17:00:00.000Z,2028.89,2029.31,2028.7,2029.12,5
2024-01-09T18:00:00.000Z,2029.12,2029.55,2028.93,2029.36,5
2024-01-09T19:00:00.000Z,2029.36,2029.69,2029.17,2029.5,5
2024-01-09T20:00:00.000Z,2029.5,2029.9,2028.12,2028.52,5
2024-01-09T21:00:00.000Z,2028.52,2028.92,2027.35,2027.75,5
2024-01-09T22:00:00.000Z,2027.75,2028.15,2026.57,2026.97,5
2024-01-09T23:00:00.000Z,2026.97,2027.37,2026,2026.4,5
2024-01-10T00:00:00.000Z,2029,2029.28,2028.23,2028.51,14
2024-01-10T01:00:00.000Z,2028.51,2028.79,2027.89,2028.17,14
2024-01-10T02:00:00.000Z,2028.17,2028.45,2027.54,2027.82,14
2024-01-10T03:00:00.000Z,2027.82,2028.1,2027.33,2027.61,14
2024-01-10T04:00:00.000Z,2027.61,2029.19,2026.74,2028.32,16
2024-01-10T05:00:00.000Z,2028.32,2029.47,2027.45,2028.6,16
2024-01-10T06:00:00.000Z,2028.6,2029.75,2027.73,2028.88,16
2024-01-10T07:00:00.000Z,2028.88,2029.75,2027.85,2028.72,16
2024-01-10T08:00:00.000Z,2028.72,2029.55,2026.08,2026.91,38
2024-01-10T09:00:00.000Z,2026.91,2027.74,2024.69,2025.52,38
2024-01-10T10:00:00.000Z,2025.52,2026.35,2023.3,2024.13,38
2024-01-10T11:00:00.000Z,2024.13,2024.96,2022.33,2023.16,38
2024-01-10T12:00:00.000Z,2023.16,2023.72,2021.11,2021.67,43
2024-01-10T13:00:00.000Z,2021.67,2022.23,2019.89,2020.45,43
2024-01-10T14:00:00.000Z,2020.45,2021.01,2018.68,2019.24,43
2024-01-10T15:00:00.000Z,2019.24,2019.8,2017.74,2018.3,43
2024-01-10T16:00:00.000Z,2018.3,2019.07,2018.02,2018.79,16
2024-01-10T17:00:00.000Z,2018.79,2019.41,2018.51,2019.13,16
2024-01-10T18:00:00.000Z,2019.13,2019.76,2018.85,2019.48,16
2024-01-10T19:00:00.000Z,2019.48,2019.97,2019.2,2019.69,16
2024-01-10T20:00:00.000Z,2019.69,2020.7,2019.35,2020.36,8
2024-01-10T21:00:00.000Z,2020.36,2021.21,2020.02,2020.87,8
2024-01-10T22:00:00.000Z,2020.87,2021.71,2020.53,2021.37,8
2024-01-10T23:00:00.000Z,2021.37,2022.04,2021.03,2021.7,8
2024-01-11T00:00:00.000Z,2025.1,2025.32,2024.5,2024.72,5
2024-01-11T01:00:00.000Z,2024.72,2024.94,2024.23,2024.45,5
2024-01-11T02:00:00.000Z,2024.45,2024.67,2023.96,2024.18,5
2024-01-11T03:00:00.000Z,2024.18,2024.4,2023.8,2024.02,5
2024-01-11T04:00:00.000Z,2024.02,2024.48,2023.86,2024.32,5
2024-01-11T05:00:00.000Z,2024.32,2024.69,2024.16,2024.53,5
2024-01-11T06:00:00.000Z,2024.53,2024.91,2024.37,2024.75,5
2024-01-11T07:00:00.000Z,2024.75,2025.04,2024.59,2024.88,5
2024-01-11T08:00:00.000Z,2024.88,2025.53,2022.83,2023.48,7
2024-01-11T09:00:00.000Z,2023.48,2024.13,2021.75,2022.4,7
2024-01-11T10:00:00.000Z,2022.4,2023.05,2020.67,2021.32,7
2024-01-11T11:00:00.000Z,2021.32,2021.97,2019.91,2020.56,7
2024-01-11T12:00:00.000Z,2020.56,2021.24,2018.6,2019.28,8
2024-01-11T13:00:00.000Z,2019.28,2019.96,2017.65,2018.33,8
2024-01-11T14:00:00.000Z,2018.33,2019.01,2016.7,2017.38,8
2024-01-11T15:00:00.000Z,2017.38,2018.06,2016.1,2016.78,8
2024-01-11T16:00:00.000Z,2016.78,2017.38,2016.56,2017.16,5
2024-01-11T17:00:00.000Z,2017.16,2017.65,2016.94,2017.43,5
2024-01-11T18:00:00.000Z,2017.43,2017.92,2017.21,2017.7,5
2024-01-11T19:00:00.000Z,2017.7,2018.08,2017.48,2017.86,5
2024-01-11T20:00:00.000Z,2017.86,2018.32,2016.28,2016.74,5
2024-01-11T21:00:00.000Z,2016.74,2017.2,2015.39,2015.85,5
2024-01-11T22:00:00.000Z,2015.85,2016.31,2014.5,2014.96,5
2024-01-11T23:00:00.000Z,2014.96,2015.42,2013.84,2014.3,5
2024-01-12T00:00:00.000Z,2031.1,2032.53,2030.58,2032.01,10
2024-01-12T01:00:00.000Z,2032.01,2033.17,2031.49,2032.65,10
2024-01-12T02:00:00.000Z,2032.65,2033.82,2032.13,2033.3,10
2024-01-12T03:00:00.000Z,2033.3,2034.21,2032.78,2033.69,10
2024-01-12T04:00:00.000Z,2033.69,2034.08,2032.59,2032.98,12
2024-01-12T05:00:00.000Z,2032.98,2033.37,2032.07,2032.46,12
2024-01-12T06:00:00.000Z,2032.46,2032.85,2031.55,2031.94,12
2024-01-12T07:00:00.000Z,2031.94,2032.33,2031.23,2031.62,12
2024-01-12T08:00:00.000Z,2031.62,2036.54,2030.07,2034.99,27
2024-01-12T09:00:00.000Z,2034.99,2039.13,2033.44,2037.58,27
2024-01-12T10:00:00.000Z,2037.58,2041.72,2036.03,2040.17,27
2024-01-12T11:00:00.000Z,2040.17,2043.53,2038.62,2041.98,27
2024-01-12T12:00:00.000Z,2041.98,2046.69,2040.35,2045.06,31
2024-01-12T13:00:00.000Z,2045.06,2048.96,2043.43,2047.33,31
2024-01-12T14:00:00.000Z,2047.33,2051.22,2045.7,2049.59,31
2024-01-12T15:00:00.000Z,2049.59,2052.67,2047.96,2051.04,31
2024-01-12T16:00:00.000Z,2051.04,2051.56,2049.61,2050.13,12
2024-01-12T17:00:00.000Z,2050.13,2050.65,2048.97,2049.49,12
2024-01-12T18:00:00.000Z,2049.49,2050.01,2048.32,2048.84,12
2024-01-12T19:00:00.000Z,2048.84,2049.36,2047.93,2048.45,12
2024-01-12T20:00:00.000Z,2048.45,2048.88,2047.36,2047.79,6
2024-01-12T21:00:00.000Z,2047.79,2048.22,2046.92,2047.36,6
2024-01-12T22:00:00.000Z,2047.36,2047.79,2046.49,2046.92,6
2024-01-12T23:00:00.000Z,2046.92,2047.36,2046.27,2046.7,6
2024-01-16T00:00:00.000Z,2051.7,2052.28,2050.11,2050.69,5
2024-01-16T01:00:00.000Z,2050.69,2051.27,2049.39,2049.97,5
2024-01-16T02:00:00.000Z,2049.97,2050.55,2048.67,2049.25,5
2024-01-16T03:00:00.000Z,2049.25,2049.83,2048.24,2048.82,5
2024-01-16T04:00:00.000Z,2048.82,2050.51,2048.08,2049.77,5
2024-01-16T05:00:00.000Z,2049.77,2051.08,2049.03,2050.34,5
2024-01-16T06:00:00.000Z,2050.34,2051.66,2049.6,2050.92,5
2024-01-16T07:00:00.000Z,2050.92,2051.86,2050.18,2051.12,5
2024-01-16T08:00:00.000Z,2051.12,2052.85,2045.65,2047.38,5
2024-01-16T09:00:00.000Z,2047.38,2049.11,2042.77,2044.5,5
2024-01-16T10:00:00.000Z,2044.5,2046.23,2039.89,2041.62,5
2024-01-16T11:00:00.000Z,2041.62,2043.35,2037.87,2039.6,5
2024-01-16T12:00:00.000Z,2039.6,2041.1,2034.83,2036.33,5
2024-01-16T13:00:00.000Z,2036.33,2037.83,2032.31,2033.81,5
2024-01-16T14:00:00.000Z,2033.81,2035.31,2029.79,2031.29,5
2024-01-16T15:00:00.000Z,2031.29,2032.79,2028.02,2029.52,5
2024-01-16T16:00:00.000Z,2029.52,2031.11,2028.94,2030.53,5
2024-01-16T17:00:00.000Z,2030.53,2031.83,2029.95,2031.25,5
2024-01-16T18:00:00.000Z,2031.25,2032.55,2030.67,2031.97,5
2024-01-16T19:00:00.000Z,2031.97,2032.98,2031.39,2032.4,5
2024-01-16T20:00:00.000Z,2032.4,2033.33,2029.41,2030.34,5
2024-01-16T21:00:00.000Z,2030.34,2031.27,2027.81,2028.74,5
2024-01-16T22:00:00.000Z,2028.74,2029.67,2026.21,2027.14,5
2024-01-16T23:00:00.000Z,2027.14,2028.07,2025.07,2026,5
2024-01-17T00:00:00.000Z,2026.5,2026.98,2025.18,2025.66,19
2024-01-17T01:00:00.000Z,2025.66,2026.14,2024.59,2025.07,19
2024-01-17T02:00:00.000Z,2025.07,2025.55,2023.99,2024.47,19
2024-01-17T03:00:00.000Z,2024.47,2024.95,2023.63,2024.11,19
2024-01-17T04:00:00.000Z,2024.11,2025.13,2023.75,2024.77,23
2024-01-17T05:00:00.000Z,2024.77,2025.6,2024.41,2025.24,23
2024-01-17T06:00:00.000Z,2025.24,2026.08,2024.88,2025.72,23
2024-01-17T07:00:00.000Z,2025.72,2026.38,2025.36,2026.02,23
2024-01-17T08:00:00.000Z,2026.02,2027.45,2021.48,2022.91,54
2024-01-17T09:00:00.000Z,2022.91,2024.34,2019.09,2020.52,54
2024-01-17T10:00:00.000Z,2020.52,2021.95,2016.7,2018.13,54
2024-01-17T11:00:00.000Z,2018.13,2019.56,2015.03,2016.46,54
2024-01-17T12:00:00.000Z,2016.46,2017.97,2012.11,2013.62,61
2024-01-17T13:00:00.000Z,2013.62,2015.13,2010.02,2011.53,61
2024-01-17T14:00:00.000Z,2011.53,2013.04,2007.93,2009.44,61
2024-01-17T15:00:00.000Z,2009.44,2010.95,2006.59,2008.1,61
2024-01-17T16:00:00.000Z,2008.1,2009.42,2007.62,2008.94,23
2024-01-17T17:00:00.000Z,2008.94,2010.01,2008.46,2009.53,23
2024-01-17T18:00:00.000Z,2009.53,2010.61,2009.05,2010.13,23
2024-01-17T19:00:00.000Z,2010.13,2010.97,2009.65,2010.49,23
2024-01-17T20:00:00.000Z,2010.49,2011.52,2006.97,2008,12
2024-01-17T21:00:00.000Z,2008,2009.03,2005,2006.03,12
2024-01-17T22:00:00.000Z,2006.03,2007.06,2003.03,2004.06,12
2024-01-17T23:00:00.000Z,2004.06,2005.09,2001.57,2002.6,12
2024-01-18T00:00:00.000Z,2012.8,2013.3,2012.62,2013.12,37
2024-01-18T01:00:00.000Z,2013.12,2013.53,2012.94,2013.35,37
2024-01-18T02:00:00.000Z,2013.35,2013.75,2013.17,2013.57,37
2024-01-18T03:00:00.000Z,2013.57,2013.89,2013.39,2013.71,37
2024-01-18T04:00:00.000Z,2013.71,2014.18,2012.82,2013.29,44
2024-01-18T05:00:00.000Z,2013.29,2013.76,2012.64,2013.11,44
2024-01-18T06:00:00.000Z,2013.11,2013.58,2012.46,2012.93,44
2024-01-18T07:00:00.000Z,2012.93,2013.45,2012.46,2012.98,44
2024-01-18T08:00:00.000Z,2012.98,2014.71,2012.43,2014.16,103
2024-01-18T09:00:00.000Z,2014.16,2015.62,2013.61,2015.07,103
2024-01-18T10:00:00.000Z,2015.07,2016.53,2014.52,2015.98,103
2024-01-18T11:00:00.000Z,2015.98,2017.17,2015.43,2016.62,103
2024-01-18T12:00:00.000Z,2016.62,2017.96,2016.26,2017.6,118
2024-01-18T13:00:00.000Z,2017.6,2018.76,2017.24,2018.4,118
2024-01-18T14:00:00.000Z,2018.4,2019.55,2018.04,2019.19,118
2024-01-18T15:00:00.000Z,2019.19,2020.17,2018.83,2019.81,118
2024-01-18T16:00:00.000Z,2019.81,2019.99,2019.31,2019.49,44
2024-01-18T17:00:00.000Z,2019.49,2019.67,2019.08,2019.26,44
2024-01-18T18:00:00.000Z,2019.26,2019.44,2018.86,2019.04,44
2024-01-18T19:00:00.000Z,2019.04,2019.22,2018.72,2018.9,44
2024-01-18T20:00:00.000Z,2018.9,2019.02,2018.64,2018.76,22
2024-01-18T21:00:00.000Z,2018.76,2018.88,2018.57,2018.69,22
2024-01-18T22:00:00.000Z,2018.69,2018.81,2018.49,2018.61,22
2024-01-18T23:00:00.000Z,2018.61,2018.73,2018.48,2018.6,22
2024-01-19T00:00:00.000Z,2023.2,2024.11,2022.87,2023.78,5
2024-01-19T01:00:00.000Z,2023.78,2024.52,2023.45,2024.19,5
2024-01-19T02:00:00.000Z,2024.19,2024.93,2023.86,2024.6,5
2024-01-19T03:00:00.000Z,2024.6,2025.18,2024.27,2024.85,5
2024-01-19T04:00:00.000Z,2024.85,2025.47,2023.59,2024.21,5
2024-01-19T05:00:00.000Z,2024.21,2024.83,2023.26,2023.88,5
2024-01-19T06:00:00.000Z,2023.88,2024.5,2022.93,2023.55,5
2024-01-19T07:00:00.000Z,2023.55,2024.17,2022.91,2023.53,5
2024-01-19T08:00:00.000Z,2023.53,2026.66,2022.54,2025.67,5
2024-01-19T09:00:00.000Z,2025.67,2028.31,2024.68,2027.32,5
2024-01-19T10:00:00.000Z,2027.32,2029.96,2026.33,2028.97,5
2024-01-19T11:00:00.000Z,2028.97,2031.12,2027.98,2030.13,5
2024-01-19T12:00:00.000Z,2030.13,2032.58,2029.46,2031.91,5
2024-01-19T13:00:00.000Z,2031.91,2034.02,2031.24,2033.35,5
2024-01-19T14:00:00.000Z,2033.35,2035.46,2032.68,2034.79,5
2024-01-19T15:00:00.000Z,2034.79,2036.57,2034.12,2035.9,5
2024-01-19T16:00:00.000Z,2035.9,2036.23,2034.99,2035.32,5
2024-01-19T17:00:00.000Z,2035.32,2035.65,2034.58,2034.91,5
2024-01-19T18:00:00.000Z,2034.91,2035.24,2034.17,2034.5,5
2024-01-19T19:00:00.000Z,2034.5,2034.83,2033.92,2034.25,5
2024-01-19T20:00:00.000Z,2034.25,2035.19,2030.9,2031.84,5
2024-01-19T21:00:00.000Z,2031.84,2032.78,2028.96,2029.9,5
2024-01-19T22:00:00.000Z,2029.9,2030.84,2027.03,2027.97,5
2024-01-19T23:00:00.000Z,2027.97,2028.91,2025.56,2026.5,5
2024-01-22T00:00:00.000Z,2021.3,2021.33,2021.22,2021.25,5
2024-01-22T01:00:00.000Z,2021.25,2021.28,2021.18,2021.21,5
2024-01-22T02:00:00.000Z,2021.21,2021.24,2021.14,2021.17,5
2024-01-22T03:00:00.000Z,2021.17,2021.2,2021.12,2021.15,5
2024-01-22T04:00:00.000Z,2021.15,2021.21,2021.13,2021.19,5
2024-01-22T05:00:00.000Z,2021.19,2021.24,2021.17,2021.22,5
2024-01-22T06:00:00.000Z,2021.22,2021.27,2021.2,2021.25,5
2024-01-22T07:00:00.000Z,2021.25,2021.29,2021.23,2021.27,5
2024-01-22T08:00:00.000Z,2021.27,2021.36,2020.98,2021.07,5
2024-01-22T09:00:00.000Z,2021.07,2021.16,2020.83,2020.92,5
2024-01-22T10:00:00.000Z,2020.92,2021.01,2020.69,2020.78,5
2024-01-22T11:00:00.000Z,2020.78,2020.87,2020.58,2020.67,5
2024-01-22T12:00:00.000Z,2020.67,2020.77,2020.39,2020.49,5
2024-01-22T13:00:00.000Z,2020.49,2020.59,2020.26,2020.36,5
2024-01-22T14:00:00.000Z,2020.36,2020.45,2020.13,2020.23,5
2024-01-22T15:00:00.000Z,2020.23,2020.33,2020.06,2020.15,5
2024-01-22T16:00:00.000Z,2020.15,2020.23,2020.12,2020.2,5
2024-01-22T17:00:00.000Z,2020.2,2020.27,2020.17,2020.24,5
2024-01-22T18:00:00.000Z,2020.24,2020.31,2020.21,2020.28,5
2024-01-22T19:00:00.000Z,2020.28,2020.33,2020.25,2020.3,5
2024-01-22T20:00:00.000Z,2020.3,2020.36,2020.08,2020.14,5
2024-01-22T21:00:00.000Z,2020.14,2020.2,2019.96,2020.02,5
2024-01-22T22:00:00.000Z,2020.02,2020.08,2019.83,2019.89,5
2024-01-22T23:00:00.000Z,2019.89,2019.95,2019.74,2019.8,5
2024-01-23T00:00:00.000Z,2030.3,2030.46,2029.87,2030.03,5
2024-01-23T01:00:00.000Z,2030.03,2030.19,2029.67,2029.83,5
2024-01-23T02:00:00.000Z,2029.83,2029.99,2029.48,2029.64,5
2024-01-23T03:00:00.000Z,2029.64,2029.8,2029.36,2029.52,5
2024-01-23T04:00:00.000Z,2029.52,2029.85,2029.4,2029.73,5
2024-01-23T05:00:00.000Z,2029.73,2030.01,2029.61,2029.89,5
2024-01-23T06:00:00.000Z,2029.89,2030.16,2029.77,2030.04,5
2024-01-23T07:00:00.000Z,2030.04,2030.26,2029.92,2030.14,5
2024-01-23T08:00:00.000Z,2030.14,2030.61,2028.66,2029.13,5
2024-01-23T09:00:00.000Z,2029.13,2029.6,2027.88,2028.35,5
2024-01-23T10:00:00.000Z,2028.35,2028.82,2027.1,2027.57,5
2024-01-23T11:00:00.000Z,2027.57,2028.04,2026.55,2027.02,5
2024-01-23T12:00:00.000Z,2027.02,2027.51,2025.6,2026.09,5
2024-01-23T13:00:00.000Z,2026.09,2026.58,2024.92,2025.41,5
2024-01-23T14:00:00.000Z,2025.41,2025.9,2024.24,2024.73,5
2024-01-23T15:00:00.000Z,2024.73,2025.22,2023.8,2024.29,5
2024-01-23T16:00:00.000Z,2024.29,2024.72,2024.13,2024.56,5
2024-01-23T17:00:00.000Z,2024.56,2024.92,2024.4,2024.76,5
2024-01-23T18:00:00.000Z,2024.76,2025.11,2024.6,2024.95,5
2024-01-23T19:00:00.000Z,2024.95,2025.23,2024.79,2025.07,5
2024-01-23T20:00:00.000Z,2025.07,2025.28,2024.4,2024.62,5
2024-01-23T21:00:00.000Z,2024.62,2024.83,2024.07,2024.28,5
2024-01-23T22:00:00.000Z,2024.28,2024.49,2023.72,2023.93,5
2024-01-23T23:00:00.000Z,2023.93,2024.14,2023.49,2023.7,5
2024-01-24T00:00:00.000Z,2023.2,2023.59,2022.13,2022.52,6
2024-01-24T01:00:00.000Z,2022.52,2022.91,2021.65,2022.04,6
2024-01-24T02:00:00.000Z,2022.04,2022.43,2021.17,2021.56,6
2024-01-24T03:00:00.000Z,2021.56,2021.95,2020.88,2021.27,6
2024-01-24T04:00:00.000Z,2021.27,2023.59,2019.98,2022.3,8
2024-01-24T05:00:00.000Z,2022.3,2023.97,2021.01,2022.68,8
2024-01-24T06:00:00.000Z,2022.68,2024.36,2021.39,2023.07,8
2024-01-24T07:00:00.000Z,2023.07,2024.36,2021.52,2022.81,8
2024-01-24T08:00:00.000Z,2022.81,2023.97,2019.14,2020.3,18
2024-01-24T09:00:00.000Z,2020.3,2021.46,2017.21,2018.37,18
2024-01-24T10:00:00.000Z,2018.37,2019.53,2015.28,2016.44,18
2024-01-24T11:00:00.000Z,2016.44,2017.6,2013.93,2015.09,18
2024-01-24T12:00:00.000Z,2015.09,2015.86,2012.25,2013.02,20
2024-01-24T13:00:00.000Z,2013.02,2013.79,2010.56,2011.33,20
2024-01-24T14:00:00.000Z,2011.33,2012.1,2008.87,2009.64,20
2024-01-24T15:00:00.000Z,2009.64,2010.41,2007.57,2008.34,20
2024-01-24T16:00:00.000Z,2008.34,2009.41,2007.95,2009.02,8
2024-01-24T17:00:00.000Z,2009.02,2009.89,2008.63,2009.5,8
2024-01-24T18:00:00.000Z,2009.5,2010.37,2009.11,2009.98,8
2024-01-24T19:00:00.000Z,2009.98,2010.66,2009.59,2010.27,8
2024-01-24T20:00:00.000Z,2010.27,2012.02,2009.71,2011.46,5
2024-01-24T21:00:00.000Z,2011.46,2012.92,2010.9,2012.36,5
2024-01-24T22:00:00.000Z,2012.36,2013.83,2011.8,2013.27,5
2024-01-24T23:00:00.000Z,2013.27,2014.46,2012.71,2013.9,5
2024-01-25T00:00:00.000Z,2012.1,2012.67,2011.89,2012.46,14
2024-01-25T01:00:00.000Z,2012.46,2012.93,2012.25,2012.72,14
2024-01-25T02:00:00.000Z,2012.72,2013.19,2012.51,2012.98,14
2024-01-25T03:00:00.000Z,2012.98,2013.34,2012.77,2013.13,14
2024-01-25T04:00:00.000Z,2013.13,2013.28,2012.7,2012.85,17
2024-01-25T05:00:00.000Z,2012.85,2013,2012.49,2012.64,17
2024-01-25T06:00:00.000Z,2012.64,2012.79,2012.29,2012.44,17
2024-01-25T07:00:00.000Z,2012.44,2012.59,2012.16,2012.31,17
2024-01-25T08:00:00.000Z,2012.31,2014.27,2011.69,2013.65,38
2024-01-25T09:00:00.000Z,2013.65,2015.3,2013.03,2014.68,38
2024-01-25T10:00:00.000Z,2014.68,2016.33,2014.06,2015.71,38
2024-01-25T11:00:00.000Z,2015.71,2017.05,2015.09,2016.43,38
2024-01-25T12:00:00.000Z,2016.43,2018.3,2015.78,2017.65,44
2024-01-25T13:00:00.000Z,2017.65,2019.2,2017,2018.55,44
2024-01-25T14:00:00.000Z,2018.55,2020.1,2017.9,2019.45,44
2024-01-25T15:00:00.000Z,2019.45,2020.68,2018.8,2020.03,44
2024-01-25T16:00:00.000Z,2020.03,2020.24,2019.46,2019.67,17
2024-01-25T17:00:00.000Z,2019.67,2019.88,2019.2,2019.41,17
2024-01-25T18:00:00.000Z,2019.41,2019.62,2018.94,2019.15,17
2024-01-25T19:00:00.000Z,2019.15,2019.36,2018.79,2019,17
2024-01-25T20:00:00.000Z,2019,2019.31,2018.01,2018.32,8
2024-01-25T21:00:00.000Z,2018.32,2018.63,2017.48,2017.79,8
2024-01-25T22:00:00.000Z,2017.79,2018.1,2016.96,2017.27,8
2024-01-25T23:00:00.000Z,2017.27,2017.58,2016.59,2016.9,8
2024-01-26T00:00:00.000Z,2021.7,2021.81,2021.39,2021.5,5
2024-01-26T01:00:00.000Z,2021.5,2021.61,2021.25,2021.36,5
2024-01-26T02:00:00.000Z,2021.36,2021.47,2021.11,2021.22,5
2024-01-26T03:00:00.000Z,2021.22,2021.33,2021.03,2021.14,5
2024-01-26T04:00:00.000Z,2021.14,2021.48,2020.99,2021.33,5
2024-01-26T05:00:00.000Z,2021.33,2021.59,2021.18,2021.44,5
2024-01-26T06:00:00.000Z,2021.44,2021.7,2021.29,2021.55,5
2024-01-26T07:00:00.000Z,2021.55,2021.74,2021.4,2021.59,5
2024-01-26T08:00:00.000Z,2021.59,2021.93,2020.52,2020.86,5
2024-01-26T09:00:00.000Z,2020.86,2021.2,2019.96,2020.3,5
2024-01-26T10:00:00.000Z,2020.3,2020.64,2019.4,2019.74,5
2024-01-26T11:00:00.000Z,2019.74,2020.08,2019.01,2019.35,5
2024-01-26T12:00:00.000Z,2019.35,2019.63,2018.44,2018.72,5
2024-01-26T13:00:00.000Z,2018.72,2019,2017.95,2018.23,5
2024-01-26T14:00:00.000Z,2018.23,2018.51,2017.46,2017.74,5
2024-01-26T15:00:00.000Z,2017.74,2018.02,2017.11,2017.39,5
2024-01-26T16:00:00.000Z,2017.39,2017.7,2017.28,2017.59,5
2024-01-26T17:00:00.000Z,2017.59,2017.84,2017.48,2017.73,5
2024-01-26T18:00:00.000Z,2017.73,2017.98,2017.62,2017.87,5
2024-01-26T19:00:00.000Z,2017.87,2018.06,2017.76,2017.95,5
2024-01-26T20:00:00.000Z,2017.95,2018.12,2017.41,2017.58,5
2024-01-26T21:00:00.000Z,2017.58,2017.75,2017.12,2017.29,5
2024-01-26T22:00:00.000Z,2017.29,2017.46,2016.83,2017,5
2024-01-26T23:00:00.000Z,2017,2017.17,2016.63,2016.8,5
2024-01-29T00:00:00.000Z,2025.2,2025.2,2025.2,2025.2,3768
2024-01-29T01:00:00.000Z,2025.2,2025.2,2025.2,2025.2,3768
2024-01-29T02:00:00.000Z,2025.2,2025.2,2025.2,2025.2,3768
2024-01-29T03:00:00.000Z,2025.2,2025.2,2025.2,2025.2,3768
2024-01-29T04:00:00.000Z,2025.2,2025.2,2025.2,2025.2,4521
2024-01-29T05:00:00.000Z,2025.2,2025.2,2025.2,2025.2,4521
2024-01-29T06:00:00.000Z,2025.2,2025.2,2025.2,2025.2,4521
2024-01-29T07:00:00.000Z,2025.2,2025.2,2025.2,2025.2,4521
2024-01-29T08:00:00.000Z,2025.2,2025.2,2025.2,2025.2,10550
2024-01-29T09:00:00.000Z,2025.2,2025.2,2025.2,2025.2,10550
2024-01-29T10:00:00.000Z,2025.2,2025.2,2025.2,2025.2,10550
2024-01-29T11:00:00.000Z,2025.2,2025.2,2025.2,2025.2,10550
2024-01-29T12:00:00.000Z,2025.2,2025.2,2025.2,2025.2,12057
2024-01-29T13:00:00.000Z,2025.2,2025.2,2025.2,2025.2,12057
2024-01-29T14:00:00.000Z,2025.2,2025.2,2025.2,2025.2,12057
2024-01-29T15:00:00.000Z,2025.2,2025.2,2025.2,2025.2,12057
2024-01-29T16:00:00.000Z,2025.2,2025.2,2025.2,2025.2,4521
2024-01-29T17:00:00.000Z,2025.2,2025.2,2025.2,2025.2,4521
2024-01-29T18:00:00.000Z,2025.2,2025.2,2025.2,2025.2,4521
2024-01-29T19:00:00.000Z,2025.2,2025.2,2025.2,2025.2,4521
2024-01-29T20:00:00.000Z,2025.2,2025.2,2025.2,2025.2,2261
2024-01-29T21:00:00.000Z,2025.2,2025.2,2025.2,2025.2,2261
2024-01-29T22:00:00.000Z,2025.2,2025.2,2025.2,2025.2,2261
2024-01-29T23:00:00.000Z,2025.2,2025.2,2025.2,2025.2,2261
2024-01-30T00:00:00.000Z,2032.5,2032.91,2031.38,2031.79,673
2024-01-30T01:00:00.000Z,2031.79,2032.2,2030.87,2031.28,673
2024-01-30T02:00:00.000Z,2031.28,2031.69,2030.36,2030.77,673
2024-01-30T03:00:00.000Z,2030.77,2031.18,2030.05,2030.46,673
2024-01-30T04:00:00.000Z,2030.46,2033.73,2028.55,2031.82,807
2024-01-30T05:00:00.000Z,2031.82,2034.14,2029.91,2032.23,807
2024-01-30T06:00:00.000Z,2032.23,2034.55,2030.32,2032.64,807
2024-01-30T07:00:00.000Z,2032.64,2034.55,2030.18,2032.09,807
2024-01-30T08:00:00.000Z,2032.09,2033.31,2028.22,2029.44,1884
2024-01-30T09:00:00.000Z,2029.44,2030.66,2026.18,2027.4,1884
2024-01-30T10:00:00.000Z,2027.4,2028.62,2024.14,2025.36,1884
2024-01-30T11:00:00.000Z,2025.36,2026.58,2022.71,2023.93,1884
2024-01-30T12:00:00.000Z,2023.93,2024.75,2020.92,2021.74,2153
2024-01-30T13:00:00.000Z,2021.74,2022.56,2019.13,2019.95,2153
2024-01-30T14:00:00.000Z,2019.95,2020.77,2017.35,2018.17,2153
2024-01-30T15:00:00.000Z,2018.17,2018.99,2015.97,2016.79,2153
2024-01-30T16:00:00.000Z,2016.79,2017.91,2016.38,2017.5,807
2024-01-30T17:00:00.000Z,2017.5,2018.42,2017.09,2018.01,807
2024-01-30T18:00:00.000Z,2018.01,2018.93,2017.6,2018.52,807
2024-01-30T19:00:00.000Z,2018.52,2019.24,2018.11,2018.83,807
2024-01-30T20:00:00.000Z,2018.83,2024.2,2017.36,2022.73,404
2024-01-30T21:00:00.000Z,2022.73,2027.37,2021.26,2025.9,404
2024-01-30T22:00:00.000Z,2025.9,2030.54,2024.43,2029.07,404
2024-01-30T23:00:00.000Z,2029.07,2032.97,2027.6,2031.5,404
2024-01-31T00:00:00.000Z,2035.4,2036.78,2034.9,2036.28,50
2024-01-31T01:00:00.000Z,2036.28,2037.4,2035.78,2036.9,50
2024-01-31T02:00:00.000Z,2036.9,2038.03,2036.4,2037.53,50
2024-01-31T03:00:00.000Z,2037.53,2038.4,2037.03,2037.9,50
2024-01-31T04:00:00.000Z,2037.9,2038.82,2036.03,2036.94,60
2024-01-31T05:00:00.000Z,2036.94,2037.86,2035.53,2036.44,60
2024-01-31T06:00:00.000Z,2036.44,2037.36,2035.03,2035.94,60
2024-01-31T07:00:00.000Z,2035.94,2036.86,2034.99,2035.9,60
2024-01-31T08:00:00.000Z,2035.9,2040.65,2034.4,2039.15,141
2024-01-31T09:00:00.000Z,2039.15,2043.15,2037.65,2041.65,141
2024-01-31T10:00:00.000Z,2041.65,2045.65,2040.15,2044.15,141
2024-01-31T11:00:00.000Z,2044.15,2047.4,2042.65,2045.9,141
2024-01-31T12:00:00.000Z,2045.9,2049.64,2044.87,2048.61,161
2024-01-31T13:00:00.000Z,2048.61,2051.82,2047.58,2050.79,161
2024-01-31T14:00:00.000Z,2050.79,2054.01,2049.76,2052.98,161
2024-01-31T15:00:00.000Z,2052.98,2055.68,2051.95,2054.65,161
2024-01-31T16:00:00.000Z,2054.65,2055.15,2053.28,2053.78,60
2024-01-31T17:00:00.000Z,2053.78,2054.28,2052.65,2053.15,60
2024-01-31T18:00:00.000Z,2053.15,2053.65,2052.03,2052.53,60
2024-01-31T19:00:00.000Z,2052.53,2053.03,2051.65,2052.15,60
2024-01-31T20:00:00.000Z,2052.15,2052.78,2050.28,2050.9,30
2024-01-31T21:00:00.000Z,2050.9,2051.53,2049.34,2049.96,30
2024-01-31T22:00:00.000Z,2049.96,2050.59,2048.41,2049.03,30
2024-01-31T23:00:00.000Z,2049.03,2049.66,2047.78,2048.4,30
2024-02-01T00:00:00.000Z,2040.2,2042.15,2039.49,2041.44,24
2024-02-01T01:00:00.000Z,2041.44,2043.04,2040.73,2042.33,24
2024-02-01T02:00:00.000Z,2042.33,2043.93,2041.62,2043.22,24
2024-02-01T03:00:00.000Z,2043.22,2044.46,2042.51,2043.75,24
2024-02-01T04:00:00.000Z,2043.75,2045.4,2040.56,2042.21,29
2024-02-01T05:00:00.000Z,2042.21,2043.86,2039.85,2041.5,29
2024-02-01T06:00:00.000Z,2041.5,2043.15,2039.14,2040.79,29
2024-02-01T07:00:00.000Z,2040.79,2042.56,2039.14,2040.91,29
2024-02-01T08:00:00.000Z,2040.91,2047.66,2038.78,2045.53,66
2024-02-01T09:00:00.000Z,2045.53,2051.21,2043.4,2049.08,66
2024-02-01T10:00:00.000Z,2049.08,2054.76,2046.95,2052.63,66
2024-02-01T11:00:00.000Z,2052.63,2057.24,2050.5,2055.11,66
2024-02-01T12:00:00.000Z,2055.11,2060.35,2053.69,2058.93,76
2024-02-01T13:00:00.000Z,2058.93,2063.45,2057.51,2062.03,76
2024-02-01T14:00:00.000Z,2062.03,2066.56,2060.61,2065.14,76
2024-02-01T15:00:00.000Z,2065.14,2068.95,2063.72,2067.53,76
2024-02-01T16:00:00.000Z,2067.53,2068.24,2065.58,2066.29,29
2024-02-01T17:00:00.000Z,2066.29,2067,2064.69,2065.4,29
2024-02-01T18:00:00.000Z,2065.4,2066.11,2063.8,2064.51,29
2024-02-01T19:00:00.000Z,2064.51,2065.22,2063.27,2063.98,29
2024-02-01T20:00:00.000Z,2063.98,2065.43,2059.06,2060.51,14
2024-02-01T21:00:00.000Z,2060.51,2061.96,2056.31,2057.76,14
2024-02-01T22:00:00.000Z,2057.76,2059.21,2053.57,2055.02,14
2024-02-01T23:00:00.000Z,2055.02,2056.47,2051.55,2053,14
2024-02-02T00:00:00.000Z,2054.8,2055.36,2053.25,2053.81,22
2024-02-02T01:00:00.000Z,2053.81,2054.37,2052.55,2053.11,22
2024-02-02T02:00:00.000Z,2053.11,2053.67,2051.84,2052.4,22
2024-02-02T03:00:00.000Z,2052.4,2052.96,2051.42,2051.98,22
2024-02-02T04:00:00.000Z,2051.98,2053.34,2051.45,2052.81,27
2024-02-02T05:00:00.000Z,2052.81,2053.91,2052.28,2053.38,27
2024-02-02T06:00:00.000Z,2053.38,2054.47,2052.85,2053.94,27
2024-02-02T07:00:00.000Z,2053.94,2054.77,2053.41,2054.24,27
2024-02-02T08:00:00.000Z,2054.24,2055.93,2048.88,2050.57,62
2024-02-02T09:00:00.000Z,2050.57,2052.26,2046.06,2047.75,62
2024-02-02T10:00:00.000Z,2047.75,2049.44,2043.24,2044.93,62
2024-02-02T11:00:00.000Z,2044.93,2046.62,2041.27,2042.96,62
2024-02-02T12:00:00.000Z,2042.96,2044.63,2037.99,2039.66,71
2024-02-02T13:00:00.000Z,2039.66,2041.33,2035.52,2037.19,71
2024-02-02T14:00:00.000Z,2037.19,2038.86,2033.05,2034.72,71
2024-02-02T15:00:00.000Z,2034.72,2036.39,2031.42,2033.09,71
2024-02-02T16:00:00.000Z,2033.09,2034.64,2032.53,2034.08,27
2024-02-02T17:00:00.000Z,2034.08,2035.34,2033.52,2034.78,27
2024-02-02T18:00:00.000Z,2034.78,2036.05,2034.22,2035.49,27
2024-02-02T19:00:00.000Z,2035.49,2036.47,2034.93,2035.91,27
2024-02-02T20:00:00.000Z,2035.91,2036.41,2035.61,2036.11,13
2024-02-02T21:00:00.000Z,2036.11,2036.46,2035.81,2036.16,13
2024-02-02T22:00:00.000Z,2036.16,2036.5,2035.86,2036.2,13
2024-02-02T23:00:00.000Z,2036.2,2036.5,2035.8,2036.1,13
2024-02-05T00:00:00.000Z,2038.9,2039.44,2037.42,2037.96,10
2024-02-05T01:00:00.000Z,2037.96,2038.5,2036.74,2037.28,10
2024-02-05T02:00:00.000Z,2037.28,2037.82,2036.07,2036.61,10
2024-02-05T03:00:00.000Z,2036.61,2037.15,2035.66,2036.2,10
2024-02-05T04:00:00.000Z,2036.2,2037.63,2035.61,2037.04,12
2024-02-05T05:00:00.000Z,2037.04,2038.17,2036.44,2037.58,12
2024-02-05T06:00:00.000Z,2037.58,2038.71,2036.98,2038.12,12
2024-02-05T07:00:00.000Z,2038.12,2038.95,2037.52,2038.36,12
2024-02-05T08:00:00.000Z,2038.36,2039.98,2033.23,2034.85,29
2024-02-05T09:00:00.000Z,2034.85,2036.47,2030.53,2032.15,29
2024-02-05T10:00:00.000Z,2032.15,2033.77,2027.83,2029.45,29
2024-02-05T11:00:00.000Z,2029.45,2031.07,2025.94,2027.56,29
2024-02-05T12:00:00.000Z,2027.56,2029.07,2022.93,2024.44,33
2024-02-05T13:00:00.000Z,2024.44,2025.95,2020.57,2022.08,33
2024-02-05T14:00:00.000Z,2022.08,2023.59,2018.21,2019.72,33
2024-02-05T15:00:00.000Z,2019.72,2021.23,2016.6,2018.11,33
2024-02-05T16:00:00.000Z,2018.11,2019.59,2017.57,2019.05,12
2024-02-05T17:00:00.000Z,2019.05,2020.27,2018.51,2019.73,12
2024-02-05T18:00:00.000Z,2019.73,2020.94,2019.19,2020.4,12
2024-02-05T19:00:00.000Z,2020.4,2021.35,2019.86,2020.81,12
2024-02-05T20:00:00.000Z,2020.81,2023.17,2020.05,2022.41,6
2024-02-05T21:00:00.000Z,2022.41,2024.39,2021.65,2023.63,6
2024-02-05T22:00:00.000Z,2023.63,2025.62,2022.87,2024.86,6
2024-02-05T23:00:00.000Z,2024.86,2026.46,2024.1,2025.7,6
2024-02-06T00:00:00.000Z,2025.9,2026.53,2025.67,2026.3,6
2024-02-06T01:00:00.000Z,2026.3,2026.81,2026.07,2026.58,6
2024-02-06T02:00:00.000Z,2026.58,2027.1,2026.35,2026.87,6
2024-02-06T03:00:00.000Z,2026.87,2027.27,2026.64,2027.04,6
2024-02-06T04:00:00.000Z,2027.04,2027.21,2026.56,2026.73,8
2024-02-06T05:00:00.000Z,2026.73,2026.9,2026.33,2026.5,8
2024-02-06T06:00:00.000Z,2026.5,2026.67,2026.1,2026.27,8
2024-02-06T07:00:00.000Z,2026.27,2026.44,2025.96,2026.13,8
2024-02-06T08:00:00.000Z,2026.13,2028.29,2025.45,2027.61,18
2024-02-06T09:00:00.000Z,2027.61,2029.43,2026.93,2028.75,18
2024-02-06T10:00:00.000Z,2028.75,2030.57,2028.07,2029.89,18
2024-02-06T11:00:00.000Z,2029.89,2031.37,2029.21,2030.69,18
2024-02-06T12:00:00.000Z,2030.69,2032.77,2029.97,2032.05,20
2024-02-06T13:00:00.000Z,2032.05,2033.76,2031.33,2033.04,20
2024-02-06T14:00:00.000Z,2033.04,2034.76,2032.32,2034.04,20
2024-02-06T15:00:00.000Z,2034.04,2035.4,2033.32,2034.68,20
2024-02-06T16:00:00.000Z,2034.68,2034.91,2034.05,2034.28,8
2024-02-06T17:00:00.000Z,2034.28,2034.51,2033.77,2034,8
2024-02-06T18:00:00.000Z,2034,2034.23,2033.48,2033.71,8
2024-02-06T19:00:00.000Z,2033.71,2033.94,2033.31,2033.54,8
2024-02-06T20:00:00.000Z,2033.54,2034.09,2033.33,2033.88,5
2024-02-06T21:00:00.000Z,2033.88,2034.34,2033.67,2034.13,5
2024-02-06T22:00:00.000Z,2034.13,2034.58,2033.92,2034.37,5
2024-02-06T23:00:00.000Z,2034.37,2034.71,2034.16,2034.5,5
2024-02-07T00:00:00.000Z,2032.8,2033.18,2032.66,2033.04,5
2024-02-07T01:00:00.000Z,2033.04,2033.35,2032.9,2033.21,5
2024-02-07T02:00:00.000Z,2033.21,2033.52,2033.07,2033.38,5
2024-02-07T03:00:00.000Z,2033.38,2033.62,2033.24,2033.48,5
2024-02-07T04:00:00.000Z,2033.48,2033.59,2033.18,2033.29,5
2024-02-07T05:00:00.000Z,2033.29,2033.4,2033.04,2033.15,5
2024-02-07T06:00:00.000Z,2033.15,2033.26,2032.91,2033.02,5
2024-02-07T07:00:00.000Z,2033.02,2033.13,2032.83,2032.94,5
2024-02-07T08:00:00.000Z,2032.94,2034.23,2032.53,2033.82,5
2024-02-07T09:00:00.000Z,2033.82,2034.91,2033.41,2034.5,5
2024-02-07T10:00:00.000Z,2034.5,2035.59,2034.09,2035.18,5
2024-02-07T11:00:00.000Z,2035.18,2036.07,2034.77,2035.66,5
2024-02-07T12:00:00.000Z,2035.66,2036.88,2035.24,2036.46,6
2024-02-07T13:00:00.000Z,2036.46,2037.48,2036.04,2037.06,6
2024-02-07T14:00:00.000Z,2037.06,2038.07,2036.64,2037.65,6
2024-02-07T15:00:00.000Z,2037.65,2038.46,2037.23,2038.04,6
2024-02-07T16:00:00.000Z,2038.04,2038.18,2037.66,2037.8,5
2024-02-07T17:00:00.000Z,2037.8,2037.94,2037.49,2037.63,5
2024-02-07T18:00:00.000Z,2037.63,2037.77,2037.32,2037.46,5
2024-02-07T19:00:00.000Z,2037.46,2037.6,2037.22,2037.36,5
2024-02-07T20:00:00.000Z,2037.36,2037.64,2036.4,2036.68,5
2024-02-07T21:00:00.000Z,2036.68,2036.96,2035.86,2036.14,5
2024-02-07T22:00:00.000Z,2036.14,2036.42,2035.32,2035.6,5
2024-02-07T23:00:00.000Z,2035.6,2035.88,2034.92,2035.2,5
2024-02-08T00:00:00.000Z,2028,2028.9,2027.67,2028.57,9
2024-02-08T01:00:00.000Z,2028.57,2029.31,2028.24,2028.98,9
2024-02-08T02:00:00.000Z,2028.98,2029.72,2028.65,2029.39,9
2024-02-08T03:00:00.000Z,2029.39,2029.97,2029.06,2029.64,9
2024-02-08T04:00:00.000Z,2029.64,2030.66,2027.78,2028.8,10
2024-02-08T05:00:00.000Z,2028.8,2029.82,2027.46,2028.48,10
2024-02-08T06:00:00.000Z,2028.48,2029.5,2027.13,2028.15,10
2024-02-08T07:00:00.000Z,2028.15,2029.35,2027.13,2028.33,10
2024-02-08T08:00:00.000Z,2028.33,2031.44,2027.35,2030.46,24
2024-02-08T09:00:00.000Z,2030.46,2033.08,2029.48,2032.1,24
2024-02-08T10:00:00.000Z,2032.1,2034.72,2031.12,2033.74,24
2024-02-08T11:00:00.000Z,2033.74,2035.87,2032.76,2034.89,24
2024-02-08T12:00:00.000Z,2034.89,2037.31,2034.23,2036.65,27
2024-02-08T13:00:00.000Z,2036.65,2038.75,2035.99,2038.09,27
2024-02-08T14:00:00.000Z,2038.09,2040.18,2037.43,2039.52,27
2024-02-08T15:00:00.000Z,2039.52,2041.29,2038.86,2040.63,27
2024-02-08T16:00:00.000Z,2040.63,2040.96,2039.73,2040.06,10
2024-02-08T17:00:00.000Z,2040.06,2040.39,2039.32,2039.65,10
2024-02-08T18:00:00.000Z,2039.65,2039.98,2038.91,2039.24,10
2024-02-08T19:00:00.000Z,2039.24,2039.57,2038.66,2038.99,10
2024-02-08T20:00:00.000Z,2038.99,2039.83,2036.03,2036.87,5
2024-02-08T21:00:00.000Z,2036.87,2037.71,2034.33,2035.17,5
2024-02-08T22:00:00.000Z,2035.17,2036.01,2032.64,2033.48,5
2024-02-08T23:00:00.000Z,2033.48,2034.32,2031.36,2032.2,5
2024-02-09T00:00:00.000Z,2032,2032.24,2031.34,2031.58,5
2024-02-09T01:00:00.000Z,2031.58,2031.82,2031.04,2031.28,5
2024-02-09T02:00:00.000Z,2031.28,2031.52,2030.74,2030.98,5
2024-02-09T03:00:00.000Z,2030.98,2031.22,2030.56,2030.8,5
2024-02-09T04:00:00.000Z,2030.8,2031.31,2030.62,2031.13,5
2024-02-09T05:00:00.000Z,2031.13,2031.55,2030.95,2031.37,5
2024-02-09T06:00:00.000Z,2031.37,2031.79,2031.19,2031.61,5
2024-02-09T07:00:00.000Z,2031.61,2031.94,2031.43,2031.76,5
2024-02-09T08:00:00.000Z,2031.76,2032.48,2029.48,2030.2,5
2024-02-09T09:00:00.000Z,2030.2,2030.92,2028.28,2029,5
2024-02-09T10:00:00.000Z,2029,2029.72,2027.08,2027.8,5
2024-02-09T11:00:00.000Z,2027.8,2028.52,2026.24,2026.96,5
2024-02-09T12:00:00.000Z,2026.96,2027.72,2024.77,2025.53,5
2024-02-09T13:00:00.000Z,2025.53,2026.29,2023.72,2024.48,5
2024-02-09T14:00:00.000Z,2024.48,2025.24,2022.67,2023.43,5
2024-02-09T15:00:00.000Z,2023.43,2024.19,2022,2022.76,5
2024-02-09T16:00:00.000Z,2022.76,2023.42,2022.52,2023.18,5
2024-02-09T17:00:00.000Z,2023.18,2023.72,2022.94,2023.48,5
2024-02-09T18:00:00.000Z,2023.48,2024.02,2023.24,2023.78,5
2024-02-09T19:00:00.000Z,2023.78,2024.2,2023.54,2023.96,5
2024-02-09T20:00:00.000Z,2023.96,2024.15,2023.51,2023.7,5
2024-02-09T21:00:00.000Z,2023.7,2023.89,2023.35,2023.54,5
2024-02-09T22:00:00.000Z,2023.54,2023.73,2023.18,2023.37,5
2024-02-09T23:00:00.000Z,2023.37,2023.56,2023.11,2023.3,5
2024-02-12T00:00:00.000Z,2025.5,2025.78,2024.73,2025.01,8
2024-02-12T01:00:00.000Z,2025.01,2025.29,2024.39,2024.67,8
2024-02-12T02:00:00.000Z,2024.67,2024.95,2024.04,2024.32,8
2024-02-12T03:00:00.000Z,2024.32,2024.6,2023.83,2024.11,8
2024-02-12T04:00:00.000Z,2024.11,2024.7,2023.9,2024.49,10
2024-02-12T05:00:00.000Z,2024.49,2024.98,2024.28,2024.77,10
2024-02-12T06:00:00.000Z,2024.77,2025.26,2024.56,2025.05,10
2024-02-12T07:00:00.000Z,2025.05,2025.43,2024.84,2025.22,10
2024-02-12T08:00:00.000Z,2025.22,2026.05,2022.58,2023.41,22
2024-02-12T09:00:00.000Z,2023.41,2024.24,2021.19,2022.02,22
2024-02-12T10:00:00.000Z,2022.02,2022.85,2019.8,2020.63,22
2024-02-12T11:00:00.000Z,2020.63,2021.46,2018.83,2019.66,22
2024-02-12T12:00:00.000Z,2019.66,2020.54,2017.13,2018.01,25
2024-02-12T13:00:00.000Z,2018.01,2018.89,2015.91,2016.79,25
2024-02-12T14:00:00.000Z,2016.79,2017.67,2014.7,2015.58,25
2024-02-12T15:00:00.000Z,2015.58,2016.46,2013.92,2014.8,25
2024-02-12T16:00:00.000Z,2014.8,2015.57,2014.52,2015.29,10
2024-02-12T17:00:00.000Z,2015.29,2015.91,2015.01,2015.63,10
2024-02-12T18:00:00.000Z,2015.63,2016.26,2015.35,2015.98,10
2024-02-12T19:00:00.000Z,2015.98,2016.47,2015.7,2016.19,10
2024-02-12T20:00:00.000Z,2016.19,2017.2,2015.85,2016.86,5
2024-02-12T21:00:00.000Z,2016.86,2017.71,2016.52,2017.37,5
2024-02-12T22:00:00.000Z,2017.37,2018.21,2017.03,2017.87,5
2024-02-12T23:00:00.000Z,2017.87,2018.54,2017.53,2018.2,5
2024-02-13T00:00:00.000Z,2025.1,2025.82,2023.13,2023.85,5
2024-02-13T01:00:00.000Z,2023.85,2024.57,2022.23,2022.95,5
2024-02-13T02:00:00.000Z,2022.95,2023.67,2021.34,2022.06,5
2024-02-13T03:00:00.000Z,2022.06,2022.78,2020.8,2021.52,5
2024-02-13T04:00:00.000Z,2021.52,2023.15,2020.91,2022.54,6
2024-02-13T05:00:00.000Z,2022.54,2023.86,2021.93,2023.25,6
2024-02-13T06:00:00.000Z,2023.25,2024.58,2022.64,2023.97,6
2024-02-13T07:00:00.000Z,2023.97,2024.99,2023.36,2024.38,6
2024-02-13T08:00:00.000Z,2024.38,2026.53,2017.58,2019.73,14
2024-02-13T09:00:00.000Z,2019.73,2021.88,2014,2016.15,14
2024-02-13T10:00:00.000Z,2016.15,2018.3,2010.42,2012.57,14
2024-02-13T11:00:00.000Z,2012.57,2014.72,2007.91,2010.06,14
2024-02-13T12:00:00.000Z,2010.06,2012.24,2003.65,2005.84,16
2024-02-13T13:00:00.000Z,2005.84,2008.02,2000.52,2002.7,16
2024-02-13T14:00:00.000Z,2002.7,2004.88,1997.38,1999.57,16
2024-02-13T15:00:00.000Z,1999.57,2001.75,1995.35,1997.53,16
2024-02-13T16:00:00.000Z,1997.53,1999.5,1996.81,1998.78,6
2024-02-13T17:00:00.000Z,1998.78,2000.4,1998.06,1999.68,6
2024-02-13T18:00:00.000Z,1999.68,2001.29,1998.96,2000.57,6
2024-02-13T19:00:00.000Z,2000.57,2001.83,1999.85,2001.11,6
2024-02-13T20:00:00.000Z,2001.11,2002.29,1997.29,1998.47,5
2024-02-13T21:00:00.000Z,1998.47,1999.65,1995.24,1996.42,5
2024-02-13T22:00:00.000Z,1996.42,1997.6,1993.18,1994.36,5
2024-02-13T23:00:00.000Z,1994.36,1995.54,1991.72,1992.9,5
2024-02-14T00:00:00.000Z,1990.3,1990.77,1990.13,1990.6,48
2024-02-14T01:00:00.000Z,1990.6,1990.99,1990.43,1990.82,48
2024-02-14T02:00:00.000Z,1990.82,1991.21,1990.65,1991.04,48
2024-02-14T03:00:00.000Z,1991.04,1991.34,1990.87,1991.17,48
2024-02-14T04:00:00.000Z,1991.17,1991.85,1989.97,1990.65,58
2024-02-14T05:00:00.000Z,1990.65,1991.33,1989.8,1990.48,58
2024-02-14T06:00:00.000Z,1990.48,1991.16,1989.62,1990.3,58
2024-02-14T07:00:00.000Z,1990.3,1991.15,1989.62,1990.47,58
2024-02-14T08:00:00.000Z,1990.47,1992.12,1989.95,1991.6,134
2024-02-14T09:00:00.000Z,1991.6,1992.99,1991.08,1992.47,134
2024-02-14T10:00:00.000Z,1992.47,1993.86,1991.95,1993.34,134
2024-02-14T11:00:00.000Z,1993.34,1994.47,1992.82,1993.95,134
2024-02-14T12:00:00.000Z,1993.95,1995.24,1993.6,1994.89,153
2024-02-14T13:00:00.000Z,1994.89,1996,1994.54,1995.65,153
2024-02-14T14:00:00.000Z,1995.65,1996.76,1995.3,1996.41,153
2024-02-14T15:00:00.000Z,1996.41,1997.35,1996.06,1997,153
2024-02-14T16:00:00.000Z,1997,1997.17,1996.53,1996.7,58
2024-02-14T17:00:00.000Z,1996.7,1996.87,1996.31,1996.48,58
2024-02-14T18:00:00.000Z,1996.48,1996.65,1996.09,1996.26,58
2024-02-14T19:00:00.000Z,1996.26,1996.43,1995.96,1996.13,58
2024-02-14T20:00:00.000Z,1996.13,1996.8,1993.67,1994.34,29
2024-02-14T21:00:00.000Z,1994.34,1995.01,1992.21,1992.88,29
2024-02-14T22:00:00.000Z,1992.88,1993.55,1990.75,1991.42,29
2024-02-14T23:00:00.000Z,1991.42,1992.09,1989.63,1990.3,29
2024-02-15T00:00:00.000Z,1993.6,1994.35,1993.33,1994.08,7
2024-02-15T01:00:00.000Z,1994.08,1994.69,1993.81,1994.42,7
2024-02-15T02:00:00.000Z,1994.42,1995.03,1994.15,1994.76,7
2024-02-15T03:00:00.000Z,1994.76,1995.23,1994.49,1994.96,7
2024-02-15T04:00:00.000Z,1994.96,1995.16,1994.39,1994.59,9
2024-02-15T05:00:00.000Z,1994.59,1994.79,1994.11,1994.31,9
2024-02-15T06:00:00.000Z,1994.31,1994.51,1993.84,1994.04,9
2024-02-15T07:00:00.000Z,1994.04,1994.24,1993.67,1993.87,9
2024-02-15T08:00:00.000Z,1993.87,1996.46,1993.05,1995.64,20
2024-02-15T09:00:00.000Z,1995.64,1997.82,1994.82,1997,20
2024-02-15T10:00:00.000Z,1997,1999.18,1996.18,1998.36,20
2024-02-15T11:00:00.000Z,1998.36,2000.13,1997.54,1999.31,20
2024-02-15T12:00:00.000Z,1999.31,2001.79,1998.45,2000.93,23
2024-02-15T13:00:00.000Z,2000.93,2002.98,2000.07,2002.12,23
2024-02-15T14:00:00.000Z,2002.12,2004.17,2001.26,2003.31,23
2024-02-15T15:00:00.000Z,2003.31,2004.93,2002.45,2004.07,23
2024-02-15T16:00:00.000Z,2004.07,2004.34,2003.32,2003.59,9
2024-02-15T17:00:00.000Z,2003.59,2003.86,2002.98,2003.25,9
2024-02-15T18:00:00.000Z,2003.25,2003.52,2002.64,2002.91,9
2024-02-15T19:00:00.000Z,2002.91,2003.18,2002.44,2002.71,9
2024-02-15T20:00:00.000Z,2002.71,2002.91,2002.26,2002.46,5
2024-02-15T21:00:00.000Z,2002.46,2002.66,2002.11,2002.31,5
2024-02-15T22:00:00.000Z,2002.31,2002.51,2001.95,2002.15,5
2024-02-15T23:00:00.000Z,2002.15,2002.35,2001.9,2002.1,5
2024-02-16T00:00:00.000Z,2005,2005.83,2004.7,2005.53,5
2024-02-16T01:00:00.000Z,2005.53,2006.2,2005.23,2005.9,5
2024-02-16T02:00:00.000Z,2005.9,2006.58,2005.6,2006.28,5
2024-02-16T03:00:00.000Z,2006.28,2006.8,2005.98,2006.5,5
2024-02-16T04:00:00.000Z,2006.5,2007.58,2004.59,2005.66,5
2024-02-16T05:00:00.000Z,2005.66,2006.74,2004.28,2005.36,5
2024-02-16T06:00:00.000Z,2005.36,2006.43,2003.98,2005.06,5
2024-02-16T07:00:00.000Z,2005.06,2006.38,2003.98,2005.3,5
2024-02-16T08:00:00.000Z,2005.3,2008.15,2004.4,2007.25,5
2024-02-16T09:00:00.000Z,2007.25,2009.65,2006.35,2008.75,5
2024-02-16T10:00:00.000Z,2008.75,2011.15,2007.85,2010.25,5
2024-02-16T11:00:00.000Z,2010.25,2012.2,2009.35,2011.3,5
2024-02-16T12:00:00.000Z,2011.3,2013.51,2010.7,2012.91,5
2024-02-16T13:00:00.000Z,2012.91,2014.82,2012.31,2014.22,5
2024-02-16T14:00:00.000Z,2014.22,2016.14,2013.62,2015.54,5
2024-02-16T15:00:00.000Z,2015.54,2017.15,2014.94,2016.55,5
2024-02-16T16:00:00.000Z,2016.55,2016.85,2015.72,2016.02,5
2024-02-16T17:00:00.000Z,2016.02,2016.32,2015.35,2015.65,5
2024-02-16T18:00:00.000Z,2015.65,2015.95,2014.97,2015.27,5
2024-02-16T19:00:00.000Z,2015.27,2015.57,2014.75,2015.05,5
2024-02-16T20:00:00.000Z,2015.05,2015.55,2013.41,2013.91,5
2024-02-16T21:00:00.000Z,2013.91,2014.41,2012.51,2013.02,5
2024-02-16T22:00:00.000Z,2013.02,2013.53,2011.63,2012.13,5
2024-02-16T23:00:00.000Z,2012.13,2012.64,2010.99,2011.5,5
2024-02-20T00:00:00.000Z,2015.6,2016.34,2015.33,2016.07,33
2024-02-20T01:00:00.000Z,2016.07,2016.67,2015.8,2016.4,33
2024-02-20T02:00:00.000Z,2016.4,2017.01,2016.13,2016.74,33
2024-02-20T03:00:00.000Z,2016.74,2017.21,2016.47,2016.94,33
2024-02-20T04:00:00.000Z,2016.94,2017.14,2016.37,2016.57,40
2024-02-20T05:00:00.000Z,2016.57,2016.77,2016.1,2016.3,40
2024-02-20T06:00:00.000Z,2016.3,2016.5,2015.84,2016.04,40
2024-02-20T07:00:00.000Z,2016.04,2016.24,2015.67,2015.87,40
2024-02-20T08:00:00.000Z,2015.87,2018.41,2015.07,2017.61,93
2024-02-20T09:00:00.000Z,2017.61,2019.75,2016.81,2018.95,93
2024-02-20T10:00:00.000Z,2018.95,2021.09,2018.15,2020.29,93
2024-02-20T11:00:00.000Z,2020.29,2022.03,2019.49,2021.23,93
2024-02-20T12:00:00.000Z,2021.23,2023.66,2020.39,2022.82,106
2024-02-20T13:00:00.000Z,2022.82,2024.84,2021.98,2024,106
2024-02-20T14:00:00.000Z,2024,2026.01,2023.16,2025.17,106
2024-02-20T15:00:00.000Z,2025.17,2026.76,2024.33,2025.92,106
2024-02-20T16:00:00.000Z,2025.92,2026.19,2025.18,2025.45,40
2024-02-20T17:00:00.000Z,2025.45,2025.72,2024.85,2025.12,40
2024-02-20T18:00:00.000Z,2025.12,2025.39,2024.51,2024.78,40
2024-02-20T19:00:00.000Z,2024.78,2025.05,2024.31,2024.58,40
2024-02-20T20:00:00.000Z,2024.58,2025.95,2024.15,2025.52,20
2024-02-20T21:00:00.000Z,2025.52,2026.68,2025.09,2026.25,20
2024-02-20T22:00:00.000Z,2026.25,2027.41,2025.82,2026.98,20
2024-02-20T23:00:00.000Z,2026.98,2027.93,2026.55,2027.5,20
2024-02-21T00:00:00.000Z,2028.2,2028.32,2027.87,2027.99,5
2024-02-21T01:00:00.000Z,2027.99,2028.11,2027.73,2027.85,5
2024-02-21T02:00:00.000Z,2027.85,2027.97,2027.58,2027.7,5
2024-02-21T03:00:00.000Z,2027.7,2027.82,2027.49,2027.61,5
2024-02-21T04:00:00.000Z,2027.61,2027.86,2027.52,2027.77,5
2024-02-21T05:00:00.000Z,2027.77,2027.98,2027.68,2027.89,5
2024-02-21T06:00:00.000Z,2027.89,2028.1,2027.8,2028.01,5
2024-02-21T07:00:00.000Z,2028.01,2028.17,2027.92,2028.08,5
2024-02-21T08:00:00.000Z,2028.08,2028.43,2026.96,2027.31,5
2024-02-21T09:00:00.000Z,2027.31,2027.66,2026.37,2026.72,5
2024-02-21T10:00:00.000Z,2026.72,2027.07,2025.78,2026.13,5
2024-02-21T11:00:00.000Z,2026.13,2026.48,2025.37,2025.72,5
2024-02-21T12:00:00.000Z,2025.72,2026.09,2024.65,2025.02,5
2024-02-21T13:00:00.000Z,2025.02,2025.39,2024.13,2024.5,5
2024-02-21T14:00:00.000Z,2024.5,2024.87,2023.62,2023.99,5
2024-02-21T15:00:00.000Z,2023.99,2024.36,2023.29,2023.66,5
2024-02-21T16:00:00.000Z,2023.66,2023.99,2023.54,2023.87,5
2024-02-21T17:00:00.000Z,2023.87,2024.13,2023.75,2024.01,5
2024-02-21T18:00:00.000Z,2024.01,2024.28,2023.89,2024.16,5
2024-02-21T19:00:00.000Z,2024.16,2024.37,2024.04,2024.25,5
2024-02-21T20:00:00.000Z,2024.25,2024.5,2023.39,2023.64,5
2024-02-21T21:00:00.000Z,2023.64,2023.89,2022.9,2023.15,5
2024-02-21T22:00:00.000Z,2023.15,2023.4,2022.41,2022.66,5
2024-02-21T23:00:00.000Z,2022.66,2022.91,2022.05,2022.3,5
2024-02-22T00:00:00.000Z,2033.2,2033.47,2032.46,2032.73,24
2024-02-22T01:00:00.000Z,2032.73,2033,2032.12,2032.39,24
2024-02-22T02:00:00.000Z,2032.39,2032.66,2031.78,2032.05,24
2024-02-22T03:00:00.000Z,2032.05,2032.32,2031.58,2031.85,24
2024-02-22T04:00:00.000Z,2031.85,2032.42,2031.65,2032.22,29
2024-02-22T05:00:00.000Z,2032.22,2032.69,2032.02,2032.49,29
2024-02-22T06:00:00.000Z,2032.49,2032.96,2032.29,2032.76,29
2024-02-22T07:00:00.000Z,2032.76,2033.13,2032.56,2032.93,29
2024-02-22T08:00:00.000Z,2032.93,2033.74,2030.36,2031.17,68
2024-02-22T09:00:00.000Z,2031.17,2031.98,2029.02,2029.83,68
2024-02-22T10:00:00.000Z,2029.83,2030.64,2027.67,2028.48,68
2024-02-22T11:00:00.000Z,2028.48,2029.29,2026.72,2027.53,68
2024-02-22T12:00:00.000Z,2027.53,2028.38,2025.07,2025.92,77
2024-02-22T13:00:00.000Z,2025.92,2026.77,2023.89,2024.74,77
2024-02-22T14:00:00.000Z,2024.74,2025.59,2022.71,2023.56,77
2024-02-22T15:00:00.000Z,2023.56,2024.41,2021.95,2022.8,77
2024-02-22T16:00:00.000Z,2022.8,2023.54,2022.53,2023.27,29
2024-02-22T17:00:00.000Z,2023.27,2023.88,2023,2023.61,29
2024-02-22T18:00:00.000Z,2023.61,2024.22,2023.34,2023.95,29
2024-02-22T19:00:00.000Z,2023.95,2024.42,2023.68,2024.15,29
2024-02-22T20:00:00.000Z,2024.15,2024.73,2022.17,2022.75,15
2024-02-22T21:00:00.000Z,2022.75,2023.33,2021.05,2021.63,15
2024-02-22T22:00:00.000Z,2021.63,2022.21,2019.94,2020.52,15
2024-02-22T23:00:00.000Z,2020.52,2021.1,2019.12,2019.7,15
2024-02-23T00:00:00.000Z,2026,2027.3,2025.53,2026.83,5
2024-02-23T01:00:00.000Z,2026.83,2027.89,2026.36,2027.42,5
2024-02-23T02:00:00.000Z,2027.42,2028.48,2026.95,2028.01,5
2024-02-23T03:00:00.000Z,2028.01,2028.84,2027.54,2028.37,5
2024-02-23T04:00:00.000Z,2028.37,2029.83,2025.7,2027.16,5
2024-02-23T05:00:00.000Z,2027.16,2028.63,2025.23,2026.69,5
2024-02-23T06:00:00.000Z,2026.69,2028.15,2024.75,2026.21,5
2024-02-23T07:00:00.000Z,2026.21,2027.93,2024.75,2026.47,5
2024-02-23T08:00:00.000Z,2026.47,2030.97,2025.05,2029.55,5
2024-02-23T09:00:00.000Z,2029.55,2033.34,2028.13,2031.92,5
2024-02-23T10:00:00.000Z,2031.92,2035.71,2030.5,2034.29,5
2024-02-23T11:00:00.000Z,2034.29,2037.37,2032.87,2035.95,5
2024-02-23T12:00:00.000Z,2035.95,2039.45,2035,2038.5,5
2024-02-23T13:00:00.000Z,2038.5,2041.52,2037.55,2040.57,5
2024-02-23T14:00:00.000Z,2040.57,2043.6,2039.62,2042.65,5
2024-02-23T15:00:00.000Z,2042.65,2045.2,2041.7,2044.25,5
2024-02-23T16:00:00.000Z,2044.25,2044.72,2042.95,2043.42,5
2024-02-23T17:00:00.000Z,2043.42,2043.89,2042.36,2042.83,5
2024-02-23T18:00:00.000Z,2042.83,2043.3,2041.77,2042.24,5
2024-02-23T19:00:00.000Z,2042.24,2042.71,2041.41,2041.88,5
2024-02-23T20:00:00.000Z,2041.88,2042.45,2040.21,2040.78,5
2024-02-23T21:00:00.000Z,2040.78,2041.35,2039.39,2039.96,5
2024-02-23T22:00:00.000Z,2039.96,2040.53,2038.58,2039.14,5
2024-02-23T23:00:00.000Z,2039.14,2039.71,2038.03,2038.6,5
2024-02-26T00:00:00.000Z,2034.1,2034.31,2033.52,2033.73,5
2024-02-26T01:00:00.000Z,2033.73,2033.94,2033.25,2033.46,5
2024-02-26T02:00:00.000Z,2033.46,2033.67,2032.99,2033.2,5
2024-02-26T03:00:00.000Z,2033.2,2033.41,2032.83,2033.04,5
2024-02-26T04:00:00.000Z,2033.04,2033.69,2032.75,2033.4,5
2024-02-26T05:00:00.000Z,2033.4,2033.9,2033.11,2033.61,5
2024-02-26T06:00:00.000Z,2033.61,2034.11,2033.32,2033.82,5
2024-02-26T07:00:00.000Z,2033.82,2034.18,2033.53,2033.89,5
2024-02-26T08:00:00.000Z,2033.89,2034.53,2031.87,2032.51,10
2024-02-26T09:00:00.000Z,2032.51,2033.15,2030.81,2031.45,10
2024-02-26T10:00:00.000Z,2031.45,2032.09,2029.75,2030.39,10
2024-02-26T11:00:00.000Z,2030.39,2031.03,2029.01,2029.65,10
2024-02-26T12:00:00.000Z,2029.65,2030.19,2027.91,2028.45,12
2024-02-26T13:00:00.000Z,2028.45,2028.99,2026.99,2027.53,12
2024-02-26T14:00:00.000Z,2027.53,2028.07,2026.06,2026.6,12
2024-02-26T15:00:00.000Z,2026.6,2027.14,2025.4,2025.94,12
2024-02-26T16:00:00.000Z,2025.94,2026.52,2025.73,2026.31,5
2024-02-26T17:00:00.000Z,2026.31,2026.79,2026.1,2026.58,5
2024-02-26T18:00:00.000Z,2026.58,2027.05,2026.37,2026.84,5
2024-02-26T19:00:00.000Z,2026.84,2027.21,2026.63,2027,5
2024-02-26T20:00:00.000Z,2027,2027.76,2026.74,2027.5,5
2024-02-26T21:00:00.000Z,2027.5,2028.14,2027.24,2027.88,5
2024-02-26T22:00:00.000Z,2027.88,2028.51,2027.62,2028.25,5
2024-02-26T23:00:00.000Z,2028.25,2028.76,2027.99,2028.5,5
2024-02-27T00:00:00.000Z,2035.9,2035.94,2035.79,2035.83,24
2024-02-27T01:00:00.000Z,2035.83,2035.87,2035.75,2035.79,24
2024-02-27T02:00:00.000Z,2035.79,2035.83,2035.7,2035.74,24
2024-02-27T03:00:00.000Z,2035.74,2035.78,2035.67,2035.71,24
2024-02-27T04:00:00.000Z,2035.71,2035.79,2035.68,2035.76,29
2024-02-27T05:00:00.000Z,2035.76,2035.83,2035.73,2035.8,29
2024-02-27T06:00:00.000Z,2035.8,2035.87,2035.77,2035.84,29
2024-02-27T07:00:00.000Z,2035.84,2035.89,2035.81,2035.86,29
2024-02-27T08:00:00.000Z,2035.86,2035.97,2035.5,2035.61,68
2024-02-27T09:00:00.000Z,2035.61,2035.72,2035.31,2035.42,68
2024-02-27T10:00:00.000Z,2035.42,2035.53,2035.12,2035.23,68
2024-02-27T11:00:00.000Z,2035.23,2035.34,2034.99,2035.1,68
2024-02-27T12:00:00.000Z,2035.1,2035.22,2034.76,2034.88,77
2024-02-27T13:00:00.000Z,2034.88,2035,2034.59,2034.71,77
2024-02-27T14:00:00.000Z,2034.71,2034.83,2034.43,2034.55,77
2024-02-27T15:00:00.000Z,2034.55,2034.67,2034.32,2034.44,77
2024-02-27T16:00:00.000Z,2034.44,2034.55,2034.4,2034.51,29
2024-02-27T17:00:00.000Z,2034.51,2034.59,2034.47,2034.55,29
2024-02-27T18:00:00.000Z,2034.55,2034.64,2034.51,2034.6,29
2024-02-27T19:00:00.000Z,2034.6,2034.67,2034.56,2034.63,29
2024-02-27T20:00:00.000Z,2034.63,2034.71,2034.35,2034.43,15
2024-02-27T21:00:00.000Z,2034.43,2034.51,2034.19,2034.27,15
2024-02-27T22:00:00.000Z,2034.27,2034.35,2034.04,2034.12,15
2024-02-27T23:00:00.000Z,2034.12,2034.2,2033.92,2034,15
2024-02-28T00:00:00.000Z,2029.5,2030.17,2029.26,2029.93,15
2024-02-28T01:00:00.000Z,2029.93,2030.47,2029.69,2030.23,15
2024-02-28T02:00:00.000Z,2030.23,2030.78,2029.99,2030.54,15
2024-02-28T03:00:00.000Z,2030.54,2030.96,2030.3,2030.72,15
2024-02-28T04:00:00.000Z,2030.72,2031.37,2029.5,2030.15,18
2024-02-28T05:00:00.000Z,2030.15,2030.8,2029.25,2029.9,18
2024-02-28T06:00:00.000Z,2029.9,2030.55,2029.01,2029.66,18
2024-02-28T07:00:00.000Z,2029.66,2030.39,2029.01,2029.74,18
2024-02-28T08:00:00.000Z,2029.74,2032.06,2029.01,2031.33,41
2024-02-28T09:00:00.000Z,2031.33,2033.28,2030.6,2032.55,41
2024-02-28T10:00:00.000Z,2032.55,2034.5,2031.82,2033.77,41
2024-02-28T11:00:00.000Z,2033.77,2035.35,2033.04,2034.62,41
2024-02-28T12:00:00.000Z,2034.62,2036.42,2034.13,2035.93,47
2024-02-28T13:00:00.000Z,2035.93,2037.49,2035.44,2037,47
2024-02-28T14:00:00.000Z,2037,2038.56,2036.51,2038.07,47
2024-02-28T15:00:00.000Z,2038.07,2039.38,2037.58,2038.89,47
2024-02-28T16:00:00.000Z,2038.89,2039.13,2038.22,2038.46,18
2024-02-28T17:00:00.000Z,2038.46,2038.7,2037.92,2038.16,18
2024-02-28T18:00:00.000Z,2038.16,2038.4,2037.61,2037.85,18
2024-02-28T19:00:00.000Z,2037.85,2038.09,2037.43,2037.67,18
2024-02-28T20:00:00.000Z,2037.67,2038.26,2035.62,2036.21,9
2024-02-28T21:00:00.000Z,2036.21,2036.8,2034.45,2035.04,9
2024-02-28T22:00:00.000Z,2035.04,2035.63,2033.28,2033.87,9
2024-02-28T23:00:00.000Z,2033.87,2034.46,2032.41,2033,9
2024-02-29T00:00:00.000Z,2034.3,2035.15,2033.99,2034.84,18
2024-02-29T01:00:00.000Z,2034.84,2035.54,2034.53,2035.23,18
2024-02-29T02:00:00.000Z,2035.23,2035.93,2034.92,2035.62,18
2024-02-29T03:00:00.000Z,2035.62,2036.16,2035.31,2035.85,18
2024-02-29T04:00:00.000Z,2035.85,2036.08,2035.19,2035.42,21
2024-02-29T05:00:00.000Z,2035.42,2035.65,2034.88,2035.11,21
2024-02-29T06:00:00.000Z,2035.11,2035.34,2034.57,2034.8,21
2024-02-29T07:00:00.000Z,2034.8,2035.03,2034.38,2034.61,21
2024-02-29T08:00:00.000Z,2034.61,2037.55,2033.68,2036.62,50
2024-02-29T09:00:00.000Z,2036.62,2039.1,2035.69,2038.17,50
2024-02-29T10:00:00.000Z,2038.17,2040.65,2037.24,2039.72,50
2024-02-29T11:00:00.000Z,2039.72,2041.74,2038.79,2040.81,50
2024-02-29T12:00:00.000Z,2040.81,2043.64,2039.83,2042.66,57
2024-02-29T13:00:00.000Z,2042.66,2044.99,2041.68,2044.01,57
2024-02-29T14:00:00.000Z,2044.01,2046.35,2043.03,2045.37,57
2024-02-29T15:00:00.000Z,2045.37,2047.22,2044.39,2046.24,57
2024-02-29T16:00:00.000Z,2046.24,2046.55,2045.39,2045.7,21
2024-02-29T17:00:00.000Z,2045.7,2046.01,2045,2045.31,21
2024-02-29T18:00:00.000Z,2045.31,2045.62,2044.61,2044.92,21
2024-02-29T19:00:00.000Z,2044.92,2045.23,2044.38,2044.69,21
2024-02-29T20:00:00.000Z,2044.69,2045.33,2044.43,2045.07,11
2024-02-29T21:00:00.000Z,2045.07,2045.58,2044.81,2045.32,11
2024-02-29T22:00:00.000Z,2045.32,2045.84,2045.06,2045.58,11
2024-02-29T23:00:00.000Z,2045.58,2045.96,2045.32,2045.7,11
2024-03-01T00:00:00.000Z,2043.1,2045.58,2042.2,2044.68,30
2024-03-01T01:00:00.000Z,2044.68,2046.71,2043.78,2045.81,30
2024-03-01T02:00:00.000Z,2045.81,2047.83,2044.91,2046.93,30
2024-03-01T03:00:00.000Z,2046.93,2048.51,2046.03,2047.61,30
2024-03-01T04:00:00.000Z,2047.61,2048.42,2045.49,2046.3,36
2024-03-01T05:00:00.000Z,2046.3,2047.11,2044.59,2045.4,36
2024-03-01T06:00:00.000Z,2045.4,2046.21,2043.69,2044.5,36
2024-03-01T07:00:00.000Z,2044.5,2045.31,2043.19,2044,36
2024-03-01T08:00:00.000Z,2044,2052.57,2041.29,2049.86,85
2024-03-01T09:00:00.000Z,2049.86,2057.08,2047.15,2054.37,85
2024-03-01T10:00:00.000Z,2054.37,2061.59,2051.66,2058.88,85
2024-03-01T11:00:00.000Z,2058.88,2064.75,2056.17,2062.04,85
2024-03-01T12:00:00.000Z,2062.04,2070.05,2059.33,2067.34,97
2024-03-01T13:00:00.000Z,2067.34,2074,2064.63,2071.29,97
2024-03-01T14:00:00.000Z,2071.29,2077.95,2068.58,2075.24,97
2024-03-01T15:00:00.000Z,2075.24,2080.54,2072.53,2077.83,97
2024-03-01T16:00:00.000Z,2077.83,2078.73,2075.35,2076.25,36
2024-03-01T17:00:00.000Z,2076.25,2077.15,2074.22,2075.12,36
2024-03-01T18:00:00.000Z,2075.12,2076.02,2073.1,2074,36
2024-03-01T19:00:00.000Z,2074,2074.9,2072.42,2073.32,36
2024-03-01T20:00:00.000Z,2073.32,2079.43,2071.51,2077.62,18
2024-03-01T21:00:00.000Z,2077.62,2082.82,2075.81,2081.01,18
2024-03-01T22:00:00.000Z,2081.01,2086.22,2079.2,2084.41,18
2024-03-01T23:00:00.000Z,2084.41,2088.71,2082.6,2086.9,18
2024-03-04T00:00:00.000Z,2083.6,2085.75,2082.82,2084.97,20
2024-03-04T01:00:00.000Z,2084.97,2086.73,2084.19,2085.95,20
2024-03-04T02:00:00.000Z,2085.95,2087.7,2085.17,2086.92,20
2024-03-04T03:00:00.000Z,2086.92,2088.29,2086.14,2087.51,20
2024-03-04T04:00:00.000Z,2087.51,2088.39,2085.41,2086.29,24
2024-03-04T05:00:00.000Z,2086.29,2087.17,2084.63,2085.51,24
2024-03-04T06:00:00.000Z,2085.51,2086.39,2083.84,2084.72,24
2024-03-04T07:00:00.000Z,2084.72,2085.6,2083.5,2084.38,24
2024-03-04T08:00:00.000Z,2084.38,2091.81,2082.03,2089.46,56
2024-03-04T09:00:00.000Z,2089.46,2095.72,2087.11,2093.37,56
2024-03-04T10:00:00.000Z,2093.37,2099.63,2091.02,2097.28,56
2024-03-04T11:00:00.000Z,2097.28,2102.37,2094.93,2100.02,56
2024-03-04T12:00:00.000Z,2100.02,2106.7,2097.85,2104.53,65
2024-03-04T13:00:00.000Z,2104.53,2110.12,2102.36,2107.95,65
2024-03-04T14:00:00.000Z,2107.95,2113.54,2105.78,2111.37,65
2024-03-04T15:00:00.000Z,2111.37,2115.88,2109.2,2113.71,65
2024-03-04T16:00:00.000Z,2113.71,2114.49,2111.56,2112.34,24
2024-03-04T17:00:00.000Z,2112.34,2113.12,2110.58,2111.36,24
2024-03-04T18:00:00.000Z,2111.36,2112.14,2109.61,2110.39,24
2024-03-04T19:00:00.000Z,2110.39,2111.17,2109.02,2109.8,24
2024-03-04T20:00:00.000Z,2109.8,2113.55,2108.62,2112.37,12
2024-03-04T21:00:00.000Z,2112.37,2115.52,2111.19,2114.34,12
2024-03-04T22:00:00.000Z,2114.34,2117.5,2113.16,2116.32,12
2024-03-04T23:00:00.000Z,2116.32,2118.88,2115.14,2117.7,12
2024-03-05T00:00:00.000Z,2114.9,2116.11,2114.46,2115.67,32
2024-03-05T01:00:00.000Z,2115.67,2116.67,2115.23,2116.23,32
2024-03-05T02:00:00.000Z,2116.23,2117.22,2115.79,2116.78,32
2024-03-05T03:00:00.000Z,2116.78,2117.55,2116.34,2117.11,32
2024-03-05T04:00:00.000Z,2117.11,2117.79,2115.65,2116.33,39
2024-03-05T05:00:00.000Z,2116.33,2117.01,2115.2,2115.88,39
2024-03-05T06:00:00.000Z,2115.88,2116.56,2114.76,2115.44,39
2024-03-05T07:00:00.000Z,2115.44,2116.12,2114.66,2115.34,39
2024-03-05T08:00:00.000Z,2115.34,2119.54,2114.01,2118.21,90
2024-03-05T09:00:00.000Z,2118.21,2121.75,2116.88,2120.42,90
2024-03-05T10:00:00.000Z,2120.42,2123.96,2119.09,2122.63,90
2024-03-05T11:00:00.000Z,2122.63,2125.51,2121.3,2124.18,90
2024-03-05T12:00:00.000Z,2124.18,2127.68,2123.14,2126.64,103
2024-03-05T13:00:00.000Z,2126.64,2129.61,2125.6,2128.57,103
2024-03-05T14:00:00.000Z,2128.57,2131.55,2127.53,2130.51,103
2024-03-05T15:00:00.000Z,2130.51,2132.96,2129.47,2131.92,103
2024-03-05T16:00:00.000Z,2131.92,2132.36,2130.71,2131.15,39
2024-03-05T17:00:00.000Z,2131.15,2131.59,2130.15,2130.59,39
2024-03-05T18:00:00.000Z,2130.59,2131.03,2129.6,2130.04,39
2024-03-05T19:00:00.000Z,2130.04,2130.48,2129.27,2129.71,39
2024-03-05T20:00:00.000Z,2129.71,2131.56,2129.11,2130.96,19
2024-03-05T21:00:00.000Z,2130.96,2132.51,2130.36,2131.91,19
2024-03-05T22:00:00.000Z,2131.91,2133.45,2131.31,2132.85,19
2024-03-05T23:00:00.000Z,2132.85,2134.1,2132.25,2133.5,19
2024-03-06T00:00:00.000Z,2125.5,2126.87,2125,2126.37,11
2024-03-06T01:00:00.000Z,2126.37,2127.49,2125.87,2126.99,11
2024-03-06T02:00:00.000Z,2126.99,2128.11,2126.49,2127.61,11
2024-03-06T03:00:00.000Z,2127.61,2128.48,2127.11,2127.98,11
2024-03-06T04:00:00.000Z,2127.98,2128.35,2126.93,2127.3,13
2024-03-06T05:00:00.000Z,2127.3,2127.67,2126.43,2126.8,13
2024-03-06T06:00:00.000Z,2126.8,2127.17,2125.94,2126.31,13
2024-03-06T07:00:00.000Z,2126.31,2126.68,2125.63,2126,13
2024-03-06T08:00:00.000Z,2126,2130.71,2124.51,2129.22,31
2024-03-06T09:00:00.000Z,2129.22,2133.19,2127.73,2131.7,31
2024-03-06T10:00:00.000Z,2131.7,2135.67,2130.21,2134.18,31
2024-03-06T11:00:00.000Z,2134.18,2137.41,2132.69,2135.92,31
2024-03-06T12:00:00.000Z,2135.92,2140.43,2134.36,2138.87,36
2024-03-06T13:00:00.000Z,2138.87,2142.6,2137.31,2141.04,36
2024-03-06T14:00:00.000Z,2141.04,2144.77,2139.48,2143.21,36
2024-03-06T15:00:00.000Z,2143.21,2146.16,2141.65,2144.6,36
2024-03-06T16:00:00.000Z,2144.6,2145.1,2143.23,2143.73,13
2024-03-06T17:00:00.000Z,2143.73,2144.23,2142.61,2143.11,13
2024-03-06T18:00:00.000Z,2143.11,2143.61,2141.99,2142.49,13
2024-03-06T19:00:00.000Z,2142.49,2142.99,2141.62,2142.12,13
2024-03-06T20:00:00.000Z,2142.12,2145.77,2141.05,2144.7,7
2024-03-06T21:00:00.000Z,2144.7,2147.81,2143.63,2146.74,7
2024-03-06T22:00:00.000Z,2146.74,2149.86,2145.67,2148.79,7
2024-03-06T23:00:00.000Z,2148.79,2151.37,2147.72,2150.3,7
2024-03-07T00:00:00.000Z,2147,2147.88,2146.68,2147.56,5
2024-03-07T01:00:00.000Z,2147.56,2148.28,2147.24,2147.96,5
2024-03-07T02:00:00.000Z,2147.96,2148.68,2147.64,2148.36,5
2024-03-07T03:00:00.000Z,2148.36,2148.92,2148.04,2148.6,5
2024-03-07T04:00:00.000Z,2148.6,2148.84,2147.92,2148.16,5
2024-03-07T05:00:00.000Z,2148.16,2148.4,2147.6,2147.84,5
2024-03-07T06:00:00.000Z,2147.84,2148.08,2147.28,2147.52,5
2024-03-07T07:00:00.000Z,2147.52,2147.76,2147.08,2147.32,5
2024-03-07T08:00:00.000Z,2147.32,2150.36,2146.36,2149.4,11
2024-03-07T09:00:00.000Z,2149.4,2151.96,2148.44,2151,11
2024-03-07T10:00:00.000Z,2151,2153.56,2150.04,2152.6,11
2024-03-07T11:00:00.000Z,2152.6,2154.68,2151.64,2153.72,11
2024-03-07T12:00:00.000Z,2153.72,2156.63,2152.71,2155.62,12
2024-03-07T13:00:00.000Z,2155.62,2158.03,2154.61,2157.02,12
2024-03-07T14:00:00.000Z,2157.02,2159.43,2156.01,2158.42,12
2024-03-07T15:00:00.000Z,2158.42,2160.33,2157.41,2159.32,12
2024-03-07T16:00:00.000Z,2159.32,2159.64,2158.44,2158.76,5
2024-03-07T17:00:00.000Z,2158.76,2159.08,2158.04,2158.36,5
2024-03-07T18:00:00.000Z,2158.36,2158.68,2157.64,2157.96,5
2024-03-07T19:00:00.000Z,2157.96,2158.28,2157.4,2157.72,5
2024-03-07T20:00:00.000Z,2157.72,2158.07,2157.53,2157.88,5
2024-03-07T21:00:00.000Z,2157.88,2158.14,2157.69,2157.95,5
2024-03-07T22:00:00.000Z,2157.95,2158.21,2157.76,2158.02,5
2024-03-07T23:00:00.000Z,2158.02,2158.21,2157.81,2158,5
2024-03-08T00:00:00.000Z,2167.3,2168.87,2166.73,2168.3,7
2024-03-08T01:00:00.000Z,2168.3,2169.59,2167.73,2169.02,7
2024-03-08T02:00:00.000Z,2169.02,2170.3,2168.45,2169.73,7
2024-03-08T03:00:00.000Z,2169.73,2170.73,2169.16,2170.16,7
2024-03-08T04:00:00.000Z,2170.16,2170.69,2168.79,2169.32,8
2024-03-08T05:00:00.000Z,2169.32,2169.85,2168.22,2168.75,8
2024-03-08T06:00:00.000Z,2168.75,2169.28,2167.65,2168.18,8
2024-03-08T07:00:00.000Z,2168.18,2168.71,2167.34,2167.87,8
2024-03-08T08:00:00.000Z,2167.87,2173.31,2166.15,2171.59,18
2024-03-08T09:00:00.000Z,2171.59,2176.17,2169.87,2174.45,18
2024-03-08T10:00:00.000Z,2174.45,2179.03,2172.73,2177.31,18
2024-03-08T11:00:00.000Z,2177.31,2181.03,2175.59,2179.31,18
2024-03-08T12:00:00.000Z,2179.31,2184.36,2177.61,2182.66,21
2024-03-08T13:00:00.000Z,2182.66,2186.87,2180.96,2185.17,21
2024-03-08T14:00:00.000Z,2185.17,2189.37,2183.47,2187.67,21
2024-03-08T15:00:00.000Z,2187.67,2191.02,2185.97,2189.32,21
2024-03-08T16:00:00.000Z,2189.32,2189.89,2187.75,2188.32,8
2024-03-08T17:00:00.000Z,2188.32,2188.89,2187.03,2187.6,8
2024-03-08T18:00:00.000Z,2187.6,2188.17,2186.32,2186.89,8
2024-03-08T19:00:00.000Z,2186.89,2187.46,2185.89,2186.46,8
2024-03-08T20:00:00.000Z,2186.46,2187.53,2182.89,2183.96,5
2024-03-08T21:00:00.000Z,2183.96,2185.03,2180.92,2181.99,5
2024-03-08T22:00:00.000Z,2181.99,2183.06,2178.96,2180.03,5
2024-03-08T23:00:00.000Z,2180.03,2181.1,2177.53,2178.6,5
2024-03-11T00:00:00.000Z,2181,2181.38,2180.86,2181.24,19
2024-03-11T01:00:00.000Z,2181.24,2181.55,2181.1,2181.41,19
2024-03-11T02:00:00.000Z,2181.41,2181.72,2181.27,2181.58,19
2024-03-11T03:00:00.000Z,2181.58,2181.82,2181.44,2181.68,19
2024-03-11T04:00:00.000Z,2181.68,2182.16,2180.82,2181.3,22
2024-03-11T05:00:00.000Z,2181.3,2181.78,2180.69,2181.17,22
2024-03-11T06:00:00.000Z,2181.17,2181.65,2180.55,2181.03,22
2024-03-11T07:00:00.000Z,2181.03,2181.62,2180.55,2181.14,22
2024-03-11T08:00:00.000Z,2181.14,2182.43,2180.73,2182.02,52
2024-03-11T09:00:00.000Z,2182.02,2183.11,2181.61,2182.7,52
2024-03-11T10:00:00.000Z,2182.7,2183.79,2182.29,2183.38,52
2024-03-11T11:00:00.000Z,2183.38,2184.27,2182.97,2183.86,52
2024-03-11T12:00:00.000Z,2183.86,2184.86,2183.59,2184.59,59
2024-03-11T13:00:00.000Z,2184.59,2185.46,2184.32,2185.19,59
2024-03-11T14:00:00.000Z,2185.19,2186.05,2184.92,2185.78,59
2024-03-11T15:00:00.000Z,2185.78,2186.51,2185.51,2186.24,59
2024-03-11T16:00:00.000Z,2186.24,2186.38,2185.86,2186,22
2024-03-11T17:00:00.000Z,2186,2186.14,2185.69,2185.83,22
2024-03-11T18:00:00.000Z,2185.83,2185.97,2185.52,2185.66,22
2024-03-11T19:00:00.000Z,2185.66,2185.8,2185.42,2185.56,22
2024-03-11T20:00:00.000Z,2185.56,2185.93,2184.24,2184.61,11
2024-03-11T21:00:00.000Z,2184.61,2184.98,2183.47,2183.84,11
2024-03-11T22:00:00.000Z,2183.84,2184.21,2182.71,2183.08,11
2024-03-11T23:00:00.000Z,2183.08,2183.45,2182.13,2182.5,11
2024-03-12T00:00:00.000Z,2182.5,2182.95,2181.27,2181.72,14
2024-03-12T01:00:00.000Z,2181.72,2182.17,2180.71,2181.16,14
2024-03-12T02:00:00.000Z,2181.16,2181.61,2180.15,2180.6,14
2024-03-12T03:00:00.000Z,2180.6,2181.05,2179.82,2180.27,14
2024-03-12T04:00:00.000Z,2180.27,2181.24,2179.91,2180.89,17
2024-03-12T05:00:00.000Z,2180.89,2181.7,2180.53,2181.34,17
2024-03-12T06:00:00.000Z,2181.34,2182.14,2180.99,2181.78,17
2024-03-12T07:00:00.000Z,2181.78,2182.41,2181.43,2182.05,17
2024-03-12T08:00:00.000Z,2182.05,2183.39,2177.81,2179.15,39
2024-03-12T09:00:00.000Z,2179.15,2180.49,2175.58,2176.92,39
2024-03-12T10:00:00.000Z,2176.92,2178.26,2173.35,2174.69,39
2024-03-12T11:00:00.000Z,2174.69,2176.03,2171.79,2173.13,39
2024-03-12T12:00:00.000Z,2173.13,2174.52,2169.1,2170.49,44
2024-03-12T13:00:00.000Z,2170.49,2171.88,2167.15,2168.54,44
2024-03-12T14:00:00.000Z,2168.54,2169.93,2165.2,2166.59,44
2024-03-12T15:00:00.000Z,2166.59,2167.98,2163.94,2165.33,44
2024-03-12T16:00:00.000Z,2165.33,2166.56,2164.88,2166.11,17
2024-03-12T17:00:00.000Z,2166.11,2167.12,2165.66,2166.67,17
2024-03-12T18:00:00.000Z,2166.67,2167.68,2166.22,2167.23,17
2024-03-12T19:00:00.000Z,2167.23,2168.01,2166.78,2167.56,17
2024-03-12T20:00:00.000Z,2167.56,2168.5,2164.36,2165.3,8
2024-03-12T21:00:00.000Z,2165.3,2166.24,2162.57,2163.51,8
2024-03-12T22:00:00.000Z,2163.51,2164.45,2160.78,2161.72,8
2024-03-12T23:00:00.000Z,2161.72,2162.66,2159.46,2160.4,8
2024-03-13T00:00:00.000Z,2162.5,2163.21,2162.24,2162.95,5
2024-03-13T01:00:00.000Z,2162.95,2163.53,2162.69,2163.27,5
2024-03-13T02:00:00.000Z,2163.27,2163.86,2163.01,2163.6,5
2024-03-13T03:00:00.000Z,2163.6,2164.05,2163.34,2163.79,5
2024-03-13T04:00:00.000Z,2163.79,2163.98,2163.25,2163.44,5
2024-03-13T05:00:00.000Z,2163.44,2163.63,2162.99,2163.18,5
2024-03-13T06:00:00.000Z,2163.18,2163.37,2162.73,2162.92,5
2024-03-13T07:00:00.000Z,2162.92,2163.11,2162.57,2162.76,5
2024-03-13T08:00:00.000Z,2162.76,2165.21,2161.99,2164.44,5
2024-03-13T09:00:00.000Z,2164.44,2166.5,2163.67,2165.73,5
2024-03-13T10:00:00.000Z,2165.73,2167.79,2164.96,2167.02,5
2024-03-13T11:00:00.000Z,2167.02,2168.69,2166.25,2167.92,5
2024-03-13T12:00:00.000Z,2167.92,2170.26,2167.11,2169.45,5
2024-03-13T13:00:00.000Z,2169.45,2171.39,2168.64,2170.58,5
2024-03-13T14:00:00.000Z,2170.58,2172.52,2169.77,2171.71,5
2024-03-13T15:00:00.000Z,2171.71,2173.24,2170.9,2172.43,5
2024-03-13T16:00:00.000Z,2172.43,2172.69,2171.72,2171.98,5
2024-03-13T17:00:00.000Z,2171.98,2172.24,2171.4,2171.66,5
2024-03-13T18:00:00.000Z,2171.66,2171.92,2171.07,2171.33,5
2024-03-13T19:00:00.000Z,2171.33,2171.59,2170.88,2171.14,5
2024-03-13T20:00:00.000Z,2171.14,2173.03,2170.59,2172.48,5
2024-03-13T21:00:00.000Z,2172.48,2174.1,2171.93,2173.55,5
2024-03-13T22:00:00.000Z,2173.55,2175.16,2173,2174.61,5
2024-03-13T23:00:00.000Z,2174.61,2175.95,2174.06,2175.4,5
2024-03-14T00:00:00.000Z,2163,2163.03,2162.99,2163.02,13
2024-03-14T01:00:00.000Z,2163.02,2163.05,2163.01,2163.04,13
2024-03-14T02:00:00.000Z,2163.04,2163.07,2163.03,2163.06,13
2024-03-14T03:00:00.000Z,2163.06,2163.08,2163.05,2163.07,13
2024-03-14T04:00:00.000Z,2163.07,2163.15,2162.94,2163.02,16
2024-03-14T05:00:00.000Z,2163.02,2163.1,2162.92,2163,16
2024-03-14T06:00:00.000Z,2163,2163.08,2162.91,2162.99,16
2024-03-14T07:00:00.000Z,2162.99,2163.09,2162.91,2163.01,16
2024-03-14T08:00:00.000Z,2163.01,2163.14,2162.97,2163.1,36
2024-03-14T09:00:00.000Z,2163.1,2163.21,2163.06,2163.17,36
2024-03-14T10:00:00.000Z,2163.17,2163.28,2163.13,2163.24,36
2024-03-14T11:00:00.000Z,2163.24,2163.33,2163.2,2163.29,36
2024-03-14T12:00:00.000Z,2163.29,2163.4,2163.26,2163.37,41
2024-03-14T13:00:00.000Z,2163.37,2163.46,2163.34,2163.43,41
2024-03-14T14:00:00.000Z,2163.43,2163.52,2163.4,2163.49,41
2024-03-14T15:00:00.000Z,2163.49,2163.57,2163.46,2163.54,41
2024-03-14T16:00:00.000Z,2163.54,2163.55,2163.51,2163.52,16
2024-03-14T17:00:00.000Z,2163.52,2163.53,2163.49,2163.5,16
2024-03-14T18:00:00.000Z,2163.5,2163.51,2163.47,2163.48,16
2024-03-14T19:00:00.000Z,2163.48,2163.49,2163.46,2163.47,16
2024-03-14T20:00:00.000Z,2163.47,2163.52,2163.28,2163.33,8
2024-03-14T21:00:00.000Z,2163.33,2163.38,2163.16,2163.21,8
2024-03-14T22:00:00.000Z,2163.21,2163.26,2163.04,2163.09,8
2024-03-14T23:00:00.000Z,2163.09,2163.14,2162.95,2163,8
2024-03-15T00:00:00.000Z,2161.7,2161.79,2161.46,2161.55,5
2024-03-15T01:00:00.000Z,2161.55,2161.64,2161.35,2161.44,5
2024-03-15T02:00:00.000Z,2161.44,2161.53,2161.24,2161.33,5
2024-03-15T03:00:00.000Z,2161.33,2161.42,2161.17,2161.26,5
2024-03-15T04:00:00.000Z,2161.26,2161.45,2161.19,2161.38,5
2024-03-15T05:00:00.000Z,2161.38,2161.54,2161.31,2161.47,5
2024-03-15T06:00:00.000Z,2161.47,2161.63,2161.4,2161.56,5
2024-03-15T07:00:00.000Z,2161.56,2161.68,2161.49,2161.61,5
2024-03-15T08:00:00.000Z,2161.61,2161.87,2160.78,2161.04,7
2024-03-15T09:00:00.000Z,2161.04,2161.3,2160.34,2160.6,7
2024-03-15T10:00:00.000Z,2160.6,2160.86,2159.9,2160.16,7
2024-03-15T11:00:00.000Z,2160.16,2160.42,2159.59,2159.85,7
2024-03-15T12:00:00.000Z,2159.85,2160.13,2159.05,2159.33,8
2024-03-15T13:00:00.000Z,2159.33,2159.61,2158.66,2158.94,8
2024-03-15T14:00:00.000Z,2158.94,2159.22,2158.28,2158.56,8
2024-03-15T15:00:00.000Z,2158.56,2158.84,2158.03,2158.31,8
2024-03-15T16:00:00.000Z,2158.31,2158.55,2158.22,2158.46,5
2024-03-15T17:00:00.000Z,2158.46,2158.66,2158.37,2158.57,5
2024-03-15T18:00:00.000Z,2158.57,2158.77,2158.48,2158.68,5
2024-03-15T19:00:00.000Z,2158.68,2158.84,2158.59,2158.75,5
2024-03-15T20:00:00.000Z,2158.75,2158.94,2158.1,2158.29,5
2024-03-15T21:00:00.000Z,2158.29,2158.48,2157.74,2157.93,5
2024-03-15T22:00:00.000Z,2157.93,2158.12,2157.38,2157.57,5
2024-03-15T23:00:00.000Z,2157.57,2157.76,2157.11,2157.3,5
2024-03-18T00:00:00.000Z,2146.2,2147,2145.91,2146.71,5
2024-03-18T01:00:00.000Z,2146.71,2147.36,2146.42,2147.07,5
2024-03-18T02:00:00.000Z,2147.07,2147.72,2146.78,2147.43,5
2024-03-18T03:00:00.000Z,2147.43,2147.94,2147.14,2147.65,5
2024-03-18T04:00:00.000Z,2147.65,2147.87,2147.03,2147.25,5
2024-03-18T05:00:00.000Z,2147.25,2147.47,2146.74,2146.96,5
2024-03-18T06:00:00.000Z,2146.96,2147.18,2146.45,2146.67,5
2024-03-18T07:00:00.000Z,2146.67,2146.89,2146.27,2146.49,5
2024-03-18T08:00:00.000Z,2146.49,2149.24,2145.62,2148.37,5
2024-03-18T09:00:00.000Z,2148.37,2150.69,2147.5,2149.82,5
2024-03-18T10:00:00.000Z,2149.82,2152.15,2148.95,2151.28,5
2024-03-18T11:00:00.000Z,2151.28,2153.16,2150.41,2152.29,5
2024-03-18T12:00:00.000Z,2152.29,2154.92,2151.38,2154.01,5
2024-03-18T13:00:00.000Z,2154.01,2156.19,2153.1,2155.28,5
2024-03-18T14:00:00.000Z,2155.28,2157.46,2154.37,2156.55,5
2024-03-18T15:00:00.000Z,2156.55,2158.27,2155.64,2157.36,5
2024-03-18T16:00:00.000Z,2157.36,2157.65,2156.56,2156.85,5
2024-03-18T17:00:00.000Z,2156.85,2157.14,2156.2,2156.49,5
2024-03-18T18:00:00.000Z,2156.49,2156.78,2155.84,2156.13,5
2024-03-18T19:00:00.000Z,2156.13,2156.42,2155.62,2155.91,5
2024-03-18T20:00:00.000Z,2155.91,2158.04,2155.29,2157.42,5
2024-03-18T21:00:00.000Z,2157.42,2159.24,2156.8,2158.62,5
2024-03-18T22:00:00.000Z,2158.62,2160.43,2158,2159.81,5
2024-03-18T23:00:00.000Z,2159.81,2161.32,2159.19,2160.7,5
2024-03-19T00:00:00.000Z,2156.1,2156.11,2156.1,2156.11,5
2024-03-19T01:00:00.000Z,2156.11,2156.11,2156.11,2156.11,5
2024-03-19T02:00:00.000Z,2156.11,2156.12,2156.11,2156.12,5
2024-03-19T03:00:00.000Z,2156.12,2156.12,2156.12,2156.12,5
2024-03-19T04:00:00.000Z,2156.12,2156.12,2156.11,2156.11,5
2024-03-19T05:00:00.000Z,2156.11,2156.11,2156.11,2156.11,5
2024-03-19T06:00:00.000Z,2156.11,2156.11,2156.1,2156.1,5
2024-03-19T07:00:00.000Z,2156.1,2156.1,2156.1,2156.1,5
2024-03-19T08:00:00.000Z,2156.1,2156.14,2156.09,2156.13,5
2024-03-19T09:00:00.000Z,2156.13,2156.16,2156.12,2156.15,5
2024-03-19T10:00:00.000Z,2156.15,2156.18,2156.14,2156.17,5
2024-03-19T11:00:00.000Z,2156.17,2156.19,2156.16,2156.18,5
2024-03-19T12:00:00.000Z,2156.18,2156.21,2156.17,2156.2,5
2024-03-19T13:00:00.000Z,2156.2,2156.23,2156.19,2156.22,5
2024-03-19T14:00:00.000Z,2156.22,2156.25,2156.21,2156.24,5
2024-03-19T15:00:00.000Z,2156.24,2156.26,2156.23,2156.25,5
2024-03-19T16:00:00.000Z,2156.25,2156.25,2156.24,2156.24,5
2024-03-19T17:00:00.000Z,2156.24,2156.24,2156.24,2156.24,5
2024-03-19T18:00:00.000Z,2156.24,2156.24,2156.23,2156.23,5
2024-03-19T19:00:00.000Z,2156.23,2156.23,2156.23,2156.23,5
2024-03-19T20:00:00.000Z,2156.23,2156.26,2156.22,2156.25,5
2024-03-19T21:00:00.000Z,2156.25,2156.28,2156.24,2156.27,5
2024-03-19T22:00:00.000Z,2156.27,2156.3,2156.26,2156.29,5
2024-03-19T23:00:00.000Z,2156.29,2156.31,2156.28,2156.3,5
2024-03-20T00:00:00.000Z,2157.3,2159.23,2156.6,2158.53,5
2024-03-20T01:00:00.000Z,2158.53,2160.1,2157.83,2159.4,5
2024-03-20T02:00:00.000Z,2159.4,2160.98,2158.7,2160.28,5
2024-03-20T03:00:00.000Z,2160.28,2161.5,2159.58,2160.8,5
2024-03-20T04:00:00.000Z,2160.8,2161.97,2158.36,2159.52,5
2024-03-20T05:00:00.000Z,2159.52,2160.68,2157.66,2158.82,5
2024-03-20T06:00:00.000Z,2158.82,2159.99,2156.95,2158.12,5
2024-03-20T07:00:00.000Z,2158.12,2159.28,2156.84,2158,5
2024-03-20T08:00:00.000Z,2158,2164.65,2155.9,2162.55,5
2024-03-20T09:00:00.000Z,2162.55,2168.15,2160.45,2166.05,5
2024-03-20T10:00:00.000Z,2166.05,2171.65,2163.95,2169.55,5
2024-03-20T11:00:00.000Z,2169.55,2174.1,2167.45,2172,5
2024-03-20T12:00:00.000Z,2172,2177.41,2170.43,2175.84,5
2024-03-20T13:00:00.000Z,2175.84,2180.47,2174.28,2178.91,5
2024-03-20T14:00:00.000Z,2178.91,2183.53,2177.34,2181.97,5
2024-03-20T15:00:00.000Z,2181.97,2185.82,2180.4,2184.25,5
2024-03-20T16:00:00.000Z,2184.25,2184.95,2182.33,2183.03,5
2024-03-20T17:00:00.000Z,2183.03,2183.73,2181.45,2182.15,5
2024-03-20T18:00:00.000Z,2182.15,2182.85,2180.58,2181.28,5
2024-03-20T19:00:00.000Z,2181.28,2181.98,2180.05,2180.75,5
2024-03-20T20:00:00.000Z,2180.75,2183.39,2171.09,2173.72,5
2024-03-20T21:00:00.000Z,2173.72,2176.35,2165.38,2168.01,5
2024-03-20T22:00:00.000Z,2168.01,2170.65,2159.66,2162.3,5
2024-03-20T23:00:00.000Z,2162.3,2164.94,2155.27,2157.9,5
2024-03-21T00:00:00.000Z,2207,2207.58,2205.4,2205.98,5
2024-03-21T01:00:00.000Z,2205.98,2206.56,2204.67,2205.25,5
2024-03-21T02:00:00.000Z,2205.25,2205.83,2203.94,2204.52,5
2024-03-21T03:00:00.000Z,2204.52,2205.1,2203.5,2204.08,5
2024-03-21T04:00:00.000Z,2204.08,2206.01,2203.18,2205.11,5
2024-03-21T05:00:00.000Z,2205.11,2206.6,2204.21,2205.7,5
2024-03-21T06:00:00.000Z,2205.7,2207.18,2204.8,2206.28,5
2024-03-21T07:00:00.000Z,2206.28,2207.32,2205.38,2206.42,5
2024-03-21T08:00:00.000Z,2206.42,2208.17,2200.87,2202.62,5
2024-03-21T09:00:00.000Z,2202.62,2204.37,2197.95,2199.7,5
2024-03-21T10:00:00.000Z,2199.7,2201.45,2195.03,2196.78,5
2024-03-21T11:00:00.000Z,2196.78,2198.53,2192.99,2194.74,5
2024-03-21T12:00:00.000Z,2194.74,2196.12,2190.11,2191.49,5
2024-03-21T13:00:00.000Z,2191.49,2192.87,2187.56,2188.94,5
2024-03-21T14:00:00.000Z,2188.94,2190.32,2185,2186.38,5
2024-03-21T15:00:00.000Z,2186.38,2187.76,2183.14,2184.52,5
2024-03-21T16:00:00.000Z,2184.52,2186.12,2183.94,2185.54,5
2024-03-21T17:00:00.000Z,2185.54,2186.85,2184.96,2186.27,5
2024-03-21T18:00:00.000Z,2186.27,2187.58,2185.69,2187,5
2024-03-21T19:00:00.000Z,2187,2188.02,2186.42,2187.44,5
2024-03-21T20:00:00.000Z,2187.44,2188.24,2184.98,2185.78,5
2024-03-21T21:00:00.000Z,2185.78,2186.58,2183.72,2184.52,5
2024-03-21T22:00:00.000Z,2184.52,2185.32,2182.46,2183.26,5
2024-03-21T23:00:00.000Z,2183.26,2184.06,2181.6,2182.4,5
2024-03-22T00:00:00.000Z,2179.2,2179.64,2177.99,2178.43,5
2024-03-22T01:00:00.000Z,2178.43,2178.87,2177.43,2177.87,5
2024-03-22T02:00:00.000Z,2177.87,2178.31,2176.88,2177.32,5
2024-03-22T03:00:00.000Z,2177.32,2177.76,2176.55,2176.99,5
2024-03-22T04:00:00.000Z,2176.99,2177.99,2176.62,2177.62,5
2024-03-22T05:00:00.000Z,2177.62,2178.43,2177.25,2178.06,5
2024-03-22T06:00:00.000Z,2178.06,2178.87,2177.69,2178.5,5
2024-03-22T07:00:00.000Z,2178.5,2179.13,2178.13,2178.76,5
2024-03-22T08:00:00.000Z,2178.76,2180.09,2174.56,2175.89,5
2024-03-22T09:00:00.000Z,2175.89,2177.22,2172.35,2173.68,5
2024-03-22T10:00:00.000Z,2173.68,2175.01,2170.14,2171.47,5
2024-03-22T11:00:00.000Z,2171.47,2172.8,2168.59,2169.92,5
2024-03-22T12:00:00.000Z,2169.92,2171.27,2165.96,2167.31,5
2024-03-22T13:00:00.000Z,2167.31,2168.66,2164.02,2165.37,5
2024-03-22T14:00:00.000Z,2165.37,2166.72,2162.09,2163.44,5
2024-03-22T15:00:00.000Z,2163.44,2164.79,2160.83,2162.18,5
2024-03-22T16:00:00.000Z,2162.18,2163.39,2161.74,2162.95,5
2024-03-22T17:00:00.000Z,2162.95,2163.95,2162.51,2163.51,5
2024-03-22T18:00:00.000Z,2163.51,2164.5,2163.07,2164.06,5
2024-03-22T19:00:00.000Z,2164.06,2164.83,2163.62,2164.39,5
2024-03-22T20:00:00.000Z,2164.39,2165.24,2161.54,2162.39,5
2024-03-22T21:00:00.000Z,2162.39,2163.24,2159.97,2160.82,5
2024-03-22T22:00:00.000Z,2160.82,2161.67,2158.4,2159.25,5
2024-03-22T23:00:00.000Z,2159.25,2160.1,2157.25,2158.1,5
2024-03-25T00:00:00.000Z,2166.2,2166.92,2165.94,2166.66,5
2024-03-25T01:00:00.000Z,2166.66,2167.25,2166.4,2166.99,5
2024-03-25T02:00:00.000Z,2166.99,2167.58,2166.73,2167.32,5
2024-03-25T03:00:00.000Z,2167.32,2167.78,2167.06,2167.52,5
2024-03-25T04:00:00.000Z,2167.52,2167.72,2166.96,2167.16,5
2024-03-25T05:00:00.000Z,2167.16,2167.36,2166.69,2166.89,5
2024-03-25T06:00:00.000Z,2166.89,2167.09,2166.43,2166.63,5
2024-03-25T07:00:00.000Z,2166.63,2166.83,2166.26,2166.46,5
2024-03-25T08:00:00.000Z,2166.46,2168.97,2165.67,2168.18,6
2024-03-25T09:00:00.000Z,2168.18,2170.29,2167.39,2169.5,6
2024-03-25T10:00:00.000Z,2169.5,2171.61,2168.71,2170.82,6
2024-03-25T11:00:00.000Z,2170.82,2172.53,2170.03,2171.74,6
2024-03-25T12:00:00.000Z,2171.74,2174.14,2170.91,2173.31,6
2024-03-25T13:00:00.000Z,2173.31,2175.3,2172.48,2174.47,6
2024-03-25T14:00:00.000Z,2174.47,2176.45,2173.64,2175.62,6
2024-03-25T15:00:00.000Z,2175.62,2177.19,2174.79,2176.36,6
2024-03-25T16:00:00.000Z,2176.36,2176.62,2175.64,2175.9,5
2024-03-25T17:00:00.000Z,2175.9,2176.16,2175.31,2175.57,5
2024-03-25T18:00:00.000Z,2175.57,2175.83,2174.98,2175.24,5
2024-03-25T19:00:00.000Z,2175.24,2175.5,2174.78,2175.04,5
2024-03-25T20:00:00.000Z,2175.04,2175.2,2174.74,2174.9,5
2024-03-25T21:00:00.000Z,2174.9,2175.06,2174.68,2174.84,5
2024-03-25T22:00:00.000Z,2174.84,2175,2174.62,2174.78,5
2024-03-25T23:00:00.000Z,2174.78,2174.96,2174.62,2174.8,5
2024-03-26T00:00:00.000Z,2182.7,2182.84,2182.31,2182.45,5059
2024-03-26T01:00:00.000Z,2182.45,2182.59,2182.13,2182.27,5059
2024-03-26T02:00:00.000Z,2182.27,2182.41,2181.96,2182.1,5059
2024-03-26T03:00:00.000Z,2182.1,2182.24,2181.85,2181.99,5059
2024-03-26T04:00:00.000Z,2181.99,2182.3,2181.88,2182.19,6071
2024-03-26T05:00:00.000Z,2182.19,2182.44,2182.08,2182.33,6071
2024-03-26T06:00:00.000Z,2182.33,2182.58,2182.22,2182.47,6071
2024-03-26T07:00:00.000Z,2182.47,2182.67,2182.36,2182.56,6071
2024-03-26T08:00:00.000Z,2182.56,2182.99,2181.21,2181.64,14166
2024-03-26T09:00:00.000Z,2181.64,2182.07,2180.5,2180.93,14166
2024-03-26T10:00:00.000Z,2180.93,2181.36,2179.79,2180.22,14166
2024-03-26T11:00:00.000Z,2180.22,2180.65,2179.29,2179.72,14166
2024-03-26T12:00:00.000Z,2179.72,2180.17,2178.42,2178.87,16190
2024-03-26T13:00:00.000Z,2178.87,2179.32,2177.8,2178.25,16190
2024-03-26T14:00:00.000Z,2178.25,2178.7,2177.18,2177.63,16190
2024-03-26T15:00:00.000Z,2177.63,2178.08,2176.78,2177.23,16190
2024-03-26T16:00:00.000Z,2177.23,2177.62,2177.09,2177.48,6071
2024-03-26T17:00:00.000Z,2177.48,2177.8,2177.34,2177.66,6071
2024-03-26T18:00:00.000Z,2177.66,2177.97,2177.52,2177.83,6071
2024-03-26T19:00:00.000Z,2177.83,2178.08,2177.69,2177.94,6071
2024-03-26T20:00:00.000Z,2177.94,2178.24,2176.89,2177.2,3036
2024-03-26T21:00:00.000Z,2177.2,2177.5,2176.32,2176.62,3036
2024-03-26T22:00:00.000Z,2176.62,2176.92,2175.73,2176.03,3036
2024-03-26T23:00:00.000Z,2176.03,2176.34,2175.3,2175.6,3036
2024-03-27T00:00:00.000Z,2179.4,2180.72,2178.92,2180.24,780
2024-03-27T01:00:00.000Z,2180.24,2181.33,2179.76,2180.85,780
2024-03-27T02:00:00.000Z,2180.85,2181.93,2180.37,2181.45,780
2024-03-27T03:00:00.000Z,2181.45,2182.29,2180.97,2181.81,780
2024-03-27T04:00:00.000Z,2181.81,2182.9,2179.69,2180.78,936
2024-03-27T05:00:00.000Z,2180.78,2181.87,2179.21,2180.3,936
2024-03-27T06:00:00.000Z,2180.3,2181.39,2178.73,2179.82,936
2024-03-27T07:00:00.000Z,2179.82,2180.97,2178.73,2179.88,936
2024-03-27T08:00:00.000Z,2179.88,2184.46,2178.43,2183.01,2184
2024-03-27T09:00:00.000Z,2183.01,2186.87,2181.56,2185.42,2184
2024-03-27T10:00:00.000Z,2185.42,2189.28,2183.97,2187.83,2184
2024-03-27T11:00:00.000Z,2187.83,2190.97,2186.38,2189.52,2184
2024-03-27T12:00:00.000Z,2189.52,2193.07,2188.56,2192.11,2496
2024-03-27T13:00:00.000Z,2192.11,2195.18,2191.15,2194.22,2496
2024-03-27T14:00:00.000Z,2194.22,2197.29,2193.26,2196.33,2496
2024-03-27T15:00:00.000Z,2196.33,2198.92,2195.37,2197.96,2496
2024-03-27T16:00:00.000Z,2197.96,2198.44,2196.64,2197.12,936
2024-03-27T17:00:00.000Z,2197.12,2197.6,2196.03,2196.51,936
2024-03-27T18:00:00.000Z,2196.51,2196.99,2195.43,2195.91,936
2024-03-27T19:00:00.000Z,2195.91,2196.39,2195.07,2195.55,936
2024-03-27T20:00:00.000Z,2195.55,2196.29,2193.21,2193.95,468
2024-03-27T21:00:00.000Z,2193.95,2194.68,2191.97,2192.71,468
2024-03-27T22:00:00.000Z,2192.71,2193.45,2190.73,2191.47,468
2024-03-27T23:00:00.000Z,2191.47,2192.2,2189.86,2190.6,468
2024-03-28T00:00:00.000Z,2193.6,2196.18,2192.66,2195.24,51
2024-03-28T01:00:00.000Z,2195.24,2197.36,2194.3,2196.42,51
2024-03-28T02:00:00.000Z,2196.42,2198.53,2195.48,2197.59,51
2024-03-28T03:00:00.000Z,2197.59,2199.24,2196.65,2198.3,51
2024-03-28T04:00:00.000Z,2198.3,2199.66,2195.32,2196.68,61
2024-03-28T05:00:00.000Z,2196.68,2198.03,2194.38,2195.74,61
2024-03-28T06:00:00.000Z,2195.74,2197.09,2193.45,2194.8,61
2024-03-28T07:00:00.000Z,2194.8,2196.16,2193.18,2194.54,61
2024-03-28T08:00:00.000Z,2194.54,2203.47,2191.72,2200.65,143
2024-03-28T09:00:00.000Z,2200.65,2208.17,2197.83,2205.35,143
2024-03-28T10:00:00.000Z,2205.35,2212.87,2202.53,2210.05,143
2024-03-28T11:00:00.000Z,2210.05,2216.16,2207.23,2213.34,143
2024-03-28T12:00:00.000Z,2213.34,2220.92,2211.03,2218.61,163
2024-03-28T13:00:00.000Z,2218.61,2225.03,2216.3,2222.72,163
2024-03-28T14:00:00.000Z,2222.72,2229.14,2220.41,2226.83,163
2024-03-28T15:00:00.000Z,2226.83,2232.1,2224.52,2229.79,163
2024-03-28T16:00:00.000Z,2229.79,2230.73,2227.2,2228.14,61
2024-03-28T17:00:00.000Z,2228.14,2229.08,2226.03,2226.97,61
2024-03-28T18:00:00.000Z,2226.97,2227.91,2224.86,2225.8,61
2024-03-28T19:00:00.000Z,2225.8,2226.74,2224.15,2225.09,61
2024-03-28T20:00:00.000Z,2225.09,2226.33,2221.31,2222.55,31
2024-03-28T21:00:00.000Z,2222.55,2223.79,2219.39,2220.63,31
2024-03-28T22:00:00.000Z,2220.63,2221.87,2217.46,2218.7,31
2024-03-28T23:00:00.000Z,2218.7,2219.94,2216.16,2217.4,31
2024-04-01T00:00:00.000Z,2235.7,2237.58,2235.02,2236.9,10
2024-04-01T01:00:00.000Z,2236.9,2238.43,2236.22,2237.75,10
2024-04-01T02:00:00.000Z,2237.75,2239.29,2237.07,2238.61,10
2024-04-01T03:00:00.000Z,2238.61,2239.8,2237.93,2239.12,10
2024-04-01T04:00:00.000Z,2239.12,2240.2,2236.81,2237.89,12
2024-04-01T05:00:00.000Z,2237.89,2238.97,2236.13,2237.21,12
2024-04-01T06:00:00.000Z,2237.21,2238.29,2235.44,2236.52,12
2024-04-01T07:00:00.000Z,2236.52,2237.6,2235.3,2236.38,12
2024-04-01T08:00:00.000Z,2236.38,2242.88,2234.33,2240.83,28
2024-04-01T09:00:00.000Z,2240.83,2246.3,2238.78,2244.25,28
2024-04-01T10:00:00.000Z,2244.25,2249.72,2242.2,2247.67,28
2024-04-01T11:00:00.000Z,2247.67,2252.11,2245.62,2250.06,28
2024-04-01T12:00:00.000Z,2250.06,2255.43,2248.47,2253.84,32
2024-04-01T13:00:00.000Z,2253.84,2258.43,2252.26,2256.84,32
2024-04-01T14:00:00.000Z,2256.84,2261.41,2255.26,2259.83,32
2024-04-01T15:00:00.000Z,2259.83,2263.62,2258.24,2262.03,32
2024-04-01T16:00:00.000Z,2262.03,2262.71,2260.15,2260.83,12
2024-04-01T17:00:00.000Z,2260.83,2261.51,2259.3,2259.98,12
2024-04-01T18:00:00.000Z,2259.98,2260.66,2258.44,2259.12,12
2024-04-01T19:00:00.000Z,2259.12,2259.8,2257.93,2258.61,12
2024-04-01T20:00:00.000Z,2258.61,2261.16,2249.26,2251.81,6
2024-04-01T21:00:00.000Z,2251.81,2254.36,2243.73,2246.28,6
2024-04-01T22:00:00.000Z,2246.28,2248.83,2238.2,2240.75,6
2024-04-01T23:00:00.000Z,2240.75,2243.3,2233.95,2236.5,6
2024-04-02T00:00:00.000Z,2252,2253.74,2251.37,2253.11,11
2024-04-02T01:00:00.000Z,2253.11,2254.53,2252.48,2253.9,11
2024-04-02T02:00:00.000Z,2253.9,2255.32,2253.27,2254.69,11
2024-04-02T03:00:00.000Z,2254.69,2255.79,2254.06,2255.16,11
2024-04-02T04:00:00.000Z,2255.16,2256.07,2253.16,2254.07,13
2024-04-02T05:00:00.000Z,2254.07,2254.98,2252.53,2253.44,13
2024-04-02T06:00:00.000Z,2253.44,2254.35,2251.9,2252.81,13
2024-04-02T07:00:00.000Z,2252.81,2253.72,2251.72,2252.63,13
2024-04-02T08:00:00.000Z,2252.63,2258.64,2250.73,2256.74,31
2024-04-02T09:00:00.000Z,2256.74,2261.8,2254.84,2259.9,31
2024-04-02T10:00:00.000Z,2259.9,2264.96,2258,2263.06,31
2024-04-02T11:00:00.000Z,2263.06,2267.17,2261.16,2265.27,31
2024-04-02T12:00:00.000Z,2265.27,2270.36,2263.72,2268.81,35
2024-04-02T13:00:00.000Z,2268.81,2273.13,2267.26,2271.58,35
2024-04-02T14:00:00.000Z,2271.58,2275.89,2270.03,2274.34,35
2024-04-02T15:00:00.000Z,2274.34,2277.88,2272.79,2276.33,35
2024-04-02T16:00:00.000Z,2276.33,2276.96,2274.59,2275.22,13
2024-04-02T17:00:00.000Z,2275.22,2275.85,2273.8,2274.43,13
2024-04-02T18:00:00.000Z,2274.43,2275.06,2273.01,2273.64,13
2024-04-02T19:00:00.000Z,2273.64,2274.27,2272.54,2273.17,13
2024-04-02T20:00:00.000Z,2273.17,2274.7,2267.83,2269.36,7
2024-04-02T21:00:00.000Z,2269.36,2270.89,2264.79,2266.32,7
2024-04-02T22:00:00.000Z,2266.32,2267.85,2261.75,2263.28,7
2024-04-02T23:00:00.000Z,2263.28,2264.81,2259.47,2261,7
2024-04-03T00:00:00.000Z,2281.7,2283.4,2281.08,2282.78,7
2024-04-03T01:00:00.000Z,2282.78,2284.17,2282.16,2283.55,7
2024-04-03T02:00:00.000Z,2283.55,2284.95,2282.93,2284.33,7
2024-04-03T03:00:00.000Z,2284.33,2285.41,2283.71,2284.79,7
2024-04-03T04:00:00.000Z,2284.79,2286.63,2281.41,2283.25,9
2024-04-03T05:00:00.000Z,2283.25,2285.09,2280.79,2282.63,9
2024-04-03T06:00:00.000Z,2282.63,2284.47,2280.18,2282.02,9
2024-04-03T07:00:00.000Z,2282.02,2284.16,2280.18,2282.32,9
2024-04-03T08:00:00.000Z,2282.32,2288.19,2280.47,2286.34,20
2024-04-03T09:00:00.000Z,2286.34,2291.28,2284.49,2289.43,20
2024-04-03T10:00:00.000Z,2289.43,2294.37,2287.58,2292.52,20
2024-04-03T11:00:00.000Z,2292.52,2296.53,2290.67,2294.68,20
2024-04-03T12:00:00.000Z,2294.68,2299.24,2293.44,2298,23
2024-04-03T13:00:00.000Z,2298,2301.94,2296.76,2300.7,23
2024-04-03T14:00:00.000Z,2300.7,2304.65,2299.46,2303.41,23
2024-04-03T15:00:00.000Z,2303.41,2306.73,2302.17,2305.49,23
2024-04-03T16:00:00.000Z,2305.49,2306.11,2303.79,2304.41,9
2024-04-03T17:00:00.000Z,2304.41,2305.03,2303.02,2303.64,9
2024-04-03T18:00:00.000Z,2303.64,2304.26,2302.24,2302.86,9
2024-04-03T19:00:00.000Z,2302.86,2303.48,2301.78,2302.4,9
2024-04-03T20:00:00.000Z,2302.4,2303.51,2298.74,2299.85,5
2024-04-03T21:00:00.000Z,2299.85,2300.96,2296.74,2297.85,5
2024-04-03T22:00:00.000Z,2297.85,2298.96,2294.74,2295.85,5
2024-04-03T23:00:00.000Z,2295.85,2296.96,2293.29,2294.4,5
2024-04-04T00:00:00.000Z,2301.7,2302.16,2300.44,2300.9,6
2024-04-04T01:00:00.000Z,2300.9,2301.36,2299.87,2300.33,6
2024-04-04T02:00:00.000Z,2300.33,2300.79,2299.29,2299.75,6
2024-04-04T03:00:00.000Z,2299.75,2300.21,2298.95,2299.41,6
2024-04-04T04:00:00.000Z,2299.41,2300.56,2298.95,2300.1,8
2024-04-04T05:00:00.000Z,2300.1,2301.02,2299.64,2300.56,8
2024-04-04T06:00:00.000Z,2300.56,2301.47,2300.1,2301.01,8
2024-04-04T07:00:00.000Z,2301.01,2301.7,2300.55,2301.24,8
2024-04-04T08:00:00.000Z,2301.24,2302.61,2296.89,2298.26,18
2024-04-04T09:00:00.000Z,2298.26,2299.63,2294.6,2295.97,18
2024-04-04T10:00:00.000Z,2295.97,2297.34,2292.31,2293.68,18
2024-04-04T11:00:00.000Z,2293.68,2295.05,2290.71,2292.08,18
2024-04-04T12:00:00.000Z,2292.08,2293.4,2288.1,2289.42,20
2024-04-04T13:00:00.000Z,2289.42,2290.74,2286.09,2287.41,20
2024-04-04T14:00:00.000Z,2287.41,2288.73,2284.09,2285.41,20
2024-04-04T15:00:00.000Z,2285.41,2286.73,2282.75,2284.07,20
2024-04-04T16:00:00.000Z,2284.07,2285.33,2283.61,2284.87,8
2024-04-04T17:00:00.000Z,2284.87,2285.9,2284.41,2285.44,8
2024-04-04T18:00:00.000Z,2285.44,2286.48,2284.98,2286.02,8
2024-04-04T19:00:00.000Z,2286.02,2286.82,2285.56,2286.36,8
2024-04-04T20:00:00.000Z,2286.36,2287.68,2285.89,2287.21,5
2024-04-04T21:00:00.000Z,2287.21,2288.29,2286.74,2287.82,5
2024-04-04T22:00:00.000Z,2287.82,2288.9,2287.35,2288.43,5
2024-04-04T23:00:00.000Z,2288.43,2289.27,2287.96,2288.8,5
2024-04-05T00:00:00.000Z,2289.2,2292.56,2287.98,2291.34,9
2024-04-05T01:00:00.000Z,2291.34,2294.08,2290.12,2292.86,9
2024-04-05T02:00:00.000Z,2292.86,2295.61,2291.64,2294.39,9
2024-04-05T03:00:00.000Z,2294.39,2296.52,2293.17,2295.3,9
2024-04-05T04:00:00.000Z,2295.3,2298.39,2289.44,2292.53,10
2024-04-05T05:00:00.000Z,2292.53,2295.63,2288.22,2291.31,10
2024-04-05T06:00:00.000Z,2291.31,2294.4,2287,2290.09,10
2024-04-05T07:00:00.000Z,2290.09,2293.51,2287,2290.42,10
2024-04-05T08:00:00.000Z,2290.42,2302.01,2286.76,2298.35,24
2024-04-05T09:00:00.000Z,2298.35,2308.11,2294.69,2304.45,24
2024-04-05T10:00:00.000Z,2304.45,2314.21,2300.79,2310.55,24
2024-04-05T11:00:00.000Z,2310.55,2318.48,2306.89,2314.82,24
2024-04-05T12:00:00.000Z,2314.82,2323.82,2312.38,2321.38,28
2024-04-05T13:00:00.000Z,2321.38,2329.15,2318.94,2326.71,28
2024-04-05T14:00:00.000Z,2326.71,2334.49,2324.27,2332.05,28
2024-04-05T15:00:00.000Z,2332.05,2338.61,2329.61,2336.17,28
2024-04-05T16:00:00.000Z,2336.17,2337.39,2332.81,2334.03,10
2024-04-05T17:00:00.000Z,2334.03,2335.25,2331.29,2332.51,10
2024-04-05T18:00:00.000Z,2332.51,2333.73,2329.77,2330.99,10
2024-04-05T19:00:00.000Z,2330.99,2332.21,2328.85,2330.07,10
2024-04-05T20:00:00.000Z,2330.07,2331.12,2327.4,2328.45,5
2024-04-05T21:00:00.000Z,2328.45,2329.5,2326.31,2327.36,5
2024-04-05T22:00:00.000Z,2327.36,2328.41,2325.22,2326.27,5
2024-04-05T23:00:00.000Z,2326.27,2327.32,2324.65,2325.7,5
2024-04-08T00:00:00.000Z,2325.6,2326.86,2325.14,2326.4,5
2024-04-08T01:00:00.000Z,2326.4,2327.43,2325.94,2326.97,5
2024-04-08T02:00:00.000Z,2326.97,2328,2326.51,2327.54,5
2024-04-08T03:00:00.000Z,2327.54,2328.34,2327.08,2327.88,5
2024-04-08T04:00:00.000Z,2327.88,2328.88,2325.92,2326.92,6
2024-04-08T05:00:00.000Z,2326.92,2327.92,2325.47,2326.47,6
2024-04-08T06:00:00.000Z,2326.47,2327.47,2325.01,2326.01,6
2024-04-08T07:00:00.000Z,2326.01,2327.06,2325.01,2326.06,6
2024-04-08T08:00:00.000Z,2326.06,2330.39,2324.69,2329.02,14
2024-04-08T09:00:00.000Z,2329.02,2332.67,2327.65,2331.3,14
2024-04-08T10:00:00.000Z,2331.3,2334.95,2329.93,2333.58,14
2024-04-08T11:00:00.000Z,2333.58,2336.55,2332.21,2335.18,14
2024-04-08T12:00:00.000Z,2335.18,2338.54,2334.27,2337.63,16
2024-04-08T13:00:00.000Z,2337.63,2340.54,2336.72,2339.63,16
2024-04-08T14:00:00.000Z,2339.63,2342.53,2338.72,2341.62,16
2024-04-08T15:00:00.000Z,2341.62,2344.07,2340.71,2343.16,16
2024-04-08T16:00:00.000Z,2343.16,2343.62,2341.9,2342.36,6
2024-04-08T17:00:00.000Z,2342.36,2342.82,2341.33,2341.79,6
2024-04-08T18:00:00.000Z,2341.79,2342.25,2340.76,2341.22,6
2024-04-08T19:00:00.000Z,2341.22,2341.68,2340.42,2340.88,6
2024-04-08T20:00:00.000Z,2340.88,2342.03,2336.86,2338.01,5
2024-04-08T21:00:00.000Z,2338.01,2339.16,2334.57,2335.72,5
2024-04-08T22:00:00.000Z,2335.72,2336.87,2332.27,2333.42,5
2024-04-08T23:00:00.000Z,2333.42,2334.57,2330.55,2331.7,5
2024-04-09T00:00:00.000Z,2337.8,2339.28,2337.26,2338.74,5
2024-04-09T01:00:00.000Z,2338.74,2339.95,2338.2,2339.41,5
2024-04-09T02:00:00.000Z,2339.41,2340.63,2338.87,2340.09,5
2024-04-09T03:00:00.000Z,2340.09,2341.03,2339.55,2340.49,5
2024-04-09T04:00:00.000Z,2340.49,2340.89,2339.35,2339.75,6
2024-04-09T05:00:00.000Z,2339.75,2340.15,2338.81,2339.21,6
2024-04-09T06:00:00.000Z,2339.21,2339.61,2338.28,2338.68,6
2024-04-09T07:00:00.000Z,2338.68,2339.08,2337.94,2338.34,6
2024-04-09T08:00:00.000Z,2338.34,2343.45,2336.73,2341.84,15
2024-04-09T09:00:00.000Z,2341.84,2346.14,2340.23,2344.53,15
2024-04-09T10:00:00.000Z,2344.53,2348.83,2342.92,2347.22,15
2024-04-09T11:00:00.000Z,2347.22,2350.71,2345.61,2349.1,15
2024-04-09T12:00:00.000Z,2349.1,2354,2347.4,2352.3,17
2024-04-09T13:00:00.000Z,2352.3,2356.35,2350.61,2354.65,17
2024-04-09T14:00:00.000Z,2354.65,2358.71,2352.95,2357.01,17
2024-04-09T15:00:00.000Z,2357.01,2360.21,2355.32,2358.51,17
2024-04-09T16:00:00.000Z,2358.51,2359.05,2357.03,2357.57,6
2024-04-09T17:00:00.000Z,2357.57,2358.11,2356.36,2356.9,6
2024-04-09T18:00:00.000Z,2356.9,2357.44,2355.68,2356.22,6
2024-04-09T19:00:00.000Z,2356.22,2356.76,2355.28,2355.82,6
2024-04-09T20:00:00.000Z,2355.82,2357.32,2350.49,2351.99,5
2024-04-09T21:00:00.000Z,2351.99,2353.49,2347.41,2348.91,5
2024-04-09T22:00:00.000Z,2348.91,2350.41,2344.33,2345.83,5
2024-04-09T23:00:00.000Z,2345.83,2347.33,2342,2343.5,5
2024-04-10T00:00:00.000Z,2346.6,2347.21,2344.93,2345.54,10
2024-04-10T01:00:00.000Z,2345.54,2346.15,2344.17,2344.78,10
2024-04-10T02:00:00.000Z,2344.78,2345.39,2343.41,2344.02,10
2024-04-10T03:00:00.000Z,2344.02,2344.63,2342.95,2343.56,10
2024-04-10T04:00:00.000Z,2343.56,2346.58,2341.95,2344.97,11
2024-04-10T05:00:00.000Z,2344.97,2347.19,2343.36,2345.58,11
2024-04-10T06:00:00.000Z,2345.58,2347.8,2343.97,2346.19,11
2024-04-10T07:00:00.000Z,2346.19,2347.8,2344.38,2345.99,11
2024-04-10T08:00:00.000Z,2345.99,2347.81,2340.22,2342.04,27
2024-04-10T09:00:00.000Z,2342.04,2343.86,2337.18,2339,27
2024-04-10T10:00:00.000Z,2339,2340.82,2334.14,2335.96,27
2024-04-10T11:00:00.000Z,2335.96,2337.78,2332.01,2333.83,27
2024-04-10T12:00:00.000Z,2333.83,2335.05,2329.34,2330.56,30
2024-04-10T13:00:00.000Z,2330.56,2331.78,2326.68,2327.9,30
2024-04-10T14:00:00.000Z,2327.9,2329.12,2324.02,2325.24,30
2024-04-10T15:00:00.000Z,2325.24,2326.46,2321.97,2323.19,30
2024-04-10T16:00:00.000Z,2323.19,2324.86,2322.58,2324.25,11
2024-04-10T17:00:00.000Z,2324.25,2325.62,2323.64,2325.01,11
2024-04-10T18:00:00.000Z,2325.01,2326.38,2324.4,2325.77,11
2024-04-10T19:00:00.000Z,2325.77,2326.84,2325.16,2326.23,11
2024-04-10T20:00:00.000Z,2326.23,2328.03,2325.59,2327.39,6
2024-04-10T21:00:00.000Z,2327.39,2328.88,2326.75,2328.24,6
2024-04-10T22:00:00.000Z,2328.24,2329.72,2327.6,2329.08,6
2024-04-10T23:00:00.000Z,2329.08,2330.24,2328.44,2329.6,6
2024-04-11T00:00:00.000Z,2341.5,2344.01,2340.59,2343.1,7
2024-04-11T01:00:00.000Z,2343.1,2345.15,2342.19,2344.24,7
2024-04-11T02:00:00.000Z,2344.24,2346.29,2343.33,2345.38,7
2024-04-11T03:00:00.000Z,2345.38,2346.98,2344.47,2346.07,7
2024-04-11T04:00:00.000Z,2346.07,2347.85,2342.49,2344.27,9
2024-04-11T05:00:00.000Z,2344.27,2346.05,2341.57,2343.35,9
2024-04-11T06:00:00.000Z,2343.35,2345.13,2340.66,2342.44,9
2024-04-11T07:00:00.000Z,2342.44,2344.22,2340.63,2342.41,9
2024-04-11T08:00:00.000Z,2342.41,2351.09,2339.67,2348.35,20
2024-04-11T09:00:00.000Z,2348.35,2355.66,2345.61,2352.92,20
2024-04-11T10:00:00.000Z,2352.92,2360.23,2350.18,2357.49,20
2024-04-11T11:00:00.000Z,2357.49,2363.43,2354.75,2360.69,20
2024-04-11T12:00:00.000Z,2360.69,2367.43,2358.86,2365.6,23
2024-04-11T13:00:00.000Z,2365.6,2371.43,2363.77,2369.6,23
2024-04-11T14:00:00.000Z,2369.6,2375.43,2367.77,2373.6,23
2024-04-11T15:00:00.000Z,2373.6,2378.52,2371.77,2376.69,23
2024-04-11T16:00:00.000Z,2376.69,2377.6,2374.18,2375.09,9
2024-04-11T17:00:00.000Z,2375.09,2376,2373.04,2373.95,9
2024-04-11T18:00:00.000Z,2373.95,2374.86,2371.9,2372.81,9
2024-04-11T19:00:00.000Z,2372.81,2373.72,2371.21,2372.12,9
2024-04-11T20:00:00.000Z,2372.12,2374.31,2364.51,2366.7,5
2024-04-11T21:00:00.000Z,2366.7,2368.89,2360.18,2362.37,5
2024-04-11T22:00:00.000Z,2362.37,2364.56,2355.85,2358.04,5
2024-04-11T23:00:00.000Z,2358.04,2360.23,2352.61,2354.8,5
2024-04-12T00:00:00.000Z,2377.3,2379.19,2372.1,2373.99,15
2024-04-12T01:00:00.000Z,2373.99,2375.88,2369.73,2371.62,15
2024-04-12T02:00:00.000Z,2371.62,2373.51,2367.36,2369.25,15
2024-04-12T03:00:00.000Z,2369.25,2371.14,2365.94,2367.83,15
2024-04-12T04:00:00.000Z,2367.83,2379.61,2361.24,2373.02,18
2024-04-12T05:00:00.000Z,2373.02,2381.5,2366.43,2374.91,18
2024-04-12T06:00:00.000Z,2374.91,2383.4,2368.32,2376.81,18
2024-04-12T07:00:00.000Z,2376.81,2383.4,2368.82,2375.41,18
2024-04-12T08:00:00.000Z,2375.41,2381.09,2357.42,2363.1,41
2024-04-12T09:00:00.000Z,2363.1,2368.78,2347.95,2353.63,41
2024-04-12T10:00:00.000Z,2353.63,2359.31,2338.48,2344.16,41
2024-04-12T11:00:00.000Z,2344.16,2349.84,2331.85,2337.53,41
2024-04-12T12:00:00.000Z,2337.53,2341.32,2323.56,2327.35,47
2024-04-12T13:00:00.000Z,2327.35,2331.14,2315.27,2319.06,47
2024-04-12T14:00:00.000Z,2319.06,2322.85,2306.98,2310.77,47
2024-04-12T15:00:00.000Z,2310.77,2314.56,2300.59,2304.38,47
2024-04-12T16:00:00.000Z,2304.38,2309.58,2302.49,2307.69,18
2024-04-12T17:00:00.000Z,2307.69,2311.95,2305.8,2310.06,18
2024-04-12T18:00:00.000Z,2310.06,2314.32,2308.17,2312.43,18
2024-04-12T19:00:00.000Z,2312.43,2315.74,2310.54,2313.85,18
2024-04-12T20:00:00.000Z,2313.85,2332.21,2308.67,2327.03,9
2024-04-12T21:00:00.000Z,2327.03,2342.8,2321.85,2337.62,9
2024-04-12T22:00:00.000Z,2337.62,2353.38,2332.44,2348.2,9
2024-04-12T23:00:00.000Z,2348.2,2361.38,2343.02,2356.2,9
2024-04-15T00:00:00.000Z,2362.1,2365.32,2360.93,2364.15,45
2024-04-15T01:00:00.000Z,2364.15,2366.79,2362.98,2365.62,45
2024-04-15T02:00:00.000Z,2365.62,2368.26,2364.45,2367.09,45
2024-04-15T03:00:00.000Z,2367.09,2369.14,2365.92,2367.97,45
2024-04-15T04:00:00.000Z,2367.97,2372.46,2360.06,2364.55,54
2024-04-15T05:00:00.000Z,2364.55,2369.04,2358.88,2363.37,54
2024-04-15T06:00:00.000Z,2363.37,2367.86,2357.71,2362.2,54
2024-04-15T07:00:00.000Z,2362.2,2367.76,2357.71,2363.27,54
2024-04-15T08:00:00.000Z,2363.27,2374.42,2359.75,2370.9,126
2024-04-15T09:00:00.000Z,2370.9,2380.29,2367.38,2376.77,126
2024-04-15T10:00:00.000Z,2376.77,2386.16,2373.25,2382.64,126
2024-04-15T11:00:00.000Z,2382.64,2390.27,2379.12,2386.75,126
2024-04-15T12:00:00.000Z,2386.75,2395.41,2384.4,2393.06,144
2024-04-15T13:00:00.000Z,2393.06,2400.55,2390.71,2398.2,144
2024-04-15T14:00:00.000Z,2398.2,2405.69,2395.85,2403.34,144
2024-04-15T15:00:00.000Z,2403.34,2409.65,2400.99,2407.3,144
2024-04-15T16:00:00.000Z,2407.3,2408.47,2404.08,2405.25,54
2024-04-15T17:00:00.000Z,2405.25,2406.42,2402.61,2403.78,54
2024-04-15T18:00:00.000Z,2403.78,2404.95,2401.14,2402.31,54
2024-04-15T19:00:00.000Z,2402.31,2403.48,2400.26,2401.43,54
2024-04-15T20:00:00.000Z,2401.43,2405.58,2386.3,2390.45,27
2024-04-15T21:00:00.000Z,2390.45,2394.6,2377.39,2381.54,27
2024-04-15T22:00:00.000Z,2381.54,2385.69,2368.48,2372.63,27
2024-04-15T23:00:00.000Z,2372.63,2376.78,2361.65,2365.8,27
2024-04-16T00:00:00.000Z,2384,2385.07,2383.61,2384.68,5
2024-04-16T01:00:00.000Z,2384.68,2385.55,2384.29,2385.16,5
2024-04-16T02:00:00.000Z,2385.16,2386.04,2384.77,2385.65,5
2024-04-16T03:00:00.000Z,2385.65,2386.33,2385.26,2385.94,5
2024-04-16T04:00:00.000Z,2385.94,2387.49,2383.23,2384.78,5
2024-04-16T05:00:00.000Z,2384.78,2386.33,2382.84,2384.39,5
2024-04-16T06:00:00.000Z,2384.39,2385.94,2382.45,2384,5
2024-04-16T07:00:00.000Z,2384,2385.94,2382.45,2384.39,5
2024-04-16T08:00:00.000Z,2384.39,2388.07,2383.23,2386.91,5
2024-04-16T09:00:00.000Z,2386.91,2390.01,2385.75,2388.85,5
2024-04-16T10:00:00.000Z,2388.85,2391.95,2387.69,2390.79,5
2024-04-16T11:00:00.000Z,2390.79,2393.31,2389.63,2392.15,5
2024-04-16T12:00:00.000Z,2392.15,2395.02,2391.37,2394.24,5
2024-04-16T13:00:00.000Z,2394.24,2396.71,2393.46,2395.93,5
2024-04-16T14:00:00.000Z,2395.93,2398.41,2395.15,2397.63,5
2024-04-16T15:00:00.000Z,2397.63,2399.72,2396.85,2398.94,5
2024-04-16T16:00:00.000Z,2398.94,2399.33,2397.87,2398.26,5
2024-04-16T17:00:00.000Z,2398.26,2398.65,2397.39,2397.78,5
2024-04-16T18:00:00.000Z,2397.78,2398.17,2396.9,2397.29,5
2024-04-16T19:00:00.000Z,2397.29,2397.68,2396.61,2397,5
2024-04-16T20:00:00.000Z,2397,2397.81,2394.23,2395.04,5
2024-04-16T21:00:00.000Z,2395.04,2395.85,2392.68,2393.49,5
2024-04-16T22:00:00.000Z,2393.49,2394.3,2391.13,2391.94,5
2024-04-16T23:00:00.000Z,2391.94,2392.75,2389.99,2390.8,5
2024-04-17T00:00:00.000Z,2384.2,2384.64,2382.99,2383.43,5
2024-04-17T01:00:00.000Z,2383.43,2383.87,2382.43,2382.87,5
2024-04-17T02:00:00.000Z,2382.87,2383.31,2381.88,2382.32,5
2024-04-17T03:00:00.000Z,2382.32,2382.76,2381.55,2381.99,5
2024-04-17T04:00:00.000Z,2381.99,2384.01,2380.94,2382.96,5
2024-04-17T05:00:00.000Z,2382.96,2384.45,2381.91,2383.4,5
2024-04-17T06:00:00.000Z,2383.4,2384.89,2382.35,2383.84,5
2024-04-17T07:00:00.000Z,2383.84,2384.89,2382.71,2383.76,5
2024-04-17T08:00:00.000Z,2383.76,2385.09,2379.56,2380.89,5
2024-04-17T09:00:00.000Z,2380.89,2382.22,2377.35,2378.68,5
2024-04-17T10:00:00.000Z,2378.68,2380.01,2375.14,2376.47,5
2024-04-17T11:00:00.000Z,2376.47,2377.8,2373.59,2374.92,5
2024-04-17T12:00:00.000Z,2374.92,2375.8,2371.66,2372.54,5
2024-04-17T13:00:00.000Z,2372.54,2373.42,2369.73,2370.61,5
2024-04-17T14:00:00.000Z,2370.61,2371.49,2367.79,2368.67,5
2024-04-17T15:00:00.000Z,2368.67,2369.55,2366.3,2367.18,5
2024-04-17T16:00:00.000Z,2367.18,2368.39,2366.74,2367.95,5
2024-04-17T17:00:00.000Z,2367.95,2368.95,2367.51,2368.51,5
2024-04-17T18:00:00.000Z,2368.51,2369.5,2368.07,2369.06,5
2024-04-17T19:00:00.000Z,2369.06,2369.83,2368.62,2369.39,5
2024-04-17T20:00:00.000Z,2369.39,2370.64,2368.94,2370.19,5
2024-04-17T21:00:00.000Z,2370.19,2371.22,2369.74,2370.77,5
2024-04-17T22:00:00.000Z,2370.77,2371.8,2370.32,2371.35,5
2024-04-17T23:00:00.000Z,2371.35,2372.15,2370.9,2371.7,5
2024-04-18T00:00:00.000Z,2368.4,2369.28,2368.08,2368.96,5
2024-04-18T01:00:00.000Z,2368.96,2369.68,2368.64,2369.36,5
2024-04-18T02:00:00.000Z,2369.36,2370.08,2369.04,2369.76,5
2024-04-18T03:00:00.000Z,2369.76,2370.32,2369.44,2370,5
2024-04-18T04:00:00.000Z,2370,2370.24,2369.32,2369.56,5
2024-04-18T05:00:00.000Z,2369.56,2369.8,2369,2369.24,5
2024-04-18T06:00:00.000Z,2369.24,2369.48,2368.68,2368.92,5
2024-04-18T07:00:00.000Z,2368.92,2369.16,2368.48,2368.72,5
2024-04-18T08:00:00.000Z,2368.72,2371.76,2367.76,2370.8,9
2024-04-18T09:00:00.000Z,2370.8,2373.36,2369.84,2372.4,9
2024-04-18T10:00:00.000Z,2372.4,2374.96,2371.44,2374,9
2024-04-18T11:00:00.000Z,2374,2376.08,2373.04,2375.12,9
2024-04-18T12:00:00.000Z,2375.12,2378.03,2374.11,2377.02,10
2024-04-18T13:00:00.000Z,2377.02,2379.43,2376.01,2378.42,10
2024-04-18T14:00:00.000Z,2378.42,2380.83,2377.41,2379.82,10
2024-04-18T15:00:00.000Z,2379.82,2381.73,2378.81,2380.72,10
2024-04-18T16:00:00.000Z,2380.72,2381.04,2379.84,2380.16,5
2024-04-18T17:00:00.000Z,2380.16,2380.48,2379.44,2379.76,5
2024-04-18T18:00:00.000Z,2379.76,2380.08,2379.04,2379.36,5
2024-04-18T19:00:00.000Z,2379.36,2379.68,2378.8,2379.12,5
2024-04-18T20:00:00.000Z,2379.12,2380.63,2378.64,2380.15,5
2024-04-18T21:00:00.000Z,2380.15,2381.43,2379.67,2380.95,5
2024-04-18T22:00:00.000Z,2380.95,2382.22,2380.47,2381.74,5
2024-04-18T23:00:00.000Z,2381.74,2382.78,2381.26,2382.3,5
2024-04-19T00:00:00.000Z,2379.3,2380.54,2378.85,2380.09,5
2024-04-19T01:00:00.000Z,2380.09,2381.1,2379.64,2380.65,5
2024-04-19T02:00:00.000Z,2380.65,2381.66,2380.2,2381.21,5
2024-04-19T03:00:00.000Z,2381.21,2382,2380.76,2381.55,5
2024-04-19T04:00:00.000Z,2381.55,2382.09,2380.29,2380.83,5
2024-04-19T05:00:00.000Z,2380.83,2381.37,2379.84,2380.38,5
2024-04-19T06:00:00.000Z,2380.38,2380.92,2379.39,2379.93,5
2024-04-19T07:00:00.000Z,2379.93,2380.47,2379.21,2379.75,5
2024-04-19T08:00:00.000Z,2379.75,2384.03,2378.4,2382.68,11
2024-04-19T09:00:00.000Z,2382.68,2386.28,2381.33,2384.93,11
2024-04-19T10:00:00.000Z,2384.93,2388.53,2383.58,2387.18,11
2024-04-19T11:00:00.000Z,2387.18,2390.1,2385.83,2388.75,11
2024-04-19T12:00:00.000Z,2388.75,2392.55,2387.53,2391.33,13
2024-04-19T13:00:00.000Z,2391.33,2394.52,2390.11,2393.3,13
2024-04-19T14:00:00.000Z,2393.3,2396.49,2392.08,2395.27,13
2024-04-19T15:00:00.000Z,2395.27,2397.85,2394.05,2396.63,13
2024-04-19T16:00:00.000Z,2396.63,2397.08,2395.39,2395.84,5
2024-04-19T17:00:00.000Z,2395.84,2396.29,2394.83,2395.28,5
2024-04-19T18:00:00.000Z,2395.28,2395.73,2394.27,2394.72,5
2024-04-19T19:00:00.000Z,2394.72,2395.17,2393.93,2394.38,5
2024-04-19T20:00:00.000Z,2394.38,2396.33,2393.75,2395.7,5
2024-04-19T21:00:00.000Z,2395.7,2397.33,2395.07,2396.7,5
2024-04-19T22:00:00.000Z,2396.7,2398.34,2396.07,2397.71,5
2024-04-19T23:00:00.000Z,2397.71,2399.03,2397.08,2398.4,5
2024-04-22T00:00:00.000Z,2383.3,2384.43,2380.2,2381.33,5
2024-04-22T01:00:00.000Z,2381.33,2382.46,2378.79,2379.92,5
2024-04-22T02:00:00.000Z,2379.92,2381.05,2377.38,2378.51,5
2024-04-22T03:00:00.000Z,2378.51,2379.64,2376.53,2377.66,5
2024-04-22T04:00:00.000Z,2377.66,2380.06,2376.81,2379.21,5
2024-04-22T05:00:00.000Z,2379.21,2381.19,2378.36,2380.34,5
2024-04-22T06:00:00.000Z,2380.34,2382.32,2379.49,2381.47,5
2024-04-22T07:00:00.000Z,2381.47,2383.02,2380.62,2382.17,5
2024-04-22T08:00:00.000Z,2382.17,2385.55,2371.46,2374.84,5
2024-04-22T09:00:00.000Z,2374.84,2378.22,2365.82,2369.2,5
2024-04-22T10:00:00.000Z,2369.2,2372.58,2360.18,2363.56,5
2024-04-22T11:00:00.000Z,2363.56,2366.94,2356.23,2359.61,5
2024-04-22T12:00:00.000Z,2359.61,2363.16,2349.35,2352.9,5
2024-04-22T13:00:00.000Z,2352.9,2356.45,2344.41,2347.96,5
2024-04-22T14:00:00.000Z,2347.96,2351.51,2339.48,2343.03,5
2024-04-22T15:00:00.000Z,2343.03,2346.58,2336.32,2339.87,5
2024-04-22T16:00:00.000Z,2339.87,2342.97,2338.74,2341.84,5
2024-04-22T17:00:00.000Z,2341.84,2344.38,2340.71,2343.25,5
2024-04-22T18:00:00.000Z,2343.25,2345.79,2342.12,2344.66,5
2024-04-22T19:00:00.000Z,2344.66,2346.64,2343.53,2345.51,5
2024-04-22T20:00:00.000Z,2345.51,2347.41,2339.34,2341.23,5
2024-04-22T21:00:00.000Z,2341.23,2343.13,2336.01,2337.91,5
2024-04-22T22:00:00.000Z,2337.91,2339.8,2332.68,2334.58,5
2024-04-22T23:00:00.000Z,2334.58,2336.47,2330.3,2332.2,5
2024-04-23T00:00:00.000Z,2327.7,2329.71,2326.97,2328.98,5
2024-04-23T01:00:00.000Z,2328.98,2330.63,2328.25,2329.9,5
2024-04-23T02:00:00.000Z,2329.9,2331.54,2329.17,2330.81,5
2024-04-23T03:00:00.000Z,2330.81,2332.09,2330.08,2331.36,5
2024-04-23T04:00:00.000Z,2331.36,2335.26,2324.78,2328.68,5
2024-04-23T05:00:00.000Z,2328.68,2332.58,2324.05,2327.95,5
2024-04-23T06:00:00.000Z,2327.95,2331.85,2323.31,2327.21,5
2024-04-23T07:00:00.000Z,2327.21,2332.33,2323.31,2328.43,5
2024-04-23T08:00:00.000Z,2328.43,2335.39,2326.23,2333.19,12
2024-04-23T09:00:00.000Z,2333.19,2339.05,2330.99,2336.85,12
2024-04-23T10:00:00.000Z,2336.85,2342.71,2334.65,2340.51,12
2024-04-23T11:00:00.000Z,2340.51,2345.27,2338.31,2343.07,12
2024-04-23T12:00:00.000Z,2343.07,2348.46,2341.61,2347,14
2024-04-23T13:00:00.000Z,2347,2351.67,2345.54,2350.21,14
2024-04-23T14:00:00.000Z,2350.21,2354.87,2348.75,2353.41,14
2024-04-23T15:00:00.000Z,2353.41,2357.34,2351.95,2355.88,14
2024-04-23T16:00:00.000Z,2355.88,2356.61,2353.87,2354.6,5
2024-04-23T17:00:00.000Z,2354.6,2355.33,2352.95,2353.68,5
2024-04-23T18:00:00.000Z,2353.68,2354.41,2352.04,2352.77,5
2024-04-23T19:00:00.000Z,2352.77,2353.5,2351.49,2352.22,5
2024-04-23T20:00:00.000Z,2352.22,2355.04,2341.86,2344.68,5
2024-04-23T21:00:00.000Z,2344.68,2347.5,2335.73,2338.55,5
2024-04-23T22:00:00.000Z,2338.55,2341.37,2329.6,2332.42,5
2024-04-23T23:00:00.000Z,2332.42,2335.24,2324.88,2327.7,5
2024-04-24T00:00:00.000Z,2321.3,2322.07,2321.02,2321.79,5
2024-04-24T01:00:00.000Z,2321.79,2322.43,2321.51,2322.15,5
2024-04-24T02:00:00.000Z,2322.15,2322.78,2321.87,2322.5,5
2024-04-24T03:00:00.000Z,2322.5,2322.99,2322.22,2322.71,5
2024-04-24T04:00:00.000Z,2322.71,2323.59,2321.11,2321.99,5
2024-04-24T05:00:00.000Z,2321.99,2322.87,2320.82,2321.7,5
2024-04-24T06:00:00.000Z,2321.7,2322.58,2320.54,2321.42,5
2024-04-24T07:00:00.000Z,2321.42,2322.46,2320.54,2321.58,5
2024-04-24T08:00:00.000Z,2321.58,2324.26,2320.73,2323.41,7
2024-04-24T09:00:00.000Z,2323.41,2325.67,2322.56,2324.82,7
2024-04-24T10:00:00.000Z,2324.82,2327.08,2323.97,2326.23,7
2024-04-24T11:00:00.000Z,2326.23,2328.07,2325.38,2327.22,7
2024-04-24T12:00:00.000Z,2327.22,2329.3,2326.66,2328.74,8
2024-04-24T13:00:00.000Z,2328.74,2330.53,2328.18,2329.97,8
2024-04-24T14:00:00.000Z,2329.97,2331.77,2329.41,2331.21,8
2024-04-24T15:00:00.000Z,2331.21,2332.72,2330.65,2332.16,8
2024-04-24T16:00:00.000Z,2332.16,2332.44,2331.39,2331.67,5
2024-04-24T17:00:00.000Z,2331.67,2331.95,2331.03,2331.31,5
2024-04-24T18:00:00.000Z,2331.31,2331.59,2330.68,2330.96,5
2024-04-24T19:00:00.000Z,2330.96,2331.24,2330.47,2330.75,5
2024-04-24T20:00:00.000Z,2330.75,2331.51,2328.04,2328.8,5
2024-04-24T21:00:00.000Z,2328.8,2329.57,2326.47,2327.24,5
2024-04-24T22:00:00.000Z,2327.24,2328,2324.91,2325.68,5
2024-04-24T23:00:00.000Z,2325.68,2326.44,2323.74,2324.5,5
2024-04-25T00:00:00.000Z,2315,2316.37,2314.5,2315.87,26
2024-04-25T01:00:00.000Z,2315.87,2316.99,2315.37,2316.49,26
2024-04-25T02:00:00.000Z,2316.49,2317.61,2315.99,2317.11,26
2024-04-25T03:00:00.000Z,2317.11,2317.98,2316.61,2317.48,26
2024-04-25T04:00:00.000Z,2317.48,2318.85,2314.93,2316.3,31
2024-04-25T05:00:00.000Z,2316.3,2317.67,2314.43,2315.8,31
2024-04-25T06:00:00.000Z,2315.8,2317.17,2313.94,2315.31,31
2024-04-25T07:00:00.000Z,2315.31,2316.87,2313.94,2315.5,31
2024-04-25T08:00:00.000Z,2315.5,2320.21,2314.01,2318.72,72
2024-04-25T09:00:00.000Z,2318.72,2322.69,2317.23,2321.2,72
2024-04-25T10:00:00.000Z,2321.2,2325.17,2319.71,2323.68,72
2024-04-25T11:00:00.000Z,2323.68,2326.91,2322.19,2325.42,72
2024-04-25T12:00:00.000Z,2325.42,2329.08,2324.43,2328.09,82
2024-04-25T13:00:00.000Z,2328.09,2331.25,2327.1,2330.26,82
2024-04-25T14:00:00.000Z,2330.26,2333.42,2329.27,2332.43,82
2024-04-25T15:00:00.000Z,2332.43,2335.09,2331.44,2334.1,82
2024-04-25T16:00:00.000Z,2334.1,2334.6,2332.73,2333.23,31
2024-04-25T17:00:00.000Z,2333.23,2333.73,2332.11,2332.61,31
2024-04-25T18:00:00.000Z,2332.61,2333.11,2331.49,2331.99,31
2024-04-25T19:00:00.000Z,2331.99,2332.49,2331.12,2331.62,31
2024-04-25T20:00:00.000Z,2331.62,2332.05,2330.52,2330.95,15
2024-04-25T21:00:00.000Z,2330.95,2331.38,2330.06,2330.49,15
2024-04-25T22:00:00.000Z,2330.49,2330.92,2329.61,2330.04,15
2024-04-25T23:00:00.000Z,2330.04,2330.47,2329.37,2329.8,15
2024-04-26T00:00:00.000Z,2347.9,2348.2,2347.07,2347.37,18
2024-04-26T01:00:00.000Z,2347.37,2347.67,2346.69,2346.99,18
2024-04-26T02:00:00.000Z,2346.99,2347.29,2346.32,2346.62,18
2024-04-26T03:00:00.000Z,2346.62,2346.92,2346.09,2346.39,18
2024-04-26T04:00:00.000Z,2346.39,2347.04,2346.16,2346.81,22
2024-04-26T05:00:00.000Z,2346.81,2347.34,2346.58,2347.11,22
2024-04-26T06:00:00.000Z,2347.11,2347.64,2346.88,2347.41,22
2024-04-26T07:00:00.000Z,2347.41,2347.83,2347.18,2347.6,22
2024-04-26T08:00:00.000Z,2347.6,2348.51,2344.73,2345.64,50
2024-04-26T09:00:00.000Z,2345.64,2346.55,2343.22,2344.13,50
2024-04-26T10:00:00.000Z,2344.13,2345.04,2341.71,2342.62,50
2024-04-26T11:00:00.000Z,2342.62,2343.53,2340.65,2341.56,50
2024-04-26T12:00:00.000Z,2341.56,2342.51,2338.81,2339.76,57
2024-04-26T13:00:00.000Z,2339.76,2340.71,2337.49,2338.44,57
2024-04-26T14:00:00.000Z,2338.44,2339.39,2336.17,2337.12,57
2024-04-26T15:00:00.000Z,2337.12,2338.07,2335.32,2336.27,57
2024-04-26T16:00:00.000Z,2336.27,2337.1,2335.97,2336.8,22
2024-04-26T17:00:00.000Z,2336.8,2337.48,2336.5,2337.18,22
2024-04-26T18:00:00.000Z,2337.18,2337.85,2336.88,2337.55,22
2024-04-26T19:00:00.000Z,2337.55,2338.08,2337.25,2337.78,22
2024-04-26T20:00:00.000Z,2337.78,2338.23,2336.36,2336.81,11
2024-04-26T21:00:00.000Z,2336.81,2337.26,2335.62,2336.07,11
2024-04-26T22:00:00.000Z,2336.07,2336.52,2334.87,2335.32,11
2024-04-26T23:00:00.000Z,2335.32,2335.77,2334.35,2334.8,11
2024-04-29T00:00:00.000Z,2334.8,2335.77,2334.45,2335.42,10
2024-04-29T01:00:00.000Z,2335.42,2336.21,2335.07,2335.86,10
2024-04-29T02:00:00.000Z,2335.86,2336.65,2335.51,2336.3,10
2024-04-29T03:00:00.000Z,2336.3,2336.91,2335.95,2336.56,10
2024-04-29T04:00:00.000Z,2336.56,2337.51,2334.78,2335.73,12
2024-04-29T05:00:00.000Z,2335.73,2336.68,2334.43,2335.38,12
2024-04-29T06:00:00.000Z,2335.38,2336.33,2334.08,2335.03,12
2024-04-29T07:00:00.000Z,2335.03,2336.1,2334.08,2335.15,12
2024-04-29T08:00:00.000Z,2335.15,2338.5,2334.09,2337.44,28
2024-04-29T09:00:00.000Z,2337.44,2340.26,2336.38,2339.2,28
2024-04-29T10:00:00.000Z,2339.2,2342.02,2338.14,2340.96,28
2024-04-29T11:00:00.000Z,2340.96,2343.25,2339.9,2342.19,28
2024-04-29T12:00:00.000Z,2342.19,2344.78,2341.49,2344.08,33
2024-04-29T13:00:00.000Z,2344.08,2346.32,2343.38,2345.62,33
2024-04-29T14:00:00.000Z,2345.62,2347.86,2344.92,2347.16,33
2024-04-29T15:00:00.000Z,2347.16,2349.05,2346.46,2348.35,33
2024-04-29T16:00:00.000Z,2348.35,2348.7,2347.38,2347.73,12
2024-04-29T17:00:00.000Z,2347.73,2348.08,2346.94,2347.29,12
2024-04-29T18:00:00.000Z,2347.29,2347.64,2346.5,2346.85,12
2024-04-29T19:00:00.000Z,2346.85,2347.2,2346.24,2346.59,12
2024-04-29T20:00:00.000Z,2346.59,2346.89,2345.84,2346.14,6
2024-04-29T21:00:00.000Z,2346.14,2346.43,2345.55,2345.85,6
2024-04-29T22:00:00.000Z,2345.85,2346.14,2345.26,2345.55,6
2024-04-29T23:00:00.000Z,2345.55,2345.85,2345.11,2345.4,6
2024-04-30T00:00:00.000Z,2322.5,2323.12,2320.79,2321.41,5
2024-04-30T01:00:00.000Z,2321.41,2322.03,2320.01,2320.63,5
2024-04-30T02:00:00.000Z,2320.63,2321.25,2319.24,2319.86,5
2024-04-30T03:00:00.000Z,2319.86,2320.48,2318.77,2319.39,5
2024-04-30T04:00:00.000Z,2319.39,2320.72,2318.92,2320.25,5
2024-04-30T05:00:00.000Z,2320.25,2321.34,2319.78,2320.87,5
2024-04-30T06:00:00.000Z,2320.87,2321.96,2320.4,2321.49,5
2024-04-30T07:00:00.000Z,2321.49,2322.35,2321.02,2321.88,5
2024-04-30T08:00:00.000Z,2321.88,2323.75,2315.97,2317.84,8
2024-04-30T09:00:00.000Z,2317.84,2319.71,2312.86,2314.73,8
2024-04-30T10:00:00.000Z,2314.73,2316.6,2309.75,2311.62,8
2024-04-30T11:00:00.000Z,2311.62,2313.49,2307.57,2309.44,8
2024-04-30T12:00:00.000Z,2309.44,2311.4,2303.78,2305.74,9
2024-04-30T13:00:00.000Z,2305.74,2307.7,2301.06,2303.02,9
2024-04-30T14:00:00.000Z,2303.02,2304.98,2298.33,2300.29,9
2024-04-30T15:00:00.000Z,2300.29,2302.25,2296.59,2298.55,9
2024-04-30T16:00:00.000Z,2298.55,2300.26,2297.93,2299.64,5
2024-04-30T17:00:00.000Z,2299.64,2301.04,2299.02,2300.42,5
2024-04-30T18:00:00.000Z,2300.42,2301.81,2299.8,2301.19,5
2024-04-30T19:00:00.000Z,2301.19,2302.28,2300.57,2301.66,5
2024-04-30T20:00:00.000Z,2301.66,2303,2297.09,2298.43,5
2024-04-30T21:00:00.000Z,2298.43,2299.77,2294.52,2295.86,5
2024-04-30T22:00:00.000Z,2295.86,2297.2,2291.96,2293.3,5
2024-04-30T23:00:00.000Z,2293.3,2294.64,2290.06,2291.4,5
2024-05-01T00:00:00.000Z,2287.7,2290.09,2286.83,2289.22,5
2024-05-01T01:00:00.000Z,2289.22,2291.18,2288.35,2290.31,5
2024-05-01T02:00:00.000Z,2290.31,2292.27,2289.44,2291.4,5
2024-05-01T03:00:00.000Z,2291.4,2292.92,2290.53,2292.05,5
2024-05-01T04:00:00.000Z,2292.05,2293.09,2289.62,2290.66,5
2024-05-01T05:00:00.000Z,2290.66,2291.7,2288.75,2289.79,5
2024-05-01T06:00:00.000Z,2289.79,2290.83,2287.88,2288.92,5
2024-05-01T07:00:00.000Z,2288.92,2289.96,2287.53,2288.57,5
2024-05-01T08:00:00.000Z,2288.57,2296.83,2285.96,2294.22,5
2024-05-01T09:00:00.000Z,2294.22,2301.18,2291.61,2298.57,5
2024-05-01T10:00:00.000Z,2298.57,2305.53,2295.96,2302.92,5
2024-05-01T11:00:00.000Z,2302.92,2308.58,2300.31,2305.97,5
2024-05-01T12:00:00.000Z,2305.97,2313.3,2303.62,2310.95,5
2024-05-01T13:00:00.000Z,2310.95,2317.11,2308.6,2314.76,5
2024-05-01T14:00:00.000Z,2314.76,2320.91,2312.41,2318.56,5
2024-05-01T15:00:00.000Z,2318.56,2323.54,2316.21,2321.19,5
2024-05-01T16:00:00.000Z,2321.19,2322.06,2318.8,2319.67,5
2024-05-01T17:00:00.000Z,2319.67,2320.54,2317.71,2318.58,5
2024-05-01T18:00:00.000Z,2318.58,2319.45,2316.62,2317.49,5
2024-05-01T19:00:00.000Z,2317.49,2318.36,2315.97,2316.84,5
2024-05-01T20:00:00.000Z,2316.84,2318.97,2309.41,2311.54,5
2024-05-01T21:00:00.000Z,2311.54,2313.67,2305.17,2307.3,5
2024-05-01T22:00:00.000Z,2307.3,2309.43,2300.94,2303.07,5
2024-05-01T23:00:00.000Z,2303.07,2305.2,2297.77,2299.9,5
2024-05-02T00:00:00.000Z,2321.7,2322.35,2319.92,2320.57,5
2024-05-02T01:00:00.000Z,2320.57,2321.22,2319.11,2319.76,5
2024-05-02T02:00:00.000Z,2319.76,2320.41,2318.3,2318.95,5
2024-05-02T03:00:00.000Z,2318.95,2319.6,2317.81,2318.46,5
2024-05-02T04:00:00.000Z,2318.46,2320.29,2317.67,2319.5,5
2024-05-02T05:00:00.000Z,2319.5,2320.94,2318.71,2320.15,5
2024-05-02T06:00:00.000Z,2320.15,2321.59,2319.36,2320.8,5
2024-05-02T07:00:00.000Z,2320.8,2321.84,2320.01,2321.05,5
2024-05-02T08:00:00.000Z,2321.05,2322.99,2314.9,2316.84,5
2024-05-02T09:00:00.000Z,2316.84,2318.78,2311.66,2313.6,5
2024-05-02T10:00:00.000Z,2313.6,2315.54,2308.42,2310.36,5
2024-05-02T11:00:00.000Z,2310.36,2312.3,2306.15,2308.09,5
2024-05-02T12:00:00.000Z,2308.09,2309.83,2302.64,2304.38,5
2024-05-02T13:00:00.000Z,2304.38,2306.12,2299.81,2301.55,5
2024-05-02T14:00:00.000Z,2301.55,2303.29,2296.97,2298.71,5
2024-05-02T15:00:00.000Z,2298.71,2300.45,2295.01,2296.75,5
2024-05-02T16:00:00.000Z,2296.75,2298.53,2296.1,2297.88,5
2024-05-02T17:00:00.000Z,2297.88,2299.34,2297.23,2298.69,5
2024-05-02T18:00:00.000Z,2298.69,2300.15,2298.04,2299.5,5
2024-05-02T19:00:00.000Z,2299.5,2300.64,2298.85,2299.99,5
2024-05-02T20:00:00.000Z,2299.99,2300.39,2299.19,2299.59,5
2024-05-02T21:00:00.000Z,2299.59,2299.99,2298.99,2299.39,5
2024-05-02T22:00:00.000Z,2299.39,2299.79,2298.8,2299.2,5
2024-05-02T23:00:00.000Z,2299.2,2299.6,2298.8,2299.2,5
2024-05-03T00:00:00.000Z,2300,2300.47,2298.71,2299.18,5
2024-05-03T01:00:00.000Z,2299.18,2299.65,2298.13,2298.6,5
2024-05-03T02:00:00.000Z,2298.6,2299.07,2297.54,2298.01,5
2024-05-03T03:00:00.000Z,2298.01,2298.48,2297.19,2297.66,5
2024-05-03T04:00:00.000Z,2297.66,2298.8,2297.21,2298.35,6
2024-05-03T05:00:00.000Z,2298.35,2299.27,2297.9,2298.82,6
2024-05-03T06:00:00.000Z,2298.82,2299.74,2298.37,2299.29,6
2024-05-03T07:00:00.000Z,2299.29,2299.98,2298.84,2299.53,6
2024-05-03T08:00:00.000Z,2299.53,2300.93,2295.09,2296.49,14
2024-05-03T09:00:00.000Z,2296.49,2297.89,2292.75,2294.15,14
2024-05-03T10:00:00.000Z,2294.15,2295.55,2290.41,2291.81,14
2024-05-03T11:00:00.000Z,2291.81,2293.21,2288.77,2290.17,14
2024-05-03T12:00:00.000Z,2290.17,2291.54,2286.07,2287.44,16
2024-05-03T13:00:00.000Z,2287.44,2288.81,2284.02,2285.39,16
2024-05-03T14:00:00.000Z,2285.39,2286.76,2281.97,2283.34,16
2024-05-03T15:00:00.000Z,2283.34,2284.71,2280.61,2281.98,16
2024-05-03T16:00:00.000Z,2281.98,2283.27,2281.51,2282.8,6
2024-05-03T17:00:00.000Z,2282.8,2283.85,2282.33,2283.38,6
2024-05-03T18:00:00.000Z,2283.38,2284.44,2282.91,2283.97,6
2024-05-03T19:00:00.000Z,2283.97,2284.79,2283.5,2284.32,6
2024-05-03T20:00:00.000Z,2284.32,2290.54,2282.62,2288.84,5
2024-05-03T21:00:00.000Z,2288.84,2294.21,2287.14,2292.51,5
2024-05-03T22:00:00.000Z,2292.51,2297.88,2290.81,2296.18,5
2024-05-03T23:00:00.000Z,2296.18,2300.7,2294.48,2299,5
2024-05-06T00:00:00.000Z,2322.8,2323.03,2322.17,2322.4,5
2024-05-06T01:00:00.000Z,2322.4,2322.63,2321.89,2322.12,5
2024-05-06T02:00:00.000Z,2322.12,2322.35,2321.61,2321.84,5
2024-05-06T03:00:00.000Z,2321.84,2322.07,2321.44,2321.67,5
2024-05-06T04:00:00.000Z,2321.67,2322.55,2321.23,2322.11,5
2024-05-06T05:00:00.000Z,2322.11,2322.78,2321.67,2322.34,5
2024-05-06T06:00:00.000Z,2322.34,2323,2321.9,2322.56,5
2024-05-06T07:00:00.000Z,2322.56,2323.01,2322.12,2322.57,5
2024-05-06T08:00:00.000Z,2322.57,2323.25,2320.42,2321.1,5
2024-05-06T09:00:00.000Z,2321.1,2321.78,2319.29,2319.97,5
2024-05-06T10:00:00.000Z,2319.97,2320.65,2318.16,2318.84,5
2024-05-06T11:00:00.000Z,2318.84,2319.52,2317.37,2318.05,5
2024-05-06T12:00:00.000Z,2318.05,2318.5,2316.39,2316.84,5
2024-05-06T13:00:00.000Z,2316.84,2317.29,2315.4,2315.85,5
2024-05-06T14:00:00.000Z,2315.85,2316.3,2314.41,2314.86,5
2024-05-06T15:00:00.000Z,2314.86,2315.31,2313.65,2314.1,5
2024-05-06T16:00:00.000Z,2314.1,2314.73,2313.87,2314.5,5
2024-05-06T17:00:00.000Z,2314.5,2315.01,2314.27,2314.78,5
2024-05-06T18:00:00.000Z,2314.78,2315.29,2314.55,2315.06,5
2024-05-06T19:00:00.000Z,2315.06,2315.46,2314.83,2315.23,5
2024-05-06T20:00:00.000Z,2315.23,2317.95,2314.48,2317.2,5
2024-05-06T21:00:00.000Z,2317.2,2319.54,2316.45,2318.79,5
2024-05-06T22:00:00.000Z,2318.79,2321.13,2318.04,2320.38,5
2024-05-06T23:00:00.000Z,2320.38,2322.35,2319.63,2321.6,5
2024-05-07T00:00:00.000Z,2324.3,2324.48,2323.8,2323.98,5
2024-05-07T01:00:00.000Z,2323.98,2324.16,2323.57,2323.75,5
2024-05-07T02:00:00.000Z,2323.75,2323.93,2323.35,2323.53,5
2024-05-07T03:00:00.000Z,2323.53,2323.71,2323.21,2323.39,5
2024-05-07T04:00:00.000Z,2323.39,2323.78,2323.25,2323.64,5
2024-05-07T05:00:00.000Z,2323.64,2323.96,2323.5,2323.82,5
2024-05-07T06:00:00.000Z,2323.82,2324.15,2323.68,2324.01,5
2024-05-07T07:00:00.000Z,2324.01,2324.26,2323.87,2324.12,5
2024-05-07T08:00:00.000Z,2324.12,2324.67,2322.39,2322.94,5
2024-05-07T09:00:00.000Z,2322.94,2323.49,2321.48,2322.03,5
2024-05-07T10:00:00.000Z,2322.03,2322.58,2320.57,2321.12,5
2024-05-07T11:00:00.000Z,2321.12,2321.67,2319.93,2320.48,5
2024-05-07T12:00:00.000Z,2320.48,2321.05,2318.83,2319.4,5
2024-05-07T13:00:00.000Z,2319.4,2319.97,2318.03,2318.6,5
2024-05-07T14:00:00.000Z,2318.6,2319.17,2317.23,2317.8,5
2024-05-07T15:00:00.000Z,2317.8,2318.37,2316.72,2317.29,5
2024-05-07T16:00:00.000Z,2317.29,2317.79,2317.11,2317.61,5
2024-05-07T17:00:00.000Z,2317.61,2318.02,2317.43,2317.84,5
2024-05-07T18:00:00.000Z,2317.84,2318.24,2317.66,2318.06,5
2024-05-07T19:00:00.000Z,2318.06,2318.38,2317.88,2318.2,5
2024-05-07T20:00:00.000Z,2318.2,2318.59,2316.86,2317.25,5
2024-05-07T21:00:00.000Z,2317.25,2317.64,2316.11,2316.5,5
2024-05-07T22:00:00.000Z,2316.5,2316.89,2315.36,2315.75,5
2024-05-07T23:00:00.000Z,2315.75,2316.14,2314.81,2315.2,5
2024-05-08T00:00:00.000Z,2313.6,2313.6,2313.6,2313.6,5
2024-05-08T01:00:00.000Z,2313.6,2313.6,2313.6,2313.6,5
2024-05-08T02:00:00.000Z,2313.6,2313.6,2313.6,2313.6,5
2024-05-08T03:00:00.000Z,2313.6,2313.6,2313.6,2313.6,5
2024-05-08T04:00:00.000Z,2313.6,2313.6,2313.6,2313.6,5
2024-05-08T05:00:00.000Z,2313.6,2313.6,2313.6,2313.6,5
2024-05-08T06:00:00.000Z,2313.6,2313.6,2313.6,2313.6,5
2024-05-08T07:00:00.000Z,2313.6,2313.6,2313.6,2313.6,5
2024-05-08T08:00:00.000Z,2313.6,2313.6,2313.6,2313.6,5
2024-05-08T09:00:00.000Z,2313.6,2313.6,2313.6,2313.6,5
2024-05-08T10:00:00.000Z,2313.6,2313.6,2313.6,2313.6,5
2024-05-08T11:00:00.000Z,2313.6,2313.6,2313.6,2313.6,5
2024-05-08T12:00:00.000Z,2313.6,2313.6,2313.6,2313.6,5
2024-05-08T13:00:00.000Z,2313.6,2313.6,2313.6,2313.6,5
2024-05-08T14:00:00.000Z,2313.6,2313.6,2313.6,2313.6,5
2024-05-08T15:00:00.000Z,2313.6,2313.6,2313.6,2313.6,5
2024-05-08T16:00:00.000Z,2313.6,2313.6,2313.6,2313.6,5
2024-05-08T17:00:00.000Z,2313.6,2313.6,2313.6,2313.6,5
2024-05-08T18:00:00.000Z,2313.6,2313.6,2313.6,2313.6,5
2024-05-08T19:00:00.000Z,2313.6,2313.6,2313.6,2313.6,5
2024-05-08T20:00:00.000Z,2313.6,2313.6,2313.6,2313.6,5
2024-05-08T21:00:00.000Z,2313.6,2313.6,2313.6,2313.6,5
2024-05-08T22:00:00.000Z,2313.6,2313.6,2313.6,2313.6,5
2024-05-08T23:00:00.000Z,2313.6,2313.6,2313.6,2313.6,5
2024-05-09T00:00:00.000Z,2310.7,2312.29,2310.12,2311.71,5
2024-05-09T01:00:00.000Z,2311.71,2313.01,2311.13,2312.43,5
2024-05-09T02:00:00.000Z,2312.43,2313.73,2311.85,2313.15,5
2024-05-09T03:00:00.000Z,2313.15,2314.16,2312.57,2313.58,5
2024-05-09T04:00:00.000Z,2313.58,2314.01,2312.36,2312.79,5
2024-05-09T05:00:00.000Z,2312.79,2313.22,2311.78,2312.21,5
2024-05-09T06:00:00.000Z,2312.21,2312.64,2311.21,2311.64,5
2024-05-09T07:00:00.000Z,2311.64,2312.07,2310.85,2311.28,5
2024-05-09T08:00:00.000Z,2311.28,2316.75,2309.55,2315.02,5
2024-05-09T09:00:00.000Z,2315.02,2319.63,2313.29,2317.9,5
2024-05-09T10:00:00.000Z,2317.9,2322.51,2316.17,2320.78,5
2024-05-09T11:00:00.000Z,2320.78,2324.53,2319.05,2322.8,5
2024-05-09T12:00:00.000Z,2322.8,2328.04,2320.99,2326.23,5
2024-05-09T13:00:00.000Z,2326.23,2330.56,2324.42,2328.75,5
2024-05-09T14:00:00.000Z,2328.75,2333.08,2326.94,2331.27,5
2024-05-09T15:00:00.000Z,2331.27,2334.69,2329.46,2332.88,5
2024-05-09T16:00:00.000Z,2332.88,2333.46,2331.29,2331.87,5
2024-05-09T17:00:00.000Z,2331.87,2332.45,2330.57,2331.15,5
2024-05-09T18:00:00.000Z,2331.15,2331.73,2329.85,2330.43,5
2024-05-09T19:00:00.000Z,2330.43,2331.01,2329.42,2330,5
2024-05-09T20:00:00.000Z,2330,2331.27,2329.5,2330.77,5
2024-05-09T21:00:00.000Z,2330.77,2331.8,2330.27,2331.3,5
2024-05-09T22:00:00.000Z,2331.3,2332.32,2330.8,2331.82,5
2024-05-09T23:00:00.000Z,2331.82,2332.6,2331.32,2332.1,5
2024-05-10T00:00:00.000Z,2367.3,2367.3,2367.3,2367.3,5
2024-05-10T01:00:00.000Z,2367.3,2367.3,2367.3,2367.3,5
2024-05-10T02:00:00.000Z,2367.3,2367.3,2367.3,2367.3,5
2024-05-10T03:00:00.000Z,2367.3,2367.3,2367.3,2367.3,5
2024-05-10T04:00:00.000Z,2367.3,2367.3,2367.3,2367.3,5
2024-05-10T05:00:00.000Z,2367.3,2367.3,2367.3,2367.3,5
2024-05-10T06:00:00.000Z,2367.3,2367.3,2367.3,2367.3,5
2024-05-10T07:00:00.000Z,2367.3,2367.3,2367.3,2367.3,5
2024-05-10T08:00:00.000Z,2367.3,2367.3,2367.3,2367.3,9
2024-05-10T09:00:00.000Z,2367.3,2367.3,2367.3,2367.3,9
2024-05-10T10:00:00.000Z,2367.3,2367.3,2367.3,2367.3,9
2024-05-10T11:00:00.000Z,2367.3,2367.3,2367.3,2367.3,9
2024-05-10T12:00:00.000Z,2367.3,2367.3,2367.3,2367.3,10
2024-05-10T13:00:00.000Z,2367.3,2367.3,2367.3,2367.3,10
2024-05-10T14:00:00.000Z,2367.3,2367.3,2367.3,2367.3,10
2024-05-10T15:00:00.000Z,2367.3,2367.3,2367.3,2367.3,10
2024-05-10T16:00:00.000Z,2367.3,2367.3,2367.3,2367.3,5
2024-05-10T17:00:00.000Z,2367.3,2367.3,2367.3,2367.3,5
2024-05-10T18:00:00.000Z,2367.3,2367.3,2367.3,2367.3,5
2024-05-10T19:00:00.000Z,2367.3,2367.3,2367.3,2367.3,5
2024-05-10T20:00:00.000Z,2367.3,2367.3,2367.3,2367.3,5
2024-05-10T21:00:00.000Z,2367.3,2367.3,2367.3,2367.3,5
2024-05-10T22:00:00.000Z,2367.3,2367.3,2367.3,2367.3,5
2024-05-10T23:00:00.000Z,2367.3,2367.3,2367.3,2367.3,5
2024-05-13T00:00:00.000Z,2358.3,2358.74,2357.08,2357.52,5
2024-05-13T01:00:00.000Z,2357.52,2357.96,2356.53,2356.97,5
2024-05-13T02:00:00.000Z,2356.97,2357.41,2355.97,2356.41,5
2024-05-13T03:00:00.000Z,2356.41,2356.85,2355.64,2356.08,5
2024-05-13T04:00:00.000Z,2356.08,2357.02,2355.75,2356.69,5
2024-05-13T05:00:00.000Z,2356.69,2357.47,2356.36,2357.14,5
2024-05-13T06:00:00.000Z,2357.14,2357.91,2356.81,2357.58,5
2024-05-13T07:00:00.000Z,2357.58,2358.19,2357.25,2357.86,5
2024-05-13T08:00:00.000Z,2357.86,2359.19,2353.64,2354.97,5
2024-05-13T09:00:00.000Z,2354.97,2356.3,2351.42,2352.75,5
2024-05-13T10:00:00.000Z,2352.75,2354.08,2349.2,2350.53,5
2024-05-13T11:00:00.000Z,2350.53,2351.86,2347.65,2348.98,5
2024-05-13T12:00:00.000Z,2348.98,2350.38,2344.94,2346.34,5
2024-05-13T13:00:00.000Z,2346.34,2347.74,2343,2344.4,5
2024-05-13T14:00:00.000Z,2344.4,2345.8,2341.05,2342.45,5
2024-05-13T15:00:00.000Z,2342.45,2343.85,2339.81,2341.21,5
2024-05-13T16:00:00.000Z,2341.21,2342.43,2340.77,2341.99,5
2024-05-13T17:00:00.000Z,2341.99,2342.98,2341.55,2342.54,5
2024-05-13T18:00:00.000Z,2342.54,2343.54,2342.1,2343.1,5
2024-05-13T19:00:00.000Z,2343.1,2343.87,2342.66,2343.43,5
2024-05-13T20:00:00.000Z,2343.43,2344.38,2340.16,2341.12,5
2024-05-13T21:00:00.000Z,2341.12,2342.07,2338.34,2339.29,5
2024-05-13T22:00:00.000Z,2339.29,2340.24,2336.49,2337.45,5
2024-05-13T23:00:00.000Z,2337.45,2338.4,2335.14,2336.1,5
2024-05-14T00:00:00.000Z,2336,2337.21,2335.56,2336.77,5
2024-05-14T01:00:00.000Z,2336.77,2337.76,2336.33,2337.32,5
2024-05-14T02:00:00.000Z,2337.32,2338.31,2336.88,2337.87,5
2024-05-14T03:00:00.000Z,2337.87,2338.64,2337.43,2338.2,5
2024-05-14T04:00:00.000Z,2338.2,2338.53,2337.26,2337.59,5
2024-05-14T05:00:00.000Z,2337.59,2337.92,2336.82,2337.15,5
2024-05-14T06:00:00.000Z,2337.15,2337.48,2336.39,2336.72,5
2024-05-14T07:00:00.000Z,2336.72,2337.05,2336.11,2336.44,5
2024-05-14T08:00:00.000Z,2336.44,2340.62,2335.12,2339.3,5
2024-05-14T09:00:00.000Z,2339.3,2342.82,2337.98,2341.5,5
2024-05-14T10:00:00.000Z,2341.5,2345.02,2340.18,2343.7,5
2024-05-14T11:00:00.000Z,2343.7,2346.56,2342.38,2345.24,5
2024-05-14T12:00:00.000Z,2345.24,2349.25,2343.85,2347.86,5
2024-05-14T13:00:00.000Z,2347.86,2351.17,2346.47,2349.78,5
2024-05-14T14:00:00.000Z,2349.78,2353.1,2348.39,2351.71,5
2024-05-14T15:00:00.000Z,2351.71,2354.33,2350.32,2352.94,5
2024-05-14T16:00:00.000Z,2352.94,2353.38,2351.73,2352.17,5
2024-05-14T17:00:00.000Z,2352.17,2352.61,2351.18,2351.62,5
2024-05-14T18:00:00.000Z,2351.62,2352.06,2350.63,2351.07,5
2024-05-14T19:00:00.000Z,2351.07,2351.51,2350.3,2350.74,5
2024-05-14T20:00:00.000Z,2350.74,2352.14,2350.25,2351.65,5
2024-05-14T21:00:00.000Z,2351.65,2352.8,2351.16,2352.31,5
2024-05-14T22:00:00.000Z,2352.31,2353.47,2351.82,2352.98,5
2024-05-14T23:00:00.000Z,2352.98,2353.89,2352.49,2353.4,5
2024-05-15T00:00:00.000Z,2361.6,2363.39,2360.95,2362.74,5
2024-05-15T01:00:00.000Z,2362.74,2364.21,2362.09,2363.56,5
2024-05-15T02:00:00.000Z,2363.56,2365.03,2362.91,2364.38,5
2024-05-15T03:00:00.000Z,2364.38,2365.52,2363.73,2364.87,5
2024-05-15T04:00:00.000Z,2364.87,2365.92,2362.64,2363.69,5
2024-05-15T05:00:00.000Z,2363.69,2364.74,2361.98,2363.03,5
2024-05-15T06:00:00.000Z,2363.03,2364.08,2361.33,2362.38,5
2024-05-15T07:00:00.000Z,2362.38,2363.43,2361.2,2362.25,5
2024-05-15T08:00:00.000Z,2362.25,2368.46,2360.29,2366.5,5
2024-05-15T09:00:00.000Z,2366.5,2371.73,2364.54,2369.77,5
2024-05-15T10:00:00.000Z,2369.77,2375,2367.81,2373.04,5
2024-05-15T11:00:00.000Z,2373.04,2377.29,2371.08,2375.33,5
2024-05-15T12:00:00.000Z,2375.33,2380.44,2373.83,2378.94,5
2024-05-15T13:00:00.000Z,2378.94,2383.31,2377.44,2381.81,5
2024-05-15T14:00:00.000Z,2381.81,2386.17,2380.31,2384.67,5
2024-05-15T15:00:00.000Z,2384.67,2388.28,2383.17,2386.78,5
2024-05-15T16:00:00.000Z,2386.78,2387.43,2384.99,2385.64,5
2024-05-15T17:00:00.000Z,2385.64,2386.29,2384.17,2384.82,5
2024-05-15T18:00:00.000Z,2384.82,2385.47,2383.35,2384,5
2024-05-15T19:00:00.000Z,2384,2384.65,2382.86,2383.51,5
2024-05-15T20:00:00.000Z,2383.51,2386.08,2382.66,2385.23,5
2024-05-15T21:00:00.000Z,2385.23,2387.38,2384.38,2386.53,5
2024-05-15T22:00:00.000Z,2386.53,2388.68,2385.68,2387.83,5
2024-05-15T23:00:00.000Z,2387.83,2389.55,2386.98,2388.7,5
2024-05-16T00:00:00.000Z,2389.5,2389.74,2388.83,2389.07,5
2024-05-16T01:00:00.000Z,2389.07,2389.31,2388.53,2388.77,5
2024-05-16T02:00:00.000Z,2388.77,2389.01,2388.22,2388.46,5
2024-05-16T03:00:00.000Z,2388.46,2388.7,2388.04,2388.28,5
2024-05-16T04:00:00.000Z,2388.28,2389.2,2387.83,2388.75,5
2024-05-16T05:00:00.000Z,2388.75,2389.45,2388.3,2389,5
2024-05-16T06:00:00.000Z,2389,2389.69,2388.55,2389.24,5
2024-05-16T07:00:00.000Z,2389.24,2389.71,2388.79,2389.26,5
2024-05-16T08:00:00.000Z,2389.26,2389.99,2386.94,2387.67,5
2024-05-16T09:00:00.000Z,2387.67,2388.4,2385.72,2386.45,5
2024-05-16T10:00:00.000Z,2386.45,2387.18,2384.5,2385.23,5
2024-05-16T11:00:00.000Z,2385.23,2385.96,2383.65,2384.38,5
2024-05-16T12:00:00.000Z,2384.38,2384.88,2382.56,2383.06,5
2024-05-16T13:00:00.000Z,2383.06,2383.56,2381.5,2382,5
2024-05-16T14:00:00.000Z,2382,2382.5,2380.43,2380.93,5
2024-05-16T15:00:00.000Z,2380.93,2381.43,2379.61,2380.11,5
2024-05-16T16:00:00.000Z,2380.11,2380.78,2379.87,2380.54,5
2024-05-16T17:00:00.000Z,2380.54,2381.08,2380.3,2380.84,5
2024-05-16T18:00:00.000Z,2380.84,2381.39,2380.6,2381.15,5
2024-05-16T19:00:00.000Z,2381.15,2381.57,2380.91,2381.33,5
2024-05-16T20:00:00.000Z,2381.33,2381.59,2380.61,2380.87,5
2024-05-16T21:00:00.000Z,2380.87,2381.13,2380.28,2380.54,5
2024-05-16T22:00:00.000Z,2380.54,2380.8,2379.94,2380.2,5
2024-05-16T23:00:00.000Z,2380.2,2380.45,2379.74,2380,5
2024-05-17T00:00:00.000Z,2380.7,2382.63,2380,2381.93,5
2024-05-17T01:00:00.000Z,2381.93,2383.51,2381.23,2382.81,5
2024-05-17T02:00:00.000Z,2382.81,2384.38,2382.11,2383.68,5
2024-05-17T03:00:00.000Z,2383.68,2384.91,2382.98,2384.21,5
2024-05-17T04:00:00.000Z,2384.21,2384.74,2382.71,2383.24,7
2024-05-17T05:00:00.000Z,2383.24,2383.77,2382.01,2382.54,7
2024-05-17T06:00:00.000Z,2382.54,2383.07,2381.31,2381.84,7
2024-05-17T07:00:00.000Z,2381.84,2382.37,2380.87,2381.4,7
2024-05-17T08:00:00.000Z,2381.4,2388.07,2379.29,2385.96,15
2024-05-17T09:00:00.000Z,2385.96,2391.58,2383.85,2389.47,15
2024-05-17T10:00:00.000Z,2389.47,2395.09,2387.36,2392.98,15
2024-05-17T11:00:00.000Z,2392.98,2397.55,2390.87,2395.44,15
2024-05-17T12:00:00.000Z,2395.44,2401.83,2393.23,2399.62,17
2024-05-17T13:00:00.000Z,2399.62,2404.9,2397.41,2402.69,17
2024-05-17T14:00:00.000Z,2402.69,2407.97,2400.48,2405.76,17
2024-05-17T15:00:00.000Z,2405.76,2409.94,2403.55,2407.73,17
2024-05-17T16:00:00.000Z,2407.73,2408.43,2405.8,2406.5,7
2024-05-17T17:00:00.000Z,2406.5,2407.2,2404.92,2405.62,7
2024-05-17T18:00:00.000Z,2405.62,2406.32,2404.05,2404.75,7
2024-05-17T19:00:00.000Z,2404.75,2405.45,2403.52,2404.22,7
2024-05-17T20:00:00.000Z,2404.22,2407.94,2403.07,2406.79,5
2024-05-17T21:00:00.000Z,2406.79,2409.93,2405.64,2408.78,5
2024-05-17T22:00:00.000Z,2408.78,2411.93,2407.63,2410.78,5
2024-05-17T23:00:00.000Z,2410.78,2413.35,2409.63,2412.2,5
2024-05-20T00:00:00.000Z,2415.8,2417.23,2415.28,2416.71,5
2024-05-20T01:00:00.000Z,2416.71,2417.89,2416.19,2417.37,5
2024-05-20T02:00:00.000Z,2417.37,2418.54,2416.85,2418.02,5
2024-05-20T03:00:00.000Z,2418.02,2418.93,2417.5,2418.41,5
2024-05-20T04:00:00.000Z,2418.41,2419.41,2416.39,2417.39,5
2024-05-20T05:00:00.000Z,2417.39,2418.39,2415.86,2416.86,5
2024-05-20T06:00:00.000Z,2416.86,2417.86,2415.34,2416.34,5
2024-05-20T07:00:00.000Z,2416.34,2417.34,2415.32,2416.32,5
2024-05-20T08:00:00.000Z,2416.32,2421.28,2414.75,2419.71,5
2024-05-20T09:00:00.000Z,2419.71,2423.89,2418.14,2422.32,5
2024-05-20T10:00:00.000Z,2422.32,2426.5,2420.75,2424.93,5
2024-05-20T11:00:00.000Z,2424.93,2428.33,2423.36,2426.76,5
2024-05-20T12:00:00.000Z,2426.76,2430.61,2425.72,2429.57,5
2024-05-20T13:00:00.000Z,2429.57,2432.89,2428.53,2431.85,5
2024-05-20T14:00:00.000Z,2431.85,2435.18,2430.81,2434.14,5
2024-05-20T15:00:00.000Z,2434.14,2436.94,2433.1,2435.9,5
2024-05-20T16:00:00.000Z,2435.9,2436.42,2434.47,2434.99,5
2024-05-20T17:00:00.000Z,2434.99,2435.51,2433.81,2434.33,5
2024-05-20T18:00:00.000Z,2434.33,2434.85,2433.16,2433.68,5
2024-05-20T19:00:00.000Z,2433.68,2434.2,2432.77,2433.29,5
2024-05-20T20:00:00.000Z,2433.29,2433.92,2432.97,2433.6,5
2024-05-20T21:00:00.000Z,2433.6,2434.08,2433.28,2433.76,5
2024-05-20T22:00:00.000Z,2433.76,2434.23,2433.44,2433.91,5
2024-05-20T23:00:00.000Z,2433.91,2434.23,2433.58,2433.9,5
2024-05-21T00:00:00.000Z,2429.5,2429.67,2429.03,2429.2,5
2024-05-21T01:00:00.000Z,2429.2,2429.37,2428.82,2428.99,5
2024-05-21T02:00:00.000Z,2428.99,2429.16,2428.61,2428.78,5
2024-05-21T03:00:00.000Z,2428.78,2428.95,2428.48,2428.65,5
2024-05-21T04:00:00.000Z,2428.65,2429.01,2428.52,2428.88,5
2024-05-21T05:00:00.000Z,2428.88,2429.18,2428.75,2429.05,5
2024-05-21T06:00:00.000Z,2429.05,2429.35,2428.92,2429.22,5
2024-05-21T07:00:00.000Z,2429.22,2429.46,2429.09,2429.33,5
2024-05-21T08:00:00.000Z,2429.33,2429.84,2427.71,2428.22,5
2024-05-21T09:00:00.000Z,2428.22,2428.73,2426.87,2427.38,5
2024-05-21T10:00:00.000Z,2427.38,2427.89,2426.01,2426.52,5
2024-05-21T11:00:00.000Z,2426.52,2427.03,2425.42,2425.93,5
2024-05-21T12:00:00.000Z,2425.93,2426.47,2424.38,2424.92,5
2024-05-21T13:00:00.000Z,2424.92,2425.46,2423.63,2424.17,5
2024-05-21T14:00:00.000Z,2424.17,2424.71,2422.89,2423.43,5
2024-05-21T15:00:00.000Z,2423.43,2423.97,2422.41,2422.95,5
2024-05-21T16:00:00.000Z,2422.95,2423.42,2422.78,2423.25,5
2024-05-21T17:00:00.000Z,2423.25,2423.63,2423.08,2423.46,5
2024-05-21T18:00:00.000Z,2423.46,2423.84,2423.29,2423.67,5
2024-05-21T19:00:00.000Z,2423.67,2423.97,2423.5,2423.8,5
2024-05-21T20:00:00.000Z,2423.8,2424.1,2422.83,2423.13,5
2024-05-21T21:00:00.000Z,2423.13,2423.43,2422.3,2422.6,5
2024-05-21T22:00:00.000Z,2422.6,2422.9,2421.78,2422.08,5
2024-05-21T23:00:00.000Z,2422.08,2422.38,2421.4,2421.7,5
2024-05-22T00:00:00.000Z,2417.5,2418.34,2415.2,2416.04,5
2024-05-22T01:00:00.000Z,2416.04,2416.88,2414.15,2414.99,5
2024-05-22T02:00:00.000Z,2414.99,2415.83,2413.11,2413.95,5
2024-05-22T03:00:00.000Z,2413.95,2414.79,2412.48,2413.32,5
2024-05-22T04:00:00.000Z,2413.32,2415.11,2412.68,2414.47,6
2024-05-22T05:00:00.000Z,2414.47,2415.95,2413.83,2415.31,6
2024-05-22T06:00:00.000Z,2415.31,2416.78,2414.67,2416.14,6
2024-05-22T07:00:00.000Z,2416.14,2417.3,2415.5,2416.66,6
2024-05-22T08:00:00.000Z,2416.66,2419.17,2408.72,2411.23,13
2024-05-22T09:00:00.000Z,2411.23,2413.74,2404.54,2407.05,13
2024-05-22T10:00:00.000Z,2407.05,2409.56,2400.36,2402.87,13
2024-05-22T11:00:00.000Z,2402.87,2405.38,2397.43,2399.94,13
2024-05-22T12:00:00.000Z,2399.94,2402.56,2392.35,2394.97,15
2024-05-22T13:00:00.000Z,2394.97,2397.59,2388.69,2391.31,15
2024-05-22T14:00:00.000Z,2391.31,2393.93,2385.04,2387.66,15
2024-05-22T15:00:00.000Z,2387.66,2390.28,2382.69,2385.31,15
2024-05-22T16:00:00.000Z,2385.31,2387.61,2384.47,2386.77,6
2024-05-22T17:00:00.000Z,2386.77,2388.66,2385.93,2387.82,6
2024-05-22T18:00:00.000Z,2387.82,2389.7,2386.98,2388.86,6
2024-05-22T19:00:00.000Z,2388.86,2390.33,2388.02,2389.49,6
2024-05-22T20:00:00.000Z,2389.49,2389.94,2388.74,2389.19,5
2024-05-22T21:00:00.000Z,2389.19,2389.64,2388.67,2389.12,5
2024-05-22T22:00:00.000Z,2389.12,2389.57,2388.6,2389.05,5
2024-05-22T23:00:00.000Z,2389.05,2389.65,2388.6,2389.2,5
2024-05-23T00:00:00.000Z,2371.2,2371.92,2369.21,2369.93,9
2024-05-23T01:00:00.000Z,2369.93,2370.65,2368.31,2369.03,9
2024-05-23T02:00:00.000Z,2369.03,2369.75,2367.4,2368.12,9
2024-05-23T03:00:00.000Z,2368.12,2368.84,2366.86,2367.58,9
2024-05-23T04:00:00.000Z,2367.58,2369.12,2367.04,2368.58,11
2024-05-23T05:00:00.000Z,2368.58,2369.84,2368.04,2369.3,11
2024-05-23T06:00:00.000Z,2369.3,2370.57,2368.76,2370.03,11
2024-05-23T07:00:00.000Z,2370.03,2371.02,2369.49,2370.48,11
2024-05-23T08:00:00.000Z,2370.48,2372.65,2363.6,2365.77,26
2024-05-23T09:00:00.000Z,2365.77,2367.94,2359.98,2362.15,26
2024-05-23T10:00:00.000Z,2362.15,2364.32,2356.36,2358.53,26
2024-05-23T11:00:00.000Z,2358.53,2360.7,2353.83,2356,26
2024-05-23T12:00:00.000Z,2356,2358.28,2349.41,2351.69,29
2024-05-23T13:00:00.000Z,2351.69,2353.97,2346.24,2348.52,29
2024-05-23T14:00:00.000Z,2348.52,2350.8,2343.08,2345.36,29
2024-05-23T15:00:00.000Z,2345.36,2347.64,2341.05,2343.33,29
2024-05-23T16:00:00.000Z,2343.33,2345.32,2342.61,2344.6,11
2024-05-23T17:00:00.000Z,2344.6,2346.22,2343.88,2345.5,11
2024-05-23T18:00:00.000Z,2345.5,2347.13,2344.78,2346.41,11
2024-05-23T19:00:00.000Z,2346.41,2347.67,2345.69,2346.95,11
2024-05-23T20:00:00.000Z,2346.95,2348.51,2341.62,2343.18,6
2024-05-23T21:00:00.000Z,2343.18,2344.74,2338.64,2340.2,6
2024-05-23T22:00:00.000Z,2340.2,2341.76,2335.65,2337.21,6
2024-05-23T23:00:00.000Z,2337.21,2338.77,2333.44,2335,6
2024-05-24T00:00:00.000Z,2342.6,2342.86,2341.89,2342.15,5
2024-05-24T01:00:00.000Z,2342.15,2342.41,2341.57,2341.83,5
2024-05-24T02:00:00.000Z,2341.83,2342.09,2341.24,2341.5,5
2024-05-24T03:00:00.000Z,2341.5,2341.76,2341.05,2341.31,5
2024-05-24T04:00:00.000Z,2341.31,2342.27,2340.84,2341.8,5
2024-05-24T05:00:00.000Z,2341.8,2342.53,2341.33,2342.06,5
2024-05-24T06:00:00.000Z,2342.06,2342.79,2341.59,2342.32,5
2024-05-24T07:00:00.000Z,2342.32,2342.81,2341.85,2342.34,5
2024-05-24T08:00:00.000Z,2342.34,2343.11,2339.89,2340.66,5
2024-05-24T09:00:00.000Z,2340.66,2341.43,2338.6,2339.37,5
2024-05-24T10:00:00.000Z,2339.37,2340.14,2337.31,2338.08,5
2024-05-24T11:00:00.000Z,2338.08,2338.85,2336.41,2337.18,5
2024-05-24T12:00:00.000Z,2337.18,2337.71,2335.26,2335.79,5
2024-05-24T13:00:00.000Z,2335.79,2336.32,2334.13,2334.66,5
2024-05-24T14:00:00.000Z,2334.66,2335.19,2333,2333.53,5
2024-05-24T15:00:00.000Z,2333.53,2334.06,2332.14,2332.67,5
2024-05-24T16:00:00.000Z,2332.67,2333.38,2332.41,2333.12,5
2024-05-24T17:00:00.000Z,2333.12,2333.7,2332.86,2333.44,5
2024-05-24T18:00:00.000Z,2333.44,2334.03,2333.18,2333.77,5
2024-05-24T19:00:00.000Z,2333.77,2334.22,2333.51,2333.96,5
2024-05-24T20:00:00.000Z,2333.96,2334.23,2333.19,2333.46,5
2024-05-24T21:00:00.000Z,2333.46,2333.73,2332.82,2333.09,5
2024-05-24T22:00:00.000Z,2333.09,2333.36,2332.46,2332.73,5
2024-05-24T23:00:00.000Z,2332.73,2333,2332.23,2332.5,5
2024-05-28T00:00:00.000Z,2336.9,2338.16,2336.44,2337.7,5
2024-05-28T01:00:00.000Z,2337.7,2338.73,2337.24,2338.27,5
2024-05-28T02:00:00.000Z,2338.27,2339.3,2337.81,2338.84,5
2024-05-28T03:00:00.000Z,2338.84,2339.64,2338.38,2339.18,5
2024-05-28T04:00:00.000Z,2339.18,2339.52,2338.21,2338.55,5
2024-05-28T05:00:00.000Z,2338.55,2338.89,2337.76,2338.1,5
2024-05-28T06:00:00.000Z,2338.1,2338.44,2337.3,2337.64,5
2024-05-28T07:00:00.000Z,2337.64,2337.98,2337.02,2337.36,5
2024-05-28T08:00:00.000Z,2337.36,2341.69,2335.99,2340.32,5
2024-05-28T09:00:00.000Z,2340.32,2343.97,2338.95,2342.6,5
2024-05-28T10:00:00.000Z,2342.6,2346.25,2341.23,2344.88,5
2024-05-28T11:00:00.000Z,2344.88,2347.85,2343.51,2346.48,5
2024-05-28T12:00:00.000Z,2346.48,2350.63,2345.04,2349.19,5
2024-05-28T13:00:00.000Z,2349.19,2352.63,2347.75,2351.19,5
2024-05-28T14:00:00.000Z,2351.19,2354.62,2349.75,2353.18,5
2024-05-28T15:00:00.000Z,2353.18,2355.9,2351.74,2354.46,5
2024-05-28T16:00:00.000Z,2354.46,2354.92,2353.2,2353.66,5
2024-05-28T17:00:00.000Z,2353.66,2354.12,2352.63,2353.09,5
2024-05-28T18:00:00.000Z,2353.09,2353.55,2352.06,2352.52,5
2024-05-28T19:00:00.000Z,2352.52,2352.98,2351.72,2352.18,5
2024-05-28T20:00:00.000Z,2352.18,2353.73,2351.65,2353.2,5
2024-05-28T21:00:00.000Z,2353.2,2354.48,2352.67,2353.95,5
2024-05-28T22:00:00.000Z,2353.95,2355.24,2353.42,2354.71,5
2024-05-28T23:00:00.000Z,2354.71,2355.73,2354.18,2355.2,5
2024-05-29T00:00:00.000Z,2340.3,2340.3,2340.3,2340.3,2983
2024-05-29T01:00:00.000Z,2340.3,2340.3,2340.3,2340.3,2983
2024-05-29T02:00:00.000Z,2340.3,2340.3,2340.3,2340.3,2983
2024-05-29T03:00:00.000Z,2340.3,2340.3,2340.3,2340.3,2983
2024-05-29T04:00:00.000Z,2340.3,2340.3,2340.3,2340.3,3580
2024-05-29T05:00:00.000Z,2340.3,2340.3,2340.3,2340.3,3580
2024-05-29T06:00:00.000Z,2340.3,2340.3,2340.3,2340.3,3580
2024-05-29T07:00:00.000Z,2340.3,2340.3,2340.3,2340.3,3580
2024-05-29T08:00:00.000Z,2340.3,2340.3,2340.3,2340.3,8352
2024-05-29T09:00:00.000Z,2340.3,2340.3,2340.3,2340.3,8352
2024-05-29T10:00:00.000Z,2340.3,2340.3,2340.3,2340.3,8352
2024-05-29T11:00:00.000Z,2340.3,2340.3,2340.3,2340.3,8352
2024-05-29T12:00:00.000Z,2340.3,2340.3,2340.3,2340.3,9545
2024-05-29T13:00:00.000Z,2340.3,2340.3,2340.3,2340.3,9545
2024-05-29T14:00:00.000Z,2340.3,2340.3,2340.3,2340.3,9545
2024-05-29T15:00:00.000Z,2340.3,2340.3,2340.3,2340.3,9545
2024-05-29T16:00:00.000Z,2340.3,2340.3,2340.3,2340.3,3580
2024-05-29T17:00:00.000Z,2340.3,2340.3,2340.3,2340.3,3580
2024-05-29T18:00:00.000Z,2340.3,2340.3,2340.3,2340.3,3580
2024-05-29T19:00:00.000Z,2340.3,2340.3,2340.3,2340.3,3580
2024-05-29T20:00:00.000Z,2340.3,2340.3,2340.3,2340.3,1790
2024-05-29T21:00:00.000Z,2340.3,2340.3,2340.3,2340.3,1790
2024-05-29T22:00:00.000Z,2340.3,2340.3,2340.3,2340.3,1790
2024-05-29T23:00:00.000Z,2340.3,2340.3,2340.3,2340.3,1790
2024-05-30T00:00:00.000Z,2336.9,2338.47,2336.33,2337.9,815
2024-05-30T01:00:00.000Z,2337.9,2339.19,2337.33,2338.62,815
2024-05-30T02:00:00.000Z,2338.62,2339.91,2338.05,2339.34,815
2024-05-30T03:00:00.000Z,2339.34,2340.34,2338.77,2339.77,815
2024-05-30T04:00:00.000Z,2339.77,2341.81,2336.13,2338.17,978
2024-05-30T05:00:00.000Z,2338.17,2340.21,2335.56,2337.6,978
2024-05-30T06:00:00.000Z,2337.6,2339.64,2334.99,2337.03,978
2024-05-30T07:00:00.000Z,2337.03,2339.51,2334.99,2337.47,978
2024-05-30T08:00:00.000Z,2337.47,2342.92,2335.75,2341.2,2281
2024-05-30T09:00:00.000Z,2341.2,2345.79,2339.48,2344.07,2281
2024-05-30T10:00:00.000Z,2344.07,2348.66,2342.35,2346.94,2281
2024-05-30T11:00:00.000Z,2346.94,2350.67,2345.22,2348.95,2281
2024-05-30T12:00:00.000Z,2348.95,2353.19,2347.8,2352.04,2607
2024-05-30T13:00:00.000Z,2352.04,2355.7,2350.89,2354.55,2607
2024-05-30T14:00:00.000Z,2354.55,2358.21,2353.4,2357.06,2607
2024-05-30T15:00:00.000Z,2357.06,2360.15,2355.91,2359,2607
2024-05-30T16:00:00.000Z,2359,2359.57,2357.43,2358,978
2024-05-30T17:00:00.000Z,2358,2358.57,2356.71,2357.28,978
2024-05-30T18:00:00.000Z,2357.28,2357.85,2355.99,2356.56,978
2024-05-30T19:00:00.000Z,2356.56,2357.13,2355.56,2356.13,978
2024-05-30T20:00:00.000Z,2356.13,2357.74,2350.41,2352.02,489
2024-05-30T21:00:00.000Z,2352.02,2353.63,2347.1,2348.71,489
2024-05-30T22:00:00.000Z,2348.71,2350.32,2343.79,2345.4,489
2024-05-30T23:00:00.000Z,2345.4,2347.01,2341.29,2342.9,489
2024-05-31T00:00:00.000Z,2344.1,2344.8,2342.18,2342.88,24
2024-05-31T01:00:00.000Z,2342.88,2343.58,2341.3,2342,24
2024-05-31T02:00:00.000Z,2342,2342.7,2340.43,2341.13,24
2024-05-31T03:00:00.000Z,2341.13,2341.83,2339.9,2340.6,24
2024-05-31T04:00:00.000Z,2340.6,2343.57,2339.09,2342.06,28
2024-05-31T05:00:00.000Z,2342.06,2344.28,2340.55,2342.76,28
2024-05-31T06:00:00.000Z,2342.76,2344.97,2341.25,2343.46,28
2024-05-31T07:00:00.000Z,2343.46,2344.97,2341.89,2343.4,28
2024-05-31T08:00:00.000Z,2343.4,2345.5,2336.75,2338.85,66
2024-05-31T09:00:00.000Z,2338.85,2340.95,2333.25,2335.35,66
2024-05-31T10:00:00.000Z,2335.35,2337.45,2329.75,2331.85,66
2024-05-31T11:00:00.000Z,2331.85,2333.95,2327.3,2329.4,66
2024-05-31T12:00:00.000Z,2329.4,2330.8,2324.24,2325.64,75
2024-05-31T13:00:00.000Z,2325.64,2327.04,2321.18,2322.58,75
2024-05-31T14:00:00.000Z,2322.58,2323.98,2318.11,2319.51,75
2024-05-31T15:00:00.000Z,2319.51,2320.91,2315.75,2317.15,75
2024-05-31T16:00:00.000Z,2317.15,2319.08,2316.45,2318.38,28
2024-05-31T17:00:00.000Z,2318.38,2319.95,2317.68,2319.25,28
2024-05-31T18:00:00.000Z,2319.25,2320.83,2318.55,2320.13,28
2024-05-31T19:00:00.000Z,2320.13,2321.35,2319.43,2320.65,28
2024-05-31T20:00:00.000Z,2320.65,2322.07,2320.08,2321.5,14
2024-05-31T21:00:00.000Z,2321.5,2322.63,2320.93,2322.06,14
2024-05-31T22:00:00.000Z,2322.06,2323.2,2321.49,2322.63,14
2024-05-31T23:00:00.000Z,2322.63,2323.47,2322.06,2322.9,14
2024-06-03T00:00:00.000Z,2322.6,2324.55,2321.89,2323.84,20
2024-06-03T01:00:00.000Z,2323.84,2325.44,2323.13,2324.73,20
2024-06-03T02:00:00.000Z,2324.73,2326.33,2324.02,2325.62,20
2024-06-03T03:00:00.000Z,2325.62,2326.86,2324.91,2326.15,20
2024-06-03T04:00:00.000Z,2326.15,2327.74,2323.05,2324.64,24
2024-06-03T05:00:00.000Z,2324.64,2326.23,2322.34,2323.93,24
2024-06-03T06:00:00.000Z,2323.93,2325.52,2321.63,2323.22,24
2024-06-03T07:00:00.000Z,2323.22,2324.9,2321.63,2323.31,24
2024-06-03T08:00:00.000Z,2323.31,2330.06,2321.18,2327.93,55
2024-06-03T09:00:00.000Z,2327.93,2333.6,2325.8,2331.47,55
2024-06-03T10:00:00.000Z,2331.47,2337.16,2329.34,2335.03,55
2024-06-03T11:00:00.000Z,2335.03,2339.64,2332.9,2337.51,55
2024-06-03T12:00:00.000Z,2337.51,2342.75,2336.09,2341.33,63
2024-06-03T13:00:00.000Z,2341.33,2345.86,2339.91,2344.44,63
2024-06-03T14:00:00.000Z,2344.44,2348.96,2343.02,2347.54,63
2024-06-03T15:00:00.000Z,2347.54,2351.36,2346.12,2349.94,63
2024-06-03T16:00:00.000Z,2349.94,2350.65,2347.99,2348.7,24
2024-06-03T17:00:00.000Z,2348.7,2349.41,2347.1,2347.81,24
2024-06-03T18:00:00.000Z,2347.81,2348.52,2346.21,2346.92,24
2024-06-03T19:00:00.000Z,2346.92,2347.63,2345.68,2346.39,24
2024-06-03T20:00:00.000Z,2346.39,2347.01,2346.01,2346.63,12
2024-06-03T21:00:00.000Z,2346.63,2347.06,2346.25,2346.68,12
2024-06-03T22:00:00.000Z,2346.68,2347.12,2346.3,2346.74,12
2024-06-03T23:00:00.000Z,2346.74,2347.12,2346.22,2346.6,12
2024-06-04T00:00:00.000Z,2347.5,2348.18,2345.64,2346.32,22
2024-06-04T01:00:00.000Z,2346.32,2347,2344.79,2345.47,22
2024-06-04T02:00:00.000Z,2345.47,2346.15,2343.95,2344.63,22
2024-06-04T03:00:00.000Z,2344.63,2345.31,2343.44,2344.12,22
2024-06-04T04:00:00.000Z,2344.12,2345.59,2343.59,2345.06,27
2024-06-04T05:00:00.000Z,2345.06,2346.26,2344.53,2345.73,27
2024-06-04T06:00:00.000Z,2345.73,2346.94,2345.2,2346.41,27
2024-06-04T07:00:00.000Z,2346.41,2347.35,2345.88,2346.82,27
2024-06-04T08:00:00.000Z,2346.82,2348.85,2340.4,2342.43,62
2024-06-04T09:00:00.000Z,2342.43,2344.46,2337.02,2339.05,62
2024-06-04T10:00:00.000Z,2339.05,2341.08,2333.64,2335.67,62
2024-06-04T11:00:00.000Z,2335.67,2337.7,2331.27,2333.3,62
2024-06-04T12:00:00.000Z,2333.3,2335.41,2327.18,2329.29,71
2024-06-04T13:00:00.000Z,2329.29,2331.4,2324.22,2326.33,71
2024-06-04T14:00:00.000Z,2326.33,2328.44,2321.26,2323.37,71
2024-06-04T15:00:00.000Z,2323.37,2325.48,2319.36,2321.47,71
2024-06-04T16:00:00.000Z,2321.47,2323.33,2320.79,2322.65,27
2024-06-04T17:00:00.000Z,2322.65,2324.18,2321.97,2323.5,27
2024-06-04T18:00:00.000Z,2323.5,2325.02,2322.82,2324.34,27
2024-06-04T19:00:00.000Z,2324.34,2325.53,2323.66,2324.85,27
2024-06-04T20:00:00.000Z,2324.85,2325.61,2324.45,2325.21,13
2024-06-04T21:00:00.000Z,2325.21,2325.78,2324.81,2325.38,13
2024-06-04T22:00:00.000Z,2325.38,2325.94,2324.98,2325.54,13
2024-06-04T23:00:00.000Z,2325.54,2325.94,2325.1,2325.5,13
2024-06-05T00:00:00.000Z,2326.4,2327.94,2325.84,2327.38,8
2024-06-05T01:00:00.000Z,2327.38,2328.65,2326.82,2328.09,8
2024-06-05T02:00:00.000Z,2328.09,2329.35,2327.53,2328.79,8
2024-06-05T03:00:00.000Z,2328.79,2329.77,2328.23,2329.21,8
2024-06-05T04:00:00.000Z,2329.21,2329.65,2327.99,2328.43,9
2024-06-05T05:00:00.000Z,2328.43,2328.87,2327.42,2327.86,9
2024-06-05T06:00:00.000Z,2327.86,2328.3,2326.86,2327.3,9
2024-06-05T07:00:00.000Z,2327.3,2327.74,2326.52,2326.96,9
2024-06-05T08:00:00.000Z,2326.96,2332.3,2325.27,2330.61,21
2024-06-05T09:00:00.000Z,2330.61,2335.11,2328.92,2333.42,21
2024-06-05T10:00:00.000Z,2333.42,2337.92,2331.73,2336.23,21
2024-06-05T11:00:00.000Z,2336.23,2339.89,2334.54,2338.2,21
2024-06-05T12:00:00.000Z,2338.2,2343.28,2336.45,2341.53,24
2024-06-05T13:00:00.000Z,2341.53,2345.74,2339.78,2343.99,24
2024-06-05T14:00:00.000Z,2343.99,2348.2,2342.24,2346.45,24
2024-06-05T15:00:00.000Z,2346.45,2349.79,2344.7,2348.04,24
2024-06-05T16:00:00.000Z,2348.04,2348.6,2346.5,2347.06,9
2024-06-05T17:00:00.000Z,2347.06,2347.62,2345.79,2346.35,9
2024-06-05T18:00:00.000Z,2346.35,2346.91,2345.09,2345.65,9
2024-06-05T19:00:00.000Z,2345.65,2346.21,2344.67,2345.23,9
2024-06-05T20:00:00.000Z,2345.23,2349.2,2344.06,2348.03,5
2024-06-05T21:00:00.000Z,2348.03,2351.42,2346.86,2350.25,5
2024-06-05T22:00:00.000Z,2350.25,2353.64,2349.08,2352.47,5
2024-06-05T23:00:00.000Z,2352.47,2355.27,2351.3,2354.1,5
2024-06-06T00:00:00.000Z,2355,2356.15,2354.58,2355.73,5
2024-06-06T01:00:00.000Z,2355.73,2356.67,2355.31,2356.25,5
2024-06-06T02:00:00.000Z,2356.25,2357.19,2355.83,2356.77,5
2024-06-06T03:00:00.000Z,2356.77,2357.5,2356.35,2357.08,5
2024-06-06T04:00:00.000Z,2357.08,2357.39,2356.2,2356.51,5
2024-06-06T05:00:00.000Z,2356.51,2356.82,2355.78,2356.09,5
2024-06-06T06:00:00.000Z,2356.09,2356.4,2355.37,2355.68,5
2024-06-06T07:00:00.000Z,2355.68,2355.99,2355.11,2355.42,5
2024-06-06T08:00:00.000Z,2355.42,2359.37,2354.17,2358.12,13
2024-06-06T09:00:00.000Z,2358.12,2361.45,2356.87,2360.2,13
2024-06-06T10:00:00.000Z,2360.2,2363.53,2358.95,2362.28,13
2024-06-06T11:00:00.000Z,2362.28,2364.99,2361.03,2363.74,13
2024-06-06T12:00:00.000Z,2363.74,2367.53,2362.43,2366.22,14
2024-06-06T13:00:00.000Z,2366.22,2369.35,2364.91,2368.04,14
2024-06-06T14:00:00.000Z,2368.04,2371.17,2366.73,2369.86,14
2024-06-06T15:00:00.000Z,2369.86,2372.33,2368.55,2371.02,14
2024-06-06T16:00:00.000Z,2371.02,2371.44,2369.87,2370.29,5
2024-06-06T17:00:00.000Z,2370.29,2370.71,2369.35,2369.77,5
2024-06-06T18:00:00.000Z,2369.77,2370.19,2368.83,2369.25,5
2024-06-06T19:00:00.000Z,2369.25,2369.67,2368.52,2368.94,5
2024-06-06T20:00:00.000Z,2368.94,2369.79,2368.6,2369.45,5
2024-06-06T21:00:00.000Z,2369.45,2370.13,2369.11,2369.79,5
2024-06-06T22:00:00.000Z,2369.79,2370.47,2369.45,2370.13,5
2024-06-06T23:00:00.000Z,2370.13,2370.64,2369.79,2370.3,5
2024-06-07T00:00:00.000Z,2379.9,2381.89,2374.42,2376.41,7
2024-06-07T01:00:00.000Z,2376.41,2378.4,2371.93,2373.92,7
2024-06-07T02:00:00.000Z,2373.92,2375.91,2369.44,2371.43,7
2024-06-07T03:00:00.000Z,2371.43,2373.42,2367.94,2369.93,7
2024-06-07T04:00:00.000Z,2369.93,2374.95,2367.91,2372.93,8
2024-06-07T05:00:00.000Z,2372.93,2376.95,2370.91,2374.93,8
2024-06-07T06:00:00.000Z,2374.93,2378.94,2372.91,2376.92,8
2024-06-07T07:00:00.000Z,2376.92,2379.93,2374.9,2377.91,8
2024-06-07T08:00:00.000Z,2377.91,2383.89,2358.97,2364.95,19
2024-06-07T09:00:00.000Z,2364.95,2370.93,2349,2354.98,19
2024-06-07T10:00:00.000Z,2354.98,2360.96,2339.03,2345.01,19
2024-06-07T11:00:00.000Z,2345.01,2350.99,2332.05,2338.03,19
2024-06-07T12:00:00.000Z,2338.03,2343.79,2320.66,2326.42,22
2024-06-07T13:00:00.000Z,2326.42,2332.18,2311.94,2317.7,22
2024-06-07T14:00:00.000Z,2317.7,2323.46,2303.21,2308.97,22
2024-06-07T15:00:00.000Z,2308.97,2314.73,2297.37,2303.13,22
2024-06-07T16:00:00.000Z,2303.13,2308.61,2301.14,2306.62,8
2024-06-07T17:00:00.000Z,2306.62,2311.1,2304.63,2309.11,8
2024-06-07T18:00:00.000Z,2309.11,2313.59,2307.12,2311.6,8
2024-06-07T19:00:00.000Z,2311.6,2315.09,2309.61,2313.1,8
2024-06-07T20:00:00.000Z,2313.1,2314.89,2308.44,2310.23,5
2024-06-07T21:00:00.000Z,2310.23,2312.02,2306.47,2308.26,5
2024-06-07T22:00:00.000Z,2308.26,2310.05,2304.49,2306.28,5
2024-06-07T23:00:00.000Z,2306.28,2308.07,2303.41,2305.2,5
2024-06-10T00:00:00.000Z,2290.6,2291.64,2290.22,2291.26,5
2024-06-10T01:00:00.000Z,2291.26,2292.11,2290.88,2291.73,5
2024-06-10T02:00:00.000Z,2291.73,2292.58,2291.35,2292.2,5
2024-06-10T03:00:00.000Z,2292.2,2292.86,2291.82,2292.48,5
2024-06-10T04:00:00.000Z,2292.48,2292.77,2291.67,2291.96,5
2024-06-10T05:00:00.000Z,2291.96,2292.25,2291.29,2291.58,5
2024-06-10T06:00:00.000Z,2291.58,2291.87,2290.92,2291.21,5
2024-06-10T07:00:00.000Z,2291.21,2291.5,2290.69,2290.98,5
2024-06-10T08:00:00.000Z,2290.98,2294.55,2289.85,2293.42,5
2024-06-10T09:00:00.000Z,2293.42,2296.43,2292.29,2295.3,5
2024-06-10T10:00:00.000Z,2295.3,2298.31,2294.17,2297.18,5
2024-06-10T11:00:00.000Z,2297.18,2299.63,2296.05,2298.5,5
2024-06-10T12:00:00.000Z,2298.5,2301.9,2297.33,2300.73,6
2024-06-10T13:00:00.000Z,2300.73,2303.55,2299.56,2302.38,6
2024-06-10T14:00:00.000Z,2302.38,2305.19,2301.21,2304.02,6
2024-06-10T15:00:00.000Z,2304.02,2306.25,2302.85,2305.08,6
2024-06-10T16:00:00.000Z,2305.08,2305.46,2304.04,2304.42,5
2024-06-10T17:00:00.000Z,2304.42,2304.8,2303.57,2303.95,5
2024-06-10T18:00:00.000Z,2303.95,2304.33,2303.1,2303.48,5
2024-06-10T19:00:00.000Z,2303.48,2303.86,2302.82,2303.2,5
2024-06-10T20:00:00.000Z,2303.2,2305.28,2302.56,2304.64,5
2024-06-10T21:00:00.000Z,2304.64,2306.41,2304,2305.77,5
2024-06-10T22:00:00.000Z,2305.77,2307.53,2305.13,2306.89,5
2024-06-10T23:00:00.000Z,2306.89,2308.34,2306.25,2307.7,5
2024-06-11T00:00:00.000Z,2300,2300.77,2299.72,2300.49,22
2024-06-11T01:00:00.000Z,2300.49,2301.13,2300.21,2300.85,22
2024-06-11T02:00:00.000Z,2300.85,2301.48,2300.57,2301.2,22
2024-06-11T03:00:00.000Z,2301.2,2301.69,2300.92,2301.41,22
2024-06-11T04:00:00.000Z,2301.41,2301.62,2300.81,2301.02,26
2024-06-11T05:00:00.000Z,2301.02,2301.23,2300.53,2300.74,26
2024-06-11T06:00:00.000Z,2300.74,2300.95,2300.25,2300.46,26
2024-06-11T07:00:00.000Z,2300.46,2300.67,2300.07,2300.28,26
2024-06-11T08:00:00.000Z,2300.28,2302.96,2299.43,2302.11,61
2024-06-11T09:00:00.000Z,2302.11,2304.37,2301.26,2303.52,61
2024-06-11T10:00:00.000Z,2303.52,2305.78,2302.67,2304.93,61
2024-06-11T11:00:00.000Z,2304.93,2306.77,2304.08,2305.92,61
2024-06-11T12:00:00.000Z,2305.92,2308.49,2305.03,2307.6,70
2024-06-11T13:00:00.000Z,2307.6,2309.72,2306.71,2308.83,70
2024-06-11T14:00:00.000Z,2308.83,2310.96,2307.94,2310.07,70
2024-06-11T15:00:00.000Z,2310.07,2311.75,2309.18,2310.86,70
2024-06-11T16:00:00.000Z,2310.86,2311.14,2310.09,2310.37,26
2024-06-11T17:00:00.000Z,2310.37,2310.65,2309.73,2310.01,26
2024-06-11T18:00:00.000Z,2310.01,2310.29,2309.38,2309.66,26
2024-06-11T19:00:00.000Z,2309.66,2309.94,2309.17,2309.45,26
2024-06-11T20:00:00.000Z,2309.45,2309.79,2308.45,2308.79,13
2024-06-11T21:00:00.000Z,2308.79,2309.13,2307.97,2308.31,13
2024-06-11T22:00:00.000Z,2308.31,2308.65,2307.48,2307.82,13
2024-06-11T23:00:00.000Z,2307.82,2308.16,2307.16,2307.5,13
2024-06-12T00:00:00.000Z,2314.9,2316.46,2314.33,2315.89,5
2024-06-12T01:00:00.000Z,2315.89,2317.17,2315.32,2316.6,5
2024-06-12T02:00:00.000Z,2316.6,2317.88,2316.03,2317.31,5
2024-06-12T03:00:00.000Z,2317.31,2318.31,2316.74,2317.74,5
2024-06-12T04:00:00.000Z,2317.74,2318.63,2315.84,2316.73,5
2024-06-12T05:00:00.000Z,2316.73,2317.62,2315.27,2316.16,5
2024-06-12T06:00:00.000Z,2316.16,2317.05,2314.7,2315.59,5
2024-06-12T07:00:00.000Z,2315.59,2316.48,2314.58,2315.47,5
2024-06-12T08:00:00.000Z,2315.47,2320.86,2313.77,2319.16,9
2024-06-12T09:00:00.000Z,2319.16,2323.7,2317.46,2322,9
2024-06-12T10:00:00.000Z,2322,2326.54,2320.3,2324.84,9
2024-06-12T11:00:00.000Z,2324.84,2328.53,2323.14,2326.83,9
2024-06-12T12:00:00.000Z,2326.83,2331.31,2325.5,2329.98,11
2024-06-12T13:00:00.000Z,2329.98,2333.79,2328.65,2332.46,11
2024-06-12T14:00:00.000Z,2332.46,2336.28,2331.13,2334.95,11
2024-06-12T15:00:00.000Z,2334.95,2338.1,2333.62,2336.77,11
2024-06-12T16:00:00.000Z,2336.77,2337.34,2335.21,2335.78,5
2024-06-12T17:00:00.000Z,2335.78,2336.35,2334.5,2335.07,5
2024-06-12T18:00:00.000Z,2335.07,2335.64,2333.79,2334.36,5
2024-06-12T19:00:00.000Z,2334.36,2334.93,2333.36,2333.93,5
2024-06-12T20:00:00.000Z,2333.93,2335.18,2333.44,2334.69,5
2024-06-12T21:00:00.000Z,2334.69,2335.7,2334.2,2335.21,5
2024-06-12T22:00:00.000Z,2335.21,2336.22,2334.72,2335.73,5
2024-06-12T23:00:00.000Z,2335.73,2336.49,2335.24,2336,5
2024-06-13T00:00:00.000Z,2309.4,2309.83,2308.22,2308.65,8
2024-06-13T01:00:00.000Z,2308.65,2309.08,2307.68,2308.11,8
2024-06-13T02:00:00.000Z,2308.11,2308.54,2307.14,2307.57,8
2024-06-13T03:00:00.000Z,2307.57,2308,2306.82,2307.25,8
2024-06-13T04:00:00.000Z,2307.25,2309.41,2306.1,2308.26,9
2024-06-13T05:00:00.000Z,2308.26,2309.84,2307.11,2308.69,9
2024-06-13T06:00:00.000Z,2308.69,2310.27,2307.54,2309.12,9
2024-06-13T07:00:00.000Z,2309.12,2310.27,2307.82,2308.97,9
2024-06-13T08:00:00.000Z,2308.97,2310.26,2304.88,2306.17,21
2024-06-13T09:00:00.000Z,2306.17,2307.46,2302.74,2304.03,21
2024-06-13T10:00:00.000Z,2304.03,2305.32,2300.59,2301.88,21
2024-06-13T11:00:00.000Z,2301.88,2303.17,2299.08,2300.37,21
2024-06-13T12:00:00.000Z,2300.37,2301.23,2297.2,2298.06,24
2024-06-13T13:00:00.000Z,2298.06,2298.92,2295.32,2296.18,24
2024-06-13T14:00:00.000Z,2296.18,2297.04,2293.43,2294.29,24
2024-06-13T15:00:00.000Z,2294.29,2295.15,2291.98,2292.84,24
2024-06-13T16:00:00.000Z,2292.84,2294.02,2292.41,2293.59,9
2024-06-13T17:00:00.000Z,2293.59,2294.56,2293.16,2294.13,9
2024-06-13T18:00:00.000Z,2294.13,2295.1,2293.7,2294.67,9
2024-06-13T19:00:00.000Z,2294.67,2295.42,2294.24,2294.99,9
2024-06-13T20:00:00.000Z,2294.99,2297.39,2294.25,2296.66,5
2024-06-13T21:00:00.000Z,2296.66,2298.7,2295.92,2297.96,5
2024-06-13T22:00:00.000Z,2297.96,2300,2297.22,2299.26,5
2024-06-13T23:00:00.000Z,2299.26,2300.93,2298.53,2300.2,5
2024-06-14T00:00:00.000Z,2307,2308.41,2306.49,2307.9,24
2024-06-14T01:00:00.000Z,2307.9,2309.05,2307.39,2308.54,24
2024-06-14T02:00:00.000Z,2308.54,2309.69,2308.03,2309.18,24
2024-06-14T03:00:00.000Z,2309.18,2310.07,2308.67,2309.56,24
2024-06-14T04:00:00.000Z,2309.56,2310.06,2308.3,2308.8,29
2024-06-14T05:00:00.000Z,2308.8,2309.3,2307.78,2308.28,29
2024-06-14T06:00:00.000Z,2308.28,2308.78,2307.27,2307.77,29
2024-06-14T07:00:00.000Z,2307.77,2308.27,2307.01,2307.51,29
2024-06-14T08:00:00.000Z,2307.51,2312.38,2305.97,2310.84,66
2024-06-14T09:00:00.000Z,2310.84,2314.94,2309.3,2313.4,66
2024-06-14T10:00:00.000Z,2313.4,2317.5,2311.86,2315.96,66
2024-06-14T11:00:00.000Z,2315.96,2319.29,2314.42,2317.75,66
2024-06-14T12:00:00.000Z,2317.75,2322.23,2316.26,2320.74,76
2024-06-14T13:00:00.000Z,2320.74,2324.47,2319.25,2322.98,76
2024-06-14T14:00:00.000Z,2322.98,2326.71,2321.49,2325.22,76
2024-06-14T15:00:00.000Z,2325.22,2328.2,2323.73,2326.71,76
2024-06-14T16:00:00.000Z,2326.71,2327.22,2325.3,2325.81,29
2024-06-14T17:00:00.000Z,2325.81,2326.32,2324.66,2325.17,29
2024-06-14T18:00:00.000Z,2325.17,2325.68,2324.02,2324.53,29
2024-06-14T19:00:00.000Z,2324.53,2325.04,2323.64,2324.15,29
2024-06-14T20:00:00.000Z,2324.15,2327.43,2323.17,2326.45,14
2024-06-14T21:00:00.000Z,2326.45,2329.25,2325.47,2328.27,14
2024-06-14T22:00:00.000Z,2328.27,2331.06,2327.29,2330.08,14
2024-06-14T23:00:00.000Z,2330.08,2332.38,2329.1,2331.4,14
2024-06-17T00:00:00.000Z,2320.2,2320.41,2319.62,2319.83,5
2024-06-17T01:00:00.000Z,2319.83,2320.04,2319.35,2319.56,5
2024-06-17T02:00:00.000Z,2319.56,2319.77,2319.09,2319.3,5
2024-06-17T03:00:00.000Z,2319.3,2319.51,2318.93,2319.14,5
2024-06-17T04:00:00.000Z,2319.14,2319.59,2318.98,2319.43,5
2024-06-17T05:00:00.000Z,2319.43,2319.8,2319.27,2319.64,5
2024-06-17T06:00:00.000Z,2319.64,2320.02,2319.48,2319.86,5
2024-06-17T07:00:00.000Z,2319.86,2320.15,2319.7,2319.99,5
2024-06-17T08:00:00.000Z,2319.99,2320.63,2317.97,2318.61,8
2024-06-17T09:00:00.000Z,2318.61,2319.25,2316.91,2317.55,8
2024-06-17T10:00:00.000Z,2317.55,2318.19,2315.85,2316.49,8
2024-06-17T11:00:00.000Z,2316.49,2317.13,2315.11,2315.75,8
2024-06-17T12:00:00.000Z,2315.75,2316.42,2313.82,2314.49,9
2024-06-17T13:00:00.000Z,2314.49,2315.16,2312.89,2313.56,9
2024-06-17T14:00:00.000Z,2313.56,2314.23,2311.96,2312.63,9
2024-06-17T15:00:00.000Z,2312.63,2313.3,2311.37,2312.04,9
2024-06-17T16:00:00.000Z,2312.04,2312.62,2311.83,2312.41,5
2024-06-17T17:00:00.000Z,2312.41,2312.89,2312.2,2312.68,5
2024-06-17T18:00:00.000Z,2312.68,2313.15,2312.47,2312.94,5
2024-06-17T19:00:00.000Z,2312.94,2313.31,2312.73,2313.1,5
2024-06-17T20:00:00.000Z,2313.1,2313.28,2312.66,2312.84,5
2024-06-17T21:00:00.000Z,2312.84,2313.02,2312.48,2312.66,5
2024-06-17T22:00:00.000Z,2312.66,2312.84,2312.31,2312.49,5
2024-06-17T23:00:00.000Z,2312.49,2312.67,2312.22,2312.4,5
2024-06-18T00:00:00.000Z,2311.8,2312.82,2311.43,2312.45,5
2024-06-18T01:00:00.000Z,2312.45,2313.29,2312.08,2312.92,5
2024-06-18T02:00:00.000Z,2312.92,2313.75,2312.55,2313.38,5
2024-06-18T03:00:00.000Z,2313.38,2314.03,2313.01,2313.66,5
2024-06-18T04:00:00.000Z,2313.66,2313.94,2312.87,2313.15,5
2024-06-18T05:00:00.000Z,2313.15,2313.43,2312.5,2312.78,5
2024-06-18T06:00:00.000Z,2312.78,2313.06,2312.12,2312.4,5
2024-06-18T07:00:00.000Z,2312.4,2312.68,2311.89,2312.17,5
2024-06-18T08:00:00.000Z,2312.17,2315.71,2311.05,2314.59,5
2024-06-18T09:00:00.000Z,2314.59,2317.57,2313.47,2316.45,5
2024-06-18T10:00:00.000Z,2316.45,2319.43,2315.33,2318.31,5
2024-06-18T11:00:00.000Z,2318.31,2320.73,2317.19,2319.61,5
2024-06-18T12:00:00.000Z,2319.61,2322.99,2318.44,2321.82,5
2024-06-18T13:00:00.000Z,2321.82,2324.62,2320.65,2323.45,5
2024-06-18T14:00:00.000Z,2323.45,2326.25,2322.28,2325.08,5
2024-06-18T15:00:00.000Z,2325.08,2327.29,2323.91,2326.12,5
2024-06-18T16:00:00.000Z,2326.12,2326.49,2325.1,2325.47,5
2024-06-18T17:00:00.000Z,2325.47,2325.84,2324.63,2325,5
2024-06-18T18:00:00.000Z,2325,2325.37,2324.17,2324.54,5
2024-06-18T19:00:00.000Z,2324.54,2324.91,2323.89,2324.26,5
2024-06-18T20:00:00.000Z,2324.26,2327,2323.46,2326.2,5
2024-06-18T21:00:00.000Z,2326.2,2328.53,2325.4,2327.73,5
2024-06-18T22:00:00.000Z,2327.73,2330.07,2326.93,2329.27,5
2024-06-18T23:00:00.000Z,2329.27,2331.2,2328.47,2330.4,5
2024-06-20T00:00:00.000Z,2328.9,2330.31,2328.39,2329.8,5
2024-06-20T01:00:00.000Z,2329.8,2330.95,2329.29,2330.44,5
2024-06-20T02:00:00.000Z,2330.44,2331.59,2329.93,2331.08,5
2024-06-20T03:00:00.000Z,2331.08,2331.98,2330.57,2331.47,5
2024-06-20T04:00:00.000Z,2331.47,2331.91,2330.28,2330.73,6
2024-06-20T05:00:00.000Z,2330.73,2331.18,2329.77,2330.22,6
2024-06-20T06:00:00.000Z,2330.22,2330.66,2329.25,2329.7,6
2024-06-20T07:00:00.000Z,2329.7,2330.14,2328.96,2329.41,6
2024-06-20T08:00:00.000Z,2329.41,2334.29,2327.87,2332.75,13
2024-06-20T09:00:00.000Z,2332.75,2336.86,2331.21,2335.32,13
2024-06-20T10:00:00.000Z,2335.32,2339.43,2333.78,2337.89,13
2024-06-20T11:00:00.000Z,2337.89,2341.23,2336.35,2339.69,13
2024-06-20T12:00:00.000Z,2339.69,2344.28,2338.13,2342.72,15
2024-06-20T13:00:00.000Z,2342.72,2346.53,2341.16,2344.97,15
2024-06-20T14:00:00.000Z,2344.97,2348.78,2343.41,2347.22,15
2024-06-20T15:00:00.000Z,2347.22,2350.25,2345.66,2348.69,15
2024-06-20T16:00:00.000Z,2348.69,2349.2,2347.28,2347.79,6
2024-06-20T17:00:00.000Z,2347.79,2348.3,2346.64,2347.15,6
2024-06-20T18:00:00.000Z,2347.15,2347.66,2346,2346.51,6
2024-06-20T19:00:00.000Z,2346.51,2347.02,2345.61,2346.12,6
2024-06-20T20:00:00.000Z,2346.12,2349.58,2345.09,2348.55,5
2024-06-20T21:00:00.000Z,2348.55,2351.5,2347.52,2350.47,5
2024-06-20T22:00:00.000Z,2350.47,2353.42,2349.44,2352.39,5
2024-06-20T23:00:00.000Z,2352.39,2354.83,2351.36,2353.8,5
2024-06-21T00:00:00.000Z,2331.2,2331.5,2330.38,2330.68,5
2024-06-21T01:00:00.000Z,2330.68,2330.98,2330.01,2330.31,5
2024-06-21T02:00:00.000Z,2330.31,2330.61,2329.64,2329.94,5
2024-06-21T03:00:00.000Z,2329.94,2330.24,2329.42,2329.72,5
2024-06-21T04:00:00.000Z,2329.72,2330.35,2329.5,2330.13,5
2024-06-21T05:00:00.000Z,2330.13,2330.64,2329.91,2330.42,5
2024-06-21T06:00:00.000Z,2330.42,2330.94,2330.2,2330.72,5
2024-06-21T07:00:00.000Z,2330.72,2331.12,2330.5,2330.9,5
2024-06-21T08:00:00.000Z,2330.9,2331.79,2328.09,2328.98,5
2024-06-21T09:00:00.000Z,2328.98,2329.87,2326.61,2327.5,5
2024-06-21T10:00:00.000Z,2327.5,2328.39,2325.13,2326.02,5
2024-06-21T11:00:00.000Z,2326.02,2326.91,2324.09,2324.98,5
2024-06-21T12:00:00.000Z,2324.98,2325.91,2322.29,2323.22,6
2024-06-21T13:00:00.000Z,2323.22,2324.15,2320.99,2321.92,6
2024-06-21T14:00:00.000Z,2321.92,2322.85,2319.7,2320.63,6
2024-06-21T15:00:00.000Z,2320.63,2321.56,2318.87,2319.8,6
2024-06-21T16:00:00.000Z,2319.8,2320.62,2319.5,2320.32,5
2024-06-21T17:00:00.000Z,2320.32,2320.99,2320.02,2320.69,5
2024-06-21T18:00:00.000Z,2320.69,2321.36,2320.39,2321.06,5
2024-06-21T19:00:00.000Z,2321.06,2321.58,2320.76,2321.28,5
2024-06-21T20:00:00.000Z,2321.28,2321.92,2319.1,2319.74,5
2024-06-21T21:00:00.000Z,2319.74,2320.38,2317.88,2318.52,5
2024-06-21T22:00:00.000Z,2318.52,2319.16,2316.66,2317.3,5
2024-06-21T23:00:00.000Z,2317.3,2317.94,2315.76,2316.4,5
2024-06-24T00:00:00.000Z,2323.3,2323.86,2323.1,2323.66,5
2024-06-24T01:00:00.000Z,2323.66,2324.11,2323.46,2323.91,5
2024-06-24T02:00:00.000Z,2323.91,2324.37,2323.71,2324.17,5
2024-06-24T03:00:00.000Z,2324.17,2324.52,2323.97,2324.32,5
2024-06-24T04:00:00.000Z,2324.32,2324.53,2323.8,2324.01,5
2024-06-24T05:00:00.000Z,2324.01,2324.22,2323.59,2323.8,5
2024-06-24T06:00:00.000Z,2323.8,2324.01,2323.39,2323.6,5
2024-06-24T07:00:00.000Z,2323.6,2323.81,2323.29,2323.5,5
2024-06-24T08:00:00.000Z,2323.5,2325.44,2322.89,2324.83,7
2024-06-24T09:00:00.000Z,2324.83,2326.46,2324.22,2325.85,7
2024-06-24T10:00:00.000Z,2325.85,2327.48,2325.24,2326.87,7
2024-06-24T11:00:00.000Z,2326.87,2328.19,2326.26,2327.58,7
2024-06-24T12:00:00.000Z,2327.58,2329.34,2327,2328.76,8
2024-06-24T13:00:00.000Z,2328.76,2330.24,2328.18,2329.66,8
2024-06-24T14:00:00.000Z,2329.66,2331.13,2329.08,2330.55,8
2024-06-24T15:00:00.000Z,2330.55,2331.73,2329.97,2331.15,8
2024-06-24T16:00:00.000Z,2331.15,2331.35,2330.59,2330.79,5
2024-06-24T17:00:00.000Z,2330.79,2330.99,2330.34,2330.54,5
2024-06-24T18:00:00.000Z,2330.54,2330.74,2330.08,2330.28,5
2024-06-24T19:00:00.000Z,2330.28,2330.48,2329.93,2330.13,5
2024-06-24T20:00:00.000Z,2330.13,2330.24,2329.93,2330.04,5
2024-06-24T21:00:00.000Z,2330.04,2330.15,2329.9,2330.01,5
2024-06-24T22:00:00.000Z,2330.01,2330.13,2329.86,2329.98,5
2024-06-24T23:00:00.000Z,2329.98,2330.11,2329.86,2330,5
2024-06-25T00:00:00.000Z,2324.4,2324.73,2323.5,2323.83,5
2024-06-25T01:00:00.000Z,2323.83,2324.16,2323.09,2323.42,5
2024-06-25T02:00:00.000Z,2323.42,2323.75,2322.68,2323.01,5
2024-06-25T03:00:00.000Z,2323.01,2323.34,2322.43,2322.76,5
2024-06-25T04:00:00.000Z,2322.76,2324.75,2321.65,2323.64,5
2024-06-25T05:00:00.000Z,2323.64,2325.08,2322.53,2323.97,5
2024-06-25T06:00:00.000Z,2323.97,2325.41,2322.86,2324.3,5
2024-06-25T07:00:00.000Z,2324.3,2325.41,2322.96,2324.07,5
2024-06-25T08:00:00.000Z,2324.07,2325.05,2320.96,2321.94,7
2024-06-25T09:00:00.000Z,2321.94,2322.92,2319.32,2320.3,7
2024-06-25T10:00:00.000Z,2320.3,2321.28,2317.68,2318.66,7
2024-06-25T11:00:00.000Z,2318.66,2319.64,2316.53,2317.51,7
2024-06-25T12:00:00.000Z,2317.51,2318.17,2315.09,2315.75,9
2024-06-25T13:00:00.000Z,2315.75,2316.41,2313.65,2314.31,9
2024-06-25T14:00:00.000Z,2314.31,2314.97,2312.22,2312.88,9
2024-06-25T15:00:00.000Z,2312.88,2313.54,2311.11,2311.77,9
2024-06-25T16:00:00.000Z,2311.77,2312.67,2311.44,2312.34,5
2024-06-25T17:00:00.000Z,2312.34,2313.08,2312.01,2312.75,5
2024-06-25T18:00:00.000Z,2312.75,2313.49,2312.42,2313.16,5
2024-06-25T19:00:00.000Z,2313.16,2313.74,2312.83,2313.41,5
2024-06-25T20:00:00.000Z,2313.41,2314.93,2312.93,2314.45,5
2024-06-25T21:00:00.000Z,2314.45,2315.73,2313.97,2315.25,5
2024-06-25T22:00:00.000Z,2315.25,2316.52,2314.77,2316.04,5
2024-06-25T23:00:00.000Z,2316.04,2317.08,2315.56,2316.6,5
2024-06-26T00:00:00.000Z,2307.9,2308.23,2307,2307.33,25
2024-06-26T01:00:00.000Z,2307.33,2307.66,2306.59,2306.92,25
2024-06-26T02:00:00.000Z,2306.92,2307.25,2306.18,2306.51,25
2024-06-26T03:00:00.000Z,2306.51,2306.84,2305.93,2306.26,25
2024-06-26T04:00:00.000Z,2306.26,2307.94,2305.36,2307.04,30
2024-06-26T05:00:00.000Z,2307.04,2308.26,2306.14,2307.36,30
2024-06-26T06:00:00.000Z,2307.36,2308.59,2306.46,2307.69,30
2024-06-26T07:00:00.000Z,2307.69,2308.59,2306.67,2307.57,30
2024-06-26T08:00:00.000Z,2307.57,2308.55,2304.46,2305.44,69
2024-06-26T09:00:00.000Z,2305.44,2306.42,2302.82,2303.8,69
2024-06-26T10:00:00.000Z,2303.8,2304.78,2301.18,2302.16,69
2024-06-26T11:00:00.000Z,2302.16,2303.14,2300.03,2301.01,69
2024-06-26T12:00:00.000Z,2301.01,2301.67,2298.59,2299.25,79
2024-06-26T13:00:00.000Z,2299.25,2299.91,2297.15,2297.81,79
2024-06-26T14:00:00.000Z,2297.81,2298.47,2295.72,2296.38,79
2024-06-26T15:00:00.000Z,2296.38,2297.04,2294.61,2295.27,79
2024-06-26T16:00:00.000Z,2295.27,2296.17,2294.94,2295.84,30
2024-06-26T17:00:00.000Z,2295.84,2296.58,2295.51,2296.25,30
2024-06-26T18:00:00.000Z,2296.25,2296.99,2295.92,2296.66,30
2024-06-26T19:00:00.000Z,2296.66,2297.24,2296.33,2296.91,30
2024-06-26T20:00:00.000Z,2296.91,2298.07,2296.52,2297.68,15
2024-06-26T21:00:00.000Z,2297.68,2298.64,2297.29,2298.25,15
2024-06-26T22:00:00.000Z,2298.25,2299.21,2297.86,2298.82,15
2024-06-26T23:00:00.000Z,2298.82,2299.59,2298.43,2299.2,15
2024-06-27T00:00:00.000Z,2296.8,2298.67,2296.12,2297.99,38
2024-06-27T01:00:00.000Z,2297.99,2299.52,2297.31,2298.84,38
2024-06-27T02:00:00.000Z,2298.84,2300.37,2298.16,2299.69,38
2024-06-27T03:00:00.000Z,2299.69,2300.88,2299.01,2300.2,38
2024-06-27T04:00:00.000Z,2300.2,2300.89,2298.49,2299.18,46
2024-06-27T05:00:00.000Z,2299.18,2299.87,2297.81,2298.5,46
2024-06-27T06:00:00.000Z,2298.5,2299.19,2297.13,2297.82,46
2024-06-27T07:00:00.000Z,2297.82,2298.51,2296.79,2297.48,46
2024-06-27T08:00:00.000Z,2297.48,2303.94,2295.44,2301.9,107
2024-06-27T09:00:00.000Z,2301.9,2307.34,2299.86,2305.3,107
2024-06-27T10:00:00.000Z,2305.3,2310.74,2303.26,2308.7,107
2024-06-27T11:00:00.000Z,2308.7,2313.12,2306.66,2311.08,107
2024-06-27T12:00:00.000Z,2311.08,2317,2309.12,2315.04,123
2024-06-27T13:00:00.000Z,2315.04,2319.97,2313.08,2318.01,123
2024-06-27T14:00:00.000Z,2318.01,2322.95,2316.05,2320.99,123
2024-06-27T15:00:00.000Z,2320.99,2324.94,2319.03,2322.98,123
2024-06-27T16:00:00.000Z,2322.98,2323.66,2321.11,2321.79,46
2024-06-27T17:00:00.000Z,2321.79,2322.47,2320.26,2320.94,46
2024-06-27T18:00:00.000Z,2320.94,2321.62,2319.41,2320.09,46
2024-06-27T19:00:00.000Z,2320.09,2320.77,2318.9,2319.58,46
2024-06-27T20:00:00.000Z,2319.58,2322.06,2318.75,2321.23,23
2024-06-27T21:00:00.000Z,2321.23,2323.29,2320.4,2322.46,23
2024-06-27T22:00:00.000Z,2322.46,2324.52,2321.63,2323.69,23
2024-06-27T23:00:00.000Z,2323.69,2325.33,2322.86,2324.5,23
2024-06-28T00:00:00.000Z,2325.4,2326.47,2325.01,2326.08,5
2024-06-28T01:00:00.000Z,2326.08,2326.95,2325.69,2326.56,5
2024-06-28T02:00:00.000Z,2326.56,2327.43,2326.17,2327.04,5
2024-06-28T03:00:00.000Z,2327.04,2327.72,2326.65,2327.33,5
2024-06-28T04:00:00.000Z,2327.33,2328.26,2325.55,2326.48,5
2024-06-28T05:00:00.000Z,2326.48,2327.41,2325.17,2326.1,5
2024-06-28T06:00:00.000Z,2326.1,2327.03,2324.78,2325.71,5
2024-06-28T07:00:00.000Z,2325.71,2326.72,2324.78,2325.79,5
2024-06-28T08:00:00.000Z,2325.79,2329.46,2324.63,2328.3,7
2024-06-28T09:00:00.000Z,2328.3,2331.39,2327.14,2330.23,7
2024-06-28T10:00:00.000Z,2330.23,2333.32,2329.07,2332.16,7
2024-06-28T11:00:00.000Z,2332.16,2334.67,2331,2333.51,7
2024-06-28T12:00:00.000Z,2333.51,2336.35,2332.74,2335.58,7
2024-06-28T13:00:00.000Z,2335.58,2338.04,2334.81,2337.27,7
2024-06-28T14:00:00.000Z,2337.27,2339.73,2336.5,2338.96,7
2024-06-28T15:00:00.000Z,2338.96,2341.03,2338.19,2340.26,7
2024-06-28T16:00:00.000Z,2340.26,2340.65,2339.19,2339.58,5
2024-06-28T17:00:00.000Z,2339.58,2339.97,2338.71,2339.1,5
2024-06-28T18:00:00.000Z,2339.1,2339.49,2338.23,2338.62,5
2024-06-28T19:00:00.000Z,2338.62,2339.01,2337.94,2338.33,5
2024-06-28T20:00:00.000Z,2338.33,2339.59,2333.78,2335.04,5
2024-06-28T21:00:00.000Z,2335.04,2336.3,2331.13,2332.39,5
2024-06-28T22:00:00.000Z,2332.39,2333.65,2328.47,2329.73,5
2024-06-28T23:00:00.000Z,2329.73,2330.99,2326.44,2327.7,5
2024-07-01T00:00:00.000Z,2323.8,2324.24,2323.64,2324.08,6
2024-07-01T01:00:00.000Z,2324.08,2324.44,2323.92,2324.28,6
2024-07-01T02:00:00.000Z,2324.28,2324.64,2324.12,2324.48,6
2024-07-01T03:00:00.000Z,2324.48,2324.76,2324.32,2324.6,6
2024-07-01T04:00:00.000Z,2324.6,2324.93,2323.95,2324.28,7
2024-07-01T05:00:00.000Z,2324.28,2324.61,2323.78,2324.11,7
2024-07-01T06:00:00.000Z,2324.11,2324.44,2323.62,2323.95,7
2024-07-01T07:00:00.000Z,2323.95,2324.29,2323.62,2323.96,7
2024-07-01T08:00:00.000Z,2323.96,2325.48,2323.48,2325,17
2024-07-01T09:00:00.000Z,2325,2326.28,2324.52,2325.8,17
2024-07-01T10:00:00.000Z,2325.8,2327.08,2325.32,2326.6,17
2024-07-01T11:00:00.000Z,2326.6,2327.64,2326.12,2327.16,17
2024-07-01T12:00:00.000Z,2327.16,2328.34,2326.84,2328.02,19
2024-07-01T13:00:00.000Z,2328.02,2329.04,2327.7,2328.72,19
2024-07-01T14:00:00.000Z,2328.72,2329.74,2328.4,2329.42,19
2024-07-01T15:00:00.000Z,2329.42,2330.28,2329.1,2329.96,19
2024-07-01T16:00:00.000Z,2329.96,2330.12,2329.52,2329.68,7
2024-07-01T17:00:00.000Z,2329.68,2329.84,2329.32,2329.48,7
2024-07-01T18:00:00.000Z,2329.48,2329.64,2329.12,2329.28,7
2024-07-01T19:00:00.000Z,2329.28,2329.44,2329,2329.16,7
2024-07-01T20:00:00.000Z,2329.16,2329.4,2328.41,2328.65,5
2024-07-01T21:00:00.000Z,2328.65,2328.89,2328.02,2328.26,5
2024-07-01T22:00:00.000Z,2328.26,2328.5,2327.63,2327.87,5
2024-07-01T23:00:00.000Z,2327.87,2328.11,2327.36,2327.6,5
2024-07-02T00:00:00.000Z,2330.7,2330.93,2330.06,2330.29,5
2024-07-02T01:00:00.000Z,2330.29,2330.52,2329.77,2330,5
2024-07-02T02:00:00.000Z,2330,2330.23,2329.48,2329.71,5
2024-07-02T03:00:00.000Z,2329.71,2329.94,2329.31,2329.54,5
2024-07-02T04:00:00.000Z,2329.54,2330.61,2328.98,2330.05,5
2024-07-02T05:00:00.000Z,2330.05,2330.85,2329.49,2330.29,5
2024-07-02T06:00:00.000Z,2330.29,2331.08,2329.73,2330.52,5
2024-07-02T07:00:00.000Z,2330.52,2331.08,2329.91,2330.47,5
2024-07-02T08:00:00.000Z,2330.47,2331.17,2328.26,2328.96,5
2024-07-02T09:00:00.000Z,2328.96,2329.66,2327.1,2327.8,5
2024-07-02T10:00:00.000Z,2327.8,2328.5,2325.94,2326.64,5
2024-07-02T11:00:00.000Z,2326.64,2327.34,2325.13,2325.83,5
2024-07-02T12:00:00.000Z,2325.83,2326.29,2324.12,2324.58,5
2024-07-02T13:00:00.000Z,2324.58,2325.04,2323.11,2323.57,5
2024-07-02T14:00:00.000Z,2323.57,2324.03,2322.09,2322.55,5
2024-07-02T15:00:00.000Z,2322.55,2323.01,2321.31,2321.77,5
2024-07-02T16:00:00.000Z,2321.77,2322.41,2321.54,2322.18,5
2024-07-02T17:00:00.000Z,2322.18,2322.7,2321.95,2322.47,5
2024-07-02T18:00:00.000Z,2322.47,2322.99,2322.24,2322.76,5
2024-07-02T19:00:00.000Z,2322.76,2323.16,2322.53,2322.93,5
2024-07-02T20:00:00.000Z,2322.93,2323.13,2322.81,2323.01,5
2024-07-02T21:00:00.000Z,2323.01,2323.15,2322.89,2323.03,5
2024-07-02T22:00:00.000Z,2323.03,2323.16,2322.91,2323.04,5
2024-07-02T23:00:00.000Z,2323.04,2323.16,2322.88,2323,5
2024-07-03T00:00:00.000Z,2330.9,2332.58,2330.29,2331.97,5
2024-07-03T01:00:00.000Z,2331.97,2333.35,2331.36,2332.74,5
2024-07-03T02:00:00.000Z,2332.74,2334.12,2332.13,2333.51,5
2024-07-03T03:00:00.000Z,2333.51,2334.58,2332.9,2333.97,5
2024-07-03T04:00:00.000Z,2333.97,2334.43,2332.67,2333.13,5
2024-07-03T05:00:00.000Z,2333.13,2333.59,2332.05,2332.51,5
2024-07-03T06:00:00.000Z,2332.51,2332.97,2331.43,2331.89,5
2024-07-03T07:00:00.000Z,2331.89,2332.35,2331.05,2331.51,5
2024-07-03T08:00:00.000Z,2331.51,2337.34,2329.67,2335.5,5
2024-07-03T09:00:00.000Z,2335.5,2340.41,2333.66,2338.57,5
2024-07-03T10:00:00.000Z,2338.57,2343.48,2336.73,2341.64,5
2024-07-03T11:00:00.000Z,2341.64,2345.63,2339.8,2343.79,5
2024-07-03T12:00:00.000Z,2343.79,2349.37,2341.86,2347.44,5
2024-07-03T13:00:00.000Z,2347.44,2352.06,2345.51,2350.13,5
2024-07-03T14:00:00.000Z,2350.13,2354.75,2348.2,2352.82,5
2024-07-03T15:00:00.000Z,2352.82,2356.47,2350.89,2354.54,5
2024-07-03T16:00:00.000Z,2354.54,2355.15,2352.86,2353.47,5
2024-07-03T17:00:00.000Z,2353.47,2354.08,2352.09,2352.7,5
2024-07-03T18:00:00.000Z,2352.7,2353.31,2351.32,2351.93,5
2024-07-03T19:00:00.000Z,2351.93,2352.54,2350.86,2351.47,5
2024-07-03T20:00:00.000Z,2351.47,2355.26,2350.33,2354.12,5
2024-07-03T21:00:00.000Z,2354.12,2357.35,2352.98,2356.21,5
2024-07-03T22:00:00.000Z,2356.21,2359.43,2355.07,2358.29,5
2024-07-03T23:00:00.000Z,2358.29,2360.94,2357.15,2359.8,5
2024-07-05T00:00:00.000Z,2354.9,2356.75,2354.23,2356.08,5
2024-07-05T01:00:00.000Z,2356.08,2357.59,2355.41,2356.92,5
2024-07-05T02:00:00.000Z,2356.92,2358.43,2356.25,2357.76,5
2024-07-05T03:00:00.000Z,2357.76,2358.93,2357.09,2358.26,5
2024-07-05T04:00:00.000Z,2358.26,2358.76,2356.84,2357.34,5
2024-07-05T05:00:00.000Z,2357.34,2357.84,2356.16,2356.66,5
2024-07-05T06:00:00.000Z,2356.66,2357.16,2355.49,2355.99,5
2024-07-05T07:00:00.000Z,2355.99,2356.49,2355.07,2355.57,5
2024-07-05T08:00:00.000Z,2355.57,2361.96,2353.55,2359.94,5
2024-07-05T09:00:00.000Z,2359.94,2365.32,2357.92,2363.3,5
2024-07-05T10:00:00.000Z,2363.3,2368.68,2361.28,2366.66,5
2024-07-05T11:00:00.000Z,2366.66,2371.03,2364.64,2369.01,5
2024-07-05T12:00:00.000Z,2369.01,2375.13,2366.89,2373.01,6
2024-07-05T13:00:00.000Z,2373.01,2378.07,2370.89,2375.95,6
2024-07-05T14:00:00.000Z,2375.95,2381.01,2373.83,2378.89,6
2024-07-05T15:00:00.000Z,2378.89,2382.89,2376.77,2380.77,6
2024-07-05T16:00:00.000Z,2380.77,2381.44,2378.92,2379.59,5
2024-07-05T17:00:00.000Z,2379.59,2380.26,2378.08,2378.75,5
2024-07-05T18:00:00.000Z,2378.75,2379.42,2377.24,2377.91,5
2024-07-05T19:00:00.000Z,2377.91,2378.58,2376.74,2377.41,5
2024-07-05T20:00:00.000Z,2377.41,2382.35,2375.96,2380.9,5
2024-07-05T21:00:00.000Z,2380.9,2385.13,2379.45,2383.68,5
2024-07-05T22:00:00.000Z,2383.68,2387.89,2382.23,2386.45,5
2024-07-05T23:00:00.000Z,2386.45,2389.95,2385,2388.5,5
2024-07-08T00:00:00.000Z,2381.7,2382.32,2379.99,2380.61,5
2024-07-08T01:00:00.000Z,2380.61,2381.23,2379.22,2379.84,5
2024-07-08T02:00:00.000Z,2379.84,2380.46,2378.45,2379.07,5
2024-07-08T03:00:00.000Z,2379.07,2379.69,2377.98,2378.6,5
2024-07-08T04:00:00.000Z,2378.6,2380.24,2377.92,2379.56,5
2024-07-08T05:00:00.000Z,2379.56,2380.86,2378.88,2380.18,5
2024-07-08T06:00:00.000Z,2380.18,2381.48,2379.5,2380.8,5
2024-07-08T07:00:00.000Z,2380.8,2381.76,2380.13,2381.08,5
2024-07-08T08:00:00.000Z,2381.08,2382.94,2375.19,2377.05,5
2024-07-08T09:00:00.000Z,2377.05,2378.91,2372.09,2373.95,5
2024-07-08T10:00:00.000Z,2373.95,2375.81,2368.99,2370.85,5
2024-07-08T11:00:00.000Z,2370.85,2372.71,2366.82,2368.68,5
2024-07-08T12:00:00.000Z,2368.68,2370.42,2363.36,2365.1,5
2024-07-08T13:00:00.000Z,2365.1,2366.84,2360.64,2362.38,5
2024-07-08T14:00:00.000Z,2362.38,2364.12,2357.93,2359.67,5
2024-07-08T15:00:00.000Z,2359.67,2361.41,2356.09,2357.83,5
2024-07-08T16:00:00.000Z,2357.83,2359.53,2357.21,2358.91,5
2024-07-08T17:00:00.000Z,2358.91,2360.31,2358.29,2359.69,5
2024-07-08T18:00:00.000Z,2359.69,2361.08,2359.07,2360.46,5
2024-07-08T19:00:00.000Z,2360.46,2361.55,2359.84,2360.93,5
2024-07-08T20:00:00.000Z,2360.93,2361.81,2358.18,2359.06,5
2024-07-08T21:00:00.000Z,2359.06,2359.94,2356.74,2357.62,5
2024-07-08T22:00:00.000Z,2357.62,2358.5,2355.31,2356.19,5
2024-07-08T23:00:00.000Z,2356.19,2357.07,2354.32,2355.2,5
2024-07-09T00:00:00.000Z,2363.1,2363.17,2362.9,2362.97,5
2024-07-09T01:00:00.000Z,2362.97,2363.04,2362.81,2362.88,5
2024-07-09T02:00:00.000Z,2362.88,2362.95,2362.72,2362.79,5
2024-07-09T03:00:00.000Z,2362.79,2362.86,2362.67,2362.74,5
2024-07-09T04:00:00.000Z,2362.74,2362.98,2362.63,2362.87,5
2024-07-09T05:00:00.000Z,2362.87,2363.05,2362.76,2362.94,5
2024-07-09T06:00:00.000Z,2362.94,2363.12,2362.83,2363.01,5
2024-07-09T07:00:00.000Z,2363.01,2363.14,2362.9,2363.03,5
2024-07-09T08:00:00.000Z,2363.03,2363.25,2362.34,2362.56,5
2024-07-09T09:00:00.000Z,2362.56,2362.78,2361.98,2362.2,5
2024-07-09T10:00:00.000Z,2362.2,2362.42,2361.62,2361.84,5
2024-07-09T11:00:00.000Z,2361.84,2362.06,2361.37,2361.59,5
2024-07-09T12:00:00.000Z,2361.59,2361.76,2361.02,2361.19,5
2024-07-09T13:00:00.000Z,2361.19,2361.36,2360.71,2360.88,5
2024-07-09T14:00:00.000Z,2360.88,2361.05,2360.39,2360.56,5
2024-07-09T15:00:00.000Z,2360.56,2360.73,2360.16,2360.33,5
2024-07-09T16:00:00.000Z,2360.33,2360.53,2360.26,2360.46,5
2024-07-09T17:00:00.000Z,2360.46,2360.62,2360.39,2360.55,5
2024-07-09T18:00:00.000Z,2360.55,2360.71,2360.48,2360.64,5
2024-07-09T19:00:00.000Z,2360.64,2360.76,2360.57,2360.69,5
2024-07-09T20:00:00.000Z,2360.69,2360.78,2360.39,2360.49,5
2024-07-09T21:00:00.000Z,2360.49,2360.58,2360.26,2360.35,5
2024-07-09T22:00:00.000Z,2360.35,2360.44,2360.11,2360.2,5
2024-07-09T23:00:00.000Z,2360.2,2360.29,2360.01,2360.1,5
2024-07-10T00:00:00.000Z,2366.3,2366.91,2366.08,2366.69,5
2024-07-10T01:00:00.000Z,2366.69,2367.19,2366.47,2366.97,5
2024-07-10T02:00:00.000Z,2366.97,2367.47,2366.75,2367.25,5
2024-07-10T03:00:00.000Z,2367.25,2367.64,2367.03,2367.42,5
2024-07-10T04:00:00.000Z,2367.42,2367.64,2366.87,2367.09,5
2024-07-10T05:00:00.000Z,2367.09,2367.31,2366.64,2366.86,5
2024-07-10T06:00:00.000Z,2366.86,2367.08,2366.42,2366.64,5
2024-07-10T07:00:00.000Z,2366.64,2366.86,2366.3,2366.52,5
2024-07-10T08:00:00.000Z,2366.52,2368.65,2365.85,2367.98,5
2024-07-10T09:00:00.000Z,2367.98,2369.77,2367.31,2369.1,5
2024-07-10T10:00:00.000Z,2369.1,2370.89,2368.43,2370.22,5
2024-07-10T11:00:00.000Z,2370.22,2371.67,2369.55,2371,5
2024-07-10T12:00:00.000Z,2371,2372.97,2370.34,2372.31,5
2024-07-10T13:00:00.000Z,2372.31,2373.95,2371.65,2373.29,5
2024-07-10T14:00:00.000Z,2373.29,2374.93,2372.63,2374.27,5
2024-07-10T15:00:00.000Z,2374.27,2375.58,2373.61,2374.92,5
2024-07-10T16:00:00.000Z,2374.92,2375.14,2374.31,2374.53,5
2024-07-10T17:00:00.000Z,2374.53,2374.75,2374.03,2374.25,5
2024-07-10T18:00:00.000Z,2374.25,2374.47,2373.75,2373.97,5
2024-07-10T19:00:00.000Z,2373.97,2374.19,2373.58,2373.8,5
2024-07-10T20:00:00.000Z,2373.8,2374.07,2372.99,2373.26,5
2024-07-10T21:00:00.000Z,2373.26,2373.53,2372.59,2372.86,5
2024-07-10T22:00:00.000Z,2372.86,2373.13,2372.19,2372.46,5
2024-07-10T23:00:00.000Z,2372.46,2372.73,2371.93,2372.2,5
2024-07-11T00:00:00.000Z,2378.7,2380.79,2377.94,2380.03,5
2024-07-11T01:00:00.000Z,2380.03,2381.74,2379.27,2380.98,5
2024-07-11T02:00:00.000Z,2380.98,2382.69,2380.22,2381.93,5
2024-07-11T03:00:00.000Z,2381.93,2383.26,2381.17,2382.5,5
2024-07-11T04:00:00.000Z,2382.5,2383.07,2380.88,2381.45,5
2024-07-11T05:00:00.000Z,2381.45,2382.02,2380.13,2380.7,5
2024-07-11T06:00:00.000Z,2380.7,2381.27,2379.37,2379.94,5
2024-07-11T07:00:00.000Z,2379.94,2380.51,2378.89,2379.46,5
2024-07-11T08:00:00.000Z,2379.46,2386.68,2377.18,2384.4,5
2024-07-11T09:00:00.000Z,2384.4,2390.48,2382.12,2388.2,5
2024-07-11T10:00:00.000Z,2388.2,2394.28,2385.92,2392,5
2024-07-11T11:00:00.000Z,2392,2396.94,2389.72,2394.66,5
2024-07-11T12:00:00.000Z,2394.66,2401.57,2392.27,2399.18,6
2024-07-11T13:00:00.000Z,2399.18,2404.9,2396.79,2402.51,6
2024-07-11T14:00:00.000Z,2402.51,2408.22,2400.12,2405.83,6
2024-07-11T15:00:00.000Z,2405.83,2410.35,2403.44,2407.96,6
2024-07-11T16:00:00.000Z,2407.96,2408.72,2405.87,2406.63,5
2024-07-11T17:00:00.000Z,2406.63,2407.39,2404.92,2405.68,5
2024-07-11T18:00:00.000Z,2405.68,2406.44,2403.97,2404.73,5
2024-07-11T19:00:00.000Z,2404.73,2405.49,2403.4,2404.16,5
2024-07-11T20:00:00.000Z,2404.16,2409.06,2402.7,2407.6,5
2024-07-11T21:00:00.000Z,2407.6,2411.77,2406.14,2410.31,5
2024-07-11T22:00:00.000Z,2410.31,2414.48,2408.85,2413.02,5
2024-07-11T23:00:00.000Z,2413.02,2416.46,2411.56,2415,5
2024-07-12T00:00:00.000Z,2399.8,2401.04,2399.35,2400.59,9
2024-07-12T01:00:00.000Z,2400.59,2401.61,2400.14,2401.16,9
2024-07-12T02:00:00.000Z,2401.16,2402.18,2400.71,2401.73,9
2024-07-12T03:00:00.000Z,2401.73,2402.52,2401.28,2402.07,9
2024-07-12T04:00:00.000Z,2402.07,2403.26,2399.83,2401.02,11
2024-07-12T05:00:00.000Z,2401.02,2402.21,2399.37,2400.56,11
2024-07-12T06:00:00.000Z,2400.56,2401.75,2398.92,2400.11,11
2024-07-12T07:00:00.000Z,2400.11,2401.44,2398.92,2400.25,11
2024-07-12T08:00:00.000Z,2400.25,2404.56,2398.89,2403.2,25
2024-07-12T09:00:00.000Z,2403.2,2406.83,2401.84,2405.47,25
2024-07-12T10:00:00.000Z,2405.47,2409.1,2404.11,2407.74,25
2024-07-12T11:00:00.000Z,2407.74,2410.69,2406.38,2409.33,25
2024-07-12T12:00:00.000Z,2409.33,2412.68,2408.42,2411.77,29
2024-07-12T13:00:00.000Z,2411.77,2414.67,2410.86,2413.76,29
2024-07-12T14:00:00.000Z,2413.76,2416.66,2412.85,2415.75,29
2024-07-12T15:00:00.000Z,2415.75,2418.19,2414.84,2417.28,29
2024-07-12T16:00:00.000Z,2417.28,2417.73,2416.04,2416.49,11
2024-07-12T17:00:00.000Z,2416.49,2416.94,2415.47,2415.92,11
2024-07-12T18:00:00.000Z,2415.92,2416.37,2414.9,2415.35,11
2024-07-12T19:00:00.000Z,2415.35,2415.8,2414.56,2415.01,11
2024-07-12T20:00:00.000Z,2415.01,2415.34,2414.26,2414.59,5
2024-07-12T21:00:00.000Z,2414.59,2414.92,2414.01,2414.34,5
2024-07-12T22:00:00.000Z,2414.34,2414.67,2413.76,2414.09,5
2024-07-12T23:00:00.000Z,2414.09,2414.42,2413.67,2414,5
2024-07-15T00:00:00.000Z,2430,2430.26,2429.28,2429.54,14
2024-07-15T01:00:00.000Z,2429.54,2429.8,2428.95,2429.21,14
2024-07-15T02:00:00.000Z,2429.21,2429.47,2428.63,2428.89,14
2024-07-15T03:00:00.000Z,2428.89,2429.15,2428.43,2428.69,14
2024-07-15T04:00:00.000Z,2428.69,2430.15,2427.89,2429.35,16
2024-07-15T05:00:00.000Z,2429.35,2430.41,2428.55,2429.61,16
2024-07-15T06:00:00.000Z,2429.61,2430.68,2428.81,2429.88,16
2024-07-15T07:00:00.000Z,2429.88,2430.68,2428.94,2429.74,16
2024-07-15T08:00:00.000Z,2429.74,2430.53,2427.25,2428.04,38
2024-07-15T09:00:00.000Z,2428.04,2428.83,2425.94,2426.73,38
2024-07-15T10:00:00.000Z,2426.73,2427.52,2424.63,2425.42,38
2024-07-15T11:00:00.000Z,2425.42,2426.21,2423.71,2424.5,38
2024-07-15T12:00:00.000Z,2424.5,2425.02,2422.57,2423.09,43
2024-07-15T13:00:00.000Z,2423.09,2423.61,2421.42,2421.94,43
2024-07-15T14:00:00.000Z,2421.94,2422.46,2420.28,2420.8,43
2024-07-15T15:00:00.000Z,2420.8,2421.32,2419.39,2419.91,43
2024-07-15T16:00:00.000Z,2419.91,2420.63,2419.65,2420.37,16
2024-07-15T17:00:00.000Z,2420.37,2420.96,2420.11,2420.7,16
2024-07-15T18:00:00.000Z,2420.7,2421.28,2420.44,2421.02,16
2024-07-15T19:00:00.000Z,2421.02,2421.48,2420.76,2421.22,16
2024-07-15T20:00:00.000Z,2421.22,2422.09,2420.92,2421.79,8
2024-07-15T21:00:00.000Z,2421.79,2422.51,2421.49,2422.21,8
2024-07-15T22:00:00.000Z,2422.21,2422.93,2421.91,2422.63,8
2024-07-15T23:00:00.000Z,2422.63,2423.2,2422.33,2422.9,8
2024-07-16T00:00:00.000Z,2427.4,2429.33,2426.7,2428.63,5
2024-07-16T01:00:00.000Z,2428.63,2430.2,2427.93,2429.5,5
2024-07-16T02:00:00.000Z,2429.5,2431.08,2428.8,2430.38,5
2024-07-16T03:00:00.000Z,2430.38,2431.6,2429.68,2430.9,5
2024-07-16T04:00:00.000Z,2430.9,2431.43,2429.41,2429.94,5
2024-07-16T05:00:00.000Z,2429.94,2430.47,2428.71,2429.24,5
2024-07-16T06:00:00.000Z,2429.24,2429.76,2428.01,2428.54,5
2024-07-16T07:00:00.000Z,2428.54,2429.07,2427.57,2428.1,5
2024-07-16T08:00:00.000Z,2428.1,2434.75,2426,2432.65,7
2024-07-16T09:00:00.000Z,2432.65,2438.25,2430.55,2436.15,7
2024-07-16T10:00:00.000Z,2436.15,2441.75,2434.05,2439.65,7
2024-07-16T11:00:00.000Z,2439.65,2444.2,2437.55,2442.1,7
2024-07-16T12:00:00.000Z,2442.1,2448.47,2439.89,2446.26,8
2024-07-16T13:00:00.000Z,2446.26,2451.53,2444.06,2449.33,8
2024-07-16T14:00:00.000Z,2449.33,2454.59,2447.13,2452.39,8
2024-07-16T15:00:00.000Z,2452.39,2456.55,2450.18,2454.35,8
2024-07-16T16:00:00.000Z,2454.35,2455.05,2452.43,2453.13,5
2024-07-16T17:00:00.000Z,2453.13,2453.83,2451.55,2452.25,5
2024-07-16T18:00:00.000Z,2452.25,2452.95,2450.68,2451.38,5
2024-07-16T19:00:00.000Z,2451.38,2452.08,2450.15,2450.85,5
2024-07-16T20:00:00.000Z,2450.85,2455.99,2449.34,2454.49,5
2024-07-16T21:00:00.000Z,2454.49,2458.89,2452.98,2457.38,5
2024-07-16T22:00:00.000Z,2457.38,2461.77,2455.88,2460.26,5
2024-07-16T23:00:00.000Z,2460.26,2463.91,2458.76,2462.4,5
2024-07-17T00:00:00.000Z,2472.9,2473.27,2471.89,2472.26,5
2024-07-17T01:00:00.000Z,2472.26,2472.63,2471.43,2471.8,5
2024-07-17T02:00:00.000Z,2471.8,2472.17,2470.97,2471.34,5
2024-07-17T03:00:00.000Z,2471.34,2471.71,2470.7,2471.07,5
2024-07-17T04:00:00.000Z,2471.07,2471.88,2470.78,2471.58,5
2024-07-17T05:00:00.000Z,2471.58,2472.24,2471.28,2471.95,5
2024-07-17T06:00:00.000Z,2471.95,2472.61,2471.65,2472.31,5
2024-07-17T07:00:00.000Z,2472.31,2472.83,2472.01,2472.53,5
2024-07-17T08:00:00.000Z,2472.53,2473.63,2469.05,2470.15,5
2024-07-17T09:00:00.000Z,2470.15,2471.25,2467.22,2468.32,5
2024-07-17T10:00:00.000Z,2468.32,2469.42,2465.39,2466.49,5
2024-07-17T11:00:00.000Z,2466.49,2467.59,2464.11,2465.21,5
2024-07-17T12:00:00.000Z,2465.21,2466.34,2461.91,2463.04,5
2024-07-17T13:00:00.000Z,2463.04,2464.17,2460.31,2461.44,5
2024-07-17T14:00:00.000Z,2461.44,2462.57,2458.71,2459.84,5
2024-07-17T15:00:00.000Z,2459.84,2460.97,2457.68,2458.81,5
2024-07-17T16:00:00.000Z,2458.81,2459.82,2458.44,2459.45,5
2024-07-17T17:00:00.000Z,2459.45,2460.28,2459.08,2459.91,5
2024-07-17T18:00:00.000Z,2459.91,2460.74,2459.54,2460.37,5
2024-07-17T19:00:00.000Z,2460.37,2461.01,2460,2460.64,5
2024-07-17T20:00:00.000Z,2460.64,2461.41,2458.03,2458.8,5
2024-07-17T21:00:00.000Z,2458.8,2459.57,2456.57,2457.34,5
2024-07-17T22:00:00.000Z,2457.34,2458.11,2455.11,2455.88,5
2024-07-17T23:00:00.000Z,2455.88,2456.65,2454.03,2454.8,5
2024-07-18T00:00:00.000Z,2466,2466.28,2465.22,2465.5,5
2024-07-18T01:00:00.000Z,2465.5,2465.78,2464.87,2465.15,5
2024-07-18T02:00:00.000Z,2465.15,2465.43,2464.51,2464.79,5
2024-07-18T03:00:00.000Z,2464.79,2465.07,2464.3,2464.58,5
2024-07-18T04:00:00.000Z,2464.58,2465.18,2464.37,2464.97,5
2024-07-18T05:00:00.000Z,2464.97,2465.47,2464.76,2465.26,5
2024-07-18T06:00:00.000Z,2465.26,2465.75,2465.05,2465.54,5
2024-07-18T07:00:00.000Z,2465.54,2465.93,2465.33,2465.72,5
2024-07-18T08:00:00.000Z,2465.72,2466.57,2463.02,2463.87,5
2024-07-18T09:00:00.000Z,2463.87,2464.72,2461.6,2462.45,5
2024-07-18T10:00:00.000Z,2462.45,2463.3,2460.18,2461.03,5
2024-07-18T11:00:00.000Z,2461.03,2461.88,2459.19,2460.04,5
2024-07-18T12:00:00.000Z,2460.04,2460.93,2457.45,2458.35,5
2024-07-18T13:00:00.000Z,2458.35,2459.24,2456.22,2457.11,5
2024-07-18T14:00:00.000Z,2457.11,2458.01,2454.97,2455.86,5
2024-07-18T15:00:00.000Z,2455.86,2456.76,2454.18,2455.07,5
2024-07-18T16:00:00.000Z,2455.07,2455.85,2454.79,2455.57,5
2024-07-18T17:00:00.000Z,2455.57,2456.2,2455.29,2455.92,5
2024-07-18T18:00:00.000Z,2455.92,2456.56,2455.64,2456.28,5
2024-07-18T19:00:00.000Z,2456.28,2456.77,2456,2456.49,5
2024-07-18T20:00:00.000Z,2456.49,2457.1,2454.4,2455.01,5
2024-07-18T21:00:00.000Z,2455.01,2455.62,2453.23,2453.84,5
2024-07-18T22:00:00.000Z,2453.84,2454.45,2452.06,2452.67,5
2024-07-18T23:00:00.000Z,2452.67,2453.28,2451.19,2451.8,5
2024-07-19T00:00:00.000Z,2418.8,2419.27,2417.5,2417.97,5
2024-07-19T01:00:00.000Z,2417.97,2418.44,2416.91,2417.38,5
2024-07-19T02:00:00.000Z,2417.38,2417.85,2416.32,2416.79,5
2024-07-19T03:00:00.000Z,2416.79,2417.26,2415.96,2416.43,5
2024-07-19T04:00:00.000Z,2416.43,2417.49,2416.03,2417.1,5
2024-07-19T05:00:00.000Z,2417.1,2417.97,2416.7,2417.58,5
2024-07-19T06:00:00.000Z,2417.58,2418.45,2417.18,2418.05,5
2024-07-19T07:00:00.000Z,2418.05,2418.72,2417.66,2418.33,5
2024-07-19T08:00:00.000Z,2418.33,2419.75,2413.83,2415.25,5
2024-07-19T09:00:00.000Z,2415.25,2416.67,2411.46,2412.88,5
2024-07-19T10:00:00.000Z,2412.88,2414.3,2409.09,2410.51,5
2024-07-19T11:00:00.000Z,2410.51,2411.93,2407.43,2408.85,5
2024-07-19T12:00:00.000Z,2408.85,2410.3,2404.6,2406.05,5
2024-07-19T13:00:00.000Z,2406.05,2407.5,2402.52,2403.97,5
2024-07-19T14:00:00.000Z,2403.97,2405.42,2400.45,2401.9,5
2024-07-19T15:00:00.000Z,2401.9,2403.35,2399.1,2400.55,5
2024-07-19T16:00:00.000Z,2400.55,2401.85,2400.08,2401.38,5
2024-07-19T17:00:00.000Z,2401.38,2402.44,2400.91,2401.97,5
2024-07-19T18:00:00.000Z,2401.97,2403.03,2401.5,2402.56,5
2024-07-19T19:00:00.000Z,2402.56,2403.39,2402.09,2402.92,5
2024-07-19T20:00:00.000Z,2402.92,2403.9,2399.6,2400.58,5
2024-07-19T21:00:00.000Z,2400.58,2401.56,2397.74,2398.72,5
2024-07-19T22:00:00.000Z,2398.72,2399.7,2395.89,2396.87,5
2024-07-19T23:00:00.000Z,2396.87,2397.85,2394.52,2395.5,5
2024-07-22T00:00:00.000Z,2402.1,2402.3,2401.55,2401.75,5
2024-07-22T01:00:00.000Z,2401.75,2401.95,2401.29,2401.49,5
2024-07-22T02:00:00.000Z,2401.49,2401.69,2401.04,2401.24,5
2024-07-22T03:00:00.000Z,2401.24,2401.44,2400.89,2401.09,5
2024-07-22T04:00:00.000Z,2401.09,2401.52,2400.94,2401.37,5
2024-07-22T05:00:00.000Z,2401.37,2401.72,2401.22,2401.57,5
2024-07-22T06:00:00.000Z,2401.57,2401.92,2401.42,2401.77,5
2024-07-22T07:00:00.000Z,2401.77,2402.05,2401.62,2401.9,5
2024-07-22T08:00:00.000Z,2401.9,2402.51,2399.98,2400.59,5
2024-07-22T09:00:00.000Z,2400.59,2401.2,2398.97,2399.58,5
2024-07-22T10:00:00.000Z,2399.58,2400.19,2397.96,2398.57,5
2024-07-22T11:00:00.000Z,2398.57,2399.18,2397.25,2397.86,5
2024-07-22T12:00:00.000Z,2397.86,2398.5,2396.02,2396.66,5
2024-07-22T13:00:00.000Z,2396.66,2397.3,2395.13,2395.77,5
2024-07-22T14:00:00.000Z,2395.77,2396.41,2394.25,2394.89,5
2024-07-22T15:00:00.000Z,2394.89,2395.53,2393.68,2394.32,5
2024-07-22T16:00:00.000Z,2394.32,2394.87,2394.12,2394.67,5
2024-07-22T17:00:00.000Z,2394.67,2395.13,2394.47,2394.93,5
2024-07-22T18:00:00.000Z,2394.93,2395.38,2394.73,2395.18,5
2024-07-22T19:00:00.000Z,2395.18,2395.53,2394.98,2395.33,5
2024-07-22T20:00:00.000Z,2395.33,2395.76,2393.85,2394.28,5
2024-07-22T21:00:00.000Z,2394.28,2394.72,2393.01,2393.45,5
2024-07-22T22:00:00.000Z,2393.45,2393.88,2392.18,2392.61,5
2024-07-22T23:00:00.000Z,2392.61,2393.05,2391.57,2392,5
2024-07-23T00:00:00.000Z,2395.8,2396.68,2395.48,2396.36,5
2024-07-23T01:00:00.000Z,2396.36,2397.07,2396.04,2396.75,5
2024-07-23T02:00:00.000Z,2396.75,2397.47,2396.43,2397.15,5
2024-07-23T03:00:00.000Z,2397.15,2397.71,2396.83,2397.39,5
2024-07-23T04:00:00.000Z,2397.39,2398.34,2395.65,2396.6,5
2024-07-23T05:00:00.000Z,2396.6,2397.55,2395.33,2396.28,5
2024-07-23T06:00:00.000Z,2396.28,2397.23,2395.01,2395.96,5
2024-07-23T07:00:00.000Z,2395.96,2397.07,2395.01,2396.12,5
2024-07-23T08:00:00.000Z,2396.12,2399.14,2395.17,2398.19,5
2024-07-23T09:00:00.000Z,2398.19,2400.73,2397.24,2399.78,5
2024-07-23T10:00:00.000Z,2399.78,2402.32,2398.83,2401.37,5
2024-07-23T11:00:00.000Z,2401.37,2403.43,2400.42,2402.48,5
2024-07-23T12:00:00.000Z,2402.48,2404.83,2401.84,2404.19,5
2024-07-23T13:00:00.000Z,2404.19,2406.22,2403.55,2405.58,5
2024-07-23T14:00:00.000Z,2405.58,2407.61,2404.94,2406.97,5
2024-07-23T15:00:00.000Z,2406.97,2408.68,2406.33,2408.04,5
2024-07-23T16:00:00.000Z,2408.04,2408.36,2407.16,2407.48,5
2024-07-23T17:00:00.000Z,2407.48,2407.8,2406.77,2407.09,5
2024-07-23T18:00:00.000Z,2407.09,2407.41,2406.37,2406.69,5
2024-07-23T19:00:00.000Z,2406.69,2407.01,2406.13,2406.45,5
2024-07-23T20:00:00.000Z,2406.45,2406.79,2405.48,2405.82,5
2024-07-23T21:00:00.000Z,2405.82,2406.16,2405.01,2405.35,5
2024-07-23T22:00:00.000Z,2405.35,2405.69,2404.55,2404.89,5
2024-07-23T23:00:00.000Z,2404.89,2405.23,2404.26,2404.6,5
2024-07-24T00:00:00.000Z,2421,2421.19,2420.48,2420.67,5
2024-07-24T01:00:00.000Z,2420.67,2420.86,2420.25,2420.44,5
2024-07-24T02:00:00.000Z,2420.44,2420.63,2420.01,2420.2,5
2024-07-24T03:00:00.000Z,2420.2,2420.39,2419.87,2420.06,5
2024-07-24T04:00:00.000Z,2420.06,2420.46,2419.92,2420.32,5
2024-07-24T05:00:00.000Z,2420.32,2420.65,2420.18,2420.51,5
2024-07-24T06:00:00.000Z,2420.51,2420.83,2420.37,2420.69,5
2024-07-24T07:00:00.000Z,2420.69,2420.95,2420.55,2420.81,5
2024-07-24T08:00:00.000Z,2420.81,2421.37,2419.03,2419.59,5
2024-07-24T09:00:00.000Z,2419.59,2420.15,2418.09,2418.65,5
2024-07-24T10:00:00.000Z,2418.65,2419.21,2417.15,2417.71,5
2024-07-24T11:00:00.000Z,2417.71,2418.27,2416.49,2417.05,5
2024-07-24T12:00:00.000Z,2417.05,2417.64,2415.34,2415.93,5
2024-07-24T13:00:00.000Z,2415.93,2416.52,2414.52,2415.11,5
2024-07-24T14:00:00.000Z,2415.11,2415.7,2413.7,2414.29,5
2024-07-24T15:00:00.000Z,2414.29,2414.88,2413.17,2413.76,5
2024-07-24T16:00:00.000Z,2413.76,2414.28,2413.57,2414.09,5
2024-07-24T17:00:00.000Z,2414.09,2414.51,2413.9,2414.32,5
2024-07-24T18:00:00.000Z,2414.32,2414.75,2414.13,2414.56,5
2024-07-24T19:00:00.000Z,2414.56,2414.89,2414.37,2414.7,5
2024-07-24T20:00:00.000Z,2414.7,2414.93,2414,2414.23,5
2024-07-24T21:00:00.000Z,2414.23,2414.46,2413.65,2413.88,5
2024-07-24T22:00:00.000Z,2413.88,2414.11,2413.3,2413.53,5
2024-07-24T23:00:00.000Z,2413.53,2413.76,2413.07,2413.3,5
2024-07-25T00:00:00.000Z,2365.5,2365.77,2364.75,2365.02,5
2024-07-25T01:00:00.000Z,2365.02,2365.29,2364.41,2364.68,5
2024-07-25T02:00:00.000Z,2364.68,2364.95,2364.07,2364.34,5
2024-07-25T03:00:00.000Z,2364.34,2364.61,2363.87,2364.14,5
2024-07-25T04:00:00.000Z,2364.14,2364.71,2363.94,2364.51,5
2024-07-25T05:00:00.000Z,2364.51,2364.99,2364.31,2364.79,5
2024-07-25T06:00:00.000Z,2364.79,2365.26,2364.59,2365.06,5
2024-07-25T07:00:00.000Z,2365.06,2365.43,2364.86,2365.23,5
2024-07-25T08:00:00.000Z,2365.23,2366.05,2362.64,2363.46,5
2024-07-25T09:00:00.000Z,2363.46,2364.28,2361.28,2362.1,5
2024-07-25T10:00:00.000Z,2362.1,2362.92,2359.92,2360.74,5
2024-07-25T11:00:00.000Z,2360.74,2361.56,2358.97,2359.79,5
2024-07-25T12:00:00.000Z,2359.79,2360.65,2357.31,2358.17,5
2024-07-25T13:00:00.000Z,2358.17,2359.03,2356.12,2356.98,5
2024-07-25T14:00:00.000Z,2356.98,2357.84,2354.93,2355.79,5
2024-07-25T15:00:00.000Z,2355.79,2356.65,2354.17,2355.03,5
2024-07-25T16:00:00.000Z,2355.03,2355.78,2354.76,2355.51,5
2024-07-25T17:00:00.000Z,2355.51,2356.12,2355.24,2355.85,5
2024-07-25T18:00:00.000Z,2355.85,2356.46,2355.58,2356.19,5
2024-07-25T19:00:00.000Z,2356.19,2356.66,2355.92,2356.39,5
2024-07-25T20:00:00.000Z,2356.39,2356.97,2354.38,2354.97,5
2024-07-25T21:00:00.000Z,2354.97,2355.55,2353.26,2353.85,5
2024-07-25T22:00:00.000Z,2353.85,2354.43,2352.14,2352.73,5
2024-07-25T23:00:00.000Z,2352.73,2353.32,2351.32,2351.9,5
2024-07-26T00:00:00.000Z,2368.7,2369.7,2368.34,2369.34,5
2024-07-26T01:00:00.000Z,2369.34,2370.15,2368.98,2369.79,5
2024-07-26T02:00:00.000Z,2369.79,2370.61,2369.43,2370.25,5
2024-07-26T03:00:00.000Z,2370.25,2370.88,2369.89,2370.52,5
2024-07-26T04:00:00.000Z,2370.52,2370.79,2369.75,2370.02,5
2024-07-26T05:00:00.000Z,2370.02,2370.29,2369.38,2369.65,5
2024-07-26T06:00:00.000Z,2369.65,2369.92,2369.02,2369.29,5
2024-07-26T07:00:00.000Z,2369.29,2369.56,2368.79,2369.06,5
2024-07-26T08:00:00.000Z,2369.06,2372.52,2367.97,2371.43,7
2024-07-26T09:00:00.000Z,2371.43,2374.34,2370.34,2373.25,7
2024-07-26T10:00:00.000Z,2373.25,2376.16,2372.16,2375.07,7
2024-07-26T11:00:00.000Z,2375.07,2377.43,2373.98,2376.34,7
2024-07-26T12:00:00.000Z,2376.34,2379.66,2375.19,2378.51,8
2024-07-26T13:00:00.000Z,2378.51,2381.25,2377.36,2380.1,8
2024-07-26T14:00:00.000Z,2380.1,2382.84,2378.95,2381.69,8
2024-07-26T15:00:00.000Z,2381.69,2383.86,2380.54,2382.71,8
2024-07-26T16:00:00.000Z,2382.71,2383.07,2381.71,2382.07,5
2024-07-26T17:00:00.000Z,2382.07,2382.43,2381.26,2381.62,5
2024-07-26T18:00:00.000Z,2381.62,2381.98,2380.8,2381.16,5
2024-07-26T19:00:00.000Z,2381.16,2381.52,2380.53,2380.89,5
2024-07-26T20:00:00.000Z,2380.89,2381.16,2380.26,2380.53,5
2024-07-26T21:00:00.000Z,2380.53,2380.8,2380.04,2380.31,5
2024-07-26T22:00:00.000Z,2380.31,2380.58,2379.82,2380.09,5
2024-07-26T23:00:00.000Z,2380.09,2380.36,2379.73,2380,5
2024-07-29T00:00:00.000Z,2377.3,2377.3,2377.3,2377.3,3160
2024-07-29T01:00:00.000Z,2377.3,2377.3,2377.3,2377.3,3160
2024-07-29T02:00:00.000Z,2377.3,2377.3,2377.3,2377.3,3160
2024-07-29T03:00:00.000Z,2377.3,2377.3,2377.3,2377.3,3160
2024-07-29T04:00:00.000Z,2377.3,2377.3,2377.3,2377.3,3792
2024-07-29T05:00:00.000Z,2377.3,2377.3,2377.3,2377.3,3792
2024-07-29T06:00:00.000Z,2377.3,2377.3,2377.3,2377.3,3792
2024-07-29T07:00:00.000Z,2377.3,2377.3,2377.3,2377.3,3792
2024-07-29T08:00:00.000Z,2377.3,2377.3,2377.3,2377.3,8849
2024-07-29T09:00:00.000Z,2377.3,2377.3,2377.3,2377.3,8849
2024-07-29T10:00:00.000Z,2377.3,2377.3,2377.3,2377.3,8849
2024-07-29T11:00:00.000Z,2377.3,2377.3,2377.3,2377.3,8849
2024-07-29T12:00:00.000Z,2377.3,2377.3,2377.3,2377.3,10113
2024-07-29T13:00:00.000Z,2377.3,2377.3,2377.3,2377.3,10113
2024-07-29T14:00:00.000Z,2377.3,2377.3,2377.3,2377.3,10113
2024-07-29T15:00:00.000Z,2377.3,2377.3,2377.3,2377.3,10113
2024-07-29T16:00:00.000Z,2377.3,2377.3,2377.3,2377.3,3792
2024-07-29T17:00:00.000Z,2377.3,2377.3,2377.3,2377.3,3792
2024-07-29T18:00:00.000Z,2377.3,2377.3,2377.3,2377.3,3792
2024-07-29T19:00:00.000Z,2377.3,2377.3,2377.3,2377.3,3792
2024-07-29T20:00:00.000Z,2377.3,2377.3,2377.3,2377.3,1896
2024-07-29T21:00:00.000Z,2377.3,2377.3,2377.3,2377.3,1896
2024-07-29T22:00:00.000Z,2377.3,2377.3,2377.3,2377.3,1896
2024-07-29T23:00:00.000Z,2377.3,2377.3,2377.3,2377.3,1896
2024-07-30T00:00:00.000Z,2380.9,2382.85,2380.19,2382.14,649
2024-07-30T01:00:00.000Z,2382.14,2383.74,2381.43,2383.03,649
2024-07-30T02:00:00.000Z,2383.03,2384.63,2382.32,2383.92,649
2024-07-30T03:00:00.000Z,2383.92,2385.16,2383.21,2384.45,649
2024-07-30T04:00:00.000Z,2384.45,2385.69,2381.88,2383.12,778
2024-07-30T05:00:00.000Z,2383.12,2384.36,2381.17,2382.41,778
2024-07-30T06:00:00.000Z,2382.41,2383.65,2380.46,2381.7,778
2024-07-30T07:00:00.000Z,2381.7,2382.94,2380.37,2381.61,778
2024-07-30T08:00:00.000Z,2381.61,2388.35,2379.48,2386.22,1816
2024-07-30T09:00:00.000Z,2386.22,2391.91,2384.09,2389.78,1816
2024-07-30T10:00:00.000Z,2389.78,2395.46,2387.65,2393.33,1816
2024-07-30T11:00:00.000Z,2393.33,2397.94,2391.2,2395.81,1816
2024-07-30T12:00:00.000Z,2395.81,2401.21,2394.28,2399.68,2076
2024-07-30T13:00:00.000Z,2399.68,2404.31,2398.15,2402.78,2076
2024-07-30T14:00:00.000Z,2402.78,2407.42,2401.25,2405.89,2076
2024-07-30T15:00:00.000Z,2405.89,2409.76,2404.36,2408.23,2076
2024-07-30T16:00:00.000Z,2408.23,2408.94,2406.28,2406.99,778
2024-07-30T17:00:00.000Z,2406.99,2407.7,2405.39,2406.1,778
2024-07-30T18:00:00.000Z,2406.1,2406.81,2404.5,2405.21,778
2024-07-30T19:00:00.000Z,2405.21,2405.92,2403.97,2404.68,778
2024-07-30T20:00:00.000Z,2404.68,2405.34,2404.29,2404.95,389
2024-07-30T21:00:00.000Z,2404.95,2405.42,2404.56,2405.03,389
2024-07-30T22:00:00.000Z,2405.03,2405.5,2404.64,2405.11,389
2024-07-30T23:00:00.000Z,2405.11,2405.5,2404.61,2405,389
2024-07-31T00:00:00.000Z,2407.1,2409.57,2406.2,2408.67,33
2024-07-31T01:00:00.000Z,2408.67,2410.69,2407.77,2409.79,33
2024-07-31T02:00:00.000Z,2409.79,2411.81,2408.89,2410.91,33
2024-07-31T03:00:00.000Z,2410.91,2412.48,2410.01,2411.58,33
2024-07-31T04:00:00.000Z,2411.58,2412.68,2409.03,2410.13,40
2024-07-31T05:00:00.000Z,2410.13,2411.23,2408.14,2409.24,40
2024-07-31T06:00:00.000Z,2409.24,2410.34,2407.24,2408.34,40
2024-07-31T07:00:00.000Z,2408.34,2409.44,2406.9,2408,40
2024-07-31T08:00:00.000Z,2408,2416.51,2405.31,2413.82,92
2024-07-31T09:00:00.000Z,2413.82,2420.99,2411.13,2418.3,92
2024-07-31T10:00:00.000Z,2418.3,2425.47,2415.61,2422.78,92
2024-07-31T11:00:00.000Z,2422.78,2428.61,2420.09,2425.92,92
2024-07-31T12:00:00.000Z,2425.92,2433.43,2423.53,2431.04,105
2024-07-31T13:00:00.000Z,2431.04,2437.35,2428.65,2434.96,105
2024-07-31T14:00:00.000Z,2434.96,2441.27,2432.57,2438.88,105
2024-07-31T15:00:00.000Z,2438.88,2443.99,2436.49,2441.6,105
2024-07-31T16:00:00.000Z,2441.6,2442.5,2439.13,2440.03,40
2024-07-31T17:00:00.000Z,2440.03,2440.93,2438.01,2438.91,40
2024-07-31T18:00:00.000Z,2438.91,2439.81,2436.89,2437.79,40
2024-07-31T19:00:00.000Z,2437.79,2438.69,2436.22,2437.12,40
2024-07-31T20:00:00.000Z,2437.12,2438.63,2432.2,2433.71,20
2024-07-31T21:00:00.000Z,2433.71,2435.22,2429.54,2431.05,20
2024-07-31T22:00:00.000Z,2431.05,2432.56,2426.89,2428.4,20
2024-07-31T23:00:00.000Z,2428.4,2429.91,2424.99,2426.5,20
2024-08-01T00:00:00.000Z,2446.7,2447.19,2445.35,2445.84,17
2024-08-01T01:00:00.000Z,2445.84,2446.33,2444.73,2445.22,17
2024-08-01T02:00:00.000Z,2445.22,2445.71,2444.11,2444.6,17
2024-08-01T03:00:00.000Z,2444.6,2445.09,2443.74,2444.23,17
2024-08-01T04:00:00.000Z,2444.23,2446.54,2443.02,2445.33,21
2024-08-01T05:00:00.000Z,2445.33,2447.04,2444.12,2445.83,21
2024-08-01T06:00:00.000Z,2445.83,2447.53,2444.62,2446.32,21
2024-08-01T07:00:00.000Z,2446.32,2447.53,2445,2446.21,21
2024-08-01T08:00:00.000Z,2446.21,2447.69,2441.52,2443,48
2024-08-01T09:00:00.000Z,2443,2444.48,2439.05,2440.53,48
2024-08-01T10:00:00.000Z,2440.53,2442.01,2436.58,2438.06,48
2024-08-01T11:00:00.000Z,2438.06,2439.54,2434.85,2436.33,48
2024-08-01T12:00:00.000Z,2436.33,2437.32,2432.68,2433.67,55
2024-08-01T13:00:00.000Z,2433.67,2434.66,2430.52,2431.51,55
2024-08-01T14:00:00.000Z,2431.51,2432.5,2428.36,2429.35,55
2024-08-01T15:00:00.000Z,2429.35,2430.34,2426.69,2427.68,55
2024-08-01T16:00:00.000Z,2427.68,2429.03,2427.19,2428.54,21
2024-08-01T17:00:00.000Z,2428.54,2429.65,2428.05,2429.16,21
2024-08-01T18:00:00.000Z,2429.16,2430.27,2428.67,2429.78,21
2024-08-01T19:00:00.000Z,2429.78,2430.64,2429.29,2430.15,21
2024-08-01T20:00:00.000Z,2430.15,2432.46,2429.42,2431.73,10
2024-08-01T21:00:00.000Z,2431.73,2433.67,2431,2432.94,10
2024-08-01T22:00:00.000Z,2432.94,2434.88,2432.21,2434.15,10
2024-08-01T23:00:00.000Z,2434.15,2435.73,2433.42,2435,10
2024-08-02T00:00:00.000Z,2444,2445.22,2440.64,2441.86,14
2024-08-02T01:00:00.000Z,2441.86,2443.08,2439.12,2440.34,14
2024-08-02T02:00:00.000Z,2440.34,2441.56,2437.6,2438.82,14
2024-08-02T03:00:00.000Z,2438.82,2440.04,2436.68,2437.9,14
2024-08-02T04:00:00.000Z,2437.9,2445.45,2433.68,2441.23,17
2024-08-02T05:00:00.000Z,2441.23,2446.66,2437.01,2442.45,17
2024-08-02T06:00:00.000Z,2442.45,2447.89,2438.23,2443.67,17
2024-08-02T07:00:00.000Z,2443.67,2447.89,2438.57,2442.78,17
2024-08-02T08:00:00.000Z,2442.78,2446.44,2431.19,2434.85,39
2024-08-02T09:00:00.000Z,2434.85,2438.51,2425.09,2428.75,39
2024-08-02T10:00:00.000Z,2428.75,2432.41,2418.99,2422.65,39
2024-08-02T11:00:00.000Z,2422.65,2426.31,2414.72,2418.38,39
2024-08-02T12:00:00.000Z,2418.38,2420.82,2409.38,2411.82,44
2024-08-02T13:00:00.000Z,2411.82,2414.26,2404.05,2406.49,44
2024-08-02T14:00:00.000Z,2406.49,2408.93,2398.71,2401.15,44
2024-08-02T15:00:00.000Z,2401.15,2403.59,2394.59,2397.03,44
2024-08-02T16:00:00.000Z,2397.03,2400.39,2395.81,2399.17,17
2024-08-02T17:00:00.000Z,2399.17,2401.91,2397.95,2400.69,17
2024-08-02T18:00:00.000Z,2400.69,2403.44,2399.47,2402.22,17
2024-08-02T19:00:00.000Z,2402.22,2404.35,2401,2403.13,17
2024-08-02T20:00:00.000Z,2403.13,2413.08,2400.26,2410.21,8
2024-08-02T21:00:00.000Z,2410.21,2418.72,2407.34,2415.85,8
2024-08-02T22:00:00.000Z,2415.85,2424.36,2412.98,2421.49,8
2024-08-02T23:00:00.000Z,2421.49,2428.57,2418.62,2425.7,8
2024-08-05T00:00:00.000Z,2442,2443.65,2437.47,2439.12,8
2024-08-05T01:00:00.000Z,2439.12,2440.77,2435.41,2437.06,8
2024-08-05T02:00:00.000Z,2437.06,2438.71,2433.35,2435,8
2024-08-05T03:00:00.000Z,2435,2436.65,2432.11,2433.76,8
2024-08-05T04:00:00.000Z,2433.76,2438.44,2431.74,2436.42,10
2024-08-05T05:00:00.000Z,2436.42,2440.08,2434.4,2438.06,10
2024-08-05T06:00:00.000Z,2438.06,2441.73,2436.04,2439.71,10
2024-08-05T07:00:00.000Z,2439.71,2442.37,2437.69,2440.35,10
2024-08-05T08:00:00.000Z,2440.35,2445.29,2424.7,2429.64,24
2024-08-05T09:00:00.000Z,2429.64,2434.58,2416.46,2421.4,24
2024-08-05T10:00:00.000Z,2421.4,2426.34,2408.22,2413.16,24
2024-08-05T11:00:00.000Z,2413.16,2418.1,2402.45,2407.39,24
2024-08-05T12:00:00.000Z,2407.39,2411.8,2393.56,2397.97,27
2024-08-05T13:00:00.000Z,2397.97,2402.38,2386.35,2390.76,27
2024-08-05T14:00:00.000Z,2390.76,2395.17,2379.14,2383.55,27
2024-08-05T15:00:00.000Z,2383.55,2387.96,2374.14,2378.55,27
2024-08-05T16:00:00.000Z,2378.55,2383.08,2376.9,2381.43,10
2024-08-05T17:00:00.000Z,2381.43,2385.14,2379.78,2383.49,10
2024-08-05T18:00:00.000Z,2383.49,2387.2,2381.84,2385.55,10
2024-08-05T19:00:00.000Z,2385.55,2388.44,2383.9,2386.79,10
2024-08-05T20:00:00.000Z,2386.79,2393.99,2384.47,2391.67,5
2024-08-05T21:00:00.000Z,2391.67,2397.72,2389.36,2395.4,5
2024-08-05T22:00:00.000Z,2395.4,2401.45,2393.09,2399.13,5
2024-08-05T23:00:00.000Z,2399.13,2404.01,2396.82,2401.7,5
2024-08-06T00:00:00.000Z,2414.5,2415.34,2412.2,2413.04,5
2024-08-06T01:00:00.000Z,2413.04,2413.88,2411.15,2411.99,5
2024-08-06T02:00:00.000Z,2411.99,2412.83,2410.11,2410.95,5
2024-08-06T03:00:00.000Z,2410.95,2411.79,2409.48,2410.32,5
2024-08-06T04:00:00.000Z,2410.32,2413.19,2408.96,2411.83,5
2024-08-06T05:00:00.000Z,2411.83,2414.03,2410.47,2412.67,5
2024-08-06T06:00:00.000Z,2412.67,2414.86,2411.31,2413.5,5
2024-08-06T07:00:00.000Z,2413.5,2415.02,2412.14,2413.66,5
2024-08-06T08:00:00.000Z,2413.66,2416.17,2405.72,2408.23,12
2024-08-06T09:00:00.000Z,2408.23,2410.74,2401.54,2404.05,12
2024-08-06T10:00:00.000Z,2404.05,2406.56,2397.36,2399.87,12
2024-08-06T11:00:00.000Z,2399.87,2402.38,2394.43,2396.94,12
2024-08-06T12:00:00.000Z,2396.94,2398.84,2390.43,2392.33,13
2024-08-06T13:00:00.000Z,2392.33,2394.23,2386.77,2388.67,13
2024-08-06T14:00:00.000Z,2388.67,2390.57,2383.12,2385.02,13
2024-08-06T15:00:00.000Z,2385.02,2386.92,2380.41,2382.31,13
2024-08-06T16:00:00.000Z,2382.31,2384.61,2381.47,2383.77,5
2024-08-06T17:00:00.000Z,2383.77,2385.66,2382.93,2384.82,5
2024-08-06T18:00:00.000Z,2384.82,2386.7,2383.98,2385.86,5
2024-08-06T19:00:00.000Z,2385.86,2387.33,2385.02,2386.49,5
2024-08-06T20:00:00.000Z,2386.49,2388.16,2385.81,2387.48,5
2024-08-06T21:00:00.000Z,2387.48,2388.81,2386.8,2388.13,5
2024-08-06T22:00:00.000Z,2388.13,2389.47,2387.45,2388.79,5
2024-08-06T23:00:00.000Z,2388.79,2389.78,2388.11,2389.1,5
2024-08-07T00:00:00.000Z,2392.2,2392.53,2391.29,2391.62,5
2024-08-07T01:00:00.000Z,2391.62,2391.95,2390.88,2391.21,5
2024-08-07T02:00:00.000Z,2391.21,2391.54,2390.47,2390.8,5
2024-08-07T03:00:00.000Z,2390.8,2391.13,2390.22,2390.55,5
2024-08-07T04:00:00.000Z,2390.55,2392.57,2389.42,2391.44,5
2024-08-07T05:00:00.000Z,2391.44,2392.9,2390.31,2391.77,5
2024-08-07T06:00:00.000Z,2391.77,2393.23,2390.64,2392.1,5
2024-08-07T07:00:00.000Z,2392.1,2393.23,2390.74,2391.87,5
2024-08-07T08:00:00.000Z,2391.87,2392.86,2388.73,2389.72,9
2024-08-07T09:00:00.000Z,2389.72,2390.71,2387.08,2388.07,9
2024-08-07T10:00:00.000Z,2388.07,2389.06,2385.44,2386.43,9
2024-08-07T11:00:00.000Z,2386.43,2387.42,2384.28,2385.27,9
2024-08-07T12:00:00.000Z,2385.27,2385.93,2382.83,2383.49,11
2024-08-07T13:00:00.000Z,2383.49,2384.15,2381.39,2382.05,11
2024-08-07T14:00:00.000Z,2382.05,2382.71,2379.95,2380.61,11
2024-08-07T15:00:00.000Z,2380.61,2381.27,2378.83,2379.49,11
2024-08-07T16:00:00.000Z,2379.49,2380.4,2379.16,2380.07,5
2024-08-07T17:00:00.000Z,2380.07,2380.81,2379.74,2380.48,5
2024-08-07T18:00:00.000Z,2380.48,2381.22,2380.15,2380.89,5
2024-08-07T19:00:00.000Z,2380.89,2381.47,2380.56,2381.14,5
2024-08-07T20:00:00.000Z,2381.14,2385.13,2380.04,2384.03,5
2024-08-07T21:00:00.000Z,2384.03,2387.47,2382.93,2386.37,5
2024-08-07T22:00:00.000Z,2386.37,2389.81,2385.27,2388.71,5
2024-08-07T23:00:00.000Z,2388.71,2391.6,2387.61,2390.5,5
2024-08-08T00:00:00.000Z,2384.3,2386.42,2383.53,2385.65,5
2024-08-08T01:00:00.000Z,2385.65,2387.38,2384.88,2386.61,5
2024-08-08T02:00:00.000Z,2386.61,2388.34,2385.84,2387.57,5
2024-08-08T03:00:00.000Z,2387.57,2388.92,2386.8,2388.15,5
2024-08-08T04:00:00.000Z,2388.15,2388.73,2386.51,2387.09,6
2024-08-08T05:00:00.000Z,2387.09,2387.67,2385.74,2386.32,6
2024-08-08T06:00:00.000Z,2386.32,2386.9,2384.97,2385.55,6
2024-08-08T07:00:00.000Z,2385.55,2386.13,2384.49,2385.07,6
2024-08-08T08:00:00.000Z,2385.07,2392.39,2382.76,2390.08,14
2024-08-08T09:00:00.000Z,2390.08,2396.24,2387.77,2393.93,14
2024-08-08T10:00:00.000Z,2393.93,2400.09,2391.62,2397.78,14
2024-08-08T11:00:00.000Z,2397.78,2402.78,2395.47,2400.47,14
2024-08-08T12:00:00.000Z,2400.47,2407.48,2398.04,2405.05,16
2024-08-08T13:00:00.000Z,2405.05,2410.85,2402.63,2408.42,16
2024-08-08T14:00:00.000Z,2408.42,2414.22,2405.99,2411.79,16
2024-08-08T15:00:00.000Z,2411.79,2416.38,2409.36,2413.95,16
2024-08-08T16:00:00.000Z,2413.95,2414.72,2411.83,2412.6,6
2024-08-08T17:00:00.000Z,2412.6,2413.37,2410.87,2411.64,6
2024-08-08T18:00:00.000Z,2411.64,2412.41,2409.91,2410.68,6
2024-08-08T19:00:00.000Z,2410.68,2411.45,2409.33,2410.1,6
2024-08-08T20:00:00.000Z,2410.1,2415.51,2408.51,2413.92,5
2024-08-08T21:00:00.000Z,2413.92,2418.54,2412.33,2416.95,5
2024-08-08T22:00:00.000Z,2416.95,2421.56,2415.36,2419.97,5
2024-08-08T23:00:00.000Z,2419.97,2423.79,2418.38,2422.2,5
2024-08-09T00:00:00.000Z,2422.3,2423.05,2422.03,2422.78,15
2024-08-09T01:00:00.000Z,2422.78,2423.39,2422.51,2423.12,15
2024-08-09T02:00:00.000Z,2423.12,2423.73,2422.85,2423.46,15
2024-08-09T03:00:00.000Z,2423.46,2423.93,2423.19,2423.66,15
2024-08-09T04:00:00.000Z,2423.66,2424.24,2422.52,2423.1,18
2024-08-09T05:00:00.000Z,2423.1,2423.68,2422.24,2422.82,18
2024-08-09T06:00:00.000Z,2422.82,2423.4,2421.97,2422.55,18
2024-08-09T07:00:00.000Z,2422.55,2423.15,2421.97,2422.57,18
2024-08-09T08:00:00.000Z,2422.57,2425.16,2421.75,2424.34,43
2024-08-09T09:00:00.000Z,2424.34,2426.52,2423.52,2425.7,43
2024-08-09T10:00:00.000Z,2425.7,2427.88,2424.88,2427.06,43
2024-08-09T11:00:00.000Z,2427.06,2428.83,2426.24,2428.01,43
2024-08-09T12:00:00.000Z,2428.01,2430.01,2427.47,2429.47,49
2024-08-09T13:00:00.000Z,2429.47,2431.2,2428.93,2430.66,49
2024-08-09T14:00:00.000Z,2430.66,2432.39,2430.12,2431.85,49
2024-08-09T15:00:00.000Z,2431.85,2433.31,2431.31,2432.77,49
2024-08-09T16:00:00.000Z,2432.77,2433.04,2432.02,2432.29,18
2024-08-09T17:00:00.000Z,2432.29,2432.56,2431.68,2431.95,18
2024-08-09T18:00:00.000Z,2431.95,2432.22,2431.34,2431.61,18
2024-08-09T19:00:00.000Z,2431.61,2431.88,2431.14,2431.41,18
2024-08-09T20:00:00.000Z,2431.41,2431.88,2431.2,2431.68,9
2024-08-09T21:00:00.000Z,2431.68,2432.07,2431.47,2431.86,9
2024-08-09T22:00:00.000Z,2431.86,2432.24,2431.66,2432.03,9
2024-08-09T23:00:00.000Z,2432.03,2432.3,2431.83,2432.1,9
2024-08-12T00:00:00.000Z,2432.7,2434.78,2431.94,2434.02,14
2024-08-12T01:00:00.000Z,2434.02,2435.73,2433.26,2434.97,14
2024-08-12T02:00:00.000Z,2434.97,2436.67,2434.21,2435.91,14
2024-08-12T03:00:00.000Z,2435.91,2437.24,2435.15,2436.48,14
2024-08-12T04:00:00.000Z,2436.48,2437.12,2434.77,2435.41,17
2024-08-12T05:00:00.000Z,2435.41,2436.05,2434.01,2434.65,17
2024-08-12T06:00:00.000Z,2434.65,2435.29,2433.26,2433.9,17
2024-08-12T07:00:00.000Z,2433.9,2434.54,2432.82,2433.46,17
2024-08-12T08:00:00.000Z,2433.46,2440.64,2431.19,2438.37,40
2024-08-12T09:00:00.000Z,2438.37,2444.42,2436.1,2442.15,40
2024-08-12T10:00:00.000Z,2442.15,2448.2,2439.88,2445.93,40
2024-08-12T11:00:00.000Z,2445.93,2450.85,2443.66,2448.58,40
2024-08-12T12:00:00.000Z,2448.58,2455.35,2446.27,2453.04,45
2024-08-12T13:00:00.000Z,2453.04,2458.66,2450.73,2456.35,45
2024-08-12T14:00:00.000Z,2456.35,2461.97,2454.04,2459.66,45
2024-08-12T15:00:00.000Z,2459.66,2464.12,2457.35,2461.81,45
2024-08-12T16:00:00.000Z,2461.81,2462.57,2459.73,2460.49,17
2024-08-12T17:00:00.000Z,2460.49,2461.25,2458.78,2459.54,17
2024-08-12T18:00:00.000Z,2459.54,2460.3,2457.84,2458.6,17
2024-08-12T19:00:00.000Z,2458.6,2459.36,2457.27,2458.03,17
2024-08-12T20:00:00.000Z,2458.03,2460.35,2457.22,2459.53,9
2024-08-12T21:00:00.000Z,2459.53,2461.43,2458.72,2460.62,9
2024-08-12T22:00:00.000Z,2460.62,2462.53,2459.8,2461.71,9
2024-08-12T23:00:00.000Z,2461.71,2463.22,2460.89,2462.4,9
2024-08-13T00:00:00.000Z,2461,2461.74,2460.73,2461.47,13
2024-08-13T01:00:00.000Z,2461.47,2462.08,2461.2,2461.81,13
2024-08-13T02:00:00.000Z,2461.81,2462.42,2461.54,2462.15,13
2024-08-13T03:00:00.000Z,2462.15,2462.62,2461.88,2462.35,13
2024-08-13T04:00:00.000Z,2462.35,2463,2461.1,2461.75,15
2024-08-13T05:00:00.000Z,2461.75,2462.4,2460.83,2461.48,15
2024-08-13T06:00:00.000Z,2461.48,2462.13,2460.56,2461.21,15
2024-08-13T07:00:00.000Z,2461.21,2461.92,2460.56,2461.27,15
2024-08-13T08:00:00.000Z,2461.27,2463.84,2460.46,2463.03,36
2024-08-13T09:00:00.000Z,2463.03,2465.19,2462.22,2464.38,36
2024-08-13T10:00:00.000Z,2464.38,2466.54,2463.57,2465.73,36
2024-08-13T11:00:00.000Z,2465.73,2467.48,2464.92,2466.67,36
2024-08-13T12:00:00.000Z,2466.67,2468.66,2466.13,2468.12,41
2024-08-13T13:00:00.000Z,2468.12,2469.84,2467.58,2469.3,41
2024-08-13T14:00:00.000Z,2469.3,2471.02,2468.76,2470.48,41
2024-08-13T15:00:00.000Z,2470.48,2471.93,2469.94,2471.39,41
2024-08-13T16:00:00.000Z,2471.39,2471.66,2470.65,2470.92,15
2024-08-13T17:00:00.000Z,2470.92,2471.19,2470.32,2470.59,15
2024-08-13T18:00:00.000Z,2470.59,2470.86,2469.98,2470.25,15
2024-08-13T19:00:00.000Z,2470.25,2470.52,2469.78,2470.05,15
2024-08-13T20:00:00.000Z,2470.05,2470.52,2468.51,2468.98,8
2024-08-13T21:00:00.000Z,2468.98,2469.45,2467.67,2468.14,8
2024-08-13T22:00:00.000Z,2468.14,2468.61,2466.83,2467.3,8
2024-08-13T23:00:00.000Z,2467.3,2467.77,2466.23,2466.7,8
2024-08-14T00:00:00.000Z,2468,2468.65,2466.2,2466.86,7
2024-08-14T01:00:00.000Z,2466.86,2467.52,2465.39,2466.04,7
2024-08-14T02:00:00.000Z,2466.04,2466.69,2464.56,2465.22,7
2024-08-14T03:00:00.000Z,2465.22,2465.88,2464.07,2464.73,7
2024-08-14T04:00:00.000Z,2464.73,2466.74,2463.83,2465.84,8
2024-08-14T05:00:00.000Z,2465.84,2467.39,2464.94,2466.49,8
2024-08-14T06:00:00.000Z,2466.49,2468.05,2465.59,2467.15,8
2024-08-14T07:00:00.000Z,2467.15,2468.25,2466.25,2467.35,8
2024-08-14T08:00:00.000Z,2467.35,2469.31,2461.14,2463.1,19
2024-08-14T09:00:00.000Z,2463.1,2465.06,2457.87,2459.83,19
2024-08-14T10:00:00.000Z,2459.83,2461.79,2454.6,2456.56,19
2024-08-14T11:00:00.000Z,2456.56,2458.52,2452.31,2454.27,19
2024-08-14T12:00:00.000Z,2454.27,2455.92,2448.93,2450.58,22
2024-08-14T13:00:00.000Z,2450.58,2452.23,2446.07,2447.72,22
2024-08-14T14:00:00.000Z,2447.72,2449.37,2443.21,2444.86,22
2024-08-14T15:00:00.000Z,2444.86,2446.51,2441.17,2442.82,22
2024-08-14T16:00:00.000Z,2442.82,2444.61,2442.17,2443.96,8
2024-08-14T17:00:00.000Z,2443.96,2445.43,2443.31,2444.78,8
2024-08-14T18:00:00.000Z,2444.78,2446.25,2444.13,2445.6,8
2024-08-14T19:00:00.000Z,2445.6,2446.74,2444.95,2446.09,8
2024-08-14T20:00:00.000Z,2446.09,2447.09,2442.92,2443.92,5
2024-08-14T21:00:00.000Z,2443.92,2444.92,2441.25,2442.25,5
2024-08-14T22:00:00.000Z,2442.25,2443.25,2439.57,2440.57,5
2024-08-14T23:00:00.000Z,2440.57,2441.57,2438.4,2439.4,5
2024-08-15T00:00:00.000Z,2451.8,2453.81,2451.07,2453.08,7
2024-08-15T01:00:00.000Z,2453.08,2454.72,2452.35,2453.99,7
2024-08-15T02:00:00.000Z,2453.99,2455.63,2453.26,2454.9,7
2024-08-15T03:00:00.000Z,2454.9,2456.18,2454.17,2455.45,7
2024-08-15T04:00:00.000Z,2455.45,2458.06,2450.81,2453.42,9
2024-08-15T05:00:00.000Z,2453.42,2456.03,2450.08,2452.69,9
2024-08-15T06:00:00.000Z,2452.69,2455.3,2449.35,2451.96,9
2024-08-15T07:00:00.000Z,2451.96,2455.14,2449.35,2452.53,9
2024-08-15T08:00:00.000Z,2452.53,2459.47,2450.34,2457.28,20
2024-08-15T09:00:00.000Z,2457.28,2463.11,2455.09,2460.92,20
2024-08-15T10:00:00.000Z,2460.92,2466.76,2458.73,2464.57,20
2024-08-15T11:00:00.000Z,2464.57,2469.32,2462.38,2467.13,20
2024-08-15T12:00:00.000Z,2467.13,2472.51,2465.67,2471.05,23
2024-08-15T13:00:00.000Z,2471.05,2475.71,2469.59,2474.25,23
2024-08-15T14:00:00.000Z,2474.25,2478.91,2472.79,2477.45,23
2024-08-15T15:00:00.000Z,2477.45,2481.37,2475.99,2479.91,23
2024-08-15T16:00:00.000Z,2479.91,2480.64,2477.9,2478.63,9
2024-08-15T17:00:00.000Z,2478.63,2479.36,2476.99,2477.72,9
2024-08-15T18:00:00.000Z,2477.72,2478.45,2476.08,2476.81,9
2024-08-15T19:00:00.000Z,2476.81,2477.54,2475.53,2476.26,9
2024-08-15T20:00:00.000Z,2476.26,2478.94,2466.45,2469.13,5
2024-08-15T21:00:00.000Z,2469.13,2471.81,2460.66,2463.34,5
2024-08-15T22:00:00.000Z,2463.34,2466.02,2454.87,2457.55,5
2024-08-15T23:00:00.000Z,2457.55,2460.23,2450.42,2453.1,5
2024-08-16T00:00:00.000Z,2453.5,2456.61,2452.37,2455.48,5
2024-08-16T01:00:00.000Z,2455.48,2458.03,2454.35,2456.9,5
2024-08-16T02:00:00.000Z,2456.9,2459.44,2455.77,2458.31,5
2024-08-16T03:00:00.000Z,2458.31,2460.29,2457.18,2459.16,5
2024-08-16T04:00:00.000Z,2459.16,2460.22,2456.44,2457.5,6
2024-08-16T05:00:00.000Z,2457.5,2458.56,2455.31,2456.37,6
2024-08-16T06:00:00.000Z,2456.37,2457.43,2454.17,2455.23,6
2024-08-16T07:00:00.000Z,2455.23,2456.29,2453.57,2454.63,6
2024-08-16T08:00:00.000Z,2454.63,2465.39,2451.23,2461.99,14
2024-08-16T09:00:00.000Z,2461.99,2471.05,2458.59,2467.65,14
2024-08-16T10:00:00.000Z,2467.65,2476.71,2464.25,2473.31,14
2024-08-16T11:00:00.000Z,2473.31,2480.67,2469.91,2477.27,14
2024-08-16T12:00:00.000Z,2477.27,2487.26,2473.91,2483.9,16
2024-08-16T13:00:00.000Z,2483.9,2492.21,2480.54,2488.85,16
2024-08-16T14:00:00.000Z,2488.85,2497.17,2485.49,2493.81,16
2024-08-16T15:00:00.000Z,2493.81,2500.44,2490.45,2497.08,16
2024-08-16T16:00:00.000Z,2497.08,2498.21,2493.97,2495.1,6
2024-08-16T17:00:00.000Z,2495.1,2496.23,2492.55,2493.68,6
2024-08-16T18:00:00.000Z,2493.68,2494.81,2491.14,2492.27,6
2024-08-16T19:00:00.000Z,2492.27,2493.4,2490.29,2491.42,6
2024-08-16T20:00:00.000Z,2491.42,2495.14,2490.14,2493.86,5
2024-08-16T21:00:00.000Z,2493.86,2496.93,2492.58,2495.65,5
2024-08-16T22:00:00.000Z,2495.65,2498.73,2494.37,2497.45,5
2024-08-16T23:00:00.000Z,2497.45,2499.88,2496.17,2498.6,5
2024-08-19T00:00:00.000Z,2508.5,2508.93,2507.32,2507.75,5
2024-08-19T01:00:00.000Z,2507.75,2508.18,2506.79,2507.22,5
2024-08-19T02:00:00.000Z,2507.22,2507.65,2506.26,2506.69,5
2024-08-19T03:00:00.000Z,2506.69,2507.12,2505.94,2506.37,5
2024-08-19T04:00:00.000Z,2506.37,2507.27,2506.05,2506.95,5
2024-08-19T05:00:00.000Z,2506.95,2507.7,2506.63,2507.38,5
2024-08-19T06:00:00.000Z,2507.38,2508.12,2507.06,2507.8,5
2024-08-19T07:00:00.000Z,2507.8,2508.39,2507.48,2508.07,5
2024-08-19T08:00:00.000Z,2508.07,2509.35,2504.02,2505.3,6
2024-08-19T09:00:00.000Z,2505.3,2506.58,2501.89,2503.17,6
2024-08-19T10:00:00.000Z,2503.17,2504.45,2499.76,2501.04,6
2024-08-19T11:00:00.000Z,2501.04,2502.32,2498.27,2499.55,6
2024-08-19T12:00:00.000Z,2499.55,2500.89,2495.68,2497.02,7
2024-08-19T13:00:00.000Z,2497.02,2498.36,2493.81,2495.15,7
2024-08-19T14:00:00.000Z,2495.15,2496.49,2491.95,2493.29,7
2024-08-19T15:00:00.000Z,2493.29,2494.63,2490.76,2492.1,7
2024-08-19T16:00:00.000Z,2492.1,2493.28,2491.67,2492.85,5
2024-08-19T17:00:00.000Z,2492.85,2493.81,2492.42,2493.38,5
2024-08-19T18:00:00.000Z,2493.38,2494.34,2492.95,2493.91,5
2024-08-19T19:00:00.000Z,2493.91,2494.66,2493.48,2494.23,5
2024-08-19T20:00:00.000Z,2494.23,2497.58,2493.26,2496.61,5
2024-08-19T21:00:00.000Z,2496.61,2499.47,2495.64,2498.5,5
2024-08-19T22:00:00.000Z,2498.5,2501.36,2497.53,2500.39,5
2024-08-19T23:00:00.000Z,2500.39,2502.77,2499.42,2501.8,5
2024-08-20T00:00:00.000Z,2503.5,2504.96,2502.97,2504.43,5
2024-08-20T01:00:00.000Z,2504.43,2505.63,2503.9,2505.1,5
2024-08-20T02:00:00.000Z,2505.1,2506.29,2504.57,2505.76,5
2024-08-20T03:00:00.000Z,2505.76,2506.69,2505.23,2506.16,5
2024-08-20T04:00:00.000Z,2506.16,2506.84,2504.61,2505.29,6
2024-08-20T05:00:00.000Z,2505.29,2505.97,2504.08,2504.76,6
2024-08-20T06:00:00.000Z,2504.76,2505.44,2503.54,2504.22,6
2024-08-20T07:00:00.000Z,2504.22,2504.9,2503.35,2504.03,6
2024-08-20T08:00:00.000Z,2504.03,2509.09,2502.43,2507.49,13
2024-08-20T09:00:00.000Z,2507.49,2511.75,2505.89,2510.15,13
2024-08-20T10:00:00.000Z,2510.15,2514.41,2508.55,2512.81,13
2024-08-20T11:00:00.000Z,2512.81,2516.27,2511.21,2514.67,13
2024-08-20T12:00:00.000Z,2514.67,2519.1,2513.27,2517.7,15
2024-08-20T13:00:00.000Z,2517.7,2521.42,2516.3,2520.02,15
2024-08-20T14:00:00.000Z,2520.02,2523.75,2518.62,2522.35,15
2024-08-20T15:00:00.000Z,2522.35,2525.38,2520.95,2523.98,15
2024-08-20T16:00:00.000Z,2523.98,2524.51,2522.52,2523.05,6
2024-08-20T17:00:00.000Z,2523.05,2523.58,2521.85,2522.38,6
2024-08-20T18:00:00.000Z,2522.38,2522.91,2521.19,2521.72,6
2024-08-20T19:00:00.000Z,2521.72,2522.25,2520.79,2521.32,6
2024-08-20T20:00:00.000Z,2521.32,2522.59,2516.91,2518.18,5
2024-08-20T21:00:00.000Z,2518.18,2519.45,2514.41,2515.68,5
2024-08-20T22:00:00.000Z,2515.68,2516.95,2511.9,2513.17,5
2024-08-20T23:00:00.000Z,2513.17,2514.44,2510.03,2511.3,5
2024-08-21T00:00:00.000Z,2511,2511.23,2510.37,2510.6,5
2024-08-21T01:00:00.000Z,2510.6,2510.83,2510.08,2510.31,5
2024-08-21T02:00:00.000Z,2510.31,2510.54,2509.79,2510.02,5
2024-08-21T03:00:00.000Z,2510.02,2510.25,2509.62,2509.85,5
2024-08-21T04:00:00.000Z,2509.85,2511,2509.24,2510.39,5
2024-08-21T05:00:00.000Z,2510.39,2511.23,2509.78,2510.62,5
2024-08-21T06:00:00.000Z,2510.62,2511.46,2510.01,2510.85,5
2024-08-21T07:00:00.000Z,2510.85,2511.46,2510.16,2510.77,5
2024-08-21T08:00:00.000Z,2510.77,2511.46,2508.59,2509.28,7
2024-08-21T09:00:00.000Z,2509.28,2509.97,2507.44,2508.13,7
2024-08-21T10:00:00.000Z,2508.13,2508.82,2506.29,2506.98,7
2024-08-21T11:00:00.000Z,2506.98,2507.67,2505.48,2506.17,7
2024-08-21T12:00:00.000Z,2506.17,2506.63,2504.47,2504.93,8
2024-08-21T13:00:00.000Z,2504.93,2505.39,2503.46,2503.92,8
2024-08-21T14:00:00.000Z,2503.92,2504.38,2502.46,2502.92,8
2024-08-21T15:00:00.000Z,2502.92,2503.38,2501.68,2502.14,8
2024-08-21T16:00:00.000Z,2502.14,2502.77,2501.91,2502.54,5
2024-08-21T17:00:00.000Z,2502.54,2503.07,2502.31,2502.84,5
2024-08-21T18:00:00.000Z,2502.84,2503.36,2502.61,2503.13,5
2024-08-21T19:00:00.000Z,2503.13,2503.53,2502.9,2503.3,5
2024-08-21T20:00:00.000Z,2503.3,2505.51,2502.68,2504.89,5
2024-08-21T21:00:00.000Z,2504.89,2506.78,2504.26,2506.16,5
2024-08-21T22:00:00.000Z,2506.16,2508.07,2505.53,2507.44,5
2024-08-21T23:00:00.000Z,2507.44,2509.03,2506.82,2508.4,5
2024-08-22T00:00:00.000Z,2504.1,2504.76,2502.29,2502.95,5
2024-08-22T01:00:00.000Z,2502.95,2503.61,2501.46,2502.12,5
2024-08-22T02:00:00.000Z,2502.12,2502.78,2500.64,2501.3,5
2024-08-22T03:00:00.000Z,2501.3,2501.96,2500.14,2500.8,5
2024-08-22T04:00:00.000Z,2500.8,2502.2,2500.31,2501.71,6
2024-08-22T05:00:00.000Z,2501.71,2502.86,2501.22,2502.37,6
2024-08-22T06:00:00.000Z,2502.37,2503.53,2501.88,2503.03,6
2024-08-22T07:00:00.000Z,2503.03,2503.93,2502.54,2503.44,6
2024-08-22T08:00:00.000Z,2503.44,2505.42,2497.17,2499.15,15
2024-08-22T09:00:00.000Z,2499.15,2501.13,2493.87,2495.85,15
2024-08-22T10:00:00.000Z,2495.85,2497.83,2490.57,2492.55,15
2024-08-22T11:00:00.000Z,2492.55,2494.53,2488.26,2490.24,15
2024-08-22T12:00:00.000Z,2490.24,2492.32,2484.23,2486.31,17
2024-08-22T13:00:00.000Z,2486.31,2488.39,2481.35,2483.43,17
2024-08-22T14:00:00.000Z,2483.43,2485.51,2478.46,2480.54,17
2024-08-22T15:00:00.000Z,2480.54,2482.62,2476.61,2478.69,17
2024-08-22T16:00:00.000Z,2478.69,2480.5,2478.03,2479.84,6
2024-08-22T17:00:00.000Z,2479.84,2481.33,2479.18,2480.67,6
2024-08-22T18:00:00.000Z,2480.67,2482.15,2480.01,2481.49,6
2024-08-22T19:00:00.000Z,2481.49,2482.65,2480.83,2481.99,6
2024-08-22T20:00:00.000Z,2481.99,2482.63,2480.26,2480.9,5
2024-08-22T21:00:00.000Z,2480.9,2481.54,2479.49,2480.13,5
2024-08-22T22:00:00.000Z,2480.13,2480.77,2478.71,2479.35,5
2024-08-22T23:00:00.000Z,2479.35,2479.99,2478.26,2478.9,5
2024-08-23T00:00:00.000Z,2486.5,2487.71,2486.06,2487.27,5
2024-08-23T01:00:00.000Z,2487.27,2488.25,2486.83,2487.81,5
2024-08-23T02:00:00.000Z,2487.81,2488.8,2487.37,2488.36,5
2024-08-23T03:00:00.000Z,2488.36,2489.13,2487.92,2488.69,5
2024-08-23T04:00:00.000Z,2488.69,2489.02,2487.76,2488.09,5
2024-08-23T05:00:00.000Z,2488.09,2488.42,2487.32,2487.65,5
2024-08-23T06:00:00.000Z,2487.65,2487.98,2486.88,2487.21,5
2024-08-23T07:00:00.000Z,2487.21,2487.54,2486.61,2486.94,5
2024-08-23T08:00:00.000Z,2486.94,2491.1,2485.63,2489.79,7
2024-08-23T09:00:00.000Z,2489.79,2493.29,2488.48,2491.98,7
2024-08-23T10:00:00.000Z,2491.98,2495.48,2490.67,2494.17,7
2024-08-23T11:00:00.000Z,2494.17,2497.01,2492.86,2495.7,7
2024-08-23T12:00:00.000Z,2495.7,2499.68,2494.32,2498.3,8
2024-08-23T13:00:00.000Z,2498.3,2501.6,2496.92,2500.22,8
2024-08-23T14:00:00.000Z,2500.22,2503.52,2498.84,2502.14,8
2024-08-23T15:00:00.000Z,2502.14,2504.74,2500.76,2503.36,8
2024-08-23T16:00:00.000Z,2503.36,2503.8,2502.15,2502.59,5
2024-08-23T17:00:00.000Z,2502.59,2503.03,2501.61,2502.05,5
2024-08-23T18:00:00.000Z,2502.05,2502.49,2501.06,2501.5,5
2024-08-23T19:00:00.000Z,2501.5,2501.94,2500.73,2501.17,5
2024-08-23T20:00:00.000Z,2501.17,2504.39,2500.23,2503.45,5
2024-08-23T21:00:00.000Z,2503.45,2506.2,2502.51,2505.26,5
2024-08-23T22:00:00.000Z,2505.26,2508,2504.32,2507.06,5
2024-08-23T23:00:00.000Z,2507.06,2509.34,2506.12,2508.4,5
2024-08-26T00:00:00.000Z,2509.9,2510.67,2509.62,2510.39,7
2024-08-26T01:00:00.000Z,2510.39,2511.02,2510.11,2510.74,7
2024-08-26T02:00:00.000Z,2510.74,2511.37,2510.46,2511.09,7
2024-08-26T03:00:00.000Z,2511.09,2511.58,2510.81,2511.3,7
2024-08-26T04:00:00.000Z,2511.3,2511.59,2510.59,2510.88,9
2024-08-26T05:00:00.000Z,2510.88,2511.17,2510.3,2510.59,9
2024-08-26T06:00:00.000Z,2510.59,2510.88,2510.03,2510.32,9
2024-08-26T07:00:00.000Z,2510.32,2510.61,2509.89,2510.18,9
2024-08-26T08:00:00.000Z,2510.18,2512.84,2509.34,2512,20
2024-08-26T09:00:00.000Z,2512,2514.24,2511.16,2513.4,20
2024-08-26T10:00:00.000Z,2513.4,2515.64,2512.56,2514.8,20
2024-08-26T11:00:00.000Z,2514.8,2516.62,2513.96,2515.78,20
2024-08-26T12:00:00.000Z,2515.78,2518.21,2514.98,2517.41,23
2024-08-26T13:00:00.000Z,2517.41,2519.43,2516.61,2518.63,23
2024-08-26T14:00:00.000Z,2518.63,2520.66,2517.83,2519.86,23
2024-08-26T15:00:00.000Z,2519.86,2521.48,2519.06,2520.68,23
2024-08-26T16:00:00.000Z,2520.68,2520.96,2519.91,2520.19,9
2024-08-26T17:00:00.000Z,2520.19,2520.47,2519.56,2519.84,9
2024-08-26T18:00:00.000Z,2519.84,2520.12,2519.21,2519.49,9
2024-08-26T19:00:00.000Z,2519.49,2519.77,2519,2519.28,9
2024-08-26T20:00:00.000Z,2519.28,2519.58,2518.44,2518.74,5
2024-08-26T21:00:00.000Z,2518.74,2519.04,2518.04,2518.34,5
2024-08-26T22:00:00.000Z,2518.34,2518.64,2517.65,2517.95,5
2024-08-26T23:00:00.000Z,2517.95,2518.25,2517.4,2517.7,5
2024-08-27T00:00:00.000Z,2515.2,2516.09,2514.88,2515.77,5
2024-08-27T01:00:00.000Z,2515.77,2516.49,2515.45,2516.17,5
2024-08-27T02:00:00.000Z,2516.17,2516.9,2515.85,2516.58,5
2024-08-27T03:00:00.000Z,2516.58,2517.14,2516.26,2516.82,5
2024-08-27T04:00:00.000Z,2516.82,2517.89,2514.89,2515.96,5
2024-08-27T05:00:00.000Z,2515.96,2517.03,2514.56,2515.63,5
2024-08-27T06:00:00.000Z,2515.63,2516.7,2514.24,2515.31,5
2024-08-27T07:00:00.000Z,2515.31,2516.59,2514.24,2515.52,5
2024-08-27T08:00:00.000Z,2515.52,2518.6,2514.55,2517.63,7
2024-08-27T09:00:00.000Z,2517.63,2520.22,2516.66,2519.25,7
2024-08-27T10:00:00.000Z,2519.25,2521.84,2518.28,2520.87,7
2024-08-27T11:00:00.000Z,2520.87,2522.97,2519.9,2522,7
2024-08-27T12:00:00.000Z,2522,2524.39,2521.35,2523.74,8
2024-08-27T13:00:00.000Z,2523.74,2525.81,2523.09,2525.16,8
2024-08-27T14:00:00.000Z,2525.16,2527.23,2524.51,2526.58,8
2024-08-27T15:00:00.000Z,2526.58,2528.32,2525.93,2527.67,8
2024-08-27T16:00:00.000Z,2527.67,2527.99,2526.78,2527.1,5
2024-08-27T17:00:00.000Z,2527.1,2527.42,2526.38,2526.7,5
2024-08-27T18:00:00.000Z,2526.7,2527.02,2525.97,2526.29,5
2024-08-27T19:00:00.000Z,2526.29,2526.61,2525.73,2526.05,5
2024-08-27T20:00:00.000Z,2526.05,2527.22,2521.78,2522.95,5
2024-08-27T21:00:00.000Z,2522.95,2524.12,2519.27,2520.44,5
2024-08-27T22:00:00.000Z,2520.44,2521.61,2516.76,2517.93,5
2024-08-27T23:00:00.000Z,2517.93,2519.1,2514.83,2516,5
2024-08-28T00:00:00.000Z,2501,2501,2501,2501,59
2024-08-28T01:00:00.000Z,2501,2501,2501,2501,59
2024-08-28T02:00:00.000Z,2501,2501,2501,2501,59
2024-08-28T03:00:00.000Z,2501,2501,2501,2501,59
2024-08-28T04:00:00.000Z,2501,2501,2501,2501,71
2024-08-28T05:00:00.000Z,2501,2501,2501,2501,71
2024-08-28T06:00:00.000Z,2501,2501,2501,2501,71
2024-08-28T07:00:00.000Z,2501,2501,2501,2501,71
2024-08-28T08:00:00.000Z,2501,2501,2501,2501,165
2024-08-28T09:00:00.000Z,2501,2501,2501,2501,165
2024-08-28T10:00:00.000Z,2501,2501,2501,2501,165
2024-08-28T11:00:00.000Z,2501,2501,2501,2501,165
2024-08-28T12:00:00.000Z,2501,2501,2501,2501,188
2024-08-28T13:00:00.000Z,2501,2501,2501,2501,188
2024-08-28T14:00:00.000Z,2501,2501,2501,2501,188
2024-08-28T15:00:00.000Z,2501,2501,2501,2501,188
2024-08-28T16:00:00.000Z,2501,2501,2501,2501,71
2024-08-28T17:00:00.000Z,2501,2501,2501,2501,71
2024-08-28T18:00:00.000Z,2501,2501,2501,2501,71
2024-08-28T19:00:00.000Z,2501,2501,2501,2501,71
2024-08-28T20:00:00.000Z,2501,2501,2501,2501,35
2024-08-28T21:00:00.000Z,2501,2501,2501,2501,35
2024-08-28T22:00:00.000Z,2501,2501,2501,2501,35
2024-08-28T23:00:00.000Z,2501,2501,2501,2501,35
2024-08-29T00:00:00.000Z,2504.1,2505.3,2503.66,2504.86,99
2024-08-29T01:00:00.000Z,2504.86,2505.85,2504.42,2505.41,99
2024-08-29T02:00:00.000Z,2505.41,2506.39,2504.97,2505.95,99
2024-08-29T03:00:00.000Z,2505.95,2506.72,2505.51,2506.28,99
2024-08-29T04:00:00.000Z,2506.28,2506.63,2505.32,2505.67,119
2024-08-29T05:00:00.000Z,2505.67,2506.02,2504.89,2505.24,119
2024-08-29T06:00:00.000Z,2505.24,2505.59,2504.45,2504.8,119
2024-08-29T07:00:00.000Z,2504.8,2505.15,2504.19,2504.54,119
2024-08-29T08:00:00.000Z,2504.54,2508.68,2503.23,2507.37,278
2024-08-29T09:00:00.000Z,2507.37,2510.86,2506.06,2509.55,278
2024-08-29T10:00:00.000Z,2509.55,2513.04,2508.24,2511.73,278
2024-08-29T11:00:00.000Z,2511.73,2514.57,2510.42,2513.26,278
2024-08-29T12:00:00.000Z,2513.26,2517.19,2511.91,2515.84,317
2024-08-29T13:00:00.000Z,2515.84,2519.1,2514.49,2517.75,317
2024-08-29T14:00:00.000Z,2517.75,2521.01,2516.4,2519.66,317
2024-08-29T15:00:00.000Z,2519.66,2522.24,2518.31,2520.89,317
2024-08-29T16:00:00.000Z,2520.89,2521.33,2519.69,2520.13,119
2024-08-29T17:00:00.000Z,2520.13,2520.57,2519.14,2519.58,119
2024-08-29T18:00:00.000Z,2519.58,2520.02,2518.6,2519.04,119
2024-08-29T19:00:00.000Z,2519.04,2519.48,2518.27,2518.71,119
2024-08-29T20:00:00.000Z,2518.71,2521.84,2517.79,2520.92,60
2024-08-29T21:00:00.000Z,2520.92,2523.58,2520,2522.66,60
2024-08-29T22:00:00.000Z,2522.66,2525.33,2521.74,2524.41,60
2024-08-29T23:00:00.000Z,2524.41,2526.62,2523.49,2525.7,60
2024-08-30T00:00:00.000Z,2519.5,2520.13,2517.76,2518.39,5
2024-08-30T01:00:00.000Z,2518.39,2519.02,2516.97,2517.6,5
2024-08-30T02:00:00.000Z,2517.6,2518.23,2516.18,2516.81,5
2024-08-30T03:00:00.000Z,2516.81,2517.44,2515.71,2516.34,5
2024-08-30T04:00:00.000Z,2516.34,2518.56,2515.28,2517.5,6
2024-08-30T05:00:00.000Z,2517.5,2519.2,2516.44,2518.14,6
2024-08-30T06:00:00.000Z,2518.14,2519.83,2517.08,2518.77,6
2024-08-30T07:00:00.000Z,2518.77,2519.93,2517.71,2518.87,6
2024-08-30T08:00:00.000Z,2518.87,2520.77,2512.86,2514.76,15
2024-08-30T09:00:00.000Z,2514.76,2516.66,2509.7,2511.6,15
2024-08-30T10:00:00.000Z,2511.6,2513.5,2506.54,2508.44,15
2024-08-30T11:00:00.000Z,2508.44,2510.34,2504.33,2506.23,15
2024-08-30T12:00:00.000Z,2506.23,2507.63,2501.36,2502.76,17
2024-08-30T13:00:00.000Z,2502.76,2504.16,2498.6,2500,17
2024-08-30T14:00:00.000Z,2500,2501.4,2495.83,2497.23,17
2024-08-30T15:00:00.000Z,2497.23,2498.63,2493.77,2495.17,17
2024-08-30T16:00:00.000Z,2495.17,2496.91,2494.54,2496.28,6
2024-08-30T17:00:00.000Z,2496.28,2497.7,2495.65,2497.07,6
2024-08-30T18:00:00.000Z,2497.07,2498.49,2496.44,2497.86,6
2024-08-30T19:00:00.000Z,2497.86,2498.96,2497.23,2498.33,6
2024-08-30T20:00:00.000Z,2498.33,2499.1,2496.04,2496.81,5
2024-08-30T21:00:00.000Z,2496.81,2497.58,2494.91,2495.68,5
2024-08-30T22:00:00.000Z,2495.68,2496.45,2493.78,2494.55,5
2024-08-30T23:00:00.000Z,2494.55,2495.32,2493.03,2493.8,5
2024-09-03T00:00:00.000Z,2501.6,2502.11,2500.2,2500.71,5
2024-09-03T01:00:00.000Z,2500.71,2501.22,2499.56,2500.07,5
2024-09-03T02:00:00.000Z,2500.07,2500.58,2498.92,2499.43,5
2024-09-03T03:00:00.000Z,2499.43,2499.94,2498.54,2499.05,5
2024-09-03T04:00:00.000Z,2499.05,2500.16,2498.65,2499.76,6
2024-09-03T05:00:00.000Z,2499.76,2500.67,2499.36,2500.27,6
2024-09-03T06:00:00.000Z,2500.27,2501.18,2499.87,2500.78,6
2024-09-03T07:00:00.000Z,2500.78,2501.49,2500.38,2501.09,6
2024-09-03T08:00:00.000Z,2501.09,2502.62,2496.25,2497.78,15
2024-09-03T09:00:00.000Z,2497.78,2499.31,2493.69,2495.22,15
2024-09-03T10:00:00.000Z,2495.22,2496.75,2491.15,2492.68,15
2024-09-03T11:00:00.000Z,2492.68,2494.21,2489.36,2490.89,15
2024-09-03T12:00:00.000Z,2490.89,2492.48,2486.28,2487.87,17
2024-09-03T13:00:00.000Z,2487.87,2489.46,2484.05,2485.64,17
2024-09-03T14:00:00.000Z,2485.64,2487.23,2481.82,2483.41,17
2024-09-03T15:00:00.000Z,2483.41,2485,2480.38,2481.97,17
2024-09-03T16:00:00.000Z,2481.97,2483.37,2481.46,2482.86,6
2024-09-03T17:00:00.000Z,2482.86,2484.01,2482.35,2483.5,6
2024-09-03T18:00:00.000Z,2483.5,2484.65,2482.99,2484.14,6
2024-09-03T19:00:00.000Z,2484.14,2485.03,2483.63,2484.52,6
2024-09-03T20:00:00.000Z,2484.52,2487.05,2483.73,2486.26,5
2024-09-03T21:00:00.000Z,2486.26,2488.4,2485.47,2487.61,5
2024-09-03T22:00:00.000Z,2487.61,2489.74,2486.82,2488.95,5
2024-09-03T23:00:00.000Z,2488.95,2490.69,2488.16,2489.9,5
2024-09-04T00:00:00.000Z,2490.9,2491.45,2490.7,2491.25,12
2024-09-04T01:00:00.000Z,2491.25,2491.69,2491.05,2491.49,12
2024-09-04T02:00:00.000Z,2491.49,2491.94,2491.29,2491.74,12
2024-09-04T03:00:00.000Z,2491.74,2492.09,2491.54,2491.89,12
2024-09-04T04:00:00.000Z,2491.89,2492.78,2490.36,2491.25,14
2024-09-04T05:00:00.000Z,2491.25,2492.14,2490.16,2491.05,14
2024-09-04T06:00:00.000Z,2491.05,2491.94,2489.96,2490.85,14
2024-09-04T07:00:00.000Z,2490.85,2491.99,2489.96,2491.1,14
2024-09-04T08:00:00.000Z,2491.1,2492.98,2490.51,2492.39,33
2024-09-04T09:00:00.000Z,2492.39,2493.97,2491.8,2493.38,33
2024-09-04T10:00:00.000Z,2493.38,2494.96,2492.79,2494.37,33
2024-09-04T11:00:00.000Z,2494.37,2495.65,2493.78,2495.06,33
2024-09-04T12:00:00.000Z,2495.06,2496.52,2494.66,2496.12,38
2024-09-04T13:00:00.000Z,2496.12,2497.39,2495.72,2496.99,38
2024-09-04T14:00:00.000Z,2496.99,2498.25,2496.59,2497.85,38
2024-09-04T15:00:00.000Z,2497.85,2498.92,2497.45,2498.52,38
2024-09-04T16:00:00.000Z,2498.52,2498.72,2497.97,2498.17,14
2024-09-04T17:00:00.000Z,2498.17,2498.37,2497.73,2497.93,14
2024-09-04T18:00:00.000Z,2497.93,2498.13,2497.48,2497.68,14
2024-09-04T19:00:00.000Z,2497.68,2497.88,2497.33,2497.53,14
2024-09-04T20:00:00.000Z,2497.53,2498.04,2495.73,2496.24,7
2024-09-04T21:00:00.000Z,2496.24,2496.75,2494.7,2495.21,7
2024-09-04T22:00:00.000Z,2495.21,2495.72,2493.67,2494.18,7
2024-09-04T23:00:00.000Z,2494.18,2494.69,2492.89,2493.4,7
2024-09-05T00:00:00.000Z,2493.7,2494.8,2493.3,2494.4,5
2024-09-05T01:00:00.000Z,2494.4,2495.29,2494,2494.89,5
2024-09-05T02:00:00.000Z,2494.89,2495.79,2494.49,2495.39,5
2024-09-05T03:00:00.000Z,2495.39,2496.09,2494.99,2495.69,5
2024-09-05T04:00:00.000Z,2495.69,2496.02,2494.8,2495.13,5
2024-09-05T05:00:00.000Z,2495.13,2495.46,2494.4,2494.73,5
2024-09-05T06:00:00.000Z,2494.73,2495.06,2494,2494.33,5
2024-09-05T07:00:00.000Z,2494.33,2494.66,2493.77,2494.1,5
2024-09-05T08:00:00.000Z,2494.1,2497.88,2492.91,2496.69,5
2024-09-05T09:00:00.000Z,2496.69,2499.87,2495.5,2498.68,5
2024-09-05T10:00:00.000Z,2498.68,2501.86,2497.49,2500.67,5
2024-09-05T11:00:00.000Z,2500.67,2503.25,2499.48,2502.06,5
2024-09-05T12:00:00.000Z,2502.06,2505.63,2500.84,2504.41,5
2024-09-05T13:00:00.000Z,2504.41,2507.37,2503.19,2506.15,5
2024-09-05T14:00:00.000Z,2506.15,2509.11,2504.93,2507.89,5
2024-09-05T15:00:00.000Z,2507.89,2510.24,2506.67,2509.02,5
2024-09-05T16:00:00.000Z,2509.02,2509.42,2507.92,2508.32,5
2024-09-05T17:00:00.000Z,2508.32,2508.72,2507.43,2507.83,5
2024-09-05T18:00:00.000Z,2507.83,2508.23,2506.93,2507.33,5
2024-09-05T19:00:00.000Z,2507.33,2507.73,2506.63,2507.03,5
2024-09-05T20:00:00.000Z,2507.03,2509.07,2506.4,2508.44,5
2024-09-05T21:00:00.000Z,2508.44,2510.16,2507.81,2509.53,5
2024-09-05T22:00:00.000Z,2509.53,2511.27,2508.9,2510.63,5
2024-09-05T23:00:00.000Z,2510.63,2512.03,2509.99,2511.4,5
2024-09-06T00:00:00.000Z,2510.3,2510.98,2508.42,2509.1,5
2024-09-06T01:00:00.000Z,2509.1,2509.78,2507.57,2508.25,5
2024-09-06T02:00:00.000Z,2508.25,2508.93,2506.71,2507.39,5
2024-09-06T03:00:00.000Z,2507.39,2508.07,2506.2,2506.88,5
2024-09-06T04:00:00.000Z,2506.88,2509.47,2505.61,2508.2,5
2024-09-06T05:00:00.000Z,2508.2,2510.16,2506.93,2508.89,5
2024-09-06T06:00:00.000Z,2508.89,2510.84,2507.62,2509.57,5
2024-09-06T07:00:00.000Z,2509.57,2510.89,2508.3,2509.62,5
2024-09-06T08:00:00.000Z,2509.62,2511.67,2503.12,2505.17,7
2024-09-06T09:00:00.000Z,2505.17,2507.22,2499.7,2501.75,7
2024-09-06T10:00:00.000Z,2501.75,2503.8,2496.28,2498.33,7
2024-09-06T11:00:00.000Z,2498.33,2500.38,2493.89,2495.94,7
2024-09-06T12:00:00.000Z,2495.94,2497.34,2490.86,2492.25,8
2024-09-06T13:00:00.000Z,2492.25,2493.64,2487.87,2489.26,8
2024-09-06T14:00:00.000Z,2489.26,2490.66,2484.87,2486.26,8
2024-09-06T15:00:00.000Z,2486.26,2487.66,2482.57,2483.97,8
2024-09-06T16:00:00.000Z,2483.97,2485.85,2483.29,2485.17,5
2024-09-06T17:00:00.000Z,2485.17,2486.7,2484.49,2486.02,5
2024-09-06T18:00:00.000Z,2486.02,2487.56,2485.34,2486.88,5
2024-09-06T19:00:00.000Z,2486.88,2488.07,2486.2,2487.39,5
2024-09-06T20:00:00.000Z,2487.39,2490.34,2486.44,2489.39,5
2024-09-06T21:00:00.000Z,2489.39,2491.87,2488.44,2490.92,5
2024-09-06T22:00:00.000Z,2490.92,2493.4,2489.97,2492.45,5
2024-09-06T23:00:00.000Z,2492.45,2494.45,2491.5,2493.5,5
2024-09-09T00:00:00.000Z,2491.3,2492.04,2491.03,2491.77,5
2024-09-09T01:00:00.000Z,2491.77,2492.37,2491.5,2492.1,5
2024-09-09T02:00:00.000Z,2492.1,2492.71,2491.83,2492.44,5
2024-09-09T03:00:00.000Z,2492.44,2492.91,2492.17,2492.64,5
2024-09-09T04:00:00.000Z,2492.64,2492.84,2492.07,2492.27,5
2024-09-09T05:00:00.000Z,2492.27,2492.47,2491.8,2492,5
2024-09-09T06:00:00.000Z,2492,2492.2,2491.54,2491.74,5
2024-09-09T07:00:00.000Z,2491.74,2491.94,2491.37,2491.57,5
2024-09-09T08:00:00.000Z,2491.57,2494.11,2490.77,2493.31,7
2024-09-09T09:00:00.000Z,2493.31,2495.45,2492.51,2494.65,7
2024-09-09T10:00:00.000Z,2494.65,2496.79,2493.85,2495.99,7
2024-09-09T11:00:00.000Z,2495.99,2497.73,2495.19,2496.93,7
2024-09-09T12:00:00.000Z,2496.93,2499.36,2496.09,2498.52,8
2024-09-09T13:00:00.000Z,2498.52,2500.54,2497.68,2499.7,8
2024-09-09T14:00:00.000Z,2499.7,2501.71,2498.86,2500.87,8
2024-09-09T15:00:00.000Z,2500.87,2502.46,2500.03,2501.62,8
2024-09-09T16:00:00.000Z,2501.62,2501.89,2500.88,2501.15,5
2024-09-09T17:00:00.000Z,2501.15,2501.42,2500.55,2500.82,5
2024-09-09T18:00:00.000Z,2500.82,2501.09,2500.21,2500.48,5
2024-09-09T19:00:00.000Z,2500.48,2500.75,2500.01,2500.28,5
2024-09-09T20:00:00.000Z,2500.28,2501.09,2499.99,2500.8,5
2024-09-09T21:00:00.000Z,2500.8,2501.47,2500.51,2501.18,5
2024-09-09T22:00:00.000Z,2501.18,2501.85,2500.89,2501.56,5
2024-09-09T23:00:00.000Z,2501.56,2502.09,2501.27,2501.8,5
2024-09-10T00:00:00.000Z,2512.3,2512.3,2512.3,2512.3,5
2024-09-10T01:00:00.000Z,2512.3,2512.3,2512.3,2512.3,5
2024-09-10T02:00:00.000Z,2512.3,2512.3,2512.3,2512.3,5
2024-09-10T03:00:00.000Z,2512.3,2512.3,2512.3,2512.3,5
2024-09-10T04:00:00.000Z,2512.3,2512.3,2512.3,2512.3,5
2024-09-10T05:00:00.000Z,2512.3,2512.3,2512.3,2512.3,5
2024-09-10T06:00:00.000Z,2512.3,2512.3,2512.3,2512.3,5
2024-09-10T07:00:00.000Z,2512.3,2512.3,2512.3,2512.3,5
2024-09-10T08:00:00.000Z,2512.3,2512.3,2512.3,2512.3,5
2024-09-10T09:00:00.000Z,2512.3,2512.3,2512.3,2512.3,5
2024-09-10T10:00:00.000Z,2512.3,2512.3,2512.3,2512.3,5
2024-09-10T11:00:00.000Z,2512.3,2512.3,2512.3,2512.3,5
2024-09-10T12:00:00.000Z,2512.3,2512.3,2512.3,2512.3,5
2024-09-10T13:00:00.000Z,2512.3,2512.3,2512.3,2512.3,5
2024-09-10T14:00:00.000Z,2512.3,2512.3,2512.3,2512.3,5
2024-09-10T15:00:00.000Z,2512.3,2512.3,2512.3,2512.3,5
2024-09-10T16:00:00.000Z,2512.3,2512.3,2512.3,2512.3,5
2024-09-10T17:00:00.000Z,2512.3,2512.3,2512.3,2512.3,5
2024-09-10T18:00:00.000Z,2512.3,2512.3,2512.3,2512.3,5
2024-09-10T19:00:00.000Z,2512.3,2512.3,2512.3,2512.3,5
2024-09-10T20:00:00.000Z,2512.3,2512.3,2512.3,2512.3,5
2024-09-10T21:00:00.000Z,2512.3,2512.3,2512.3,2512.3,5
2024-09-10T22:00:00.000Z,2512.3,2512.3,2512.3,2512.3,5
2024-09-10T23:00:00.000Z,2512.3,2512.3,2512.3,2512.3,5
2024-09-11T00:00:00.000Z,2525.8,2526.27,2524.51,2524.98,5
2024-09-11T01:00:00.000Z,2524.98,2525.45,2523.92,2524.39,5
2024-09-11T02:00:00.000Z,2524.39,2524.86,2523.33,2523.8,5
2024-09-11T03:00:00.000Z,2523.8,2524.27,2522.98,2523.45,5
2024-09-11T04:00:00.000Z,2523.45,2524.45,2523.1,2524.1,5
2024-09-11T05:00:00.000Z,2524.1,2524.92,2523.75,2524.57,5
2024-09-11T06:00:00.000Z,2524.57,2525.39,2524.22,2525.04,5
2024-09-11T07:00:00.000Z,2525.04,2525.68,2524.69,2525.33,5
2024-09-11T08:00:00.000Z,2525.33,2526.74,2520.87,2522.28,6
2024-09-11T09:00:00.000Z,2522.28,2523.69,2518.52,2519.93,6
2024-09-11T10:00:00.000Z,2519.93,2521.34,2516.16,2517.57,6
2024-09-11T11:00:00.000Z,2517.57,2518.98,2514.52,2515.93,6
2024-09-11T12:00:00.000Z,2515.93,2517.41,2511.65,2513.13,7
2024-09-11T13:00:00.000Z,2513.13,2514.61,2509.6,2511.08,7
2024-09-11T14:00:00.000Z,2511.08,2512.56,2507.54,2509.02,7
2024-09-11T15:00:00.000Z,2509.02,2510.5,2506.23,2507.71,7
2024-09-11T16:00:00.000Z,2507.71,2509,2507.24,2508.53,5
2024-09-11T17:00:00.000Z,2508.53,2509.59,2508.06,2509.12,5
2024-09-11T18:00:00.000Z,2509.12,2510.18,2508.65,2509.71,5
2024-09-11T19:00:00.000Z,2509.71,2510.53,2509.24,2510.06,5
2024-09-11T20:00:00.000Z,2510.06,2511.23,2509.62,2510.79,5
2024-09-11T21:00:00.000Z,2510.79,2511.74,2510.35,2511.3,5
2024-09-11T22:00:00.000Z,2511.3,2512.25,2510.86,2511.81,5
2024-09-11T23:00:00.000Z,2511.81,2512.54,2511.37,2512.1,5
2024-09-12T00:00:00.000Z,2529.1,2530.95,2528.43,2530.28,5
2024-09-12T01:00:00.000Z,2530.28,2531.79,2529.61,2531.12,5
2024-09-12T02:00:00.000Z,2531.12,2532.63,2530.45,2531.96,5
2024-09-12T03:00:00.000Z,2531.96,2533.13,2531.29,2532.46,5
2024-09-12T04:00:00.000Z,2532.46,2533.53,2530.18,2531.25,5
2024-09-12T05:00:00.000Z,2531.25,2532.32,2529.51,2530.58,5
2024-09-12T06:00:00.000Z,2530.58,2531.65,2528.84,2529.91,5
2024-09-12T07:00:00.000Z,2529.91,2530.98,2528.7,2529.77,5
2024-09-12T08:00:00.000Z,2529.77,2536.16,2527.75,2534.14,9
2024-09-12T09:00:00.000Z,2534.14,2539.52,2532.12,2537.5,9
2024-09-12T10:00:00.000Z,2537.5,2542.88,2535.48,2540.86,9
2024-09-12T11:00:00.000Z,2540.86,2545.23,2538.84,2543.21,9
2024-09-12T12:00:00.000Z,2543.21,2548.47,2541.66,2546.92,11
2024-09-12T13:00:00.000Z,2546.92,2551.41,2545.37,2549.86,11
2024-09-12T14:00:00.000Z,2549.86,2554.35,2548.31,2552.8,11
2024-09-12T15:00:00.000Z,2552.8,2556.52,2551.25,2554.97,11
2024-09-12T16:00:00.000Z,2554.97,2555.64,2553.12,2553.79,5
2024-09-12T17:00:00.000Z,2553.79,2554.46,2552.28,2552.95,5
2024-09-12T18:00:00.000Z,2552.95,2553.62,2551.44,2552.11,5
2024-09-12T19:00:00.000Z,2552.11,2552.78,2550.94,2551.61,5
2024-09-12T20:00:00.000Z,2551.61,2551.99,2550.94,2551.32,5
2024-09-12T21:00:00.000Z,2551.32,2551.7,2550.84,2551.22,5
2024-09-12T22:00:00.000Z,2551.22,2551.6,2550.73,2551.11,5
2024-09-12T23:00:00.000Z,2551.11,2551.58,2550.73,2551.2,5
2024-09-13T00:00:00.000Z,2568.8,2569.73,2568.46,2569.39,5
2024-09-13T01:00:00.000Z,2569.39,2570.15,2569.05,2569.81,5
2024-09-13T02:00:00.000Z,2569.81,2570.57,2569.47,2570.23,5
2024-09-13T03:00:00.000Z,2570.23,2570.82,2569.89,2570.48,5
2024-09-13T04:00:00.000Z,2570.48,2571.11,2569.2,2569.83,5
2024-09-13T05:00:00.000Z,2569.83,2570.46,2568.86,2569.49,5
2024-09-13T06:00:00.000Z,2569.49,2570.12,2568.53,2569.16,5
2024-09-13T07:00:00.000Z,2569.16,2569.79,2568.51,2569.14,5
2024-09-13T08:00:00.000Z,2569.14,2572.33,2568.13,2571.32,5
2024-09-13T09:00:00.000Z,2571.32,2574.01,2570.31,2573,5
2024-09-13T10:00:00.000Z,2573,2575.69,2571.99,2574.68,5
2024-09-13T11:00:00.000Z,2574.68,2576.87,2573.67,2575.86,5
2024-09-13T12:00:00.000Z,2575.86,2578.35,2575.18,2577.67,5
2024-09-13T13:00:00.000Z,2577.67,2579.82,2576.99,2579.14,5
2024-09-13T14:00:00.000Z,2579.14,2581.29,2578.46,2580.61,5
2024-09-13T15:00:00.000Z,2580.61,2582.42,2579.93,2581.74,5
2024-09-13T16:00:00.000Z,2581.74,2582.08,2580.81,2581.15,5
2024-09-13T17:00:00.000Z,2581.15,2581.49,2580.39,2580.73,5
2024-09-13T18:00:00.000Z,2580.73,2581.07,2579.97,2580.31,5
2024-09-13T19:00:00.000Z,2580.31,2580.65,2579.72,2580.06,5
2024-09-13T20:00:00.000Z,2580.06,2580.81,2579.77,2580.52,5
2024-09-13T21:00:00.000Z,2580.52,2581.12,2580.23,2580.83,5
2024-09-13T22:00:00.000Z,2580.83,2581.43,2580.54,2581.14,5
2024-09-13T23:00:00.000Z,2581.14,2581.59,2580.85,2581.3,5
2024-09-16T00:00:00.000Z,2580.4,2580.4,2580.4,2580.4,5
2024-09-16T01:00:00.000Z,2580.4,2580.4,2580.4,2580.4,5
2024-09-16T02:00:00.000Z,2580.4,2580.4,2580.4,2580.4,5
2024-09-16T03:00:00.000Z,2580.4,2580.4,2580.4,2580.4,5
2024-09-16T04:00:00.000Z,2580.4,2580.4,2580.4,2580.4,5
2024-09-16T05:00:00.000Z,2580.4,2580.4,2580.4,2580.4,5
2024-09-16T06:00:00.000Z,2580.4,2580.4,2580.4,2580.4,5
2024-09-16T07:00:00.000Z,2580.4,2580.4,2580.4,2580.4,5
2024-09-16T08:00:00.000Z,2580.4,2580.4,2580.4,2580.4,5
2024-09-16T09:00:00.000Z,2580.4,2580.4,2580.4,2580.4,5
2024-09-16T10:00:00.000Z,2580.4,2580.4,2580.4,2580.4,5
2024-09-16T11:00:00.000Z,2580.4,2580.4,2580.4,2580.4,5
2024-09-16T12:00:00.000Z,2580.4,2580.4,2580.4,2580.4,5
2024-09-16T13:00:00.000Z,2580.4,2580.4,2580.4,2580.4,5
2024-09-16T14:00:00.000Z,2580.4,2580.4,2580.4,2580.4,5
2024-09-16T15:00:00.000Z,2580.4,2580.4,2580.4,2580.4,5
2024-09-16T16:00:00.000Z,2580.4,2580.4,2580.4,2580.4,5
2024-09-16T17:00:00.000Z,2580.4,2580.4,2580.4,2580.4,5
2024-09-16T18:00:00.000Z,2580.4,2580.4,2580.4,2580.4,5
2024-09-16T19:00:00.000Z,2580.4,2580.4,2580.4,2580.4,5
2024-09-16T20:00:00.000Z,2580.4,2580.4,2580.4,2580.4,5
2024-09-16T21:00:00.000Z,2580.4,2580.4,2580.4,2580.4,5
2024-09-16T22:00:00.000Z,2580.4,2580.4,2580.4,2580.4,5
2024-09-16T23:00:00.000Z,2580.4,2580.4,2580.4,2580.4,5
2024-09-17T00:00:00.000Z,2581.2,2581.55,2580.24,2580.59,5
2024-09-17T01:00:00.000Z,2580.59,2580.94,2579.8,2580.15,5
2024-09-17T02:00:00.000Z,2580.15,2580.5,2579.36,2579.71,5
2024-09-17T03:00:00.000Z,2579.71,2580.06,2579.1,2579.45,5
2024-09-17T04:00:00.000Z,2579.45,2580.28,2579.13,2579.96,5
2024-09-17T05:00:00.000Z,2579.96,2580.63,2579.64,2580.31,5
2024-09-17T06:00:00.000Z,2580.31,2580.98,2579.99,2580.66,5
2024-09-17T07:00:00.000Z,2580.66,2581.17,2580.34,2580.85,5
2024-09-17T08:00:00.000Z,2580.85,2581.9,2577.52,2578.57,5
2024-09-17T09:00:00.000Z,2578.57,2579.62,2575.77,2576.82,5
2024-09-17T10:00:00.000Z,2576.82,2577.87,2574.02,2575.07,5
2024-09-17T11:00:00.000Z,2575.07,2576.12,2572.8,2573.85,5
2024-09-17T12:00:00.000Z,2573.85,2574.89,2570.76,2571.8,5
2024-09-17T13:00:00.000Z,2571.8,2572.84,2569.22,2570.26,5
2024-09-17T14:00:00.000Z,2570.26,2571.3,2567.69,2568.73,5
2024-09-17T15:00:00.000Z,2568.73,2569.77,2566.68,2567.72,5
2024-09-17T16:00:00.000Z,2567.72,2568.68,2567.37,2568.33,5
2024-09-17T17:00:00.000Z,2568.33,2569.12,2567.98,2568.77,5
2024-09-17T18:00:00.000Z,2568.77,2569.56,2568.42,2569.21,5
2024-09-17T19:00:00.000Z,2569.21,2569.82,2568.86,2569.47,5
2024-09-17T20:00:00.000Z,2569.47,2570.16,2567.14,2567.83,5
2024-09-17T21:00:00.000Z,2567.83,2568.52,2565.85,2566.54,5
2024-09-17T22:00:00.000Z,2566.54,2567.23,2564.56,2565.25,5
2024-09-17T23:00:00.000Z,2565.25,2565.94,2563.61,2564.3,5
2024-09-18T00:00:00.000Z,2570.7,2571.88,2570.27,2571.45,5
2024-09-18T01:00:00.000Z,2571.45,2572.42,2571.02,2571.99,5
2024-09-18T02:00:00.000Z,2571.99,2572.96,2571.56,2572.53,5
2024-09-18T03:00:00.000Z,2572.53,2573.28,2572.1,2572.85,5
2024-09-18T04:00:00.000Z,2572.85,2575.32,2568.71,2571.18,5
2024-09-18T05:00:00.000Z,2571.18,2573.65,2568.28,2570.75,5
2024-09-18T06:00:00.000Z,2570.75,2573.22,2567.85,2570.32,5
2024-09-18T07:00:00.000Z,2570.32,2573.6,2567.85,2571.13,5
2024-09-18T08:00:00.000Z,2571.13,2575.22,2569.84,2573.93,5
2024-09-18T09:00:00.000Z,2573.93,2577.37,2572.64,2576.08,5
2024-09-18T10:00:00.000Z,2576.08,2579.51,2574.79,2578.22,5
2024-09-18T11:00:00.000Z,2578.22,2581.02,2576.93,2579.73,5
2024-09-18T12:00:00.000Z,2579.73,2582.9,2578.87,2582.04,5
2024-09-18T13:00:00.000Z,2582.04,2584.78,2581.18,2583.92,5
2024-09-18T14:00:00.000Z,2583.92,2586.66,2583.06,2585.8,5
2024-09-18T15:00:00.000Z,2585.8,2588.11,2584.94,2587.25,5
2024-09-18T16:00:00.000Z,2587.25,2587.68,2586.07,2586.5,5
2024-09-18T17:00:00.000Z,2586.5,2586.93,2585.53,2585.96,5
2024-09-18T18:00:00.000Z,2585.96,2586.39,2584.99,2585.42,5
2024-09-18T19:00:00.000Z,2585.42,2585.85,2584.67,2585.1,5
2024-09-18T20:00:00.000Z,2585.1,2586.76,2579.01,2580.67,5
2024-09-18T21:00:00.000Z,2580.67,2582.33,2575.41,2577.07,5
2024-09-18T22:00:00.000Z,2577.07,2578.73,2571.81,2573.47,5
2024-09-18T23:00:00.000Z,2573.47,2575.13,2569.04,2570.7,5
2024-09-19T00:00:00.000Z,2566,2567.21,2565.56,2566.77,5
2024-09-19T01:00:00.000Z,2566.77,2567.76,2566.33,2567.32,5
2024-09-19T02:00:00.000Z,2567.32,2568.31,2566.88,2567.87,5
2024-09-19T03:00:00.000Z,2567.87,2568.64,2567.43,2568.2,5
2024-09-19T04:00:00.000Z,2568.2,2568.53,2567.26,2567.59,5
2024-09-19T05:00:00.000Z,2567.59,2567.92,2566.82,2567.15,5
2024-09-19T06:00:00.000Z,2567.15,2567.48,2566.39,2566.72,5
2024-09-19T07:00:00.000Z,2566.72,2567.05,2566.11,2566.44,5
2024-09-19T08:00:00.000Z,2566.44,2570.62,2565.12,2569.3,7
2024-09-19T09:00:00.000Z,2569.3,2572.82,2567.98,2571.5,7
2024-09-19T10:00:00.000Z,2571.5,2575.02,2570.18,2573.7,7
2024-09-19T11:00:00.000Z,2573.7,2576.56,2572.38,2575.24,7
2024-09-19T12:00:00.000Z,2575.24,2579.25,2573.85,2577.86,8
2024-09-19T13:00:00.000Z,2577.86,2581.17,2576.47,2579.78,8
2024-09-19T14:00:00.000Z,2579.78,2583.1,2578.39,2581.71,8
2024-09-19T15:00:00.000Z,2581.71,2584.33,2580.32,2582.94,8
2024-09-19T16:00:00.000Z,2582.94,2583.38,2581.73,2582.17,5
2024-09-19T17:00:00.000Z,2582.17,2582.61,2581.18,2581.62,5
2024-09-19T18:00:00.000Z,2581.62,2582.06,2580.63,2581.07,5
2024-09-19T19:00:00.000Z,2581.07,2581.51,2580.3,2580.74,5
2024-09-19T20:00:00.000Z,2580.74,2583.98,2579.79,2583.03,5
2024-09-19T21:00:00.000Z,2583.03,2585.79,2582.08,2584.84,5
2024-09-19T22:00:00.000Z,2584.84,2587.61,2583.89,2586.66,5
2024-09-19T23:00:00.000Z,2586.66,2588.95,2585.71,2588,5
2024-09-20T00:00:00.000Z,2590.4,2592.13,2589.77,2591.5,5
2024-09-20T01:00:00.000Z,2591.5,2592.91,2590.87,2592.28,5
2024-09-20T02:00:00.000Z,2592.28,2593.7,2591.65,2593.07,5
2024-09-20T03:00:00.000Z,2593.07,2594.17,2592.44,2593.54,5
2024-09-20T04:00:00.000Z,2593.54,2594.01,2592.21,2592.68,5
2024-09-20T05:00:00.000Z,2592.68,2593.15,2591.58,2592.05,5
2024-09-20T06:00:00.000Z,2592.05,2592.52,2590.95,2591.42,5
2024-09-20T07:00:00.000Z,2591.42,2591.89,2590.56,2591.03,5
2024-09-20T08:00:00.000Z,2591.03,2596.99,2589.15,2595.11,5
2024-09-20T09:00:00.000Z,2595.11,2600.13,2593.23,2598.25,5
2024-09-20T10:00:00.000Z,2598.25,2603.27,2596.37,2601.39,5
2024-09-20T11:00:00.000Z,2601.39,2605.47,2599.51,2603.59,5
2024-09-20T12:00:00.000Z,2603.59,2609.31,2601.61,2607.33,5
2024-09-20T13:00:00.000Z,2607.33,2612.05,2605.35,2610.07,5
2024-09-20T14:00:00.000Z,2610.07,2614.8,2608.09,2612.82,5
2024-09-20T15:00:00.000Z,2612.82,2616.56,2610.84,2614.58,5
2024-09-20T16:00:00.000Z,2614.58,2615.21,2612.85,2613.48,5
2024-09-20T17:00:00.000Z,2613.48,2614.11,2612.07,2612.7,5
2024-09-20T18:00:00.000Z,2612.7,2613.33,2611.28,2611.91,5
2024-09-20T19:00:00.000Z,2611.91,2612.54,2610.81,2611.44,5
2024-09-20T20:00:00.000Z,2611.44,2615.3,2610.28,2614.14,5
2024-09-20T21:00:00.000Z,2614.14,2617.41,2612.98,2616.25,5
2024-09-20T22:00:00.000Z,2616.25,2619.52,2615.09,2618.36,5
2024-09-20T23:00:00.000Z,2618.36,2621.06,2617.2,2619.9,5
2024-09-23T00:00:00.000Z,2626.5,2626.5,2626.5,2626.5,5
2024-09-23T01:00:00.000Z,2626.5,2626.5,2626.5,2626.5,5
2024-09-23T02:00:00.000Z,2626.5,2626.5,2626.5,2626.5,5
2024-09-23T03:00:00.000Z,2626.5,2626.5,2626.5,2626.5,5
2024-09-23T04:00:00.000Z,2626.5,2626.5,2626.5,2626.5,5
2024-09-23T05:00:00.000Z,2626.5,2626.5,2626.5,2626.5,5
2024-09-23T06:00:00.000Z,2626.5,2626.5,2626.5,2626.5,5
2024-09-23T07:00:00.000Z,2626.5,2626.5,2626.5,2626.5,5
2024-09-23T08:00:00.000Z,2626.5,2626.5,2626.5,2626.5,5
2024-09-23T09:00:00.000Z,2626.5,2626.5,2626.5,2626.5,5
2024-09-23T10:00:00.000Z,2626.5,2626.5,2626.5,2626.5,5
2024-09-23T11:00:00.000Z,2626.5,2626.5,2626.5,2626.5,5
2024-09-23T12:00:00.000Z,2626.5,2626.5,2626.5,2626.5,5
2024-09-23T13:00:00.000Z,2626.5,2626.5,2626.5,2626.5,5
2024-09-23T14:00:00.000Z,2626.5,2626.5,2626.5,2626.5,5
2024-09-23T15:00:00.000Z,2626.5,2626.5,2626.5,2626.5,5
2024-09-23T16:00:00.000Z,2626.5,2626.5,2626.5,2626.5,5
2024-09-23T17:00:00.000Z,2626.5,2626.5,2626.5,2626.5,5
2024-09-23T18:00:00.000Z,2626.5,2626.5,2626.5,2626.5,5
2024-09-23T19:00:00.000Z,2626.5,2626.5,2626.5,2626.5,5
2024-09-23T20:00:00.000Z,2626.5,2626.5,2626.5,2626.5,5
2024-09-23T21:00:00.000Z,2626.5,2626.5,2626.5,2626.5,5
2024-09-23T22:00:00.000Z,2626.5,2626.5,2626.5,2626.5,5
2024-09-23T23:00:00.000Z,2626.5,2626.5,2626.5,2626.5,5
2024-09-24T00:00:00.000Z,2636.8,2638.83,2636.06,2638.09,5
2024-09-24T01:00:00.000Z,2638.09,2639.75,2637.35,2639.01,5
2024-09-24T02:00:00.000Z,2639.01,2640.67,2638.27,2639.93,5
2024-09-24T03:00:00.000Z,2639.93,2641.22,2639.19,2640.48,5
2024-09-24T04:00:00.000Z,2640.48,2642.16,2637.22,2638.9,5
2024-09-24T05:00:00.000Z,2638.9,2640.58,2636.49,2638.17,5
2024-09-24T06:00:00.000Z,2638.17,2639.85,2635.75,2637.43,5
2024-09-24T07:00:00.000Z,2637.43,2639.22,2635.75,2637.54,5
2024-09-24T08:00:00.000Z,2637.54,2644.53,2635.33,2642.32,5
2024-09-24T09:00:00.000Z,2642.32,2648.21,2640.11,2646,5
2024-09-24T10:00:00.000Z,2646,2651.89,2643.79,2649.68,5
2024-09-24T11:00:00.000Z,2649.68,2654.47,2647.47,2652.26,5
2024-09-24T12:00:00.000Z,2652.26,2657.69,2650.79,2656.22,5
2024-09-24T13:00:00.000Z,2656.22,2660.91,2654.75,2659.44,5
2024-09-24T14:00:00.000Z,2659.44,2664.13,2657.97,2662.66,5
2024-09-24T15:00:00.000Z,2662.66,2666.61,2661.19,2665.14,5
2024-09-24T16:00:00.000Z,2665.14,2665.88,2663.11,2663.85,5
2024-09-24T17:00:00.000Z,2663.85,2664.59,2662.19,2662.93,5
2024-09-24T18:00:00.000Z,2662.93,2663.67,2661.27,2662.01,5
2024-09-24T19:00:00.000Z,2662.01,2662.75,2660.72,2661.46,5
2024-09-24T20:00:00.000Z,2661.46,2662.85,2656.81,2658.2,5
2024-09-24T21:00:00.000Z,2658.2,2659.59,2654.24,2655.63,5
2024-09-24T22:00:00.000Z,2655.63,2657.02,2651.68,2653.07,5
2024-09-24T23:00:00.000Z,2653.07,2654.46,2649.81,2651.2,5
2024-09-25T00:00:00.000Z,2656.3,2657.12,2656,2656.82,5
2024-09-25T01:00:00.000Z,2656.82,2657.49,2656.52,2657.19,5
2024-09-25T02:00:00.000Z,2657.19,2657.87,2656.89,2657.57,5
2024-09-25T03:00:00.000Z,2657.57,2658.09,2657.27,2657.79,5
2024-09-25T04:00:00.000Z,2657.79,2658.71,2656.11,2657.03,5
2024-09-25T05:00:00.000Z,2657.03,2657.95,2655.81,2656.73,5
2024-09-25T06:00:00.000Z,2656.73,2657.65,2655.52,2656.44,5
2024-09-25T07:00:00.000Z,2656.44,2657.52,2655.52,2656.6,5
2024-09-25T08:00:00.000Z,2656.6,2659.43,2655.71,2658.54,12
2024-09-25T09:00:00.000Z,2658.54,2660.92,2657.65,2660.03,12
2024-09-25T10:00:00.000Z,2660.03,2662.41,2659.14,2661.52,12
2024-09-25T11:00:00.000Z,2661.52,2663.45,2660.63,2662.56,12
2024-09-25T12:00:00.000Z,2662.56,2664.76,2661.96,2664.16,14
2024-09-25T13:00:00.000Z,2664.16,2666.06,2663.56,2665.46,14
2024-09-25T14:00:00.000Z,2665.46,2667.37,2664.86,2666.77,14
2024-09-25T15:00:00.000Z,2666.77,2668.37,2666.17,2667.77,14
2024-09-25T16:00:00.000Z,2667.77,2668.07,2666.95,2667.25,5
2024-09-25T17:00:00.000Z,2667.25,2667.55,2666.58,2666.88,5
2024-09-25T18:00:00.000Z,2666.88,2667.18,2666.2,2666.5,5
2024-09-25T19:00:00.000Z,2666.5,2666.8,2665.98,2666.28,5
2024-09-25T20:00:00.000Z,2666.28,2667.14,2663.22,2664.08,5
2024-09-25T21:00:00.000Z,2664.08,2664.94,2661.45,2662.31,5
2024-09-25T22:00:00.000Z,2662.31,2663.17,2659.68,2660.54,5
2024-09-25T23:00:00.000Z,2660.54,2661.4,2658.34,2659.2,5
2024-09-26T00:00:00.000Z,2662.3,2662.8,2662.12,2662.62,431
2024-09-26T01:00:00.000Z,2662.62,2663.03,2662.44,2662.85,431
2024-09-26T02:00:00.000Z,2662.85,2663.25,2662.67,2663.07,431
2024-09-26T03:00:00.000Z,2663.07,2663.39,2662.89,2663.21,431
2024-09-26T04:00:00.000Z,2663.21,2663.5,2662.59,2662.88,517
2024-09-26T05:00:00.000Z,2662.88,2663.17,2662.41,2662.7,517
2024-09-26T06:00:00.000Z,2662.7,2662.99,2662.23,2662.52,517
2024-09-26T07:00:00.000Z,2662.52,2662.81,2662.19,2662.48,517
2024-09-26T08:00:00.000Z,2662.48,2664.21,2661.93,2663.66,1205
2024-09-26T09:00:00.000Z,2663.66,2665.12,2663.11,2664.57,1205
2024-09-26T10:00:00.000Z,2664.57,2666.03,2664.02,2665.48,1205
2024-09-26T11:00:00.000Z,2665.48,2666.67,2664.93,2666.12,1205
2024-09-26T12:00:00.000Z,2666.12,2667.55,2665.7,2667.13,1377
2024-09-26T13:00:00.000Z,2667.13,2668.35,2666.71,2667.93,1377
2024-09-26T14:00:00.000Z,2667.93,2669.14,2667.51,2668.72,1377
2024-09-26T15:00:00.000Z,2668.72,2669.73,2668.3,2669.31,1377
2024-09-26T16:00:00.000Z,2669.31,2669.49,2668.81,2668.99,517
2024-09-26T17:00:00.000Z,2668.99,2669.17,2668.58,2668.76,517
2024-09-26T18:00:00.000Z,2668.76,2668.94,2668.36,2668.54,517
2024-09-26T19:00:00.000Z,2668.54,2668.72,2668.22,2668.4,517
2024-09-26T20:00:00.000Z,2668.4,2669.14,2668.16,2668.9,258
2024-09-26T21:00:00.000Z,2668.9,2669.51,2668.66,2669.27,258
2024-09-26T22:00:00.000Z,2669.27,2669.89,2669.03,2669.65,258
2024-09-26T23:00:00.000Z,2669.65,2670.14,2669.41,2669.9,258
2024-09-27T00:00:00.000Z,2670,2670.61,2668.33,2668.94,106
2024-09-27T01:00:00.000Z,2668.94,2669.55,2667.57,2668.18,106
2024-09-27T02:00:00.000Z,2668.18,2668.79,2666.81,2667.42,106
2024-09-27T03:00:00.000Z,2667.42,2668.03,2666.35,2666.96,106
2024-09-27T04:00:00.000Z,2666.96,2668.57,2666.29,2667.9,127
2024-09-27T05:00:00.000Z,2667.9,2669.18,2667.23,2668.51,127
2024-09-27T06:00:00.000Z,2668.51,2669.79,2667.84,2669.12,127
2024-09-27T07:00:00.000Z,2669.12,2670.06,2668.45,2669.39,127
2024-09-27T08:00:00.000Z,2669.39,2671.21,2663.62,2665.44,296
2024-09-27T09:00:00.000Z,2665.44,2667.26,2660.58,2662.4,296
2024-09-27T10:00:00.000Z,2662.4,2664.22,2657.54,2659.36,296
2024-09-27T11:00:00.000Z,2659.36,2661.18,2655.41,2657.23,296
2024-09-27T12:00:00.000Z,2657.23,2658.93,2652.01,2653.72,338
2024-09-27T13:00:00.000Z,2653.72,2655.42,2649.36,2651.06,338
2024-09-27T14:00:00.000Z,2651.06,2652.76,2646.7,2648.4,338
2024-09-27T15:00:00.000Z,2648.4,2650.11,2644.89,2646.59,338
2024-09-27T16:00:00.000Z,2646.59,2648.26,2645.98,2647.65,127
2024-09-27T17:00:00.000Z,2647.65,2649.02,2647.04,2648.41,127
2024-09-27T18:00:00.000Z,2648.41,2649.78,2647.8,2649.17,127
2024-09-27T19:00:00.000Z,2649.17,2650.24,2648.56,2649.63,127
2024-09-27T20:00:00.000Z,2649.63,2650.47,2647.04,2647.88,64
2024-09-27T21:00:00.000Z,2647.88,2648.72,2645.71,2646.55,64
2024-09-27T22:00:00.000Z,2646.55,2647.39,2644.37,2645.21,64
2024-09-27T23:00:00.000Z,2645.21,2646.05,2643.46,2644.3,64
2024-09-30T00:00:00.000Z,2660.9,2661.68,2658.76,2659.54,24
2024-09-30T01:00:00.000Z,2659.54,2660.32,2657.79,2658.57,24
2024-09-30T02:00:00.000Z,2658.57,2659.35,2656.81,2657.59,24
2024-09-30T03:00:00.000Z,2657.59,2658.37,2656.23,2657.01,24
2024-09-30T04:00:00.000Z,2657.01,2658.84,2656.31,2658.14,29
2024-09-30T05:00:00.000Z,2658.14,2659.62,2657.44,2658.92,29
2024-09-30T06:00:00.000Z,2658.92,2660.39,2658.22,2659.69,29
2024-09-30T07:00:00.000Z,2659.69,2660.82,2658.99,2660.12,29
2024-09-30T08:00:00.000Z,2660.12,2662.45,2652.73,2655.06,68
2024-09-30T09:00:00.000Z,2655.06,2657.39,2648.84,2651.17,68
2024-09-30T10:00:00.000Z,2651.17,2653.5,2644.95,2647.28,68
2024-09-30T11:00:00.000Z,2647.28,2649.61,2642.23,2644.56,68
2024-09-30T12:00:00.000Z,2644.56,2646.89,2637.66,2639.99,78
2024-09-30T13:00:00.000Z,2639.99,2642.32,2634.26,2636.59,78
2024-09-30T14:00:00.000Z,2636.59,2638.92,2630.86,2633.19,78
2024-09-30T15:00:00.000Z,2633.19,2635.52,2628.62,2630.95,78
2024-09-30T16:00:00.000Z,2630.95,2633.09,2630.17,2632.31,29
2024-09-30T17:00:00.000Z,2632.31,2634.06,2631.53,2633.28,29
2024-09-30T18:00:00.000Z,2633.28,2635.04,2632.5,2634.26,29
2024-09-30T19:00:00.000Z,2634.26,2635.62,2633.48,2634.84,29
2024-09-30T20:00:00.000Z,2634.84,2635.93,2634.32,2635.41,15
2024-09-30T21:00:00.000Z,2635.41,2636.25,2634.89,2635.73,15
2024-09-30T22:00:00.000Z,2635.73,2636.56,2635.21,2636.04,15
2024-09-30T23:00:00.000Z,2636.04,2636.62,2635.52,2636.1,15
2024-10-01T00:00:00.000Z,2631.4,2633.57,2630.61,2632.78,5
2024-10-01T01:00:00.000Z,2632.78,2634.56,2631.99,2633.77,5
2024-10-01T02:00:00.000Z,2633.77,2635.55,2632.98,2634.76,5
2024-10-01T03:00:00.000Z,2634.76,2636.14,2633.97,2635.35,5
2024-10-01T04:00:00.000Z,2635.35,2635.94,2633.67,2634.26,5
2024-10-01T05:00:00.000Z,2634.26,2634.85,2632.88,2633.47,5
2024-10-01T06:00:00.000Z,2633.47,2634.06,2632.09,2632.68,5
2024-10-01T07:00:00.000Z,2632.68,2633.27,2631.6,2632.19,5
2024-10-01T08:00:00.000Z,2632.19,2639.69,2629.82,2637.32,11
2024-10-01T09:00:00.000Z,2637.32,2643.65,2634.95,2641.28,11
2024-10-01T10:00:00.000Z,2641.28,2647.59,2638.91,2645.22,11
2024-10-01T11:00:00.000Z,2645.22,2650.36,2642.85,2647.99,11
2024-10-01T12:00:00.000Z,2647.99,2655.18,2645.5,2652.69,12
2024-10-01T13:00:00.000Z,2652.69,2658.63,2650.2,2656.14,12
2024-10-01T14:00:00.000Z,2656.14,2662.09,2653.65,2659.6,12
2024-10-01T15:00:00.000Z,2659.6,2664.3,2657.11,2661.81,12
2024-10-01T16:00:00.000Z,2661.81,2662.6,2659.64,2660.43,5
2024-10-01T17:00:00.000Z,2660.43,2661.22,2658.65,2659.44,5
2024-10-01T18:00:00.000Z,2659.44,2660.23,2657.66,2658.45,5
2024-10-01T19:00:00.000Z,2658.45,2659.24,2657.07,2657.86,5
2024-10-01T20:00:00.000Z,2657.86,2662.23,2656.52,2660.89,5
2024-10-01T21:00:00.000Z,2660.89,2664.59,2659.55,2663.25,5
2024-10-01T22:00:00.000Z,2663.25,2666.95,2661.91,2665.61,5
2024-10-01T23:00:00.000Z,2665.61,2668.64,2664.27,2667.3,5
2024-10-02T00:00:00.000Z,2650.6,2650.94,2649.66,2650,5
2024-10-02T01:00:00.000Z,2650,2650.34,2649.23,2649.57,5
2024-10-02T02:00:00.000Z,2649.57,2649.91,2648.8,2649.14,5
2024-10-02T03:00:00.000Z,2649.14,2649.48,2648.54,2648.88,5
2024-10-02T04:00:00.000Z,2648.88,2650.6,2647.96,2649.68,5
2024-10-02T05:00:00.000Z,2649.68,2650.95,2648.76,2650.03,5
2024-10-02T06:00:00.000Z,2650.03,2651.29,2649.11,2650.37,5
2024-10-02T07:00:00.000Z,2650.37,2651.29,2649.34,2650.26,5
2024-10-02T08:00:00.000Z,2650.26,2651.29,2646.99,2648.02,5
2024-10-02T09:00:00.000Z,2648.02,2649.05,2645.27,2646.3,5
2024-10-02T10:00:00.000Z,2646.3,2647.33,2643.55,2644.58,5
2024-10-02T11:00:00.000Z,2644.58,2645.61,2642.35,2643.38,5
2024-10-02T12:00:00.000Z,2643.38,2644.07,2640.84,2641.53,6
2024-10-02T13:00:00.000Z,2641.53,2642.22,2639.34,2640.03,6
2024-10-02T14:00:00.000Z,2640.03,2640.72,2637.83,2638.52,6
2024-10-02T15:00:00.000Z,2638.52,2639.21,2636.67,2637.36,6
2024-10-02T16:00:00.000Z,2637.36,2638.3,2637.02,2637.96,5
2024-10-02T17:00:00.000Z,2637.96,2638.73,2637.62,2638.39,5
2024-10-02T18:00:00.000Z,2638.39,2639.16,2638.05,2638.82,5
2024-10-02T19:00:00.000Z,2638.82,2639.42,2638.48,2639.08,5
2024-10-02T20:00:00.000Z,2639.08,2642.54,2638.11,2641.57,5
2024-10-02T21:00:00.000Z,2641.57,2644.55,2640.6,2643.58,5
2024-10-02T22:00:00.000Z,2643.58,2646.55,2642.61,2645.58,5
2024-10-02T23:00:00.000Z,2645.58,2648.07,2644.61,2647.1,5
2024-10-03T00:00:00.000Z,2642.8,2643.74,2642.46,2643.4,9
2024-10-03T01:00:00.000Z,2643.4,2644.17,2643.06,2643.83,9
2024-10-03T02:00:00.000Z,2643.83,2644.59,2643.49,2644.25,9
2024-10-03T03:00:00.000Z,2644.25,2644.85,2643.91,2644.51,9
2024-10-03T04:00:00.000Z,2644.51,2645.05,2643.36,2643.9,11
2024-10-03T05:00:00.000Z,2643.9,2644.44,2643.02,2643.56,11
2024-10-03T06:00:00.000Z,2643.56,2644.1,2642.67,2643.21,11
2024-10-03T07:00:00.000Z,2643.21,2643.75,2642.6,2643.14,11
2024-10-03T08:00:00.000Z,2643.14,2646.39,2642.11,2645.36,25
2024-10-03T09:00:00.000Z,2645.36,2648.1,2644.33,2647.07,25
2024-10-03T10:00:00.000Z,2647.07,2649.81,2646.04,2648.78,25
2024-10-03T11:00:00.000Z,2648.78,2651.01,2647.75,2649.98,25
2024-10-03T12:00:00.000Z,2649.98,2652.68,2649.18,2651.88,28
2024-10-03T13:00:00.000Z,2651.88,2654.17,2651.08,2653.37,28
2024-10-03T14:00:00.000Z,2653.37,2655.67,2652.57,2654.87,28
2024-10-03T15:00:00.000Z,2654.87,2656.77,2654.07,2655.97,28
2024-10-03T16:00:00.000Z,2655.97,2656.31,2655.03,2655.37,11
2024-10-03T17:00:00.000Z,2655.37,2655.71,2654.6,2654.94,11
2024-10-03T18:00:00.000Z,2654.94,2655.28,2654.18,2654.52,11
2024-10-03T19:00:00.000Z,2654.52,2654.86,2653.92,2654.26,11
2024-10-03T20:00:00.000Z,2654.26,2655.66,2653.8,2655.2,5
2024-10-03T21:00:00.000Z,2655.2,2656.37,2654.74,2655.91,5
2024-10-03T22:00:00.000Z,2655.91,2657.08,2655.45,2656.62,5
2024-10-03T23:00:00.000Z,2656.62,2657.56,2656.16,2657.1,5
2024-10-04T00:00:00.000Z,2656,2656.56,2654.46,2655.02,5
2024-10-04T01:00:00.000Z,2655.02,2655.58,2653.76,2654.32,5
2024-10-04T02:00:00.000Z,2654.32,2654.88,2653.06,2653.62,5
2024-10-04T03:00:00.000Z,2653.62,2654.18,2652.64,2653.2,5
2024-10-04T04:00:00.000Z,2653.2,2656.04,2651.68,2654.52,5
2024-10-04T05:00:00.000Z,2654.52,2656.6,2653,2655.08,5
2024-10-04T06:00:00.000Z,2655.08,2657.16,2653.56,2655.64,5
2024-10-04T07:00:00.000Z,2655.64,2657.16,2653.92,2655.44,5
2024-10-04T08:00:00.000Z,2655.44,2657.12,2650.12,2651.8,8
2024-10-04T09:00:00.000Z,2651.8,2653.48,2647.32,2649,8
2024-10-04T10:00:00.000Z,2649,2650.68,2644.52,2646.2,8
2024-10-04T11:00:00.000Z,2646.2,2647.88,2642.56,2644.24,8
2024-10-04T12:00:00.000Z,2644.24,2645.36,2640.11,2641.23,9
2024-10-04T13:00:00.000Z,2641.23,2642.35,2637.66,2638.78,9
2024-10-04T14:00:00.000Z,2638.78,2639.9,2635.21,2636.33,9
2024-10-04T15:00:00.000Z,2636.33,2637.45,2633.32,2634.44,9
2024-10-04T16:00:00.000Z,2634.44,2635.98,2633.88,2635.42,5
2024-10-04T17:00:00.000Z,2635.42,2636.68,2634.86,2636.12,5
2024-10-04T18:00:00.000Z,2636.12,2637.38,2635.56,2636.82,5
2024-10-04T19:00:00.000Z,2636.82,2637.8,2636.26,2637.24,5
2024-10-04T20:00:00.000Z,2637.24,2641.09,2636.1,2639.95,5
2024-10-04T21:00:00.000Z,2639.95,2643.23,2638.81,2642.09,5
2024-10-04T22:00:00.000Z,2642.09,2645.37,2640.95,2644.23,5
2024-10-04T23:00:00.000Z,2644.23,2646.94,2643.09,2645.8,5
2024-10-07T00:00:00.000Z,2648.7,2649.07,2647.69,2648.06,7
2024-10-07T01:00:00.000Z,2648.06,2648.43,2647.23,2647.6,7
2024-10-07T02:00:00.000Z,2647.6,2647.97,2646.77,2647.14,7
2024-10-07T03:00:00.000Z,2647.14,2647.51,2646.49,2646.86,7
2024-10-07T04:00:00.000Z,2646.86,2648.95,2645.71,2647.8,9
2024-10-07T05:00:00.000Z,2647.8,2649.32,2646.65,2648.17,9
2024-10-07T06:00:00.000Z,2648.17,2649.69,2647.02,2648.54,9
2024-10-07T07:00:00.000Z,2648.54,2649.69,2647.18,2648.33,9
2024-10-07T08:00:00.000Z,2648.33,2649.43,2644.84,2645.94,20
2024-10-07T09:00:00.000Z,2645.94,2647.04,2643,2644.1,20
2024-10-07T10:00:00.000Z,2644.1,2645.2,2641.16,2642.26,20
2024-10-07T11:00:00.000Z,2642.26,2643.36,2639.87,2640.97,20
2024-10-07T12:00:00.000Z,2640.97,2641.71,2638.25,2638.99,23
2024-10-07T13:00:00.000Z,2638.99,2639.73,2636.64,2637.38,23
2024-10-07T14:00:00.000Z,2637.38,2638.12,2635.03,2635.77,23
2024-10-07T15:00:00.000Z,2635.77,2636.51,2633.79,2634.53,23
2024-10-07T16:00:00.000Z,2634.53,2635.54,2634.16,2635.17,9
2024-10-07T17:00:00.000Z,2635.17,2636,2634.8,2635.63,9
2024-10-07T18:00:00.000Z,2635.63,2636.46,2635.26,2636.09,9
2024-10-07T19:00:00.000Z,2636.09,2636.74,2635.72,2636.37,9
2024-10-07T20:00:00.000Z,2636.37,2640.02,2635.34,2638.99,5
2024-10-07T21:00:00.000Z,2638.99,2642.13,2637.96,2641.1,5
2024-10-07T22:00:00.000Z,2641.1,2644.24,2640.07,2643.21,5
2024-10-07T23:00:00.000Z,2643.21,2645.83,2642.18,2644.8,5
2024-10-08T00:00:00.000Z,2639,2639.59,2637.37,2637.96,17
2024-10-08T01:00:00.000Z,2637.96,2638.55,2636.63,2637.22,17
2024-10-08T02:00:00.000Z,2637.22,2637.81,2635.89,2636.48,17
2024-10-08T03:00:00.000Z,2636.48,2637.07,2635.44,2636.03,17
2024-10-08T04:00:00.000Z,2636.03,2637.3,2635.59,2636.85,21
2024-10-08T05:00:00.000Z,2636.85,2637.89,2636.4,2637.44,21
2024-10-08T06:00:00.000Z,2637.44,2638.49,2636.99,2638.04,21
2024-10-08T07:00:00.000Z,2638.04,2638.86,2637.59,2638.41,21
2024-10-08T08:00:00.000Z,2638.41,2640.19,2632.77,2634.55,48
2024-10-08T09:00:00.000Z,2634.55,2636.33,2629.8,2631.58,48
2024-10-08T10:00:00.000Z,2631.58,2633.36,2626.83,2628.61,48
2024-10-08T11:00:00.000Z,2628.61,2630.39,2624.75,2626.53,48
2024-10-08T12:00:00.000Z,2626.53,2628.4,2621.12,2622.99,55
2024-10-08T13:00:00.000Z,2622.99,2624.86,2618.52,2620.39,55
2024-10-08T14:00:00.000Z,2620.39,2622.26,2615.92,2617.79,55
2024-10-08T15:00:00.000Z,2617.79,2619.66,2614.26,2616.13,55
2024-10-08T16:00:00.000Z,2616.13,2617.76,2615.54,2617.17,21
2024-10-08T17:00:00.000Z,2617.17,2618.5,2616.58,2617.91,21
2024-10-08T18:00:00.000Z,2617.91,2619.24,2617.32,2618.65,21
2024-10-08T19:00:00.000Z,2618.65,2619.69,2618.06,2619.1,21
2024-10-08T20:00:00.000Z,2619.1,2619.81,2617.01,2617.72,10
2024-10-08T21:00:00.000Z,2617.72,2618.43,2615.99,2616.7,10
2024-10-08T22:00:00.000Z,2616.7,2617.41,2614.96,2615.67,10
2024-10-08T23:00:00.000Z,2615.67,2616.38,2614.29,2615,10
2024-10-09T00:00:00.000Z,2603,2603.25,2602.91,2603.16,5
2024-10-09T01:00:00.000Z,2603.16,2603.37,2603.07,2603.28,5
2024-10-09T02:00:00.000Z,2603.28,2603.49,2603.19,2603.4,5
2024-10-09T03:00:00.000Z,2603.4,2603.56,2603.31,2603.47,5
2024-10-09T04:00:00.000Z,2603.47,2603.54,2603.27,2603.34,5
2024-10-09T05:00:00.000Z,2603.34,2603.41,2603.17,2603.24,5
2024-10-09T06:00:00.000Z,2603.24,2603.31,2603.08,2603.15,5
2024-10-09T07:00:00.000Z,2603.15,2603.22,2603.02,2603.09,5
2024-10-09T08:00:00.000Z,2603.09,2603.98,2602.81,2603.7,11
2024-10-09T09:00:00.000Z,2603.7,2604.45,2603.42,2604.17,11
2024-10-09T10:00:00.000Z,2604.17,2604.92,2603.89,2604.64,11
2024-10-09T11:00:00.000Z,2604.64,2605.25,2604.36,2604.97,11
2024-10-09T12:00:00.000Z,2604.97,2605.83,2604.67,2605.53,12
2024-10-09T13:00:00.000Z,2605.53,2606.24,2605.23,2605.94,12
2024-10-09T14:00:00.000Z,2605.94,2606.66,2605.64,2606.36,12
2024-10-09T15:00:00.000Z,2606.36,2606.92,2606.06,2606.62,12
2024-10-09T16:00:00.000Z,2606.62,2606.71,2606.37,2606.46,5
2024-10-09T17:00:00.000Z,2606.46,2606.55,2606.25,2606.34,5
2024-10-09T18:00:00.000Z,2606.34,2606.43,2606.13,2606.22,5
2024-10-09T19:00:00.000Z,2606.22,2606.31,2606.06,2606.15,5
2024-10-09T20:00:00.000Z,2606.15,2606.21,2606.02,2606.08,5
2024-10-09T21:00:00.000Z,2606.08,2606.14,2605.98,2606.04,5
2024-10-09T22:00:00.000Z,2606.04,2606.1,2605.95,2606.01,5
2024-10-09T23:00:00.000Z,2606.01,2606.07,2605.94,2606,5
2024-10-10T00:00:00.000Z,2602.5,2603.92,2601.98,2603.4,8
2024-10-10T01:00:00.000Z,2603.4,2604.57,2602.88,2604.05,8
2024-10-10T02:00:00.000Z,2604.05,2605.21,2603.53,2604.69,8
2024-10-10T03:00:00.000Z,2604.69,2605.6,2604.17,2605.08,8
2024-10-10T04:00:00.000Z,2605.08,2605.47,2603.98,2604.37,10
2024-10-10T05:00:00.000Z,2604.37,2604.76,2603.47,2603.86,10
2024-10-10T06:00:00.000Z,2603.86,2604.25,2602.95,2603.34,10
2024-10-10T07:00:00.000Z,2603.34,2603.73,2602.63,2603.02,10
2024-10-10T08:00:00.000Z,2603.02,2607.92,2601.47,2606.37,23
2024-10-10T09:00:00.000Z,2606.37,2610.5,2604.82,2608.95,23
2024-10-10T10:00:00.000Z,2608.95,2613.08,2607.4,2611.53,23
2024-10-10T11:00:00.000Z,2611.53,2614.89,2609.98,2613.34,23
2024-10-10T12:00:00.000Z,2613.34,2618.03,2611.72,2616.41,26
2024-10-10T13:00:00.000Z,2616.41,2620.3,2614.78,2618.67,26
2024-10-10T14:00:00.000Z,2618.67,2622.55,2617.05,2620.93,26
2024-10-10T15:00:00.000Z,2620.93,2623.99,2619.3,2622.37,26
2024-10-10T16:00:00.000Z,2622.37,2622.89,2620.95,2621.47,10
2024-10-10T17:00:00.000Z,2621.47,2621.99,2620.3,2620.82,10
2024-10-10T18:00:00.000Z,2620.82,2621.34,2619.66,2620.18,10
2024-10-10T19:00:00.000Z,2620.18,2620.7,2619.27,2619.79,10
2024-10-10T20:00:00.000Z,2619.79,2620.5,2619.45,2620.16,5
2024-10-10T21:00:00.000Z,2620.16,2620.7,2619.82,2620.36,5
2024-10-10T22:00:00.000Z,2620.36,2620.91,2620.02,2620.57,5
2024-10-10T23:00:00.000Z,2620.57,2620.94,2620.23,2620.6,5
2024-10-11T00:00:00.000Z,2638.3,2639.4,2637.9,2639,5
2024-10-11T01:00:00.000Z,2639,2639.89,2638.6,2639.49,5
2024-10-11T02:00:00.000Z,2639.49,2640.39,2639.09,2639.99,5
2024-10-11T03:00:00.000Z,2639.99,2640.69,2639.59,2640.29,5
2024-10-11T04:00:00.000Z,2640.29,2640.6,2639.43,2639.74,5
2024-10-11T05:00:00.000Z,2639.74,2640.05,2639.03,2639.34,5
2024-10-11T06:00:00.000Z,2639.34,2639.65,2638.63,2638.94,5
2024-10-11T07:00:00.000Z,2638.94,2639.25,2638.39,2638.7,5
2024-10-11T08:00:00.000Z,2638.7,2642.48,2637.51,2641.29,5
2024-10-11T09:00:00.000Z,2641.29,2644.47,2640.1,2643.28,5
2024-10-11T10:00:00.000Z,2643.28,2646.46,2642.09,2645.27,5
2024-10-11T11:00:00.000Z,2645.27,2647.85,2644.08,2646.66,5
2024-10-11T12:00:00.000Z,2646.66,2650.26,2645.42,2649.02,5
2024-10-11T13:00:00.000Z,2649.02,2652,2647.78,2650.76,5
2024-10-11T14:00:00.000Z,2650.76,2653.74,2649.52,2652.5,5
2024-10-11T15:00:00.000Z,2652.5,2654.86,2651.26,2653.62,5
2024-10-11T16:00:00.000Z,2653.62,2654.02,2652.52,2652.92,5
2024-10-11T17:00:00.000Z,2652.92,2653.32,2652.03,2652.43,5
2024-10-11T18:00:00.000Z,2652.43,2652.83,2651.53,2651.93,5
2024-10-11T19:00:00.000Z,2651.93,2652.33,2651.23,2651.63,5
2024-10-11T20:00:00.000Z,2651.63,2654.32,2650.83,2653.52,5
2024-10-11T21:00:00.000Z,2653.52,2655.81,2652.72,2655.01,5
2024-10-11T22:00:00.000Z,2655.01,2657.31,2654.21,2656.51,5
2024-10-11T23:00:00.000Z,2656.51,2658.4,2655.71,2657.6,5
2024-10-14T00:00:00.000Z,2655,2655.15,2654.59,2654.74,5
2024-10-14T01:00:00.000Z,2654.74,2654.89,2654.4,2654.55,5
2024-10-14T02:00:00.000Z,2654.55,2654.7,2654.21,2654.36,5
2024-10-14T03:00:00.000Z,2654.36,2654.51,2654.1,2654.25,5
2024-10-14T04:00:00.000Z,2654.25,2654.61,2654.11,2654.47,5
2024-10-14T05:00:00.000Z,2654.47,2654.76,2654.33,2654.62,5
2024-10-14T06:00:00.000Z,2654.62,2654.91,2654.48,2654.77,5
2024-10-14T07:00:00.000Z,2654.77,2654.99,2654.63,2654.85,5
2024-10-14T08:00:00.000Z,2654.85,2655.3,2653.43,2653.88,5
2024-10-14T09:00:00.000Z,2653.88,2654.33,2652.68,2653.13,5
2024-10-14T10:00:00.000Z,2653.13,2653.58,2651.93,2652.38,5
2024-10-14T11:00:00.000Z,2652.38,2652.83,2651.4,2651.85,5
2024-10-14T12:00:00.000Z,2651.85,2652.29,2650.53,2650.97,5
2024-10-14T13:00:00.000Z,2650.97,2651.41,2649.87,2650.31,5
2024-10-14T14:00:00.000Z,2650.31,2650.75,2649.22,2649.66,5
2024-10-14T15:00:00.000Z,2649.66,2650.1,2648.78,2649.22,5
2024-10-14T16:00:00.000Z,2649.22,2649.63,2649.07,2649.48,5
2024-10-14T17:00:00.000Z,2649.48,2649.82,2649.33,2649.67,5
2024-10-14T18:00:00.000Z,2649.67,2650.01,2649.52,2649.86,5
2024-10-14T19:00:00.000Z,2649.86,2650.12,2649.71,2649.97,5
2024-10-14T20:00:00.000Z,2649.97,2650.26,2648.99,2649.28,5
2024-10-14T21:00:00.000Z,2649.28,2649.57,2648.45,2648.74,5
2024-10-14T22:00:00.000Z,2648.74,2649.03,2647.91,2648.2,5
2024-10-14T23:00:00.000Z,2648.2,2648.49,2647.51,2647.8,5
2024-10-15T00:00:00.000Z,2661.4,2661.4,2661.4,2661.4,5
2024-10-15T01:00:00.000Z,2661.4,2661.4,2661.4,2661.4,5
2024-10-15T02:00:00.000Z,2661.4,2661.4,2661.4,2661.4,5
2024-10-15T03:00:00.000Z,2661.4,2661.4,2661.4,2661.4,5
2024-10-15T04:00:00.000Z,2661.4,2661.4,2661.4,2661.4,5
2024-10-15T05:00:00.000Z,2661.4,2661.4,2661.4,2661.4,5
2024-10-15T06:00:00.000Z,2661.4,2661.4,2661.4,2661.4,5
2024-10-15T07:00:00.000Z,2661.4,2661.4,2661.4,2661.4,5
2024-10-15T08:00:00.000Z,2661.4,2661.4,2661.4,2661.4,5
2024-10-15T09:00:00.000Z,2661.4,2661.4,2661.4,2661.4,5
2024-10-15T10:00:00.000Z,2661.4,2661.4,2661.4,2661.4,5
2024-10-15T11:00:00.000Z,2661.4,2661.4,2661.4,2661.4,5
2024-10-15T12:00:00.000Z,2661.4,2661.4,2661.4,2661.4,5
2024-10-15T13:00:00.000Z,2661.4,2661.4,2661.4,2661.4,5
2024-10-15T14:00:00.000Z,2661.4,2661.4,2661.4,2661.4,5
2024-10-15T15:00:00.000Z,2661.4,2661.4,2661.4,2661.4,5
2024-10-15T16:00:00.000Z,2661.4,2661.4,2661.4,2661.4,5
2024-10-15T17:00:00.000Z,2661.4,2661.4,2661.4,2661.4,5
2024-10-15T18:00:00.000Z,2661.4,2661.4,2661.4,2661.4,5
2024-10-15T19:00:00.000Z,2661.4,2661.4,2661.4,2661.4,5
2024-10-15T20:00:00.000Z,2661.4,2661.4,2661.4,2661.4,5
2024-10-15T21:00:00.000Z,2661.4,2661.4,2661.4,2661.4,5
2024-10-15T22:00:00.000Z,2661.4,2661.4,2661.4,2661.4,5
2024-10-15T23:00:00.000Z,2661.4,2661.4,2661.4,2661.4,5
2024-10-16T00:00:00.000Z,2674,2674,2674,2674,5
2024-10-16T01:00:00.000Z,2674,2674,2674,2674,5
2024-10-16T02:00:00.000Z,2674,2674,2674,2674,5
2024-10-16T03:00:00.000Z,2674,2674,2674,2674,5
2024-10-16T04:00:00.000Z,2674,2674,2674,2674,5
2024-10-16T05:00:00.000Z,2674,2674,2674,2674,5
2024-10-16T06:00:00.000Z,2674,2674,2674,2674,5
2024-10-16T07:00:00.000Z,2674,2674,2674,2674,5
2024-10-16T08:00:00.000Z,2674,2674,2674,2674,5
2024-10-16T09:00:00.000Z,2674,2674,2674,2674,5
2024-10-16T10:00:00.000Z,2674,2674,2674,2674,5
2024-10-16T11:00:00.000Z,2674,2674,2674,2674,5
2024-10-16T12:00:00.000Z,2674,2674,2674,2674,5
2024-10-16T13:00:00.000Z,2674,2674,2674,2674,5
2024-10-16T14:00:00.000Z,2674,2674,2674,2674,5
2024-10-16T15:00:00.000Z,2674,2674,2674,2674,5
2024-10-16T16:00:00.000Z,2674,2674,2674,2674,5
2024-10-16T17:00:00.000Z,2674,2674,2674,2674,5
2024-10-16T18:00:00.000Z,2674,2674,2674,2674,5
2024-10-16T19:00:00.000Z,2674,2674,2674,2674,5
2024-10-16T20:00:00.000Z,2674,2674,2674,2674,5
2024-10-16T21:00:00.000Z,2674,2674,2674,2674,5
2024-10-16T22:00:00.000Z,2674,2674,2674,2674,5
2024-10-16T23:00:00.000Z,2674,2674,2674,2674,5
2024-10-17T00:00:00.000Z,2677.4,2678.2,2677.11,2677.91,5
2024-10-17T01:00:00.000Z,2677.91,2678.56,2677.62,2678.27,5
2024-10-17T02:00:00.000Z,2678.27,2678.92,2677.98,2678.63,5
2024-10-17T03:00:00.000Z,2678.63,2679.14,2678.34,2678.85,5
2024-10-17T04:00:00.000Z,2678.85,2679.09,2678.2,2678.44,5
2024-10-17T05:00:00.000Z,2678.44,2678.68,2677.91,2678.15,5
2024-10-17T06:00:00.000Z,2678.15,2678.39,2677.62,2677.86,5
2024-10-17T07:00:00.000Z,2677.86,2678.1,2677.45,2677.69,5
2024-10-17T08:00:00.000Z,2677.69,2680.44,2676.82,2679.57,5
2024-10-17T09:00:00.000Z,2679.57,2681.9,2678.7,2681.03,5
2024-10-17T10:00:00.000Z,2681.03,2683.34,2680.16,2682.47,5
2024-10-17T11:00:00.000Z,2682.47,2684.36,2681.6,2683.49,5
2024-10-17T12:00:00.000Z,2683.49,2686.09,2682.6,2685.2,5
2024-10-17T13:00:00.000Z,2685.2,2687.36,2684.31,2686.47,5
2024-10-17T14:00:00.000Z,2686.47,2688.63,2685.58,2687.74,5
2024-10-17T15:00:00.000Z,2687.74,2689.45,2686.85,2688.56,5
2024-10-17T16:00:00.000Z,2688.56,2688.85,2687.76,2688.05,5
2024-10-17T17:00:00.000Z,2688.05,2688.34,2687.4,2687.69,5
2024-10-17T18:00:00.000Z,2687.69,2687.98,2687.04,2687.33,5
2024-10-17T19:00:00.000Z,2687.33,2687.62,2686.82,2687.11,5
2024-10-17T20:00:00.000Z,2687.11,2688.88,2686.58,2688.35,5
2024-10-17T21:00:00.000Z,2688.35,2689.85,2687.82,2689.32,5
2024-10-17T22:00:00.000Z,2689.32,2690.82,2688.79,2690.29,5
2024-10-17T23:00:00.000Z,2690.29,2691.53,2689.76,2691,5
2024-10-18T00:00:00.000Z,2713.7,2714.03,2713.58,2713.91,5
2024-10-18T01:00:00.000Z,2713.91,2714.17,2713.79,2714.05,5
2024-10-18T02:00:00.000Z,2714.05,2714.32,2713.93,2714.2,5
2024-10-18T03:00:00.000Z,2714.2,2714.41,2714.08,2714.29,5
2024-10-18T04:00:00.000Z,2714.29,2714.38,2714.04,2714.13,5
2024-10-18T05:00:00.000Z,2714.13,2714.22,2713.92,2714.01,5
2024-10-18T06:00:00.000Z,2714.01,2714.1,2713.8,2713.89,5
2024-10-18T07:00:00.000Z,2713.89,2713.98,2713.73,2713.82,5
2024-10-18T08:00:00.000Z,2713.82,2714.94,2713.47,2714.59,5
2024-10-18T09:00:00.000Z,2714.59,2715.53,2714.24,2715.18,5
2024-10-18T10:00:00.000Z,2715.18,2716.12,2714.83,2715.77,5
2024-10-18T11:00:00.000Z,2715.77,2716.53,2715.42,2716.18,5
2024-10-18T12:00:00.000Z,2716.18,2717.25,2715.81,2716.88,5
2024-10-18T13:00:00.000Z,2716.88,2717.77,2716.51,2717.4,5
2024-10-18T14:00:00.000Z,2717.4,2718.28,2717.03,2717.91,5
2024-10-18T15:00:00.000Z,2717.91,2718.61,2717.54,2718.24,5
2024-10-18T16:00:00.000Z,2718.24,2718.36,2717.91,2718.03,5
2024-10-18T17:00:00.000Z,2718.03,2718.15,2717.77,2717.89,5
2024-10-18T18:00:00.000Z,2717.89,2718.01,2717.62,2717.74,5
2024-10-18T19:00:00.000Z,2717.74,2717.86,2717.53,2717.65,5
2024-10-18T20:00:00.000Z,2717.65,2718.11,2715.97,2716.43,5
2024-10-18T21:00:00.000Z,2716.43,2716.88,2714.99,2715.45,5
2024-10-18T22:00:00.000Z,2715.45,2715.9,2714.01,2714.46,5
2024-10-18T23:00:00.000Z,2714.46,2714.91,2713.24,2713.7,5
2024-10-21T00:00:00.000Z,2721.9,2722.94,2721.52,2722.56,5
2024-10-21T01:00:00.000Z,2722.56,2723.41,2722.18,2723.03,5
2024-10-21T02:00:00.000Z,2723.03,2723.89,2722.65,2723.51,5
2024-10-21T03:00:00.000Z,2723.51,2724.17,2723.13,2723.79,5
2024-10-21T04:00:00.000Z,2723.79,2724.31,2722.63,2723.15,5
2024-10-21T05:00:00.000Z,2723.15,2723.67,2722.25,2722.77,5
2024-10-21T06:00:00.000Z,2722.77,2723.29,2721.88,2722.4,5
2024-10-21T07:00:00.000Z,2722.4,2722.92,2721.76,2722.28,5
2024-10-21T08:00:00.000Z,2722.28,2725.87,2721.15,2724.74,5
2024-10-21T09:00:00.000Z,2724.74,2727.76,2723.61,2726.63,5
2024-10-21T10:00:00.000Z,2726.63,2729.65,2725.5,2728.52,5
2024-10-21T11:00:00.000Z,2728.52,2730.97,2727.39,2729.84,5
2024-10-21T12:00:00.000Z,2729.84,2732.92,2728.89,2731.97,5
2024-10-21T13:00:00.000Z,2731.97,2734.57,2731.02,2733.62,5
2024-10-21T14:00:00.000Z,2733.62,2736.22,2732.67,2735.27,5
2024-10-21T15:00:00.000Z,2735.27,2737.4,2734.32,2736.45,5
2024-10-21T16:00:00.000Z,2736.45,2736.83,2735.41,2735.79,5
2024-10-21T17:00:00.000Z,2735.79,2736.17,2734.94,2735.32,5
2024-10-21T18:00:00.000Z,2735.32,2735.7,2734.46,2734.84,5
2024-10-21T19:00:00.000Z,2734.84,2735.22,2734.18,2734.56,5
2024-10-21T20:00:00.000Z,2734.56,2735.89,2729.7,2731.03,5
2024-10-21T21:00:00.000Z,2731.03,2732.37,2726.82,2728.16,5
2024-10-21T22:00:00.000Z,2728.16,2729.49,2723.97,2725.3,5
2024-10-21T23:00:00.000Z,2725.3,2726.64,2721.76,2723.1,5
2024-10-22T00:00:00.000Z,2731.7,2732.66,2731.35,2732.31,5
2024-10-22T01:00:00.000Z,2732.31,2733.09,2731.96,2732.74,5
2024-10-22T02:00:00.000Z,2732.74,2733.53,2732.39,2733.18,5
2024-10-22T03:00:00.000Z,2733.18,2733.79,2732.83,2733.44,5
2024-10-22T04:00:00.000Z,2733.44,2734.01,2732.24,2732.81,5
2024-10-22T05:00:00.000Z,2732.81,2733.38,2731.89,2732.46,5
2024-10-22T06:00:00.000Z,2732.46,2733.03,2731.54,2732.11,5
2024-10-22T07:00:00.000Z,2732.11,2732.68,2731.48,2732.05,5
2024-10-22T08:00:00.000Z,2732.05,2735.35,2731.01,2734.31,7
2024-10-22T09:00:00.000Z,2734.31,2737.09,2733.27,2736.05,7
2024-10-22T10:00:00.000Z,2736.05,2738.83,2735.01,2737.79,7
2024-10-22T11:00:00.000Z,2737.79,2740.05,2736.75,2739.01,7
2024-10-22T12:00:00.000Z,2739.01,2741.72,2738.22,2740.93,8
2024-10-22T13:00:00.000Z,2740.93,2743.24,2740.14,2742.45,8
2024-10-22T14:00:00.000Z,2742.45,2744.76,2741.66,2743.97,8
2024-10-22T15:00:00.000Z,2743.97,2745.89,2743.18,2745.1,8
2024-10-22T16:00:00.000Z,2745.1,2745.45,2744.14,2744.49,5
2024-10-22T17:00:00.000Z,2744.49,2744.84,2743.71,2744.06,5
2024-10-22T18:00:00.000Z,2744.06,2744.41,2743.27,2743.62,5
2024-10-22T19:00:00.000Z,2743.62,2743.97,2743.01,2743.36,5
2024-10-22T20:00:00.000Z,2743.36,2743.96,2743.1,2743.7,5
2024-10-22T21:00:00.000Z,2743.7,2744.17,2743.44,2743.91,5
2024-10-22T22:00:00.000Z,2743.91,2744.38,2743.65,2744.12,5
2024-10-22T23:00:00.000Z,2744.12,2744.46,2743.86,2744.2,5
2024-10-23T00:00:00.000Z,2742.5,2743.07,2740.94,2741.51,5
2024-10-23T01:00:00.000Z,2741.51,2742.08,2740.23,2740.8,5
2024-10-23T02:00:00.000Z,2740.8,2741.37,2739.52,2740.09,5
2024-10-23T03:00:00.000Z,2740.09,2740.66,2739.1,2739.67,5
2024-10-23T04:00:00.000Z,2739.67,2740.88,2739.24,2740.45,5
2024-10-23T05:00:00.000Z,2740.45,2741.44,2740.02,2741.01,5
2024-10-23T06:00:00.000Z,2741.01,2742.01,2740.59,2741.58,5
2024-10-23T07:00:00.000Z,2741.58,2742.36,2741.15,2741.93,5
2024-10-23T08:00:00.000Z,2741.93,2743.63,2736.55,2738.25,5
2024-10-23T09:00:00.000Z,2738.25,2739.95,2733.72,2735.42,5
2024-10-23T10:00:00.000Z,2735.42,2737.12,2730.89,2732.59,5
2024-10-23T11:00:00.000Z,2732.59,2734.29,2728.91,2730.61,5
2024-10-23T12:00:00.000Z,2730.61,2732.39,2725.46,2727.24,5
2024-10-23T13:00:00.000Z,2727.24,2729.02,2722.99,2724.77,5
2024-10-23T14:00:00.000Z,2724.77,2726.55,2720.51,2722.29,5
2024-10-23T15:00:00.000Z,2722.29,2724.07,2718.93,2720.71,5
2024-10-23T16:00:00.000Z,2720.71,2722.27,2720.14,2721.7,5
2024-10-23T17:00:00.000Z,2721.7,2722.98,2721.13,2722.41,5
2024-10-23T18:00:00.000Z,2722.41,2723.69,2721.84,2723.12,5
2024-10-23T19:00:00.000Z,2723.12,2724.11,2722.55,2723.54,5
2024-10-23T20:00:00.000Z,2723.54,2724.74,2719.46,2720.66,5
2024-10-23T21:00:00.000Z,2720.66,2721.86,2717.17,2718.37,5
2024-10-23T22:00:00.000Z,2718.37,2719.57,2714.89,2716.09,5
2024-10-23T23:00:00.000Z,2716.09,2717.29,2713.2,2714.4,5
2024-10-24T00:00:00.000Z,2729,2729.39,2728.86,2729.25,5
2024-10-24T01:00:00.000Z,2729.25,2729.57,2729.11,2729.43,5
2024-10-24T02:00:00.000Z,2729.43,2729.74,2729.29,2729.6,5
2024-10-24T03:00:00.000Z,2729.6,2729.85,2729.46,2729.71,5
2024-10-24T04:00:00.000Z,2729.71,2729.82,2729.4,2729.51,5
2024-10-24T05:00:00.000Z,2729.51,2729.62,2729.26,2729.37,5
2024-10-24T06:00:00.000Z,2729.37,2729.48,2729.12,2729.23,5
2024-10-24T07:00:00.000Z,2729.23,2729.34,2729.03,2729.14,5
2024-10-24T08:00:00.000Z,2729.14,2730.49,2728.71,2730.06,5
2024-10-24T09:00:00.000Z,2730.06,2731.2,2729.63,2730.77,5
2024-10-24T10:00:00.000Z,2730.77,2731.91,2730.34,2731.48,5
2024-10-24T11:00:00.000Z,2731.48,2732.41,2731.05,2731.98,5
2024-10-24T12:00:00.000Z,2731.98,2733.28,2731.53,2732.83,5
2024-10-24T13:00:00.000Z,2732.83,2733.9,2732.38,2733.45,5
2024-10-24T14:00:00.000Z,2733.45,2734.52,2733,2734.07,5
2024-10-24T15:00:00.000Z,2734.07,2734.92,2733.62,2734.47,5
2024-10-24T16:00:00.000Z,2734.47,2734.61,2734.08,2734.22,5
2024-10-24T17:00:00.000Z,2734.22,2734.36,2733.9,2734.04,5
2024-10-24T18:00:00.000Z,2734.04,2734.18,2733.73,2733.87,5
2024-10-24T19:00:00.000Z,2733.87,2734.01,2733.62,2733.76,5
2024-10-24T20:00:00.000Z,2733.76,2734.32,2733.58,2734.14,5
2024-10-24T21:00:00.000Z,2734.14,2734.61,2733.95,2734.42,5
2024-10-24T22:00:00.000Z,2734.42,2734.89,2734.24,2734.71,5
2024-10-24T23:00:00.000Z,2734.71,2735.09,2734.53,2734.9,5
2024-10-25T00:00:00.000Z,2725.5,2726.43,2725.16,2726.09,5
2024-10-25T01:00:00.000Z,2726.09,2726.85,2725.75,2726.51,5
2024-10-25T02:00:00.000Z,2726.51,2727.28,2726.17,2726.94,5
2024-10-25T03:00:00.000Z,2726.94,2727.53,2726.6,2727.19,5
2024-10-25T04:00:00.000Z,2727.19,2727.44,2726.48,2726.73,5
2024-10-25T05:00:00.000Z,2726.73,2726.98,2726.14,2726.39,5
2024-10-25T06:00:00.000Z,2726.39,2726.64,2725.8,2726.05,5
2024-10-25T07:00:00.000Z,2726.05,2726.3,2725.59,2725.84,5
2024-10-25T08:00:00.000Z,2725.84,2729.05,2724.83,2728.04,5
2024-10-25T09:00:00.000Z,2728.04,2730.74,2727.03,2729.73,5
2024-10-25T10:00:00.000Z,2729.73,2732.43,2728.72,2731.42,5
2024-10-25T11:00:00.000Z,2731.42,2733.61,2730.41,2732.6,5
2024-10-25T12:00:00.000Z,2732.6,2735.68,2731.53,2734.61,5
2024-10-25T13:00:00.000Z,2734.61,2737.16,2733.55,2736.09,5
2024-10-25T14:00:00.000Z,2736.09,2738.64,2735.03,2737.57,5
2024-10-25T15:00:00.000Z,2737.57,2739.58,2736.51,2738.51,5
2024-10-25T16:00:00.000Z,2738.51,2738.85,2737.58,2737.92,5
2024-10-25T17:00:00.000Z,2737.92,2738.26,2737.16,2737.5,5
2024-10-25T18:00:00.000Z,2737.5,2737.84,2736.73,2737.07,5
2024-10-25T19:00:00.000Z,2737.07,2737.41,2736.48,2736.82,5
2024-10-25T20:00:00.000Z,2736.82,2738.71,2736.24,2738.13,5
2024-10-25T21:00:00.000Z,2738.13,2739.73,2737.55,2739.15,5
2024-10-25T22:00:00.000Z,2739.15,2740.75,2738.57,2740.17,5
2024-10-25T23:00:00.000Z,2740.17,2741.48,2739.59,2740.9,5
2024-10-28T00:00:00.000Z,2736.1,2736.84,2735.83,2736.57,5
2024-10-28T01:00:00.000Z,2736.57,2737.17,2736.3,2736.9,5
2024-10-28T02:00:00.000Z,2736.9,2737.51,2736.63,2737.24,5
2024-10-28T03:00:00.000Z,2737.24,2737.71,2736.97,2737.44,5
2024-10-28T04:00:00.000Z,2737.44,2738.3,2735.88,2736.74,5
2024-10-28T05:00:00.000Z,2736.74,2737.6,2735.61,2736.47,5
2024-10-28T06:00:00.000Z,2736.47,2737.33,2735.35,2736.21,5
2024-10-28T07:00:00.000Z,2736.21,2737.23,2735.35,2736.37,5
2024-10-28T08:00:00.000Z,2736.37,2738.91,2735.57,2738.11,5
2024-10-28T09:00:00.000Z,2738.11,2740.25,2737.31,2739.45,5
2024-10-28T10:00:00.000Z,2739.45,2741.59,2738.65,2740.79,5
2024-10-28T11:00:00.000Z,2740.79,2742.53,2739.99,2741.73,5
2024-10-28T12:00:00.000Z,2741.73,2743.71,2741.19,2743.17,5
2024-10-28T13:00:00.000Z,2743.17,2744.88,2742.63,2744.34,5
2024-10-28T14:00:00.000Z,2744.34,2746.06,2743.8,2745.52,5
2024-10-28T15:00:00.000Z,2745.52,2746.96,2744.98,2746.42,5
2024-10-28T16:00:00.000Z,2746.42,2746.69,2745.68,2745.95,5
2024-10-28T17:00:00.000Z,2745.95,2746.22,2745.35,2745.62,5
2024-10-28T18:00:00.000Z,2745.62,2745.89,2745.01,2745.28,5
2024-10-28T19:00:00.000Z,2745.28,2745.55,2744.81,2745.08,5
2024-10-28T20:00:00.000Z,2745.08,2745.43,2744.01,2744.36,5
2024-10-28T21:00:00.000Z,2744.36,2744.71,2743.46,2743.81,5
2024-10-28T22:00:00.000Z,2743.81,2744.16,2742.92,2743.27,5
2024-10-28T23:00:00.000Z,2743.27,2743.62,2742.55,2742.9,5
2024-10-29T00:00:00.000Z,2768.4,2768.4,2768.4,2768.4,21
2024-10-29T01:00:00.000Z,2768.4,2768.4,2768.4,2768.4,21
2024-10-29T02:00:00.000Z,2768.4,2768.4,2768.4,2768.4,21
2024-10-29T03:00:00.000Z,2768.4,2768.4,2768.4,2768.4,21
2024-10-29T04:00:00.000Z,2768.4,2768.4,2768.4,2768.4,26
2024-10-29T05:00:00.000Z,2768.4,2768.4,2768.4,2768.4,26
2024-10-29T06:00:00.000Z,2768.4,2768.4,2768.4,2768.4,26
2024-10-29T07:00:00.000Z,2768.4,2768.4,2768.4,2768.4,26
2024-10-29T08:00:00.000Z,2768.4,2768.4,2768.4,2768.4,59
2024-10-29T09:00:00.000Z,2768.4,2768.4,2768.4,2768.4,59
2024-10-29T10:00:00.000Z,2768.4,2768.4,2768.4,2768.4,59
2024-10-29T11:00:00.000Z,2768.4,2768.4,2768.4,2768.4,59
2024-10-29T12:00:00.000Z,2768.4,2768.4,2768.4,2768.4,68
2024-10-29T13:00:00.000Z,2768.4,2768.4,2768.4,2768.4,68
2024-10-29T14:00:00.000Z,2768.4,2768.4,2768.4,2768.4,68
2024-10-29T15:00:00.000Z,2768.4,2768.4,2768.4,2768.4,68
2024-10-29T16:00:00.000Z,2768.4,2768.4,2768.4,2768.4,26
2024-10-29T17:00:00.000Z,2768.4,2768.4,2768.4,2768.4,26
2024-10-29T18:00:00.000Z,2768.4,2768.4,2768.4,2768.4,26
2024-10-29T19:00:00.000Z,2768.4,2768.4,2768.4,2768.4,26
2024-10-29T20:00:00.000Z,2768.4,2768.4,2768.4,2768.4,13
2024-10-29T21:00:00.000Z,2768.4,2768.4,2768.4,2768.4,13
2024-10-29T22:00:00.000Z,2768.4,2768.4,2768.4,2768.4,13
2024-10-29T23:00:00.000Z,2768.4,2768.4,2768.4,2768.4,13
2024-10-30T00:00:00.000Z,2774.6,2775.39,2774.31,2775.1,6
2024-10-30T01:00:00.000Z,2775.1,2775.75,2774.81,2775.46,6
2024-10-30T02:00:00.000Z,2775.46,2776.11,2775.17,2775.82,6
2024-10-30T03:00:00.000Z,2775.82,2776.33,2775.53,2776.04,6
2024-10-30T04:00:00.000Z,2776.04,2776.26,2775.42,2775.64,7
2024-10-30T05:00:00.000Z,2775.64,2775.86,2775.14,2775.36,7
2024-10-30T06:00:00.000Z,2775.36,2775.58,2774.85,2775.07,7
2024-10-30T07:00:00.000Z,2775.07,2775.29,2774.67,2774.89,7
2024-10-30T08:00:00.000Z,2774.89,2777.62,2774.03,2776.76,16
2024-10-30T09:00:00.000Z,2776.76,2779.06,2775.9,2778.2,16
2024-10-30T10:00:00.000Z,2778.2,2780.5,2777.34,2779.64,16
2024-10-30T11:00:00.000Z,2779.64,2781.51,2778.78,2780.65,16
2024-10-30T12:00:00.000Z,2780.65,2783.27,2779.74,2782.36,19
2024-10-30T13:00:00.000Z,2782.36,2784.53,2781.45,2783.62,19
2024-10-30T14:00:00.000Z,2783.62,2785.79,2782.71,2784.88,19
2024-10-30T15:00:00.000Z,2784.88,2786.6,2783.97,2785.69,19
2024-10-30T16:00:00.000Z,2785.69,2785.98,2784.9,2785.19,7
2024-10-30T17:00:00.000Z,2785.19,2785.48,2784.54,2784.83,7
2024-10-30T18:00:00.000Z,2784.83,2785.12,2784.18,2784.47,7
2024-10-30T19:00:00.000Z,2784.47,2784.76,2783.96,2784.25,7
2024-10-30T20:00:00.000Z,2784.25,2786.17,2783.68,2785.6,5
2024-10-30T21:00:00.000Z,2785.6,2787.23,2785.03,2786.66,5
2024-10-30T22:00:00.000Z,2786.66,2788.29,2786.09,2787.72,5
2024-10-30T23:00:00.000Z,2787.72,2789.07,2787.15,2788.5,5
2024-10-31T00:00:00.000Z,2787.4,2788.48,2784.43,2785.51,21
2024-10-31T01:00:00.000Z,2785.51,2786.59,2783.08,2784.16,21
2024-10-31T02:00:00.000Z,2784.16,2785.24,2781.73,2782.81,21
2024-10-31T03:00:00.000Z,2782.81,2783.89,2780.92,2782,21
2024-10-31T04:00:00.000Z,2782,2784.31,2781.18,2783.49,26
2024-10-31T05:00:00.000Z,2783.49,2785.39,2782.67,2784.57,26
2024-10-31T06:00:00.000Z,2784.57,2786.47,2783.75,2785.65,26
2024-10-31T07:00:00.000Z,2785.65,2787.14,2784.83,2786.32,26
2024-10-31T08:00:00.000Z,2786.32,2789.56,2776.06,2779.3,60
2024-10-31T09:00:00.000Z,2779.3,2782.54,2770.66,2773.9,60
2024-10-31T10:00:00.000Z,2773.9,2777.14,2765.26,2768.5,60
2024-10-31T11:00:00.000Z,2768.5,2771.74,2761.48,2764.72,60
2024-10-31T12:00:00.000Z,2764.72,2768.11,2754.91,2758.3,68
2024-10-31T13:00:00.000Z,2758.3,2761.69,2750.18,2753.57,68
2024-10-31T14:00:00.000Z,2753.57,2756.96,2745.46,2748.85,68
2024-10-31T15:00:00.000Z,2748.85,2752.24,2742.43,2745.82,68
2024-10-31T16:00:00.000Z,2745.82,2748.79,2744.74,2747.71,26
2024-10-31T17:00:00.000Z,2747.71,2750.14,2746.63,2749.06,26
2024-10-31T18:00:00.000Z,2749.06,2751.49,2747.98,2750.41,26
2024-10-31T19:00:00.000Z,2750.41,2752.3,2749.33,2751.22,26
2024-10-31T20:00:00.000Z,2751.22,2753.05,2745.24,2747.07,13
2024-10-31T21:00:00.000Z,2747.07,2748.9,2742.01,2743.84,13
2024-10-31T22:00:00.000Z,2743.84,2745.67,2738.78,2740.61,13
2024-10-31T23:00:00.000Z,2740.61,2742.44,2736.47,2738.3,13
2024-11-01T00:00:00.000Z,2745.5,2745.94,2744.3,2744.74,5
2024-11-01T01:00:00.000Z,2744.74,2745.18,2743.75,2744.19,5
2024-11-01T02:00:00.000Z,2744.19,2744.63,2743.21,2743.65,5
2024-11-01T03:00:00.000Z,2743.65,2744.09,2742.88,2743.32,5
2024-11-01T04:00:00.000Z,2743.32,2745.82,2741.94,2744.44,5
2024-11-01T05:00:00.000Z,2744.44,2746.26,2743.06,2744.88,5
2024-11-01T06:00:00.000Z,2744.88,2746.69,2743.5,2745.31,5
2024-11-01T07:00:00.000Z,2745.31,2746.69,2743.68,2745.06,5
2024-11-01T08:00:00.000Z,2745.06,2746.37,2740.92,2742.23,8
2024-11-01T09:00:00.000Z,2742.23,2743.54,2738.74,2740.05,8
2024-11-01T10:00:00.000Z,2740.05,2741.36,2736.56,2737.87,8
2024-11-01T11:00:00.000Z,2737.87,2739.18,2735.03,2736.34,8
2024-11-01T12:00:00.000Z,2736.34,2737.21,2733.13,2734,9
2024-11-01T13:00:00.000Z,2734,2734.87,2731.22,2732.09,9
2024-11-01T14:00:00.000Z,2732.09,2732.96,2729.31,2730.18,9
2024-11-01T15:00:00.000Z,2730.18,2731.05,2727.84,2728.71,9
2024-11-01T16:00:00.000Z,2728.71,2729.91,2728.27,2729.47,5
2024-11-01T17:00:00.000Z,2729.47,2730.46,2729.03,2730.02,5
2024-11-01T18:00:00.000Z,2730.02,2731,2729.58,2730.56,5
2024-11-01T19:00:00.000Z,2730.56,2731.33,2730.12,2730.89,5
2024-11-01T20:00:00.000Z,2730.89,2734.3,2729.9,2733.31,5
2024-11-01T21:00:00.000Z,2733.31,2736.23,2732.32,2735.24,5
2024-11-01T22:00:00.000Z,2735.24,2738.16,2734.25,2737.17,5
2024-11-01T23:00:00.000Z,2737.17,2739.59,2736.18,2738.6,5
2024-11-04T00:00:00.000Z,2736.5,2736.52,2736.44,2736.46,5
2024-11-04T01:00:00.000Z,2736.46,2736.48,2736.42,2736.44,5
2024-11-04T02:00:00.000Z,2736.44,2736.46,2736.39,2736.41,5
2024-11-04T03:00:00.000Z,2736.41,2736.43,2736.38,2736.4,5
2024-11-04T04:00:00.000Z,2736.4,2736.53,2736.33,2736.46,5
2024-11-04T05:00:00.000Z,2736.46,2736.55,2736.39,2736.48,5
2024-11-04T06:00:00.000Z,2736.48,2736.57,2736.41,2736.5,5
2024-11-04T07:00:00.000Z,2736.5,2736.57,2736.41,2736.48,5
2024-11-04T08:00:00.000Z,2736.48,2736.54,2736.29,2736.35,5
2024-11-04T09:00:00.000Z,2736.35,2736.41,2736.19,2736.25,5
2024-11-04T10:00:00.000Z,2736.25,2736.31,2736.09,2736.15,5
2024-11-04T11:00:00.000Z,2736.15,2736.21,2736.02,2736.08,5
2024-11-04T12:00:00.000Z,2736.08,2736.12,2735.93,2735.97,5
2024-11-04T13:00:00.000Z,2735.97,2736.01,2735.84,2735.88,5
2024-11-04T14:00:00.000Z,2735.88,2735.92,2735.76,2735.8,5
2024-11-04T15:00:00.000Z,2735.8,2735.84,2735.69,2735.73,5
2024-11-04T16:00:00.000Z,2735.73,2735.79,2735.71,2735.77,5
2024-11-04T17:00:00.000Z,2735.77,2735.81,2735.75,2735.79,5
2024-11-04T18:00:00.000Z,2735.79,2735.84,2735.77,2735.82,5
2024-11-04T19:00:00.000Z,2735.82,2735.85,2735.8,2735.83,5
2024-11-04T20:00:00.000Z,2735.83,2735.96,2735.79,2735.92,5
2024-11-04T21:00:00.000Z,2735.92,2736.02,2735.88,2735.98,5
2024-11-04T22:00:00.000Z,2735.98,2736.09,2735.94,2736.05,5
2024-11-04T23:00:00.000Z,2736.05,2736.14,2736.01,2736.1,5
2024-11-05T00:00:00.000Z,2743,2743.07,2742.8,2742.87,5
2024-11-05T01:00:00.000Z,2742.87,2742.94,2742.71,2742.78,5
2024-11-05T02:00:00.000Z,2742.78,2742.85,2742.62,2742.69,5
2024-11-05T03:00:00.000Z,2742.69,2742.76,2742.57,2742.64,5
2024-11-05T04:00:00.000Z,2742.64,2742.92,2742.5,2742.78,5
2024-11-05T05:00:00.000Z,2742.78,2743,2742.64,2742.86,5
2024-11-05T06:00:00.000Z,2742.86,2743.07,2742.72,2742.93,5
2024-11-05T07:00:00.000Z,2742.93,2743.07,2742.79,2742.93,5
2024-11-05T08:00:00.000Z,2742.93,2743.15,2742.24,2742.46,5
2024-11-05T09:00:00.000Z,2742.46,2742.68,2741.88,2742.1,5
2024-11-05T10:00:00.000Z,2742.1,2742.32,2741.52,2741.74,5
2024-11-05T11:00:00.000Z,2741.74,2741.96,2741.27,2741.49,5
2024-11-05T12:00:00.000Z,2741.49,2741.63,2740.96,2741.1,5
2024-11-05T13:00:00.000Z,2741.1,2741.24,2740.65,2740.79,5
2024-11-05T14:00:00.000Z,2740.79,2740.93,2740.33,2740.47,5
2024-11-05T15:00:00.000Z,2740.47,2740.61,2740.09,2740.23,5
2024-11-05T16:00:00.000Z,2740.23,2740.43,2740.16,2740.36,5
2024-11-05T17:00:00.000Z,2740.36,2740.52,2740.29,2740.45,5
2024-11-05T18:00:00.000Z,2740.45,2740.61,2740.38,2740.54,5
2024-11-05T19:00:00.000Z,2740.54,2740.66,2740.47,2740.59,5
2024-11-05T20:00:00.000Z,2740.59,2740.66,2740.42,2740.49,5
2024-11-05T21:00:00.000Z,2740.49,2740.55,2740.34,2740.41,5
2024-11-05T22:00:00.000Z,2740.41,2740.47,2740.28,2740.34,5
2024-11-05T23:00:00.000Z,2740.34,2740.41,2740.24,2740.3,5
2024-11-06T00:00:00.000Z,2734.5,2736,2730.37,2731.87,11
2024-11-06T01:00:00.000Z,2731.87,2733.37,2728.49,2729.99,11
2024-11-06T02:00:00.000Z,2729.99,2731.49,2726.62,2728.12,11
2024-11-06T03:00:00.000Z,2728.12,2729.62,2725.49,2726.99,11
2024-11-06T04:00:00.000Z,2726.99,2730.19,2725.86,2729.06,13
2024-11-06T05:00:00.000Z,2729.06,2731.69,2727.93,2730.56,13
2024-11-06T06:00:00.000Z,2730.56,2733.19,2729.43,2732.06,13
2024-11-06T07:00:00.000Z,2732.06,2734.13,2730.93,2733,13
2024-11-06T08:00:00.000Z,2733,2737.51,2718.73,2723.24,30
2024-11-06T09:00:00.000Z,2723.24,2727.75,2711.22,2715.73,30
2024-11-06T10:00:00.000Z,2715.73,2720.24,2703.71,2708.22,30
2024-11-06T11:00:00.000Z,2708.22,2712.73,2698.45,2702.96,30
2024-11-06T12:00:00.000Z,2702.96,2707.69,2689.29,2694.02,34
2024-11-06T13:00:00.000Z,2694.02,2698.75,2682.72,2687.45,34
2024-11-06T14:00:00.000Z,2687.45,2692.18,2676.15,2680.88,34
2024-11-06T15:00:00.000Z,2680.88,2685.61,2671.94,2676.67,34
2024-11-06T16:00:00.000Z,2676.67,2680.8,2675.17,2679.3,13
2024-11-06T17:00:00.000Z,2679.3,2682.68,2677.8,2681.18,13
2024-11-06T18:00:00.000Z,2681.18,2684.55,2679.68,2683.05,13
2024-11-06T19:00:00.000Z,2683.05,2685.68,2681.55,2684.18,13
2024-11-06T20:00:00.000Z,2684.18,2686.59,2676.42,2678.83,7
2024-11-06T21:00:00.000Z,2678.83,2681.24,2672.28,2674.69,7
2024-11-06T22:00:00.000Z,2674.69,2677.1,2668.13,2670.54,7
2024-11-06T23:00:00.000Z,2670.54,2672.95,2665.19,2667.6,7
2024-11-07T00:00:00.000Z,2662.5,2664.51,2661.77,2663.78,17
2024-11-07T01:00:00.000Z,2663.78,2665.43,2663.05,2664.7,17
2024-11-07T02:00:00.000Z,2664.7,2666.34,2663.97,2665.61,17
2024-11-07T03:00:00.000Z,2665.61,2666.89,2664.88,2666.16,17
2024-11-07T04:00:00.000Z,2666.16,2666.71,2664.6,2665.15,20
2024-11-07T05:00:00.000Z,2665.15,2665.7,2663.87,2664.42,20
2024-11-07T06:00:00.000Z,2664.42,2664.97,2663.14,2663.69,20
2024-11-07T07:00:00.000Z,2663.69,2664.24,2662.68,2663.23,20
2024-11-07T08:00:00.000Z,2663.23,2670.19,2661.03,2667.99,47
2024-11-07T09:00:00.000Z,2667.99,2673.85,2665.79,2671.65,47
2024-11-07T10:00:00.000Z,2671.65,2677.51,2669.45,2675.31,47
2024-11-07T11:00:00.000Z,2675.31,2680.07,2673.11,2677.87,47
2024-11-07T12:00:00.000Z,2677.87,2684.54,2675.56,2682.23,54
2024-11-07T13:00:00.000Z,2682.23,2687.74,2679.92,2685.43,54
2024-11-07T14:00:00.000Z,2685.43,2690.94,2683.12,2688.63,54
2024-11-07T15:00:00.000Z,2688.63,2692.99,2686.32,2690.68,54
2024-11-07T16:00:00.000Z,2690.68,2691.41,2688.67,2689.4,20
2024-11-07T17:00:00.000Z,2689.4,2690.13,2687.75,2688.48,20
2024-11-07T18:00:00.000Z,2688.48,2689.21,2686.84,2687.57,20
2024-11-07T19:00:00.000Z,2687.57,2688.3,2686.29,2687.02,20
2024-11-07T20:00:00.000Z,2687.02,2692.12,2685.52,2690.62,10
2024-11-07T21:00:00.000Z,2690.62,2694.96,2689.12,2693.46,10
2024-11-07T22:00:00.000Z,2693.46,2697.81,2691.96,2696.31,10
2024-11-07T23:00:00.000Z,2696.31,2699.9,2694.81,2698.4,10
2024-11-08T00:00:00.000Z,2688.5,2688.74,2687.86,2688.09,26
2024-11-08T01:00:00.000Z,2688.09,2688.33,2687.57,2687.8,26
2024-11-08T02:00:00.000Z,2687.8,2688.04,2687.28,2687.51,26
2024-11-08T03:00:00.000Z,2687.51,2687.75,2687.09,2687.33,26
2024-11-08T04:00:00.000Z,2687.33,2688.75,2686.54,2687.96,31
2024-11-08T05:00:00.000Z,2687.96,2688.98,2687.17,2688.19,31
2024-11-08T06:00:00.000Z,2688.19,2689.22,2687.4,2688.43,31
2024-11-08T07:00:00.000Z,2688.43,2689.22,2687.48,2688.27,31
2024-11-08T08:00:00.000Z,2688.27,2688.97,2686.05,2686.75,73
2024-11-08T09:00:00.000Z,2686.75,2687.45,2684.88,2685.58,73
2024-11-08T10:00:00.000Z,2685.58,2686.28,2683.71,2684.41,73
2024-11-08T11:00:00.000Z,2684.41,2685.11,2682.89,2683.59,73
2024-11-08T12:00:00.000Z,2683.59,2684.06,2681.86,2682.33,83
2024-11-08T13:00:00.000Z,2682.33,2682.8,2680.84,2681.31,83
2024-11-08T14:00:00.000Z,2681.31,2681.78,2679.81,2680.28,83
2024-11-08T15:00:00.000Z,2680.28,2680.75,2679.02,2679.49,83
2024-11-08T16:00:00.000Z,2679.49,2680.13,2679.26,2679.9,31
2024-11-08T17:00:00.000Z,2679.9,2680.42,2679.67,2680.19,31
2024-11-08T18:00:00.000Z,2680.19,2680.71,2679.96,2680.48,31
2024-11-08T19:00:00.000Z,2680.48,2680.89,2680.25,2680.66,31
2024-11-08T20:00:00.000Z,2680.66,2683.57,2679.86,2682.77,16
2024-11-08T21:00:00.000Z,2682.77,2685.28,2681.97,2684.48,16
2024-11-08T22:00:00.000Z,2684.48,2686.99,2683.68,2686.19,16
2024-11-08T23:00:00.000Z,2686.19,2688.3,2685.39,2687.5,16
2024-11-11T00:00:00.000Z,2671.7,2672.91,2668.37,2669.58,5
2024-11-11T01:00:00.000Z,2669.58,2670.79,2666.86,2668.07,5
2024-11-11T02:00:00.000Z,2668.07,2669.28,2665.35,2666.56,5
2024-11-11T03:00:00.000Z,2666.56,2667.77,2664.44,2665.65,5
2024-11-11T04:00:00.000Z,2665.65,2668.22,2664.74,2667.31,5
2024-11-11T05:00:00.000Z,2667.31,2669.43,2666.4,2668.52,5
2024-11-11T06:00:00.000Z,2668.52,2670.64,2667.61,2669.73,5
2024-11-11T07:00:00.000Z,2669.73,2671.4,2668.82,2670.49,5
2024-11-11T08:00:00.000Z,2670.49,2674.12,2658.99,2662.62,5
2024-11-11T09:00:00.000Z,2662.62,2666.25,2652.94,2656.57,5
2024-11-11T10:00:00.000Z,2656.57,2660.2,2646.9,2650.53,5
2024-11-11T11:00:00.000Z,2650.53,2654.16,2642.66,2646.29,5
2024-11-11T12:00:00.000Z,2646.29,2650.1,2635.28,2639.09,5
2024-11-11T13:00:00.000Z,2639.09,2642.9,2629.98,2633.79,5
2024-11-11T14:00:00.000Z,2633.79,2637.6,2624.69,2628.5,5
2024-11-11T15:00:00.000Z,2628.5,2632.31,2621.3,2625.11,5
2024-11-11T16:00:00.000Z,2625.11,2628.44,2623.9,2627.23,5
2024-11-11T17:00:00.000Z,2627.23,2629.95,2626.02,2628.74,5
2024-11-11T18:00:00.000Z,2628.74,2631.46,2627.53,2630.25,5
2024-11-11T19:00:00.000Z,2630.25,2632.37,2629.04,2631.16,5
2024-11-11T20:00:00.000Z,2631.16,2633.76,2622.27,2624.87,5
2024-11-11T21:00:00.000Z,2624.87,2627.47,2617.28,2619.88,5
2024-11-11T22:00:00.000Z,2619.88,2622.48,2612.29,2614.89,5
2024-11-11T23:00:00.000Z,2614.89,2617.49,2608.6,2611.2,5
2024-11-12T00:00:00.000Z,2605.5,2605.75,2604.81,2605.06,5
2024-11-12T01:00:00.000Z,2605.06,2605.31,2604.49,2604.74,5
2024-11-12T02:00:00.000Z,2604.74,2604.99,2604.17,2604.42,5
2024-11-12T03:00:00.000Z,2604.42,2604.67,2603.98,2604.23,5
2024-11-12T04:00:00.000Z,2604.23,2604.77,2604.04,2604.58,5
2024-11-12T05:00:00.000Z,2604.58,2605.02,2604.39,2604.83,5
2024-11-12T06:00:00.000Z,2604.83,2605.28,2604.64,2605.09,5
2024-11-12T07:00:00.000Z,2605.09,2605.44,2604.9,2605.25,5
2024-11-12T08:00:00.000Z,2605.25,2606.01,2602.84,2603.6,8
2024-11-12T09:00:00.000Z,2603.6,2604.36,2601.57,2602.33,8
2024-11-12T10:00:00.000Z,2602.33,2603.09,2600.3,2601.06,8
2024-11-12T11:00:00.000Z,2601.06,2601.82,2599.41,2600.17,8
2024-11-12T12:00:00.000Z,2600.17,2600.97,2597.86,2598.66,10
2024-11-12T13:00:00.000Z,2598.66,2599.46,2596.74,2597.54,10
2024-11-12T14:00:00.000Z,2597.54,2598.34,2595.63,2596.43,10
2024-11-12T15:00:00.000Z,2596.43,2597.23,2594.92,2595.72,10
2024-11-12T16:00:00.000Z,2595.72,2596.41,2595.47,2596.16,5
2024-11-12T17:00:00.000Z,2596.16,2596.73,2595.91,2596.48,5
2024-11-12T18:00:00.000Z,2596.48,2597.05,2596.23,2596.8,5
2024-11-12T19:00:00.000Z,2596.8,2597.24,2596.55,2596.99,5
2024-11-12T20:00:00.000Z,2596.99,2598.39,2596.56,2597.96,5
2024-11-12T21:00:00.000Z,2597.96,2599.14,2597.53,2598.71,5
2024-11-12T22:00:00.000Z,2598.71,2599.89,2598.28,2599.46,5
2024-11-12T23:00:00.000Z,2599.46,2600.43,2599.03,2600,5
2024-11-13T00:00:00.000Z,2611.1,2611.72,2609.39,2610.01,5
2024-11-13T01:00:00.000Z,2610.01,2610.63,2608.62,2609.24,5
2024-11-13T02:00:00.000Z,2609.24,2609.86,2607.85,2608.47,5
2024-11-13T03:00:00.000Z,2608.47,2609.09,2607.38,2608,5
2024-11-13T04:00:00.000Z,2608,2609.42,2607.47,2608.89,5
2024-11-13T05:00:00.000Z,2608.89,2610.05,2608.36,2609.51,5
2024-11-13T06:00:00.000Z,2609.51,2610.66,2608.98,2610.13,5
2024-11-13T07:00:00.000Z,2610.13,2611.01,2609.6,2610.48,5
2024-11-13T08:00:00.000Z,2610.48,2612.34,2604.59,2606.45,5
2024-11-13T09:00:00.000Z,2606.45,2608.31,2601.49,2603.35,5
2024-11-13T10:00:00.000Z,2603.35,2605.21,2598.39,2600.25,5
2024-11-13T11:00:00.000Z,2600.25,2602.11,2596.22,2598.08,5
2024-11-13T12:00:00.000Z,2598.08,2599.96,2592.55,2594.43,5
2024-11-13T13:00:00.000Z,2594.43,2596.31,2589.83,2591.71,5
2024-11-13T14:00:00.000Z,2591.71,2593.59,2587.12,2589,5
2024-11-13T15:00:00.000Z,2589,2590.88,2585.35,2587.23,5
2024-11-13T16:00:00.000Z,2587.23,2588.94,2586.61,2588.32,5
2024-11-13T17:00:00.000Z,2588.32,2589.71,2587.7,2589.09,5
2024-11-13T18:00:00.000Z,2589.09,2590.48,2588.47,2589.86,5
2024-11-13T19:00:00.000Z,2589.86,2590.95,2589.24,2590.33,5
2024-11-13T20:00:00.000Z,2590.33,2591.59,2586.06,2587.32,5
2024-11-13T21:00:00.000Z,2587.32,2588.58,2583.67,2584.93,5
2024-11-13T22:00:00.000Z,2584.93,2586.19,2581.29,2582.55,5
2024-11-13T23:00:00.000Z,2582.55,2583.81,2579.54,2580.8,5
2024-11-14T00:00:00.000Z,2555.1,2556.31,2554.66,2555.87,5
2024-11-14T01:00:00.000Z,2555.87,2556.86,2555.43,2556.42,5
2024-11-14T02:00:00.000Z,2556.42,2557.41,2555.98,2556.97,5
2024-11-14T03:00:00.000Z,2556.97,2557.74,2556.53,2557.3,5
2024-11-14T04:00:00.000Z,2557.3,2557.72,2556.23,2556.65,5
2024-11-14T05:00:00.000Z,2556.65,2557.07,2555.79,2556.21,5
2024-11-14T06:00:00.000Z,2556.21,2556.63,2555.35,2555.77,5
2024-11-14T07:00:00.000Z,2555.77,2556.19,2555.12,2555.54,5
2024-11-14T08:00:00.000Z,2555.54,2559.72,2554.22,2558.4,5
2024-11-14T09:00:00.000Z,2558.4,2561.92,2557.08,2560.6,5
2024-11-14T10:00:00.000Z,2560.6,2564.12,2559.28,2562.8,5
2024-11-14T11:00:00.000Z,2562.8,2565.66,2561.48,2564.34,5
2024-11-14T12:00:00.000Z,2564.34,2568.21,2563.04,2566.91,5
2024-11-14T13:00:00.000Z,2566.91,2570.14,2565.61,2568.84,5
2024-11-14T14:00:00.000Z,2568.84,2572.06,2567.54,2570.76,5
2024-11-14T15:00:00.000Z,2570.76,2573.34,2569.46,2572.04,5
2024-11-14T16:00:00.000Z,2572.04,2572.48,2570.83,2571.27,5
2024-11-14T17:00:00.000Z,2571.27,2571.71,2570.28,2570.72,5
2024-11-14T18:00:00.000Z,2570.72,2571.16,2569.73,2570.17,5
2024-11-14T19:00:00.000Z,2570.17,2570.61,2569.4,2569.84,5
2024-11-14T20:00:00.000Z,2569.84,2570.22,2568.86,2569.24,5
2024-11-14T21:00:00.000Z,2569.24,2569.62,2568.45,2568.83,5
2024-11-14T22:00:00.000Z,2568.83,2569.21,2568.04,2568.42,5
2024-11-14T23:00:00.000Z,2568.42,2568.8,2567.82,2568.2,5
2024-11-15T00:00:00.000Z,2565.7,2565.7,2565.7,2565.7,5
2024-11-15T01:00:00.000Z,2565.7,2565.7,2565.7,2565.7,5
2024-11-15T02:00:00.000Z,2565.7,2565.7,2565.7,2565.7,5
2024-11-15T03:00:00.000Z,2565.7,2565.7,2565.7,2565.7,5
2024-11-15T04:00:00.000Z,2565.7,2565.7,2565.7,2565.7,5
2024-11-15T05:00:00.000Z,2565.7,2565.7,2565.7,2565.7,5
2024-11-15T06:00:00.000Z,2565.7,2565.7,2565.7,2565.7,5
2024-11-15T07:00:00.000Z,2565.7,2565.7,2565.7,2565.7,5
2024-11-15T08:00:00.000Z,2565.7,2565.7,2565.7,2565.7,5
2024-11-15T09:00:00.000Z,2565.7,2565.7,2565.7,2565.7,5
2024-11-15T10:00:00.000Z,2565.7,2565.7,2565.7,2565.7,5
2024-11-15T11:00:00.000Z,2565.7,2565.7,2565.7,2565.7,5
2024-11-15T12:00:00.000Z,2565.7,2565.7,2565.7,2565.7,5
2024-11-15T13:00:00.000Z,2565.7,2565.7,2565.7,2565.7,5
2024-11-15T14:00:00.000Z,2565.7,2565.7,2565.7,2565.7,5
2024-11-15T15:00:00.000Z,2565.7,2565.7,2565.7,2565.7,5
2024-11-15T16:00:00.000Z,2565.7,2565.7,2565.7,2565.7,5
2024-11-15T17:00:00.000Z,2565.7,2565.7,2565.7,2565.7,5
2024-11-15T18:00:00.000Z,2565.7,2565.7,2565.7,2565.7,5
2024-11-15T19:00:00.000Z,2565.7,2565.7,2565.7,2565.7,5
2024-11-15T20:00:00.000Z,2565.7,2565.7,2565.7,2565.7,5
2024-11-15T21:00:00.000Z,2565.7,2565.7,2565.7,2565.7,5
2024-11-15T22:00:00.000Z,2565.7,2565.7,2565.7,2565.7,5
2024-11-15T23:00:00.000Z,2565.7,2565.7,2565.7,2565.7,5
2024-11-18T00:00:00.000Z,2591.7,2592.88,2591.27,2592.45,5
2024-11-18T01:00:00.000Z,2592.45,2593.41,2592.02,2592.98,5
2024-11-18T02:00:00.000Z,2592.98,2593.94,2592.55,2593.51,5
2024-11-18T03:00:00.000Z,2593.51,2594.26,2593.08,2593.83,5
2024-11-18T04:00:00.000Z,2593.83,2594.38,2592.58,2593.13,5
2024-11-18T05:00:00.000Z,2593.13,2593.68,2592.16,2592.71,5
2024-11-18T06:00:00.000Z,2592.71,2593.26,2591.73,2592.28,5
2024-11-18T07:00:00.000Z,2592.28,2592.83,2591.58,2592.13,5
2024-11-18T08:00:00.000Z,2592.13,2596.18,2590.85,2594.9,10
2024-11-18T09:00:00.000Z,2594.9,2598.31,2593.62,2597.03,10
2024-11-18T10:00:00.000Z,2597.03,2600.44,2595.75,2599.16,10
2024-11-18T11:00:00.000Z,2599.16,2601.93,2597.88,2600.65,10
2024-11-18T12:00:00.000Z,2600.65,2604.18,2599.54,2603.07,11
2024-11-18T13:00:00.000Z,2603.07,2606.04,2601.96,2604.93,11
2024-11-18T14:00:00.000Z,2604.93,2607.9,2603.82,2606.79,11
2024-11-18T15:00:00.000Z,2606.79,2609.21,2605.68,2608.1,11
2024-11-18T16:00:00.000Z,2608.1,2608.53,2606.92,2607.35,5
2024-11-18T17:00:00.000Z,2607.35,2607.78,2606.39,2606.82,5
2024-11-18T18:00:00.000Z,2606.82,2607.25,2605.86,2606.29,5
2024-11-18T19:00:00.000Z,2606.29,2606.72,2605.54,2605.97,5
2024-11-18T20:00:00.000Z,2605.97,2608.15,2605.29,2607.47,5
2024-11-18T21:00:00.000Z,2607.47,2609.3,2606.79,2608.62,5
2024-11-18T22:00:00.000Z,2608.62,2610.46,2607.94,2609.78,5
2024-11-18T23:00:00.000Z,2609.78,2611.28,2609.1,2610.6,5
2024-11-19T00:00:00.000Z,2621.9,2622.36,2621.73,2622.19,5
2024-11-19T01:00:00.000Z,2622.19,2622.57,2622.02,2622.4,5
2024-11-19T02:00:00.000Z,2622.4,2622.78,2622.23,2622.61,5
2024-11-19T03:00:00.000Z,2622.61,2622.91,2622.44,2622.74,5
2024-11-19T04:00:00.000Z,2622.74,2623.13,2621.99,2622.38,5
2024-11-19T05:00:00.000Z,2622.38,2622.77,2621.82,2622.21,5
2024-11-19T06:00:00.000Z,2622.21,2622.6,2621.65,2622.04,5
2024-11-19T07:00:00.000Z,2622.04,2622.46,2621.65,2622.07,5
2024-11-19T08:00:00.000Z,2622.07,2623.66,2621.57,2623.16,6
2024-11-19T09:00:00.000Z,2623.16,2624.5,2622.66,2624,6
2024-11-19T10:00:00.000Z,2624,2625.34,2623.5,2624.84,6
2024-11-19T11:00:00.000Z,2624.84,2625.93,2624.34,2625.43,6
2024-11-19T12:00:00.000Z,2625.43,2626.67,2625.09,2626.33,7
2024-11-19T13:00:00.000Z,2626.33,2627.41,2625.99,2627.07,7
2024-11-19T14:00:00.000Z,2627.07,2628.14,2626.73,2627.8,7
2024-11-19T15:00:00.000Z,2627.8,2628.71,2627.46,2628.37,7
2024-11-19T16:00:00.000Z,2628.37,2628.54,2627.91,2628.08,5
2024-11-19T17:00:00.000Z,2628.08,2628.25,2627.7,2627.87,5
2024-11-19T18:00:00.000Z,2627.87,2628.04,2627.49,2627.66,5
2024-11-19T19:00:00.000Z,2627.66,2627.83,2627.36,2627.53,5
2024-11-19T20:00:00.000Z,2627.53,2627.66,2627.23,2627.36,5
2024-11-19T21:00:00.000Z,2627.36,2627.49,2627.12,2627.25,5
2024-11-19T22:00:00.000Z,2627.25,2627.38,2627.01,2627.14,5
2024-11-19T23:00:00.000Z,2627.14,2627.27,2626.97,2627.1,5
2024-11-20T00:00:00.000Z,2638.5,2639.03,2638.31,2638.84,5
2024-11-20T01:00:00.000Z,2638.84,2639.27,2638.65,2639.08,5
2024-11-20T02:00:00.000Z,2639.08,2639.51,2638.89,2639.32,5
2024-11-20T03:00:00.000Z,2639.32,2639.66,2639.13,2639.47,5
2024-11-20T04:00:00.000Z,2639.47,2639.61,2639.05,2639.2,5
2024-11-20T05:00:00.000Z,2639.2,2639.34,2638.87,2639.01,5
2024-11-20T06:00:00.000Z,2639.01,2639.16,2638.66,2638.81,5
2024-11-20T07:00:00.000Z,2638.81,2638.95,2638.55,2638.69,5
2024-11-20T08:00:00.000Z,2638.69,2640.53,2638.11,2639.95,5
2024-11-20T09:00:00.000Z,2639.95,2641.5,2639.37,2640.92,5
2024-11-20T10:00:00.000Z,2640.92,2642.47,2640.34,2641.89,5
2024-11-20T11:00:00.000Z,2641.89,2643.15,2641.31,2642.57,5
2024-11-20T12:00:00.000Z,2642.57,2644.34,2641.96,2643.73,5
2024-11-20T13:00:00.000Z,2643.73,2645.19,2643.12,2644.58,5
2024-11-20T14:00:00.000Z,2644.58,2646.04,2643.97,2645.43,5
2024-11-20T15:00:00.000Z,2645.43,2646.58,2644.82,2645.97,5
2024-11-20T16:00:00.000Z,2645.97,2646.16,2645.44,2645.63,5
2024-11-20T17:00:00.000Z,2645.63,2645.82,2645.2,2645.39,5
2024-11-20T18:00:00.000Z,2645.39,2645.58,2644.96,2645.15,5
2024-11-20T19:00:00.000Z,2645.15,2645.34,2644.81,2645,5
2024-11-20T20:00:00.000Z,2645,2646.43,2644.58,2646.01,5
2024-11-20T21:00:00.000Z,2646.01,2647.23,2645.59,2646.81,5
2024-11-20T22:00:00.000Z,2646.81,2648.03,2646.39,2647.61,5
2024-11-20T23:00:00.000Z,2647.61,2648.62,2647.19,2648.2,5
2024-11-21T00:00:00.000Z,2659.3,2660.2,2658.97,2659.87,5
2024-11-21T01:00:00.000Z,2659.87,2660.61,2659.54,2660.28,5
2024-11-21T02:00:00.000Z,2660.28,2661.02,2659.95,2660.69,5
2024-11-21T03:00:00.000Z,2660.69,2661.27,2660.36,2660.94,5
2024-11-21T04:00:00.000Z,2660.94,2661.55,2659.7,2660.31,5
2024-11-21T05:00:00.000Z,2660.31,2660.92,2659.37,2659.98,5
2024-11-21T06:00:00.000Z,2659.98,2660.59,2659.04,2659.65,5
2024-11-21T07:00:00.000Z,2659.65,2660.26,2659.02,2659.63,5
2024-11-21T08:00:00.000Z,2659.63,2662.74,2658.65,2661.76,5
2024-11-21T09:00:00.000Z,2661.76,2664.38,2660.78,2663.4,5
2024-11-21T10:00:00.000Z,2663.4,2666.02,2662.42,2665.04,5
2024-11-21T11:00:00.000Z,2665.04,2667.17,2664.06,2666.19,5
2024-11-21T12:00:00.000Z,2666.19,2668.63,2665.52,2667.96,5
2024-11-21T13:00:00.000Z,2667.96,2670.07,2667.29,2669.4,5
2024-11-21T14:00:00.000Z,2669.4,2671.5,2668.73,2670.83,5
2024-11-21T15:00:00.000Z,2670.83,2672.6,2670.16,2671.93,5
2024-11-21T16:00:00.000Z,2671.93,2672.26,2671.03,2671.36,5
2024-11-21T17:00:00.000Z,2671.36,2671.69,2670.62,2670.95,5
2024-11-21T18:00:00.000Z,2670.95,2671.28,2670.21,2670.54,5
2024-11-21T19:00:00.000Z,2670.54,2670.87,2669.96,2670.29,5
2024-11-21T20:00:00.000Z,2670.29,2671.26,2669.94,2670.91,5
2024-11-21T21:00:00.000Z,2670.91,2671.72,2670.56,2671.37,5
2024-11-21T22:00:00.000Z,2671.37,2672.16,2671.02,2671.82,5
2024-11-21T23:00:00.000Z,2671.82,2672.44,2671.48,2672.1,5
2024-11-22T00:00:00.000Z,2687.5,2688.87,2687,2688.37,5
2024-11-22T01:00:00.000Z,2688.37,2689.49,2687.87,2688.99,5
2024-11-22T02:00:00.000Z,2688.99,2690.12,2688.49,2689.62,5
2024-11-22T03:00:00.000Z,2689.62,2690.49,2689.12,2689.99,5
2024-11-22T04:00:00.000Z,2689.99,2690.55,2688.65,2689.21,5
2024-11-22T05:00:00.000Z,2689.21,2689.77,2688.15,2688.71,5
2024-11-22T06:00:00.000Z,2688.71,2689.27,2687.66,2688.22,5
2024-11-22T07:00:00.000Z,2688.22,2688.78,2687.44,2688,5
2024-11-22T08:00:00.000Z,2688,2692.73,2686.51,2691.24,5
2024-11-22T09:00:00.000Z,2691.24,2695.22,2689.75,2693.73,5
2024-11-22T10:00:00.000Z,2693.73,2697.71,2692.24,2696.22,5
2024-11-22T11:00:00.000Z,2696.22,2699.45,2694.73,2697.96,5
2024-11-22T12:00:00.000Z,2697.96,2702.21,2696.58,2700.83,5
2024-11-22T13:00:00.000Z,2700.83,2704.38,2699.45,2703,5
2024-11-22T14:00:00.000Z,2703,2706.56,2701.62,2705.18,5
2024-11-22T15:00:00.000Z,2705.18,2708.05,2703.8,2706.67,5
2024-11-22T16:00:00.000Z,2706.67,2707.17,2705.3,2705.8,5
2024-11-22T17:00:00.000Z,2705.8,2706.3,2704.68,2705.18,5
2024-11-22T18:00:00.000Z,2705.18,2705.68,2704.05,2704.55,5
2024-11-22T19:00:00.000Z,2704.55,2705.05,2703.68,2704.18,5
2024-11-22T20:00:00.000Z,2704.18,2706.84,2703.36,2706.02,5
2024-11-22T21:00:00.000Z,2706.02,2708.27,2705.2,2707.45,5
2024-11-22T22:00:00.000Z,2707.45,2709.7,2706.63,2708.88,5
2024-11-22T23:00:00.000Z,2708.88,2710.72,2708.06,2709.9,5
2024-11-25T00:00:00.000Z,2689.4,2690.85,2685.41,2686.86,5
2024-11-25T01:00:00.000Z,2686.86,2688.31,2683.59,2685.04,5
2024-11-25T02:00:00.000Z,2685.04,2686.49,2681.78,2683.23,5
2024-11-25T03:00:00.000Z,2683.23,2684.68,2680.69,2682.14,5
2024-11-25T04:00:00.000Z,2682.14,2685.23,2681.05,2684.14,5
2024-11-25T05:00:00.000Z,2684.14,2686.68,2683.05,2685.59,5
2024-11-25T06:00:00.000Z,2685.59,2688.13,2684.5,2687.04,5
2024-11-25T07:00:00.000Z,2687.04,2689.04,2685.95,2687.95,5
2024-11-25T08:00:00.000Z,2687.95,2692.31,2674.15,2678.51,7
2024-11-25T09:00:00.000Z,2678.51,2682.87,2666.89,2671.25,7
2024-11-25T10:00:00.000Z,2671.25,2675.61,2659.63,2663.99,7
2024-11-25T11:00:00.000Z,2663.99,2668.35,2654.55,2658.91,7
2024-11-25T12:00:00.000Z,2658.91,2663.48,2645.7,2650.27,8
2024-11-25T13:00:00.000Z,2650.27,2654.84,2639.35,2643.92,8
2024-11-25T14:00:00.000Z,2643.92,2648.49,2633,2637.57,8
2024-11-25T15:00:00.000Z,2637.57,2642.14,2628.93,2633.5,8
2024-11-25T16:00:00.000Z,2633.5,2637.49,2632.05,2636.04,5
2024-11-25T17:00:00.000Z,2636.04,2639.31,2634.59,2637.86,5
2024-11-25T18:00:00.000Z,2637.86,2641.12,2636.41,2639.67,5
2024-11-25T19:00:00.000Z,2639.67,2642.21,2638.22,2640.76,5
2024-11-25T20:00:00.000Z,2640.76,2643.88,2630.09,2633.21,5
2024-11-25T21:00:00.000Z,2633.21,2636.33,2624.1,2627.22,5
2024-11-25T22:00:00.000Z,2627.22,2630.34,2618.11,2621.23,5
2024-11-25T23:00:00.000Z,2621.23,2624.35,2613.68,2616.8,5
2024-11-26T00:00:00.000Z,2625.6,2625.71,2625.3,2625.41,4447
2024-11-26T01:00:00.000Z,2625.41,2625.52,2625.17,2625.28,4447
2024-11-26T02:00:00.000Z,2625.28,2625.39,2625.04,2625.15,4447
2024-11-26T03:00:00.000Z,2625.15,2625.26,2624.96,2625.07,4447
2024-11-26T04:00:00.000Z,2625.07,2625.29,2624.99,2625.21,5336
2024-11-26T05:00:00.000Z,2625.21,2625.4,2625.13,2625.32,5336
2024-11-26T06:00:00.000Z,2625.32,2625.5,2625.24,2625.42,5336
2024-11-26T07:00:00.000Z,2625.42,2625.57,2625.34,2625.49,5336
2024-11-26T08:00:00.000Z,2625.49,2625.81,2624.48,2624.8,12450
2024-11-26T09:00:00.000Z,2624.8,2625.12,2623.95,2624.27,12450
2024-11-26T10:00:00.000Z,2624.27,2624.59,2623.42,2623.74,12450
2024-11-26T11:00:00.000Z,2623.74,2624.06,2623.05,2623.37,12450
2024-11-26T12:00:00.000Z,2623.37,2623.7,2622.41,2622.74,14229
2024-11-26T13:00:00.000Z,2622.74,2623.07,2621.95,2622.28,14229
2024-11-26T14:00:00.000Z,2622.28,2622.61,2621.49,2621.82,14229
2024-11-26T15:00:00.000Z,2621.82,2622.15,2621.19,2621.52,14229
2024-11-26T16:00:00.000Z,2621.52,2621.82,2621.41,2621.71,5336
2024-11-26T17:00:00.000Z,2621.71,2621.95,2621.6,2621.84,5336
2024-11-26T18:00:00.000Z,2621.84,2622.08,2621.73,2621.97,5336
2024-11-26T19:00:00.000Z,2621.97,2622.16,2621.86,2622.05,5336
2024-11-26T20:00:00.000Z,2622.05,2622.28,2621.27,2621.5,2668
2024-11-26T21:00:00.000Z,2621.5,2621.73,2620.83,2621.06,2668
2024-11-26T22:00:00.000Z,2621.06,2621.29,2620.39,2620.62,2668
2024-11-26T23:00:00.000Z,2620.62,2620.85,2620.07,2620.3,2668
2024-11-27T00:00:00.000Z,2633.5,2635.18,2632.89,2634.57,1541
2024-11-27T01:00:00.000Z,2634.57,2635.95,2633.96,2635.34,1541
2024-11-27T02:00:00.000Z,2635.34,2636.72,2634.73,2636.11,1541
2024-11-27T03:00:00.000Z,2636.11,2637.18,2635.5,2636.57,1541
2024-11-27T04:00:00.000Z,2636.57,2637.66,2634.32,2635.41,1850
2024-11-27T05:00:00.000Z,2635.41,2636.5,2633.71,2634.8,1850
2024-11-27T06:00:00.000Z,2634.8,2635.89,2633.09,2634.18,1850
2024-11-27T07:00:00.000Z,2634.18,2635.27,2633.02,2634.11,1850
2024-11-27T08:00:00.000Z,2634.11,2639.94,2632.27,2638.1,4316
2024-11-27T09:00:00.000Z,2638.1,2643.01,2636.26,2641.17,4316
2024-11-27T10:00:00.000Z,2641.17,2646.08,2639.33,2644.24,4316
2024-11-27T11:00:00.000Z,2644.24,2648.23,2642.4,2646.39,4316
2024-11-27T12:00:00.000Z,2646.39,2651.03,2645.09,2649.73,4932
2024-11-27T13:00:00.000Z,2649.73,2653.72,2648.43,2652.42,4932
2024-11-27T14:00:00.000Z,2652.42,2656.4,2651.12,2655.1,4932
2024-11-27T15:00:00.000Z,2655.1,2658.44,2653.8,2657.14,4932
2024-11-27T16:00:00.000Z,2657.14,2657.75,2655.46,2656.07,1850
2024-11-27T17:00:00.000Z,2656.07,2656.68,2654.69,2655.3,1850
2024-11-27T18:00:00.000Z,2655.3,2655.91,2653.92,2654.53,1850
2024-11-27T19:00:00.000Z,2654.53,2655.14,2653.46,2654.07,1850
2024-11-27T20:00:00.000Z,2654.07,2655.79,2647.95,2649.67,925
2024-11-27T21:00:00.000Z,2649.67,2651.39,2644.4,2646.12,925
2024-11-27T22:00:00.000Z,2646.12,2647.84,2640.86,2642.58,925
2024-11-27T23:00:00.000Z,2642.58,2644.3,2638.18,2639.9,925
2024-11-29T00:00:00.000Z,2636.4,2638.8,2635.53,2637.93,97
2024-11-29T01:00:00.000Z,2637.93,2639.89,2637.06,2639.02,97
2024-11-29T02:00:00.000Z,2639.02,2640.98,2638.15,2640.11,97
2024-11-29T03:00:00.000Z,2640.11,2641.63,2639.24,2640.76,97
2024-11-29T04:00:00.000Z,2640.76,2642.98,2636.56,2638.78,116
2024-11-29T05:00:00.000Z,2638.78,2641,2635.68,2637.9,116
2024-11-29T06:00:00.000Z,2637.9,2640.12,2634.81,2637.03,116
2024-11-29T07:00:00.000Z,2637.03,2639.49,2634.81,2637.27,116
2024-11-29T08:00:00.000Z,2637.27,2645.56,2634.65,2642.94,270
2024-11-29T09:00:00.000Z,2642.94,2649.92,2640.32,2647.3,270
2024-11-29T10:00:00.000Z,2647.3,2654.28,2644.68,2651.66,270
2024-11-29T11:00:00.000Z,2651.66,2657.33,2649.04,2654.71,270
2024-11-29T12:00:00.000Z,2654.71,2661.14,2652.97,2659.4,309
2024-11-29T13:00:00.000Z,2659.4,2664.95,2657.66,2663.21,309
2024-11-29T14:00:00.000Z,2663.21,2668.77,2661.47,2667.03,309
2024-11-29T15:00:00.000Z,2667.03,2671.71,2665.29,2669.97,309
2024-11-29T16:00:00.000Z,2669.97,2670.84,2667.57,2668.44,116
2024-11-29T17:00:00.000Z,2668.44,2669.31,2666.48,2667.35,116
2024-11-29T18:00:00.000Z,2667.35,2668.22,2665.39,2666.26,116
2024-11-29T19:00:00.000Z,2666.26,2667.13,2664.74,2665.61,116
2024-11-29T20:00:00.000Z,2665.61,2666.91,2661.51,2662.81,58
2024-11-29T21:00:00.000Z,2662.81,2664.11,2659.36,2660.66,58
2024-11-29T22:00:00.000Z,2660.66,2661.96,2657.2,2658.5,58
2024-11-29T23:00:00.000Z,2658.5,2659.8,2655.7,2657,58
2024-12-02T00:00:00.000Z,2649,2649.56,2647.46,2648.02,18
2024-12-02T01:00:00.000Z,2648.02,2648.58,2646.75,2647.31,18
2024-12-02T02:00:00.000Z,2647.31,2647.87,2646.05,2646.61,18
2024-12-02T03:00:00.000Z,2646.61,2647.17,2645.63,2646.19,18
2024-12-02T04:00:00.000Z,2646.19,2647.5,2645.69,2647,21
2024-12-02T05:00:00.000Z,2647,2648.07,2646.5,2647.57,21
2024-12-02T06:00:00.000Z,2647.57,2648.63,2647.07,2648.13,21
2024-12-02T07:00:00.000Z,2648.13,2648.94,2647.63,2648.44,21
2024-12-02T08:00:00.000Z,2648.44,2650.13,2643.1,2644.79,49
2024-12-02T09:00:00.000Z,2644.79,2646.48,2640.29,2641.98,49
2024-12-02T10:00:00.000Z,2641.98,2643.67,2637.48,2639.17,49
2024-12-02T11:00:00.000Z,2639.17,2640.86,2635.51,2637.2,49
2024-12-02T12:00:00.000Z,2637.2,2638.89,2632.2,2633.89,56
2024-12-02T13:00:00.000Z,2633.89,2635.58,2629.74,2631.43,56
2024-12-02T14:00:00.000Z,2631.43,2633.12,2627.29,2628.98,56
2024-12-02T15:00:00.000Z,2628.98,2630.67,2625.67,2627.36,56
2024-12-02T16:00:00.000Z,2627.36,2628.9,2626.8,2628.34,21
2024-12-02T17:00:00.000Z,2628.34,2629.61,2627.78,2629.05,21
2024-12-02T18:00:00.000Z,2629.05,2630.31,2628.49,2629.75,21
2024-12-02T19:00:00.000Z,2629.75,2630.73,2629.19,2630.17,21
2024-12-02T20:00:00.000Z,2630.17,2632.48,2629.42,2631.73,11
2024-12-02T21:00:00.000Z,2631.73,2633.66,2630.98,2632.91,11
2024-12-02T22:00:00.000Z,2632.91,2634.84,2632.16,2634.09,11
2024-12-02T23:00:00.000Z,2634.09,2635.65,2633.34,2634.9,11
2024-12-03T00:00:00.000Z,2639,2640.02,2638.63,2639.65,27
2024-12-03T01:00:00.000Z,2639.65,2640.49,2639.28,2640.12,27
2024-12-03T02:00:00.000Z,2640.12,2640.96,2639.75,2640.59,27
2024-12-03T03:00:00.000Z,2640.59,2641.24,2640.22,2640.87,27
2024-12-03T04:00:00.000Z,2640.87,2641.45,2639.62,2640.2,32
2024-12-03T05:00:00.000Z,2640.2,2640.78,2639.25,2639.83,32
2024-12-03T06:00:00.000Z,2639.83,2640.41,2638.87,2639.45,32
2024-12-03T07:00:00.000Z,2639.45,2640.03,2638.79,2639.37,32
2024-12-03T08:00:00.000Z,2639.37,2642.92,2638.25,2641.8,74
2024-12-03T09:00:00.000Z,2641.8,2644.79,2640.68,2643.67,74
2024-12-03T10:00:00.000Z,2643.67,2646.66,2642.55,2645.54,74
2024-12-03T11:00:00.000Z,2645.54,2647.97,2644.42,2646.85,74
2024-12-03T12:00:00.000Z,2646.85,2649.81,2645.97,2648.93,85
2024-12-03T13:00:00.000Z,2648.93,2651.44,2648.05,2650.56,85
2024-12-03T14:00:00.000Z,2650.56,2653.08,2649.68,2652.2,85
2024-12-03T15:00:00.000Z,2652.2,2654.28,2651.32,2653.4,85
2024-12-03T16:00:00.000Z,2653.4,2653.77,2652.38,2652.75,32
2024-12-03T17:00:00.000Z,2652.75,2653.12,2651.91,2652.28,32
2024-12-03T18:00:00.000Z,2652.28,2652.65,2651.44,2651.81,32
2024-12-03T19:00:00.000Z,2651.81,2652.18,2651.16,2651.53,32
2024-12-03T20:00:00.000Z,2651.53,2652.4,2648.52,2649.39,16
2024-12-03T21:00:00.000Z,2649.39,2650.26,2646.81,2647.68,16
2024-12-03T22:00:00.000Z,2647.68,2648.55,2645.1,2645.97,16
2024-12-03T23:00:00.000Z,2645.97,2646.84,2643.83,2644.7,16
2024-12-04T00:00:00.000Z,2639.2,2640.38,2638.77,2639.95,6
2024-12-04T01:00:00.000Z,2639.95,2640.91,2639.52,2640.48,6
2024-12-04T02:00:00.000Z,2640.48,2641.44,2640.05,2641.01,6
2024-12-04T03:00:00.000Z,2641.01,2641.76,2640.58,2641.33,6
2024-12-04T04:00:00.000Z,2641.33,2641.87,2640.1,2640.64,8
2024-12-04T05:00:00.000Z,2640.64,2641.18,2639.67,2640.21,8
2024-12-04T06:00:00.000Z,2640.21,2640.75,2639.25,2639.79,8
2024-12-04T07:00:00.000Z,2639.79,2640.33,2639.09,2639.63,8
2024-12-04T08:00:00.000Z,2639.63,2643.68,2638.35,2642.4,18
2024-12-04T09:00:00.000Z,2642.4,2645.81,2641.12,2644.53,18
2024-12-04T10:00:00.000Z,2644.53,2647.94,2643.25,2646.66,18
2024-12-04T11:00:00.000Z,2646.66,2649.43,2645.38,2648.15,18
2024-12-04T12:00:00.000Z,2648.15,2651.69,2647.03,2650.57,20
2024-12-04T13:00:00.000Z,2650.57,2653.56,2649.45,2652.44,20
2024-12-04T14:00:00.000Z,2652.44,2655.42,2651.32,2654.3,20
2024-12-04T15:00:00.000Z,2654.3,2656.72,2653.18,2655.6,20
2024-12-04T16:00:00.000Z,2655.6,2656.03,2654.42,2654.85,8
2024-12-04T17:00:00.000Z,2654.85,2655.28,2653.89,2654.32,8
2024-12-04T18:00:00.000Z,2654.32,2654.75,2653.36,2653.79,8
2024-12-04T19:00:00.000Z,2653.79,2654.22,2653.04,2653.47,8
2024-12-04T20:00:00.000Z,2653.47,2653.93,2653.22,2653.68,5
2024-12-04T21:00:00.000Z,2653.68,2654.01,2653.43,2653.76,5
2024-12-04T22:00:00.000Z,2653.76,2654.09,2653.51,2653.84,5
2024-12-04T23:00:00.000Z,2653.84,2654.09,2653.55,2653.8,5
2024-12-05T00:00:00.000Z,2652.4,2652.99,2650.78,2651.37,14
2024-12-05T01:00:00.000Z,2651.37,2651.96,2650.05,2650.64,14
2024-12-05T02:00:00.000Z,2650.64,2651.23,2649.32,2649.91,14
2024-12-05T03:00:00.000Z,2649.91,2650.5,2648.88,2649.47,14
2024-12-05T04:00:00.000Z,2649.47,2651.1,2648.77,2650.4,17
2024-12-05T05:00:00.000Z,2650.4,2651.69,2649.7,2650.99,17
2024-12-05T06:00:00.000Z,2650.99,2652.27,2650.29,2651.57,17
2024-12-05T07:00:00.000Z,2651.57,2652.51,2650.87,2651.81,17
2024-12-05T08:00:00.000Z,2651.81,2653.57,2646.24,2648,40
2024-12-05T09:00:00.000Z,2648,2649.76,2643.31,2645.07,40
2024-12-05T10:00:00.000Z,2645.07,2646.83,2640.38,2642.14,40
2024-12-05T11:00:00.000Z,2642.14,2643.9,2638.33,2640.09,40
2024-12-05T12:00:00.000Z,2640.09,2641.68,2635.14,2636.73,46
2024-12-05T13:00:00.000Z,2636.73,2638.32,2632.58,2634.17,46
2024-12-05T14:00:00.000Z,2634.17,2635.76,2630.02,2631.61,46
2024-12-05T15:00:00.000Z,2631.61,2633.2,2628.25,2629.84,46
2024-12-05T16:00:00.000Z,2629.84,2631.46,2629.25,2630.87,17
2024-12-05T17:00:00.000Z,2630.87,2632.19,2630.28,2631.6,17
2024-12-05T18:00:00.000Z,2631.6,2632.92,2631.01,2632.33,17
2024-12-05T19:00:00.000Z,2632.33,2633.36,2631.74,2632.77,17
2024-12-05T20:00:00.000Z,2632.77,2633.68,2629.86,2630.77,9
2024-12-05T21:00:00.000Z,2630.77,2631.68,2628.32,2629.23,9
2024-12-05T22:00:00.000Z,2629.23,2630.14,2626.78,2627.69,9
2024-12-05T23:00:00.000Z,2627.69,2628.6,2625.69,2626.6,9
2024-12-06T00:00:00.000Z,2620.2,2621.61,2619.69,2621.1,14
2024-12-06T01:00:00.000Z,2621.1,2622.25,2620.59,2621.74,14
2024-12-06T02:00:00.000Z,2621.74,2622.89,2621.23,2622.38,14
2024-12-06T03:00:00.000Z,2622.38,2623.27,2621.87,2622.76,14
2024-12-06T04:00:00.000Z,2622.76,2623.41,2621.27,2621.92,17
2024-12-06T05:00:00.000Z,2621.92,2622.57,2620.76,2621.41,17
2024-12-06T06:00:00.000Z,2621.41,2622.06,2620.25,2620.9,17
2024-12-06T07:00:00.000Z,2620.9,2621.55,2620.06,2620.71,17
2024-12-06T08:00:00.000Z,2620.71,2625.58,2619.17,2624.04,40
2024-12-06T09:00:00.000Z,2624.04,2628.14,2622.5,2626.6,40
2024-12-06T10:00:00.000Z,2626.6,2630.7,2625.06,2629.16,40
2024-12-06T11:00:00.000Z,2629.16,2632.49,2627.62,2630.95,40
2024-12-06T12:00:00.000Z,2630.95,2635.2,2629.61,2633.86,46
2024-12-06T13:00:00.000Z,2633.86,2637.44,2632.52,2636.1,46
2024-12-06T14:00:00.000Z,2636.1,2639.68,2634.76,2638.34,46
2024-12-06T15:00:00.000Z,2638.34,2641.25,2637,2639.91,46
2024-12-06T16:00:00.000Z,2639.91,2640.42,2638.5,2639.01,17
2024-12-06T17:00:00.000Z,2639.01,2639.52,2637.86,2638.37,17
2024-12-06T18:00:00.000Z,2638.37,2638.88,2637.22,2637.73,17
2024-12-06T19:00:00.000Z,2637.73,2638.24,2636.84,2637.35,17
2024-12-06T20:00:00.000Z,2637.35,2638.23,2636.97,2637.85,9
2024-12-06T21:00:00.000Z,2637.85,2638.55,2637.47,2638.17,9
2024-12-06T22:00:00.000Z,2638.17,2638.86,2637.79,2638.48,9
2024-12-06T23:00:00.000Z,2638.48,2638.98,2638.1,2638.6,9
2024-12-09T00:00:00.000Z,2632.1,2634.65,2631.17,2633.72,24
2024-12-09T01:00:00.000Z,2633.72,2635.81,2632.79,2634.88,24
2024-12-09T02:00:00.000Z,2634.88,2636.97,2633.95,2636.04,24
2024-12-09T03:00:00.000Z,2636.04,2637.66,2635.11,2636.73,24
2024-12-09T04:00:00.000Z,2636.73,2637.55,2634.57,2635.39,28
2024-12-09T05:00:00.000Z,2635.39,2636.21,2633.64,2634.47,28
2024-12-09T06:00:00.000Z,2634.47,2635.29,2632.72,2633.54,28
2024-12-09T07:00:00.000Z,2633.54,2634.36,2632.21,2633.03,28
2024-12-09T08:00:00.000Z,2633.03,2641.83,2630.25,2639.05,66
2024-12-09T09:00:00.000Z,2639.05,2646.46,2636.27,2643.68,66
2024-12-09T10:00:00.000Z,2643.68,2651.09,2640.9,2648.31,66
2024-12-09T11:00:00.000Z,2648.31,2654.33,2645.53,2651.55,66
2024-12-09T12:00:00.000Z,2651.55,2659.78,2648.76,2656.99,75
2024-12-09T13:00:00.000Z,2656.99,2663.83,2654.2,2661.04,75
2024-12-09T14:00:00.000Z,2661.04,2667.88,2658.25,2665.09,75
2024-12-09T15:00:00.000Z,2665.09,2670.54,2662.3,2667.75,75
2024-12-09T16:00:00.000Z,2667.75,2668.68,2665.2,2666.13,28
2024-12-09T17:00:00.000Z,2666.13,2667.06,2664.04,2664.97,28
2024-12-09T18:00:00.000Z,2664.97,2665.9,2662.88,2663.81,28
2024-12-09T19:00:00.000Z,2663.81,2664.74,2662.19,2663.12,28
2024-12-09T20:00:00.000Z,2663.12,2664.53,2662.48,2663.89,14
2024-12-09T21:00:00.000Z,2663.89,2664.97,2663.25,2664.33,14
2024-12-09T22:00:00.000Z,2664.33,2665.42,2663.69,2664.78,14
2024-12-09T23:00:00.000Z,2664.78,2665.54,2664.14,2664.9,14
2024-12-10T00:00:00.000Z,2662.3,2664.34,2661.56,2663.6,11
2024-12-10T01:00:00.000Z,2663.6,2665.27,2662.86,2664.53,11
2024-12-10T02:00:00.000Z,2664.53,2666.2,2663.79,2665.46,11
2024-12-10T03:00:00.000Z,2665.46,2666.76,2664.72,2666.02,11
2024-12-10T04:00:00.000Z,2666.02,2666.71,2664.24,2664.93,13
2024-12-10T05:00:00.000Z,2664.93,2665.62,2663.5,2664.19,13
2024-12-10T06:00:00.000Z,2664.19,2664.88,2662.75,2663.44,13
2024-12-10T07:00:00.000Z,2663.44,2664.13,2662.35,2663.04,13
2024-12-10T08:00:00.000Z,2663.04,2670.11,2660.81,2667.88,31
2024-12-10T09:00:00.000Z,2667.88,2673.83,2665.65,2671.6,31
2024-12-10T10:00:00.000Z,2671.6,2677.55,2669.37,2675.32,31
2024-12-10T11:00:00.000Z,2675.32,2680.15,2673.09,2677.92,31
2024-12-10T12:00:00.000Z,2677.92,2684.49,2675.71,2682.28,35
2024-12-10T13:00:00.000Z,2682.28,2687.75,2680.07,2685.54,35
2024-12-10T14:00:00.000Z,2685.54,2691,2683.33,2688.79,35
2024-12-10T15:00:00.000Z,2688.79,2693.15,2686.58,2690.94,35
2024-12-10T16:00:00.000Z,2690.94,2691.68,2688.9,2689.64,13
2024-12-10T17:00:00.000Z,2689.64,2690.38,2687.97,2688.71,13
2024-12-10T18:00:00.000Z,2688.71,2689.45,2687.04,2687.78,13
2024-12-10T19:00:00.000Z,2687.78,2688.52,2686.48,2687.22,13
2024-12-10T20:00:00.000Z,2687.22,2691.93,2685.81,2690.52,7
2024-12-10T21:00:00.000Z,2690.52,2694.52,2689.11,2693.11,7
2024-12-10T22:00:00.000Z,2693.11,2697.12,2691.7,2695.71,7
2024-12-10T23:00:00.000Z,2695.71,2699.01,2694.3,2697.6,7
2024-12-11T00:00:00.000Z,2701.8,2704.03,2700.99,2703.22,85
2024-12-11T01:00:00.000Z,2703.22,2705.05,2702.41,2704.24,85
2024-12-11T02:00:00.000Z,2704.24,2706.07,2703.43,2705.26,85
2024-12-11T03:00:00.000Z,2705.26,2706.68,2704.45,2705.87,85
2024-12-11T04:00:00.000Z,2705.87,2707.35,2702.83,2704.31,102
2024-12-11T05:00:00.000Z,2704.31,2705.79,2702.02,2703.5,102
2024-12-11T06:00:00.000Z,2703.5,2704.98,2701.2,2702.68,102
2024-12-11T07:00:00.000Z,2702.68,2704.16,2701.13,2702.61,102
2024-12-11T08:00:00.000Z,2702.61,2710.34,2700.17,2707.9,237
2024-12-11T09:00:00.000Z,2707.9,2714.41,2705.46,2711.97,237
2024-12-11T10:00:00.000Z,2711.97,2718.48,2709.53,2716.04,237
2024-12-11T11:00:00.000Z,2716.04,2721.33,2713.6,2718.89,237
2024-12-11T12:00:00.000Z,2718.89,2724.99,2717.2,2723.3,271
2024-12-11T13:00:00.000Z,2723.3,2728.55,2721.61,2726.86,271
2024-12-11T14:00:00.000Z,2726.86,2732.11,2725.17,2730.42,271
2024-12-11T15:00:00.000Z,2730.42,2734.83,2728.73,2733.14,271
2024-12-11T16:00:00.000Z,2733.14,2733.95,2730.91,2731.72,102
2024-12-11T17:00:00.000Z,2731.72,2732.53,2729.89,2730.7,102
2024-12-11T18:00:00.000Z,2730.7,2731.51,2728.87,2729.68,102
2024-12-11T19:00:00.000Z,2729.68,2730.49,2728.26,2729.07,102
2024-12-11T20:00:00.000Z,2729.07,2731.57,2728.19,2730.69,51
2024-12-11T21:00:00.000Z,2730.69,2732.76,2729.81,2731.88,51
2024-12-11T22:00:00.000Z,2731.88,2733.94,2731,2733.06,51
2024-12-11T23:00:00.000Z,2733.06,2734.68,2732.18,2733.8,51
2024-12-12T00:00:00.000Z,2725.1,2726.05,2722.48,2723.43,59
2024-12-12T01:00:00.000Z,2723.43,2724.38,2721.29,2722.24,59
2024-12-12T02:00:00.000Z,2722.24,2723.19,2720.1,2721.05,59
2024-12-12T03:00:00.000Z,2721.05,2722,2719.38,2720.33,59
2024-12-12T04:00:00.000Z,2720.33,2722.36,2719.61,2721.64,71
2024-12-12T05:00:00.000Z,2721.64,2723.32,2720.92,2722.6,71
2024-12-12T06:00:00.000Z,2722.6,2724.27,2721.88,2723.55,71
2024-12-12T07:00:00.000Z,2723.55,2724.87,2722.84,2724.15,71
2024-12-12T08:00:00.000Z,2724.15,2727.01,2715.09,2717.95,166
2024-12-12T09:00:00.000Z,2717.95,2720.81,2710.32,2713.18,166
2024-12-12T10:00:00.000Z,2713.18,2716.04,2705.55,2708.41,166
2024-12-12T11:00:00.000Z,2708.41,2711.27,2702.21,2705.07,166
2024-12-12T12:00:00.000Z,2705.07,2708.08,2696.38,2699.39,189
2024-12-12T13:00:00.000Z,2699.39,2702.39,2692.21,2695.22,189
2024-12-12T14:00:00.000Z,2695.22,2698.22,2688.03,2691.04,189
2024-12-12T15:00:00.000Z,2691.04,2694.05,2685.36,2688.37,189
2024-12-12T16:00:00.000Z,2688.37,2690.99,2687.42,2690.04,71
2024-12-12T17:00:00.000Z,2690.04,2692.18,2689.09,2691.23,71
2024-12-12T18:00:00.000Z,2691.23,2693.37,2690.28,2692.42,71
2024-12-12T19:00:00.000Z,2692.42,2694.09,2691.47,2693.14,71
2024-12-12T20:00:00.000Z,2693.14,2694.18,2690.17,2691.21,36
2024-12-12T21:00:00.000Z,2691.21,2692.25,2688.76,2689.8,36
2024-12-12T22:00:00.000Z,2689.8,2690.84,2687.35,2688.39,36
2024-12-12T23:00:00.000Z,2688.39,2689.43,2686.46,2687.5,36
2024-12-13T00:00:00.000Z,2688.2,2689.03,2685.92,2686.75,28
2024-12-13T01:00:00.000Z,2686.75,2687.58,2684.89,2685.72,28
2024-12-13T02:00:00.000Z,2685.72,2686.55,2683.85,2684.68,28
2024-12-13T03:00:00.000Z,2684.68,2685.51,2683.23,2684.06,28
2024-12-13T04:00:00.000Z,2684.06,2685.98,2683.33,2685.25,34
2024-12-13T05:00:00.000Z,2685.25,2686.81,2684.52,2686.08,34
2024-12-13T06:00:00.000Z,2686.08,2687.64,2685.35,2686.91,34
2024-12-13T07:00:00.000Z,2686.91,2688.1,2686.18,2687.37,34
2024-12-13T08:00:00.000Z,2687.37,2689.85,2679.51,2681.99,79
2024-12-13T09:00:00.000Z,2681.99,2684.47,2675.37,2677.85,79
2024-12-13T10:00:00.000Z,2677.85,2680.33,2671.23,2673.71,79
2024-12-13T11:00:00.000Z,2673.71,2676.19,2668.33,2670.81,79
2024-12-13T12:00:00.000Z,2670.81,2673.31,2663.44,2665.94,90
2024-12-13T13:00:00.000Z,2665.94,2668.44,2659.82,2662.32,90
2024-12-13T14:00:00.000Z,2662.32,2664.82,2656.19,2658.69,90
2024-12-13T15:00:00.000Z,2658.69,2661.19,2653.82,2656.32,90
2024-12-13T16:00:00.000Z,2656.32,2658.6,2655.49,2657.77,34
2024-12-13T17:00:00.000Z,2657.77,2659.63,2656.94,2658.8,34
2024-12-13T18:00:00.000Z,2658.8,2660.67,2657.97,2659.84,34
2024-12-13T19:00:00.000Z,2659.84,2661.29,2659.01,2660.46,34
2024-12-13T20:00:00.000Z,2660.46,2661.32,2658.06,2658.92,17
2024-12-13T21:00:00.000Z,2658.92,2659.78,2656.94,2657.8,17
2024-12-13T22:00:00.000Z,2657.8,2658.66,2655.82,2656.68,17
2024-12-13T23:00:00.000Z,2656.68,2657.54,2655.14,2656,17
2024-12-16T00:00:00.000Z,2658.3,2658.55,2657.62,2657.87,22
2024-12-16T01:00:00.000Z,2657.87,2658.12,2657.31,2657.56,22
2024-12-16T02:00:00.000Z,2657.56,2657.81,2657,2657.25,22
2024-12-16T03:00:00.000Z,2657.25,2657.5,2656.82,2657.07,22
2024-12-16T04:00:00.000Z,2657.07,2658.34,2656.39,2657.66,26
2024-12-16T05:00:00.000Z,2657.66,2658.58,2656.98,2657.9,26
2024-12-16T06:00:00.000Z,2657.9,2658.83,2657.22,2658.15,26
2024-12-16T07:00:00.000Z,2658.15,2658.83,2657.37,2658.05,26
2024-12-16T08:00:00.000Z,2658.05,2658.79,2655.71,2656.45,62
2024-12-16T09:00:00.000Z,2656.45,2657.19,2654.48,2655.22,62
2024-12-16T10:00:00.000Z,2655.22,2655.96,2653.25,2653.99,62
2024-12-16T11:00:00.000Z,2653.99,2654.73,2652.39,2653.13,62
2024-12-16T12:00:00.000Z,2653.13,2653.62,2651.32,2651.81,70
2024-12-16T13:00:00.000Z,2651.81,2652.3,2650.24,2650.73,70
2024-12-16T14:00:00.000Z,2650.73,2651.22,2649.17,2649.66,70
2024-12-16T15:00:00.000Z,2649.66,2650.15,2648.34,2648.83,70
2024-12-16T16:00:00.000Z,2648.83,2649.51,2648.58,2649.26,26
2024-12-16T17:00:00.000Z,2649.26,2649.82,2649.01,2649.57,26
2024-12-16T18:00:00.000Z,2649.57,2650.13,2649.32,2649.88,26
2024-12-16T19:00:00.000Z,2649.88,2650.31,2649.63,2650.06,26
2024-12-16T20:00:00.000Z,2650.06,2650.78,2649.8,2650.52,13
2024-12-16T21:00:00.000Z,2650.52,2651.12,2650.26,2650.86,13
2024-12-16T22:00:00.000Z,2650.86,2651.45,2650.6,2651.19,13
2024-12-16T23:00:00.000Z,2651.19,2651.66,2650.93,2651.4,13
2024-12-17T00:00:00.000Z,2651.8,2652.2,2650.71,2651.11,18
2024-12-17T01:00:00.000Z,2651.11,2651.51,2650.21,2650.61,18
2024-12-17T02:00:00.000Z,2650.61,2651.01,2649.72,2650.12,18
2024-12-17T03:00:00.000Z,2650.12,2650.52,2649.42,2649.82,18
2024-12-17T04:00:00.000Z,2649.82,2650.74,2649.47,2650.39,21
2024-12-17T05:00:00.000Z,2650.39,2651.13,2650.04,2650.78,21
2024-12-17T06:00:00.000Z,2650.78,2651.53,2650.43,2651.18,21
2024-12-17T07:00:00.000Z,2651.18,2651.75,2650.83,2651.4,21
2024-12-17T08:00:00.000Z,2651.4,2652.59,2647.64,2648.83,49
2024-12-17T09:00:00.000Z,2648.83,2650.02,2645.66,2646.85,49
2024-12-17T10:00:00.000Z,2646.85,2648.04,2643.68,2644.87,49
2024-12-17T11:00:00.000Z,2644.87,2646.06,2642.29,2643.48,49
2024-12-17T12:00:00.000Z,2643.48,2644.68,2639.95,2641.15,57
2024-12-17T13:00:00.000Z,2641.15,2642.35,2638.22,2639.42,57
2024-12-17T14:00:00.000Z,2639.42,2640.62,2636.48,2637.68,57
2024-12-17T15:00:00.000Z,2637.68,2638.88,2635.35,2636.55,57
2024-12-17T16:00:00.000Z,2636.55,2637.64,2636.15,2637.24,21
2024-12-17T17:00:00.000Z,2637.24,2638.14,2636.84,2637.74,21
2024-12-17T18:00:00.000Z,2637.74,2638.63,2637.34,2638.23,21
2024-12-17T19:00:00.000Z,2638.23,2638.93,2637.83,2638.53,21
2024-12-17T20:00:00.000Z,2638.53,2641.17,2637.75,2640.39,11
2024-12-17T21:00:00.000Z,2640.39,2642.64,2639.61,2641.86,11
2024-12-17T22:00:00.000Z,2641.86,2644.11,2641.08,2643.32,11
2024-12-17T23:00:00.000Z,2643.32,2645.18,2642.54,2644.4,11
2024-12-18T00:00:00.000Z,2644.3,2645.44,2641.17,2642.31,14
2024-12-18T01:00:00.000Z,2642.31,2643.45,2639.75,2640.89,14
2024-12-18T02:00:00.000Z,2640.89,2642.03,2638.32,2639.46,14
2024-12-18T03:00:00.000Z,2639.46,2640.6,2637.47,2638.61,14
2024-12-18T04:00:00.000Z,2638.61,2641.44,2637.48,2640.31,17
2024-12-18T05:00:00.000Z,2640.31,2642.58,2639.18,2641.45,17
2024-12-18T06:00:00.000Z,2641.45,2643.72,2640.32,2642.59,17
2024-12-18T07:00:00.000Z,2642.59,2644.29,2641.46,2643.16,17
2024-12-18T08:00:00.000Z,2643.16,2646.57,2632.35,2635.76,40
2024-12-18T09:00:00.000Z,2635.76,2639.17,2626.66,2630.07,40
2024-12-18T10:00:00.000Z,2630.07,2633.48,2620.97,2624.38,40
2024-12-18T11:00:00.000Z,2624.38,2627.79,2616.99,2620.4,40
2024-12-18T12:00:00.000Z,2620.4,2623.7,2610.47,2613.77,45
2024-12-18T13:00:00.000Z,2613.77,2617.07,2605.49,2608.79,45
2024-12-18T14:00:00.000Z,2608.79,2612.09,2600.51,2603.81,45
2024-12-18T15:00:00.000Z,2603.81,2607.11,2597.18,2600.49,45
2024-12-18T16:00:00.000Z,2600.49,2603.62,2599.35,2602.48,17
2024-12-18T17:00:00.000Z,2602.48,2605.04,2601.34,2603.9,17
2024-12-18T18:00:00.000Z,2603.9,2606.47,2602.76,2605.33,17
2024-12-18T19:00:00.000Z,2605.33,2607.32,2604.19,2606.18,17
2024-12-18T20:00:00.000Z,2606.18,2619.16,2602.58,2615.56,9
2024-12-18T21:00:00.000Z,2615.56,2626.74,2611.96,2623.14,9
2024-12-18T22:00:00.000Z,2623.14,2634.32,2619.54,2630.72,9
2024-12-18T23:00:00.000Z,2630.72,2640.1,2627.12,2636.5,9
2024-12-19T00:00:00.000Z,2582.1,2583.65,2581.54,2583.09,6
2024-12-19T01:00:00.000Z,2583.09,2584.35,2582.53,2583.79,6
2024-12-19T02:00:00.000Z,2583.79,2585.06,2583.23,2584.5,6
2024-12-19T03:00:00.000Z,2584.5,2585.48,2583.94,2584.92,6
2024-12-19T04:00:00.000Z,2584.92,2585.34,2583.72,2584.14,7
2024-12-19T05:00:00.000Z,2584.14,2584.56,2583.16,2583.58,7
2024-12-19T06:00:00.000Z,2583.58,2584,2582.59,2583.01,7
2024-12-19T07:00:00.000Z,2583.01,2583.43,2582.24,2582.66,7
2024-12-19T08:00:00.000Z,2582.66,2588.02,2580.97,2586.33,17
2024-12-19T09:00:00.000Z,2586.33,2590.84,2584.64,2589.15,17
2024-12-19T10:00:00.000Z,2589.15,2593.66,2587.46,2591.97,17
2024-12-19T11:00:00.000Z,2591.97,2595.63,2590.28,2593.94,17
2024-12-19T12:00:00.000Z,2593.94,2599.08,2592.16,2597.3,19
2024-12-19T13:00:00.000Z,2597.3,2601.54,2595.52,2599.76,19
2024-12-19T14:00:00.000Z,2599.76,2604.01,2597.98,2602.23,19
2024-12-19T15:00:00.000Z,2602.23,2605.59,2600.45,2603.81,19
2024-12-19T16:00:00.000Z,2603.81,2604.37,2602.26,2602.82,7
2024-12-19T17:00:00.000Z,2602.82,2603.38,2601.56,2602.12,7
2024-12-19T18:00:00.000Z,2602.12,2602.68,2600.85,2601.41,7
2024-12-19T19:00:00.000Z,2601.41,2601.97,2600.43,2600.99,7
2024-12-19T20:00:00.000Z,2600.99,2602.15,2597.05,2598.21,5
2024-12-19T21:00:00.000Z,2598.21,2599.37,2594.85,2596.01,5
2024-12-19T22:00:00.000Z,2596.01,2597.17,2592.66,2593.82,5
2024-12-19T23:00:00.000Z,2593.82,2594.98,2591.04,2592.2,5
2024-12-20T00:00:00.000Z,2605.3,2606.76,2604.77,2606.23,15
2024-12-20T01:00:00.000Z,2606.23,2607.43,2605.7,2606.9,15
2024-12-20T02:00:00.000Z,2606.9,2608.1,2606.37,2607.57,15
2024-12-20T03:00:00.000Z,2607.57,2608.5,2607.04,2607.97,15
2024-12-20T04:00:00.000Z,2607.97,2608.41,2606.77,2607.21,18
2024-12-20T05:00:00.000Z,2607.21,2607.65,2606.24,2606.68,18
2024-12-20T06:00:00.000Z,2606.68,2607.12,2605.7,2606.14,18
2024-12-20T07:00:00.000Z,2606.14,2606.58,2605.39,2605.83,18
2024-12-20T08:00:00.000Z,2605.83,2610.9,2604.23,2609.3,42
2024-12-20T09:00:00.000Z,2609.3,2613.57,2607.7,2611.97,42
2024-12-20T10:00:00.000Z,2611.97,2616.24,2610.37,2614.64,42
2024-12-20T11:00:00.000Z,2614.64,2618.11,2613.04,2616.51,42
2024-12-20T12:00:00.000Z,2616.51,2621.31,2614.87,2619.67,47
2024-12-20T13:00:00.000Z,2619.67,2623.65,2618.03,2622.01,47
2024-12-20T14:00:00.000Z,2622.01,2625.98,2620.37,2624.34,47
2024-12-20T15:00:00.000Z,2624.34,2627.5,2622.7,2625.86,47
2024-12-20T16:00:00.000Z,2625.86,2626.39,2624.4,2624.93,18
2024-12-20T17:00:00.000Z,2624.93,2625.46,2623.73,2624.26,18
2024-12-20T18:00:00.000Z,2624.26,2624.79,2623.06,2623.59,18
2024-12-20T19:00:00.000Z,2623.59,2624.12,2622.66,2623.19,18
2024-12-20T20:00:00.000Z,2623.19,2625.8,2622.37,2624.98,9
2024-12-20T21:00:00.000Z,2624.98,2627.17,2624.16,2626.35,9
2024-12-20T22:00:00.000Z,2626.35,2628.55,2625.53,2627.73,9
2024-12-20T23:00:00.000Z,2627.73,2629.52,2626.91,2628.7,9
2024-12-23T00:00:00.000Z,2620,2620.33,2619.09,2619.42,11
2024-12-23T01:00:00.000Z,2619.42,2619.75,2618.67,2619,11
2024-12-23T02:00:00.000Z,2619,2619.33,2618.26,2618.59,11
2024-12-23T03:00:00.000Z,2618.59,2618.92,2618.01,2618.34,11
2024-12-23T04:00:00.000Z,2618.34,2620.2,2617.32,2619.18,14
2024-12-23T05:00:00.000Z,2619.18,2620.53,2618.16,2619.51,14
2024-12-23T06:00:00.000Z,2619.51,2620.87,2618.49,2619.85,14
2024-12-23T07:00:00.000Z,2619.85,2620.87,2618.65,2619.67,14
2024-12-23T08:00:00.000Z,2619.67,2620.67,2616.51,2617.51,32
2024-12-23T09:00:00.000Z,2617.51,2618.51,2614.85,2615.85,32
2024-12-23T10:00:00.000Z,2615.85,2616.85,2613.19,2614.19,32
2024-12-23T11:00:00.000Z,2614.19,2615.19,2612.03,2613.03,32
2024-12-23T12:00:00.000Z,2613.03,2613.69,2610.59,2611.25,36
2024-12-23T13:00:00.000Z,2611.25,2611.91,2609.13,2609.79,36
2024-12-23T14:00:00.000Z,2609.79,2610.45,2607.68,2608.34,36
2024-12-23T15:00:00.000Z,2608.34,2609,2606.56,2607.22,36
2024-12-23T16:00:00.000Z,2607.22,2608.13,2606.89,2607.8,14
2024-12-23T17:00:00.000Z,2607.8,2608.55,2607.47,2608.22,14
2024-12-23T18:00:00.000Z,2608.22,2608.96,2607.89,2608.63,14
2024-12-23T19:00:00.000Z,2608.63,2609.21,2608.3,2608.88,14
2024-12-23T20:00:00.000Z,2608.88,2610.5,2608.37,2609.99,7
2024-12-23T21:00:00.000Z,2609.99,2611.35,2609.48,2610.84,7
2024-12-23T22:00:00.000Z,2610.84,2612.21,2610.33,2611.7,7
2024-12-23T23:00:00.000Z,2611.7,2612.81,2611.19,2612.3,7
2024-12-24T00:00:00.000Z,2613,2613.58,2612.79,2613.37,5
2024-12-24T01:00:00.000Z,2613.37,2613.84,2613.16,2613.63,5
2024-12-24T02:00:00.000Z,2613.63,2614.1,2613.42,2613.89,5
2024-12-24T03:00:00.000Z,2613.89,2614.26,2613.68,2614.05,5
2024-12-24T04:00:00.000Z,2614.05,2614.56,2613.08,2613.59,5
2024-12-24T05:00:00.000Z,2613.59,2614.1,2612.87,2613.38,5
2024-12-24T06:00:00.000Z,2613.38,2613.89,2612.66,2613.17,5
2024-12-24T07:00:00.000Z,2613.17,2613.72,2612.66,2613.21,5
2024-12-24T08:00:00.000Z,2613.21,2615.21,2612.58,2614.58,5
2024-12-24T09:00:00.000Z,2614.58,2616.26,2613.95,2615.63,5
2024-12-24T10:00:00.000Z,2615.63,2617.3,2615,2616.67,5
2024-12-24T11:00:00.000Z,2616.67,2618.04,2616.04,2617.41,5
2024-12-24T12:00:00.000Z,2617.41,2618.96,2616.99,2618.54,5
2024-12-24T13:00:00.000Z,2618.54,2619.88,2618.12,2619.46,5
2024-12-24T14:00:00.000Z,2619.46,2620.8,2619.04,2620.38,5
2024-12-24T15:00:00.000Z,2620.38,2621.51,2619.96,2621.09,5
2024-12-24T16:00:00.000Z,2621.09,2621.3,2620.51,2620.72,5
2024-12-24T17:00:00.000Z,2620.72,2620.93,2620.25,2620.46,5
2024-12-24T18:00:00.000Z,2620.46,2620.67,2619.98,2620.19,5
2024-12-24T19:00:00.000Z,2620.19,2620.4,2619.82,2620.03,5
2024-12-24T20:00:00.000Z,2620.03,2620.14,2619.86,2619.97,5
2024-12-24T21:00:00.000Z,2619.97,2620.08,2619.85,2619.96,5
2024-12-24T22:00:00.000Z,2619.96,2620.07,2619.84,2619.95,5
2024-12-24T23:00:00.000Z,2619.95,2620.11,2619.84,2620,5
2024-12-26T00:00:00.000Z,2628.5,2629.1,2628.28,2628.88,5
2024-12-26T01:00:00.000Z,2628.88,2629.37,2628.66,2629.15,5
2024-12-26T02:00:00.000Z,2629.15,2629.65,2628.93,2629.43,5
2024-12-26T03:00:00.000Z,2629.43,2629.81,2629.21,2629.59,5
2024-12-26T04:00:00.000Z,2629.59,2629.81,2629.04,2629.26,5
2024-12-26T05:00:00.000Z,2629.26,2629.48,2628.82,2629.04,5
2024-12-26T06:00:00.000Z,2629.04,2629.26,2628.61,2628.83,5
2024-12-26T07:00:00.000Z,2628.83,2629.05,2628.5,2628.72,5
2024-12-26T08:00:00.000Z,2628.72,2630.79,2628.07,2630.14,6
2024-12-26T09:00:00.000Z,2630.14,2631.88,2629.49,2631.23,6
2024-12-26T10:00:00.000Z,2631.23,2632.97,2630.58,2632.32,6
2024-12-26T11:00:00.000Z,2632.32,2633.73,2631.67,2633.08,6
2024-12-26T12:00:00.000Z,2633.08,2634.98,2632.45,2634.35,7
2024-12-26T13:00:00.000Z,2634.35,2635.93,2633.72,2635.3,7
2024-12-26T14:00:00.000Z,2635.3,2636.88,2634.67,2636.25,7
2024-12-26T15:00:00.000Z,2636.25,2637.52,2635.62,2636.89,7
2024-12-26T16:00:00.000Z,2636.89,2637.11,2636.29,2636.51,5
2024-12-26T17:00:00.000Z,2636.51,2636.73,2636.02,2636.24,5
2024-12-26T18:00:00.000Z,2636.24,2636.46,2635.74,2635.96,5
2024-12-26T19:00:00.000Z,2635.96,2636.18,2635.58,2635.8,5
2024-12-26T20:00:00.000Z,2635.8,2637.16,2635.39,2636.75,5
2024-12-26T21:00:00.000Z,2636.75,2637.91,2636.34,2637.5,5
2024-12-26T22:00:00.000Z,2637.5,2638.66,2637.09,2638.25,5
2024-12-26T23:00:00.000Z,2638.25,2639.21,2637.84,2638.8,5
2024-12-27T00:00:00.000Z,2617.7,2617.73,2617.62,2617.65,16
2024-12-27T01:00:00.000Z,2617.65,2617.68,2617.59,2617.62,16
2024-12-27T02:00:00.000Z,2617.62,2617.65,2617.56,2617.59,16
2024-12-27T03:00:00.000Z,2617.59,2617.62,2617.54,2617.57,16
2024-12-27T04:00:00.000Z,2617.57,2617.63,2617.55,2617.61,19
2024-12-27T05:00:00.000Z,2617.61,2617.65,2617.59,2617.63,19
2024-12-27T06:00:00.000Z,2617.63,2617.67,2617.61,2617.65,19
2024-12-27T07:00:00.000Z,2617.65,2617.69,2617.63,2617.67,19
2024-12-27T08:00:00.000Z,2617.67,2617.75,2617.42,2617.5,45
2024-12-27T09:00:00.000Z,2617.5,2617.58,2617.29,2617.37,45
2024-12-27T10:00:00.000Z,2617.37,2617.45,2617.16,2617.24,45
2024-12-27T11:00:00.000Z,2617.24,2617.32,2617.07,2617.15,45
2024-12-27T12:00:00.000Z,2617.15,2617.23,2616.92,2617,51
2024-12-27T13:00:00.000Z,2617,2617.08,2616.8,2616.88,51
2024-12-27T14:00:00.000Z,2616.88,2616.96,2616.69,2616.77,51
2024-12-27T15:00:00.000Z,2616.77,2616.85,2616.62,2616.7,51
2024-12-27T16:00:00.000Z,2616.7,2616.78,2616.67,2616.75,19
2024-12-27T17:00:00.000Z,2616.75,2616.81,2616.72,2616.78,19
2024-12-27T18:00:00.000Z,2616.78,2616.84,2616.75,2616.81,19
2024-12-27T19:00:00.000Z,2616.81,2616.86,2616.78,2616.83,19
2024-12-27T20:00:00.000Z,2616.83,2617,2616.78,2616.95,10
2024-12-27T21:00:00.000Z,2616.95,2617.09,2616.9,2617.04,10
2024-12-27T22:00:00.000Z,2617.04,2617.18,2616.99,2617.13,10
2024-12-27T23:00:00.000Z,2617.13,2617.25,2617.08,2617.2,10
2024-12-30T00:00:00.000Z,2620.7,2621.3,2619.05,2619.65,20
2024-12-30T01:00:00.000Z,2619.65,2620.25,2618.31,2618.91,20
2024-12-30T02:00:00.000Z,2618.91,2619.51,2617.56,2618.16,20
2024-12-30T03:00:00.000Z,2618.16,2618.76,2617.11,2617.71,20
2024-12-30T04:00:00.000Z,2617.71,2619.91,2616.64,2618.84,24
2024-12-30T05:00:00.000Z,2618.84,2620.51,2617.77,2619.44,24
2024-12-30T06:00:00.000Z,2619.44,2621.11,2618.37,2620.04,24
2024-12-30T07:00:00.000Z,2620.04,2621.17,2618.97,2620.1,24
2024-12-30T08:00:00.000Z,2620.1,2621.89,2614.42,2616.21,56
2024-12-30T09:00:00.000Z,2616.21,2618,2611.43,2613.22,56
2024-12-30T10:00:00.000Z,2613.22,2615.01,2608.44,2610.23,56
2024-12-30T11:00:00.000Z,2610.23,2612.02,2606.35,2608.14,56
2024-12-30T12:00:00.000Z,2608.14,2609.4,2603.63,2604.89,64
2024-12-30T13:00:00.000Z,2604.89,2606.15,2601.02,2602.28,64
2024-12-30T14:00:00.000Z,2602.28,2603.54,2598.4,2599.66,64
2024-12-30T15:00:00.000Z,2599.66,2600.92,2596.42,2597.68,64
2024-12-30T16:00:00.000Z,2597.68,2599.33,2597.08,2598.73,24
2024-12-30T17:00:00.000Z,2598.73,2600.07,2598.13,2599.47,24
2024-12-30T18:00:00.000Z,2599.47,2600.82,2598.87,2600.22,24
2024-12-30T19:00:00.000Z,2600.22,2601.27,2599.62,2600.67,24
2024-12-30T20:00:00.000Z,2600.67,2603.29,2599.83,2602.45,12
2024-12-30T21:00:00.000Z,2602.45,2604.65,2601.61,2603.81,12
2024-12-30T22:00:00.000Z,2603.81,2606,2602.97,2605.16,12
2024-12-30T23:00:00.000Z,2605.16,2606.94,2604.32,2606.1,12
2024-12-31T00:00:00.000Z,2608.4,2609.74,2607.91,2609.25,10
2024-12-31T01:00:00.000Z,2609.25,2610.35,2608.76,2609.86,10
2024-12-31T02:00:00.000Z,2609.86,2610.96,2609.37,2610.47,10
2024-12-31T03:00:00.000Z,2610.47,2611.32,2609.98,2610.83,10
2024-12-31T04:00:00.000Z,2610.83,2611.54,2609.28,2609.99,12
2024-12-31T05:00:00.000Z,2609.99,2610.7,2608.79,2609.5,12
2024-12-31T06:00:00.000Z,2609.5,2610.21,2608.31,2609.02,12
2024-12-31T07:00:00.000Z,2609.02,2609.73,2608.18,2608.89,12
2024-12-31T08:00:00.000Z,2608.89,2613.51,2607.43,2612.05,28
2024-12-31T09:00:00.000Z,2612.05,2615.94,2610.59,2614.48,28
2024-12-31T10:00:00.000Z,2614.48,2618.37,2613.02,2616.91,28
2024-12-31T11:00:00.000Z,2616.91,2620.07,2615.45,2618.61,28
2024-12-31T12:00:00.000Z,2618.61,2622.51,2617.43,2621.33,32
2024-12-31T13:00:00.000Z,2621.33,2624.63,2620.15,2623.45,32
2024-12-31T14:00:00.000Z,2623.45,2626.76,2622.27,2625.58,32
2024-12-31T15:00:00.000Z,2625.58,2628.29,2624.4,2627.11,32
2024-12-31T16:00:00.000Z,2627.11,2627.6,2625.77,2626.26,12
2024-12-31T17:00:00.000Z,2626.26,2626.75,2625.16,2625.65,12
2024-12-31T18:00:00.000Z,2625.65,2626.14,2624.55,2625.04,12
2024-12-31T19:00:00.000Z,2625.04,2625.53,2624.19,2624.68,12
2024-12-31T20:00:00.000Z,2624.68,2626.85,2623.99,2626.16,6
2024-12-31T21:00:00.000Z,2626.16,2627.98,2625.47,2627.29,6
2024-12-31T22:00:00.000Z,2627.29,2629.11,2626.6,2628.42,6
2024-12-31T23:00:00.000Z,2628.42,2629.89,2627.73,2629.2,6
