time,open,high,low,close,volume
2024-01-01T22:00:00.000Z,140.843,140.961,140.839,140.875,0
2024-01-01T23:00:00.000Z,140.883,141.128,140.811,141.11,0
2024-01-02T00:00:00.000Z,141.11,141.378,141.096,141.14,0
2024-01-02T01:00:00.000Z,141.142,141.456,141.141,141.439,0
2024-01-02T02:00:00.000Z,141.435,141.669,141.364,141.562,0
2024-01-02T03:00:00.000Z,141.561,141.665,141.494,141.499,0
2024-01-02T04:00:00.000Z,141.501,141.585,141.459,141.537,0
2024-01-02T05:00:00.000Z,141.533,141.533,141.345,141.35,0
2024-01-02T06:00:00.000Z,141.35,141.55,141.335,141.521,0
2024-01-02T07:00:00.000Z,141.519,141.604,141.387,141.544,0
2024-01-02T08:00:00.000Z,141.543,141.592,141.29,141.555,0
2024-01-02T09:00:00.000Z,141.555,141.672,141.377,141.552,0
2024-01-02T10:00:00.000Z,141.552,141.771,141.504,141.649,0
2024-01-02T11:00:00.000Z,141.65,141.887,141.59,141.825,0
2024-01-02T12:00:00.000Z,141.825,142.216,141.791,142.114,0
2024-01-02T13:00:00.000Z,142.114,142.16,141.885,142.15,0
2024-01-02T14:00:00.000Z,142.15,142.175,141.51,141.546,0
2024-01-02T15:00:00.000Z,141.548,142.015,141.499,141.925,0
2024-01-02T16:00:00.000Z,141.924,141.998,141.711,141.892,0
2024-01-02T17:00:00.000Z,141.891,141.998,141.877,141.971,0
2024-01-02T18:00:00.000Z,141.97,142.001,141.847,141.949,0
2024-01-02T19:00:00.000Z,141.947,142,141.901,141.946,0
2024-01-02T20:00:00.000Z,141.947,141.974,141.803,141.966,0
2024-01-02T21:00:00.000Z,141.966,142.017,141.943,141.978,0
2024-01-02T22:00:00.000Z,141.971,142.056,141.856,142.041,0
2024-01-02T23:00:00.000Z,142.041,142.181,142.041,142.173,0
2024-01-03T00:00:00.000Z,142.174,142.174,141.858,141.954,0
2024-01-03T01:00:00.000Z,141.954,142.135,141.907,142.013,0
2024-01-03T02:00:00.000Z,142.013,142.063,141.984,142.034,0
2024-01-03T03:00:00.000Z,142.037,142.041,141.877,141.889,0
2024-01-03T04:00:00.000Z,141.886,141.943,141.858,141.904,0
2024-01-03T05:00:00.000Z,141.904,142.132,141.904,142.123,0
2024-01-03T06:00:00.000Z,142.12,142.131,142.01,142.088,0
2024-01-03T07:00:00.000Z,142.087,142.468,142.035,142.418,0
2024-01-03T08:00:00.000Z,142.417,142.645,142.396,142.572,0
2024-01-03T09:00:00.000Z,142.573,142.71,142.499,142.637,0
2024-01-03T10:00:00.000Z,142.638,142.794,142.599,142.649,0
2024-01-03T11:00:00.000Z,142.648,142.98,142.591,142.932,0
2024-01-03T12:00:00.000Z,142.931,142.989,142.789,142.932,0
2024-01-03T13:00:00.000Z,142.934,143.083,142.816,143.017,0
2024-01-03T14:00:00.000Z,143.017,143.41,142.961,143.204,0
2024-01-03T15:00:00.000Z,143.222,143.727,142.809,143.599,0
2024-01-03T16:00:00.000Z,143.599,143.599,143.338,143.556,0
2024-01-03T17:00:00.000Z,143.555,143.727,143.495,143.609,0
2024-01-03T18:00:00.000Z,143.607,143.671,143.465,143.564,0
2024-01-03T19:00:00.000Z,143.564,143.731,143.136,143.235,0
2024-01-03T20:00:00.000Z,143.237,143.276,143.116,143.237,0
2024-01-03T21:00:00.000Z,143.238,143.307,143.229,143.281,0
2024-01-03T22:00:00.000Z,143.277,143.277,143.102,143.136,0
2024-01-03T23:00:00.000Z,143.14,143.145,142.948,142.995,0
2024-01-04T00:00:00.000Z,142.995,143.32,142.853,143.266,0
2024-01-04T01:00:00.000Z,143.268,143.448,143.118,143.428,0
2024-01-04T02:00:00.000Z,143.427,143.486,143.348,143.471,0
2024-01-04T03:00:00.000Z,143.47,143.471,143.225,143.343,0
2024-01-04T04:00:00.000Z,143.343,143.603,143.33,143.565,0
2024-01-04T05:00:00.000Z,143.568,143.893,143.565,143.775,0
2024-01-04T06:00:00.000Z,143.777,143.807,143.514,143.526,0
2024-01-04T07:00:00.000Z,143.527,143.583,143.179,143.373,0
2024-01-04T08:00:00.000Z,143.373,143.644,143.36,143.588,0
2024-01-04T09:00:00.000Z,143.588,143.891,143.562,143.864,0
2024-01-04T10:00:00.000Z,143.865,144.267,143.865,144.25,0
2024-01-04T11:00:00.000Z,144.252,144.293,144.131,144.255,0
2024-01-04T12:00:00.000Z,144.254,144.263,144.062,144.217,0
2024-01-04T13:00:00.000Z,144.216,144.551,144.117,144.535,0
2024-01-04T14:00:00.000Z,144.534,144.85,144.518,144.783,0
2024-01-04T15:00:00.000Z,144.783,144.8,144.47,144.661,0
2024-01-04T16:00:00.000Z,144.66,144.66,144.459,144.59,0
2024-01-04T17:00:00.000Z,144.589,144.648,144.511,144.596,0
2024-01-04T18:00:00.000Z,144.597,144.71,144.548,144.6,0
2024-01-04T19:00:00.000Z,144.6,144.641,144.513,144.578,0
2024-01-04T20:00:00.000Z,144.577,144.61,144.513,144.588,0
2024-01-04T21:00:00.000Z,144.589,144.667,144.574,144.622,0
2024-01-04T22:00:00.000Z,144.621,144.63,144.533,144.578,0
2024-01-04T23:00:00.000Z,144.579,144.775,144.575,144.772,0
2024-01-05T00:00:00.000Z,144.772,144.9,144.659,144.798,0
2024-01-05T01:00:00.000Z,144.799,144.842,144.669,144.74,0
2024-01-05T02:00:00.000Z,144.742,144.84,144.676,144.815,0
2024-01-05T03:00:00.000Z,144.815,144.953,144.771,144.924,0
2024-01-05T04:00:00.000Z,144.923,144.947,144.8,144.847,0
2024-01-05T05:00:00.000Z,144.846,144.873,144.658,144.729,0
2024-01-05T06:00:00.000Z,144.727,145.367,144.695,145.238,0
2024-01-05T07:00:00.000Z,145.24,145.253,144.965,145.075,0
2024-01-05T08:00:00.000Z,145.074,145.103,144.852,145.075,0
2024-01-05T09:00:00.000Z,145.08,145.202,145.002,145.184,0
2024-01-05T10:00:00.000Z,145.185,145.374,145.176,145.21,0
2024-01-05T11:00:00.000Z,145.214,145.352,145.165,145.266,0
2024-01-05T12:00:00.000Z,145.269,145.297,145.069,145.092,0
2024-01-05T13:00:00.000Z,145.092,145.976,145.052,145.465,0
2024-01-05T14:00:00.000Z,145.465,145.484,144.928,145.086,0
2024-01-05T15:00:00.000Z,145.085,145.085,143.806,144.127,0
2024-01-05T16:00:00.000Z,144.127,144.542,144.065,144.529,0
2024-01-05T17:00:00.000Z,144.523,144.829,144.521,144.745,0
2024-01-05T18:00:00.000Z,144.746,144.894,144.611,144.633,0
2024-01-05T19:00:00.000Z,144.631,144.7,144.495,144.66,0
2024-01-05T20:00:00.000Z,144.659,144.766,144.624,144.747,0
2024-01-05T21:00:00.000Z,144.747,144.789,144.549,144.603,0
2024-01-07T22:00:00.000Z,144.453,144.608,144.382,144.54,0
2024-01-07T23:00:00.000Z,144.54,144.917,144.528,144.721,0
2024-01-08T00:00:00.000Z,144.721,144.797,144.586,144.594,0
2024-01-08T01:00:00.000Z,144.595,144.664,144.318,144.373,0
2024-01-08T02:00:00.000Z,144.374,144.562,144.374,144.524,0
2024-01-08T03:00:00.000Z,144.521,144.553,144.312,144.488,0
2024-01-08T04:00:00.000Z,144.488,144.538,144.393,144.462,0
2024-01-08T05:00:00.000Z,144.467,144.478,144.361,144.365,0
2024-01-08T06:00:00.000Z,144.363,144.368,144.169,144.18,0
2024-01-08T07:00:00.000Z,144.18,144.468,144.089,144.415,0
2024-01-08T08:00:00.000Z,144.415,144.611,144.377,144.521,0
2024-01-08T09:00:00.000Z,144.519,144.573,144.185,144.233,0
2024-01-08T10:00:00.000Z,144.232,144.495,144.199,144.399,0
2024-01-08T11:00:00.000Z,144.398,144.586,144.323,144.578,0
2024-01-08T12:00:00.000Z,144.578,144.683,144.431,144.475,0
2024-01-08T13:00:00.000Z,144.472,144.573,144.264,144.453,0
2024-01-08T14:00:00.000Z,144.453,144.468,144.077,144.095,0
2024-01-08T15:00:00.000Z,144.098,144.165,143.852,143.935,0
2024-01-08T16:00:00.000Z,143.933,143.956,143.661,143.897,0
2024-01-08T17:00:00.000Z,143.897,143.986,143.805,143.963,0
2024-01-08T18:00:00.000Z,143.966,144.182,143.955,144.142,0
2024-01-08T19:00:00.000Z,144.141,144.172,144.07,144.103,0
2024-01-08T20:00:00.000Z,144.104,144.269,144.071,144.157,0
2024-01-08T21:00:00.000Z,144.159,144.238,144.113,144.223,0
2024-01-08T22:00:00.000Z,144.223,144.241,144.184,144.222,0
2024-01-08T23:00:00.000Z,144.229,144.28,144.101,144.224,0
2024-01-09T00:00:00.000Z,144.223,144.258,143.852,143.928,0
2024-01-09T01:00:00.000Z,143.928,143.974,143.451,143.481,0
2024-01-09T02:00:00.000Z,143.48,143.703,143.419,143.68,0
2024-01-09T03:00:00.000Z,143.679,143.689,143.498,143.625,0
2024-01-09T04:00:00.000Z,143.625,143.688,143.569,143.585,0
2024-01-09T05:00:00.000Z,143.587,143.882,143.581,143.789,0
2024-01-09T06:00:00.000Z,143.787,144.103,143.787,144.067,0
2024-01-09T07:00:00.000Z,144.068,144.152,143.86,144.063,0
2024-01-09T08:00:00.000Z,144.064,144.314,143.956,144.03,0
2024-01-09T09:00:00.000Z,144.03,144.041,143.742,143.945,0
2024-01-09T10:00:00.000Z,143.946,144.089,143.843,144.061,0
2024-01-09T11:00:00.000Z,144.062,144.17,143.979,144.072,0
2024-01-09T12:00:00.000Z,144.072,144.14,143.952,143.999,0
2024-01-09T13:00:00.000Z,143.998,144.19,143.746,143.768,0
2024-01-09T14:00:00.000Z,143.768,143.917,143.651,143.909,0
2024-01-09T15:00:00.000Z,143.909,144.362,143.758,144.309,0
2024-01-09T16:00:00.000Z,144.31,144.441,144.265,144.352,0
2024-01-09T17:00:00.000Z,144.352,144.484,144.321,144.404,0
2024-01-09T18:00:00.000Z,144.405,144.623,144.239,144.553,0
2024-01-09T19:00:00.000Z,144.553,144.591,144.456,144.546,0
2024-01-09T20:00:00.000Z,144.546,144.546,144.346,144.519,0
2024-01-09T21:00:00.000Z,144.519,144.527,144.457,144.464,0
2024-01-09T22:00:00.000Z,144.453,144.464,144.394,144.404,0
2024-01-09T23:00:00.000Z,144.404,144.453,144.314,144.431,0
2024-01-10T00:00:00.000Z,144.431,144.712,144.416,144.532,0
2024-01-10T01:00:00.000Z,144.53,144.822,144.527,144.739,0
2024-01-10T02:00:00.000Z,144.738,144.901,144.702,144.848,0
2024-01-10T03:00:00.000Z,144.847,144.934,144.751,144.846,0
2024-01-10T04:00:00.000Z,144.848,144.856,144.756,144.805,0
2024-01-10T05:00:00.000Z,144.807,144.865,144.667,144.774,0
2024-01-10T06:00:00.000Z,144.78,145.131,144.731,145.065,0
2024-01-10T07:00:00.000Z,145.065,145.15,144.838,144.938,0
2024-01-10T08:00:00.000Z,144.938,145.052,144.848,144.985,0
2024-01-10T09:00:00.000Z,144.986,145.034,144.827,144.916,0
2024-01-10T10:00:00.000Z,144.916,144.952,144.761,144.934,0
2024-01-10T11:00:00.000Z,144.934,145.127,144.924,144.993,0
2024-01-10T12:00:00.000Z,144.994,145.287,144.981,145.274,0
2024-01-10T13:00:00.000Z,145.274,145.332,145.146,145.294,0
2024-01-10T14:00:00.000Z,145.294,145.523,145.233,145.444,0
2024-01-10T15:00:00.000Z,145.444,145.674,145.422,145.613,0
2024-01-10T16:00:00.000Z,145.613,145.824,145.512,145.686,0
2024-01-10T17:00:00.000Z,145.686,145.74,145.565,145.613,0
2024-01-10T18:00:00.000Z,145.613,145.699,145.561,145.632,0
2024-01-10T19:00:00.000Z,145.629,145.714,145.605,145.688,0
2024-01-10T20:00:00.000Z,145.688,145.828,145.607,145.801,0
2024-01-10T21:00:00.000Z,145.802,145.827,145.71,145.745,0
2024-01-10T22:00:00.000Z,145.742,145.742,145.578,145.636,0
2024-01-10T23:00:00.000Z,145.635,145.809,145.597,145.723,0
2024-01-11T00:00:00.000Z,145.724,145.778,145.423,145.481,0
2024-01-11T01:00:00.000Z,145.481,145.547,145.324,145.364,0
2024-01-11T02:00:00.000Z,145.364,145.587,145.335,145.54,0
2024-01-11T03:00:00.000Z,145.542,145.553,145.303,145.31,0
2024-01-11T04:00:00.000Z,145.308,145.411,145.277,145.387,0
2024-01-11T05:00:00.000Z,145.389,145.51,145.281,145.489,0
2024-01-11T06:00:00.000Z,145.488,145.544,145.397,145.422,0
2024-01-11T07:00:00.000Z,145.425,145.462,145.335,145.406,0
2024-01-11T08:00:00.000Z,145.405,145.491,145.328,145.475,0
2024-01-11T09:00:00.000Z,145.477,145.574,145.451,145.543,0
2024-01-11T10:00:00.000Z,145.545,145.592,145.402,145.413,0
2024-01-11T11:00:00.000Z,145.415,145.555,145.348,145.394,0
2024-01-11T12:00:00.000Z,145.393,145.443,145.314,145.386,0
2024-01-11T13:00:00.000Z,145.386,146.263,144.968,146.246,0
2024-01-11T14:00:00.000Z,146.244,146.414,145.728,145.903,0
2024-01-11T15:00:00.000Z,145.902,146.231,145.643,145.952,0
2024-01-11T16:00:00.000Z,145.954,146.187,145.839,146.03,0
2024-01-11T17:00:00.000Z,146.029,146.035,145.863,145.953,0
2024-01-11T18:00:00.000Z,145.954,146.018,145.777,145.8,0
2024-01-11T19:00:00.000Z,145.8,145.806,145.44,145.483,0
2024-01-11T20:00:00.000Z,145.483,145.544,145.376,145.401,0
2024-01-11T21:00:00.000Z,145.404,145.476,145.26,145.273,0
2024-01-11T22:00:00.000Z,145.266,145.352,145.249,145.343,0
2024-01-11T23:00:00.000Z,145.342,145.346,144.938,145.1,0
2024-01-12T00:00:00.000Z,145.1,145.384,145.08,145.252,0
2024-01-12T01:00:00.000Z,145.253,145.405,144.963,145.112,0
2024-01-12T02:00:00.000Z,145.113,145.257,145.043,145.124,0
2024-01-12T03:00:00.000Z,145.123,145.124,144.843,144.914,0
2024-01-12T04:00:00.000Z,144.916,145.066,144.896,145,0
2024-01-12T05:00:00.000Z,144.999,145.251,144.984,145.251,0
2024-01-12T06:00:00.000Z,145.25,145.266,145.057,145.128,0
2024-01-12T07:00:00.000Z,145.127,145.286,145.091,145.148,0
2024-01-12T08:00:00.000Z,145.149,145.166,144.869,145.004,0
2024-01-12T09:00:00.000Z,145.006,145.152,144.965,145.134,0
2024-01-12T10:00:00.000Z,145.132,145.245,145.086,145.147,0
2024-01-12T11:00:00.000Z,145.147,145.28,145.077,145.234,0
2024-01-12T12:00:00.000Z,145.234,145.381,145.148,145.366,0
2024-01-12T13:00:00.000Z,145.367,145.566,144.751,144.787,0
2024-01-12T14:00:00.000Z,144.788,144.911,144.374,144.539,0
2024-01-12T15:00:00.000Z,144.539,144.804,144.354,144.708,0
2024-01-12T16:00:00.000Z,144.708,144.875,144.565,144.853,0
2024-01-12T17:00:00.000Z,144.854,145.007,144.849,144.955,0
2024-01-12T18:00:00.000Z,144.955,145.018,144.844,144.872,0
2024-01-12T19:00:00.000Z,144.873,144.886,144.795,144.87,0
2024-01-12T20:00:00.000Z,144.869,144.943,144.822,144.895,0
2024-01-12T21:00:00.000Z,144.894,144.936,144.84,144.904,0
2024-01-14T22:00:00.000Z,144.78,144.958,144.78,144.957,0
2024-01-14T23:00:00.000Z,144.958,145.171,144.931,145.148,0
2024-01-15T00:00:00.000Z,145.149,145.232,144.986,145.056,0
2024-01-15T01:00:00.000Z,145.058,145.167,145.011,145.071,0
2024-01-15T02:00:00.000Z,145.07,145.082,144.933,144.965,0
2024-01-15T03:00:00.000Z,144.966,145.172,144.952,145.132,0
2024-01-15T04:00:00.000Z,145.132,145.231,145.117,145.167,0
2024-01-15T05:00:00.000Z,145.168,145.289,145.097,145.271,0
2024-01-15T06:00:00.000Z,145.27,145.292,145.192,145.262,0
2024-01-15T07:00:00.000Z,145.263,145.552,145.263,145.445,0
2024-01-15T08:00:00.000Z,145.445,145.457,145.315,145.438,0
2024-01-15T09:00:00.000Z,145.436,145.762,145.427,145.663,0
2024-01-15T10:00:00.000Z,145.662,145.823,145.647,145.672,0
2024-01-15T11:00:00.000Z,145.671,145.694,145.543,145.669,0
2024-01-15T12:00:00.000Z,145.67,145.912,145.665,145.841,0
2024-01-15T13:00:00.000Z,145.844,145.905,145.735,145.782,0
2024-01-15T14:00:00.000Z,145.78,145.941,145.747,145.873,0
2024-01-15T15:00:00.000Z,145.873,145.909,145.675,145.791,0
2024-01-15T16:00:00.000Z,145.79,145.857,145.735,145.758,0
2024-01-15T17:00:00.000Z,145.757,145.806,145.678,145.778,0
2024-01-15T18:00:00.000Z,145.782,145.8,145.754,145.771,0
2024-01-15T19:00:00.000Z,145.773,145.802,145.767,145.79,0
2024-01-15T20:00:00.000Z,145.789,145.807,145.783,145.794,0
2024-01-15T21:00:00.000Z,145.793,145.796,145.716,145.716,0
2024-01-15T22:00:00.000Z,145.715,145.753,145.654,145.738,0
2024-01-15T23:00:00.000Z,145.735,145.868,145.718,145.79,0
2024-01-16T00:00:00.000Z,145.79,145.866,145.583,145.844,0
2024-01-16T01:00:00.000Z,145.846,146.108,145.796,145.899,0
2024-01-16T02:00:00.000Z,145.899,146.194,145.893,146.05,0
2024-01-16T03:00:00.000Z,146.05,146.169,145.933,146.096,0
2024-01-16T04:00:00.000Z,146.096,146.229,146.088,146.111,0
2024-01-16T05:00:00.000Z,146.112,146.271,146.068,146.164,0
2024-01-16T06:00:00.000Z,146.163,146.225,146.039,146.088,0
2024-01-16T07:00:00.000Z,146.087,146.247,145.993,146.157,0
2024-01-16T08:00:00.000Z,146.158,146.486,146.002,146.43,0
2024-01-16T09:00:00.000Z,146.431,146.632,146.4,146.534,0
2024-01-16T10:00:00.000Z,146.535,146.748,146.518,146.66,0
2024-01-16T11:00:00.000Z,146.659,146.716,146.584,146.603,0
2024-01-16T12:00:00.000Z,146.603,146.789,146.59,146.683,0
2024-01-16T13:00:00.000Z,146.682,146.782,146.281,146.626,0
2024-01-16T14:00:00.000Z,146.623,146.774,146.394,146.754,0
2024-01-16T15:00:00.000Z,146.754,146.795,146.603,146.704,0
2024-01-16T16:00:00.000Z,146.703,147.19,146.694,147.008,0
2024-01-16T17:00:00.000Z,147.009,147.271,146.991,147.25,0
2024-01-16T18:00:00.000Z,147.254,147.31,147.135,147.271,0
2024-01-16T19:00:00.000Z,147.271,147.292,147.217,147.25,0
2024-01-16T20:00:00.000Z,147.25,147.274,147.201,147.266,0
2024-01-16T21:00:00.000Z,147.263,147.268,147.166,147.172,0
2024-01-16T22:00:00.000Z,147.173,147.189,147.048,147.104,0
2024-01-16T23:00:00.000Z,147.109,147.289,147.101,147.242,0
2024-01-17T00:00:00.000Z,147.242,147.483,147.231,147.332,0
2024-01-17T01:00:00.000Z,147.33,147.395,147.148,147.19,0
2024-01-17T02:00:00.000Z,147.191,147.279,147.097,147.256,0
2024-01-17T03:00:00.000Z,147.255,147.411,147.235,147.33,0
2024-01-17T04:00:00.000Z,147.33,147.379,147.281,147.349,0
2024-01-17T05:00:00.000Z,147.353,147.668,147.349,147.579,0
2024-01-17T06:00:00.000Z,147.578,147.887,147.567,147.702,0
2024-01-17T07:00:00.000Z,147.704,147.966,147.686,147.869,0
2024-01-17T08:00:00.000Z,147.87,147.885,147.696,147.877,0
2024-01-17T09:00:00.000Z,147.878,147.925,147.642,147.723,0
2024-01-17T10:00:00.000Z,147.724,147.783,147.565,147.753,0
2024-01-17T11:00:00.000Z,147.751,147.818,147.658,147.661,0
2024-01-17T12:00:00.000Z,147.662,147.75,147.585,147.733,0
2024-01-17T13:00:00.000Z,147.734,147.981,147.671,147.935,0
2024-01-17T14:00:00.000Z,147.937,148.368,147.882,148.343,0
2024-01-17T15:00:00.000Z,148.34,148.524,148.12,148.447,0
2024-01-17T16:00:00.000Z,148.448,148.518,148.282,148.388,0
2024-01-17T17:00:00.000Z,148.389,148.398,148.169,148.225,0
2024-01-17T18:00:00.000Z,148.223,148.39,148.217,148.322,0
2024-01-17T19:00:00.000Z,148.323,148.326,148.164,148.268,0
2024-01-17T20:00:00.000Z,148.268,148.289,148.172,148.192,0
2024-01-17T21:00:00.000Z,148.193,148.21,148.123,148.142,0
2024-01-17T22:00:00.000Z,148.142,148.177,148.044,148.107,0
2024-01-17T23:00:00.000Z,148.117,148.16,148.08,148.134,0
2024-01-18T00:00:00.000Z,148.134,148.249,147.994,148.004,0
2024-01-18T01:00:00.000Z,148.002,148.091,147.868,148.044,0
2024-01-18T02:00:00.000Z,148.037,148.092,147.905,148.048,0
2024-01-18T03:00:00.000Z,148.048,148.158,148.002,148.019,0
2024-01-18T04:00:00.000Z,148.019,148.023,147.886,147.929,0
2024-01-18T05:00:00.000Z,147.931,148.065,147.862,147.873,0
2024-01-18T06:00:00.000Z,147.873,147.923,147.686,147.746,0
2024-01-18T07:00:00.000Z,147.744,147.884,147.711,147.785,0
2024-01-18T08:00:00.000Z,147.786,147.959,147.713,147.896,0
2024-01-18T09:00:00.000Z,147.897,147.943,147.654,147.848,0
2024-01-18T10:00:00.000Z,147.846,147.927,147.799,147.853,0
2024-01-18T11:00:00.000Z,147.854,147.961,147.802,147.82,0
2024-01-18T12:00:00.000Z,147.82,147.936,147.752,147.899,0
2024-01-18T13:00:00.000Z,147.898,148.299,147.892,148.229,0
2024-01-18T14:00:00.000Z,148.231,148.24,147.853,148.002,0
2024-01-18T15:00:00.000Z,148.002,148.201,147.948,148.175,0
2024-01-18T16:00:00.000Z,148.175,148.235,148.002,148.156,0
2024-01-18T17:00:00.000Z,148.156,148.261,148.156,148.221,0
2024-01-18T18:00:00.000Z,148.22,148.252,148.07,148.145,0
2024-01-18T19:00:00.000Z,148.149,148.228,148.102,148.227,0
2024-01-18T20:00:00.000Z,148.226,148.275,148.174,148.178,0
2024-01-18T21:00:00.000Z,148.184,148.197,148.081,148.146,0
2024-01-18T22:00:00.000Z,148.144,148.16,148.063,148.123,0
2024-01-18T23:00:00.000Z,148.124,148.186,148.034,148.122,0
2024-01-19T00:00:00.000Z,148.122,148.142,147.938,148.028,0
2024-01-19T01:00:00.000Z,148.027,148.392,148.005,148.351,0
2024-01-19T02:00:00.000Z,148.355,148.473,148.144,148.254,0
2024-01-19T03:00:00.000Z,148.254,148.294,148.188,148.222,0
2024-01-19T04:00:00.000Z,148.222,148.368,148.217,148.357,0
2024-01-19T05:00:00.000Z,148.359,148.672,148.352,148.648,0
2024-01-19T06:00:00.000Z,148.647,148.802,148.563,148.584,0
2024-01-19T07:00:00.000Z,148.585,148.609,148.192,148.269,0
2024-01-19T08:00:00.000Z,148.269,148.353,148.049,148.077,0
2024-01-19T09:00:00.000Z,148.076,148.137,147.923,147.979,0
2024-01-19T10:00:00.000Z,147.98,148.02,147.838,147.947,0
2024-01-19T11:00:00.000Z,147.947,148.12,147.925,147.977,0
2024-01-19T12:00:00.000Z,147.976,148.185,147.959,148.157,0
2024-01-19T13:00:00.000Z,148.156,148.211,147.96,148.134,0
2024-01-19T14:00:00.000Z,148.135,148.449,148.074,148.296,0
2024-01-19T15:00:00.000Z,148.288,148.532,148.091,148.1,0
2024-01-19T16:00:00.000Z,148.099,148.246,148.05,148.209,0
2024-01-19T17:00:00.000Z,148.208,148.228,148.022,148.12,0
2024-01-19T18:00:00.000Z,148.12,148.309,148.119,148.245,0
2024-01-19T19:00:00.000Z,148.244,148.259,148.137,148.189,0
2024-01-19T20:00:00.000Z,148.189,148.2,148.126,148.151,0
2024-01-19T21:00:00.000Z,148.151,148.175,148.04,148.04,0
2024-01-21T22:00:00.000Z,148.207,148.249,148.001,148.2,0
2024-01-21T23:00:00.000Z,148.202,148.259,148.081,148.123,0
2024-01-22T00:00:00.000Z,148.124,148.23,148.008,148.087,0
2024-01-22T01:00:00.000Z,148.087,148.104,147.776,147.858,0
2024-01-22T02:00:00.000Z,147.86,147.97,147.73,147.747,0
2024-01-22T03:00:00.000Z,147.748,147.951,147.74,147.916,0
2024-01-22T04:00:00.000Z,147.917,147.938,147.832,147.839,0
2024-01-22T05:00:00.000Z,147.838,148.122,147.83,148.053,0
2024-01-22T06:00:00.000Z,148.052,148.114,147.977,148.083,0
2024-01-22T07:00:00.000Z,148.082,148.131,147.915,148.036,0
2024-01-22T08:00:00.000Z,148.035,148.302,147.999,148.241,0
2024-01-22T09:00:00.000Z,148.242,148.274,148.053,148.11,0
2024-01-22T10:00:00.000Z,148.112,148.143,147.977,148.017,0
2024-01-22T11:00:00.000Z,148.018,148.026,147.855,147.884,0
2024-01-22T12:00:00.000Z,147.887,147.912,147.707,147.786,0
2024-01-22T13:00:00.000Z,147.786,147.893,147.615,147.685,0
2024-01-22T14:00:00.000Z,147.686,147.954,147.685,147.846,0
2024-01-22T15:00:00.000Z,147.845,147.932,147.729,147.845,0
2024-01-22T16:00:00.000Z,147.845,148.014,147.844,147.955,0
2024-01-22T17:00:00.000Z,147.953,148.037,147.904,147.983,0
2024-01-22T18:00:00.000Z,147.983,148.144,147.982,148.089,0
2024-01-22T19:00:00.000Z,148.09,148.134,148.003,148.031,0
2024-01-22T20:00:00.000Z,148.03,148.123,148.015,148.044,0
2024-01-22T21:00:00.000Z,148.044,148.147,148.033,148.083,0
2024-01-22T22:00:00.000Z,148.082,148.108,147.917,147.968,0
2024-01-22T23:00:00.000Z,147.977,148.149,147.967,148.145,0
2024-01-23T00:00:00.000Z,148.144,148.222,148.056,148.117,0
2024-01-23T01:00:00.000Z,148.114,148.163,148.066,148.1,0
2024-01-23T02:00:00.000Z,148.1,148.271,148.075,148.224,0
2024-01-23T03:00:00.000Z,148.221,148.548,147.851,147.891,0
2024-01-23T04:00:00.000Z,147.892,148.206,147.857,147.944,0
2024-01-23T05:00:00.000Z,147.944,148.069,147.859,147.922,0
2024-01-23T06:00:00.000Z,147.921,148.171,146.975,147.124,0
2024-01-23T07:00:00.000Z,147.125,147.776,147.034,147.582,0
2024-01-23T08:00:00.000Z,147.583,147.666,147.252,147.347,0
2024-01-23T09:00:00.000Z,147.348,147.733,147.336,147.71,0
2024-01-23T10:00:00.000Z,147.711,147.925,147.711,147.839,0
2024-01-23T11:00:00.000Z,147.838,148.155,147.759,148.025,0
2024-01-23T12:00:00.000Z,148.027,148.14,147.874,147.985,0
2024-01-23T13:00:00.000Z,147.988,148.07,147.878,148.051,0
2024-01-23T14:00:00.000Z,148.053,148.372,148.049,148.333,0
2024-01-23T15:00:00.000Z,148.333,148.541,148.222,148.48,0
2024-01-23T16:00:00.000Z,148.483,148.593,148.358,148.551,0
2024-01-23T17:00:00.000Z,148.552,148.694,148.509,148.595,0
2024-01-23T18:00:00.000Z,148.595,148.619,148.445,148.521,0
2024-01-23T19:00:00.000Z,148.521,148.565,148.295,148.378,0
2024-01-23T20:00:00.000Z,148.376,148.411,148.331,148.354,0
2024-01-23T21:00:00.000Z,148.354,148.395,148.293,148.293,0
2024-01-23T22:00:00.000Z,148.303,148.378,148.274,148.374,0
2024-01-23T23:00:00.000Z,148.377,148.391,148.209,148.248,0
2024-01-24T00:00:00.000Z,148.235,148.26,148.044,148.109,0
2024-01-24T01:00:00.000Z,148.112,148.178,147.974,148.017,0
2024-01-24T02:00:00.000Z,148.018,148.253,148.011,148.103,0
2024-01-24T03:00:00.000Z,148.102,148.144,147.75,147.802,0
2024-01-24T04:00:00.000Z,147.802,147.922,147.767,147.88,0
2024-01-24T05:00:00.000Z,147.881,148.012,147.812,147.873,0
2024-01-24T06:00:00.000Z,147.873,147.956,147.823,147.865,0
2024-01-24T07:00:00.000Z,147.864,147.91,147.7,147.793,0
2024-01-24T08:00:00.000Z,147.793,147.793,147.449,147.563,0
2024-01-24T09:00:00.000Z,147.565,147.624,147.376,147.53,0
2024-01-24T10:00:00.000Z,147.53,147.624,147.465,147.484,0
2024-01-24T11:00:00.000Z,147.48,147.594,147.44,147.515,0
2024-01-24T12:00:00.000Z,147.514,147.519,147.205,147.296,0
2024-01-24T13:00:00.000Z,147.294,147.302,146.719,146.762,0
2024-01-24T14:00:00.000Z,146.767,147.278,146.648,147.072,0
2024-01-24T15:00:00.000Z,147.073,147.217,146.755,146.942,0
2024-01-24T16:00:00.000Z,146.942,147.432,146.883,147.308,0
2024-01-24T17:00:00.000Z,147.309,147.323,147.121,147.188,0
2024-01-24T18:00:00.000Z,147.19,147.492,147.157,147.477,0
2024-01-24T19:00:00.000Z,147.478,147.594,147.454,147.562,0
2024-01-24T20:00:00.000Z,147.561,147.624,147.509,147.609,0
2024-01-24T21:00:00.000Z,147.612,147.638,147.479,147.494,0
2024-01-24T22:00:00.000Z,147.493,147.496,147.385,147.434,0
2024-01-24T23:00:00.000Z,147.443,147.622,147.431,147.586,0
2024-01-25T00:00:00.000Z,147.585,147.763,147.543,147.727,0
2024-01-25T01:00:00.000Z,147.726,147.851,147.612,147.664,0
2024-01-25T02:00:00.000Z,147.662,147.766,147.595,147.709,0
2024-01-25T03:00:00.000Z,147.71,147.718,147.564,147.651,0
2024-01-25T04:00:00.000Z,147.649,147.78,147.584,147.771,0
2024-01-25T05:00:00.000Z,147.77,147.857,147.709,147.798,0
2024-01-25T06:00:00.000Z,147.798,147.879,147.671,147.722,0
2024-01-25T07:00:00.000Z,147.723,147.749,147.534,147.669,0
2024-01-25T08:00:00.000Z,147.67,147.842,147.647,147.655,0
2024-01-25T09:00:00.000Z,147.653,147.692,147.577,147.639,0
2024-01-25T10:00:00.000Z,147.64,147.657,147.515,147.594,0
2024-01-25T11:00:00.000Z,147.593,147.66,147.475,147.514,0
2024-01-25T12:00:00.000Z,147.512,147.762,147.497,147.743,0
2024-01-25T13:00:00.000Z,147.746,147.936,147.286,147.374,0
2024-01-25T14:00:00.000Z,147.373,147.424,147.081,147.311,0
2024-01-25T15:00:00.000Z,147.313,147.624,147.223,147.579,0
2024-01-25T16:00:00.000Z,147.578,147.763,147.506,147.7,0
2024-01-25T17:00:00.000Z,147.7,147.899,147.633,147.828,0
2024-01-25T18:00:00.000Z,147.827,147.875,147.693,147.839,0
2024-01-25T19:00:00.000Z,147.842,147.875,147.771,147.838,0
2024-01-25T20:00:00.000Z,147.837,147.847,147.695,147.722,0
2024-01-25T21:00:00.000Z,147.72,147.744,147.65,147.653,0
2024-01-25T22:00:00.000Z,147.648,147.67,147.521,147.635,0
2024-01-25T23:00:00.000Z,147.635,147.741,147.498,147.721,0
2024-01-26T00:00:00.000Z,147.721,147.849,147.533,147.567,0
2024-01-26T01:00:00.000Z,147.567,147.672,147.478,147.547,0
2024-01-26T02:00:00.000Z,147.545,147.647,147.507,147.643,0
2024-01-26T03:00:00.000Z,147.641,147.712,147.547,147.663,0
2024-01-26T04:00:00.000Z,147.664,147.802,147.647,147.79,0
2024-01-26T05:00:00.000Z,147.791,147.822,147.691,147.73,0
2024-01-26T06:00:00.000Z,147.731,147.864,147.729,147.758,0
2024-01-26T07:00:00.000Z,147.759,147.882,147.732,147.771,0
2024-01-26T08:00:00.000Z,147.77,147.857,147.732,147.805,0
2024-01-26T09:00:00.000Z,147.805,148.088,147.79,147.833,0
2024-01-26T10:00:00.000Z,147.832,147.832,147.632,147.656,0
2024-01-26T11:00:00.000Z,147.655,147.764,147.596,147.715,0
2024-01-26T12:00:00.000Z,147.716,147.827,147.642,147.766,0
2024-01-26T13:00:00.000Z,147.77,147.913,147.393,147.648,0
2024-01-26T14:00:00.000Z,147.651,147.946,147.635,147.872,0
2024-01-26T15:00:00.000Z,147.876,148.165,147.876,148.077,0
2024-01-26T16:00:00.000Z,148.076,148.109,147.897,147.944,0
2024-01-26T17:00:00.000Z,147.947,148.029,147.883,147.99,0
2024-01-26T18:00:00.000Z,147.99,148.209,147.962,148.14,0
2024-01-26T19:00:00.000Z,148.135,148.165,148.051,148.098,0
2024-01-26T20:00:00.000Z,148.098,148.109,148.047,148.076,0
2024-01-26T21:00:00.000Z,148.076,148.159,148.052,148.149,0
2024-01-28T22:00:00.000Z,148.087,148.116,148.052,148.072,0
2024-01-28T23:00:00.000Z,148.072,148.185,148.023,148.18,0
2024-01-29T00:00:00.000Z,148.178,148.333,148.162,148.209,0
2024-01-29T01:00:00.000Z,148.209,148.209,148.025,148.13,0
2024-01-29T02:00:00.000Z,148.129,148.249,148.118,148.12,0
2024-01-29T03:00:00.000Z,148.119,148.184,148.09,148.136,0
2024-01-29T04:00:00.000Z,148.135,148.136,147.992,148.064,0
2024-01-29T05:00:00.000Z,148.064,148.1,148.016,148.03,0
2024-01-29T06:00:00.000Z,148.029,148.069,147.878,147.89,0
2024-01-29T07:00:00.000Z,147.892,147.903,147.751,147.801,0
2024-01-29T08:00:00.000Z,147.8,147.906,147.716,147.878,0
2024-01-29T09:00:00.000Z,147.879,147.907,147.708,147.741,0
2024-01-29T10:00:00.000Z,147.741,147.857,147.731,147.824,0
2024-01-29T11:00:00.000Z,147.827,147.925,147.781,147.875,0
2024-01-29T12:00:00.000Z,147.874,147.989,147.836,147.967,0
2024-01-29T13:00:00.000Z,147.968,148.091,147.882,147.971,0
2024-01-29T14:00:00.000Z,147.974,148.05,147.893,147.929,0
2024-01-29T15:00:00.000Z,147.929,147.994,147.62,147.664,0
2024-01-29T16:00:00.000Z,147.664,147.736,147.591,147.65,0
2024-01-29T17:00:00.000Z,147.65,147.7,147.582,147.656,0
2024-01-29T18:00:00.000Z,147.657,147.711,147.584,147.67,0
2024-01-29T19:00:00.000Z,147.67,147.69,147.584,147.646,0
2024-01-29T20:00:00.000Z,147.647,147.647,147.25,147.451,0
2024-01-29T21:00:00.000Z,147.452,147.536,147.449,147.488,0
2024-01-29T22:00:00.000Z,147.487,147.526,147.403,147.499,0
2024-01-29T23:00:00.000Z,147.503,147.505,147.372,147.485,0
2024-01-30T00:00:00.000Z,147.486,147.486,147.19,147.296,0
2024-01-30T01:00:00.000Z,147.298,147.43,147.247,147.313,0
2024-01-30T02:00:00.000Z,147.317,147.443,147.299,147.438,0
2024-01-30T03:00:00.000Z,147.438,147.483,147.369,147.393,0
2024-01-30T04:00:00.000Z,147.392,147.401,147.306,147.361,0
2024-01-30T05:00:00.000Z,147.362,147.399,147.298,147.384,0
2024-01-30T06:00:00.000Z,147.385,147.406,147.275,147.395,0
2024-01-30T07:00:00.000Z,147.398,147.405,147.158,147.223,0
2024-01-30T08:00:00.000Z,147.224,147.55,147.224,147.427,0
2024-01-30T09:00:00.000Z,147.427,147.503,147.298,147.388,0
2024-01-30T10:00:00.000Z,147.387,147.393,147.207,147.261,0
2024-01-30T11:00:00.000Z,147.264,147.392,147.244,147.381,0
2024-01-30T12:00:00.000Z,147.381,147.475,147.34,147.442,0
2024-01-30T13:00:00.000Z,147.44,147.576,147.429,147.517,0
2024-01-30T14:00:00.000Z,147.515,147.517,147.096,147.184,0
2024-01-30T15:00:00.000Z,147.202,147.89,147.123,147.846,0
2024-01-30T16:00:00.000Z,147.847,147.926,147.697,147.716,0
2024-01-30T17:00:00.000Z,147.715,147.82,147.66,147.805,0
2024-01-30T18:00:00.000Z,147.807,147.865,147.736,147.763,0
2024-01-30T19:00:00.000Z,147.765,147.766,147.58,147.602,0
2024-01-30T20:00:00.000Z,147.602,147.665,147.596,147.612,0
2024-01-30T21:00:00.000Z,147.611,147.628,147.566,147.593,0
2024-01-30T22:00:00.000Z,147.592,147.618,147.531,147.604,0
2024-01-30T23:00:00.000Z,147.604,147.607,147.332,147.332,0
2024-01-31T00:00:00.000Z,147.333,147.515,147.186,147.502,0
2024-01-31T01:00:00.000Z,147.502,147.602,147.388,147.546,0
2024-01-31T02:00:00.000Z,147.546,147.718,147.546,147.678,0
2024-01-31T03:00:00.000Z,147.679,147.746,147.617,147.728,0
2024-01-31T04:00:00.000Z,147.731,147.816,147.577,147.609,0
2024-01-31T05:00:00.000Z,147.61,147.746,147.58,147.718,0
2024-01-31T06:00:00.000Z,147.717,147.882,147.71,147.879,0
2024-01-31T07:00:00.000Z,147.884,147.898,147.605,147.655,0
2024-01-31T08:00:00.000Z,147.656,147.657,147.414,147.452,0
2024-01-31T09:00:00.000Z,147.453,147.807,147.403,147.768,0
2024-01-31T10:00:00.000Z,147.768,147.846,147.707,147.826,0
2024-01-31T11:00:00.000Z,147.824,147.882,147.736,147.843,0
2024-01-31T12:00:00.000Z,147.842,147.882,147.728,147.795,0
2024-01-31T13:00:00.000Z,147.797,147.87,147.457,147.499,0
2024-01-31T14:00:00.000Z,147.5,147.565,146.468,146.639,0
2024-01-31T15:00:00.000Z,146.638,146.773,146.135,146.178,0
2024-01-31T16:00:00.000Z,146.179,146.409,146.067,146.262,0
2024-01-31T17:00:00.000Z,146.262,146.423,146.245,146.354,0
2024-01-31T18:00:00.000Z,146.356,146.509,146.35,146.399,0
2024-01-31T19:00:00.000Z,146.398,146.872,146.007,146.375,0
2024-01-31T20:00:00.000Z,146.382,147.444,146.302,147.156,0
2024-01-31T21:00:00.000Z,147.156,147.217,146.846,146.848,0
2024-01-31T22:00:00.000Z,146.858,146.936,146.855,146.864,0
2024-01-31T23:00:00.000Z,146.864,147.044,146.761,147.006,0
2024-02-01T00:00:00.000Z,147.005,147.08,146.61,146.754,0
2024-02-01T01:00:00.000Z,146.754,146.936,146.641,146.774,0
2024-02-01T02:00:00.000Z,146.776,146.781,146.473,146.574,0
2024-02-01T03:00:00.000Z,146.578,146.731,146.545,146.704,0
2024-02-01T04:00:00.000Z,146.704,146.817,146.617,146.791,0
2024-02-01T05:00:00.000Z,146.791,146.885,146.75,146.862,0
2024-02-01T06:00:00.000Z,146.861,146.943,146.812,146.885,0
2024-02-01T07:00:00.000Z,146.885,147.049,146.715,146.802,0
2024-02-01T08:00:00.000Z,146.804,146.859,146.586,146.611,0
2024-02-01T09:00:00.000Z,146.61,146.91,146.591,146.792,0
2024-02-01T10:00:00.000Z,146.793,146.894,146.725,146.84,0
2024-02-01T11:00:00.000Z,146.84,146.874,146.73,146.842,0
2024-02-01T12:00:00.000Z,146.841,147.114,146.84,146.964,0
2024-02-01T13:00:00.000Z,146.964,147.052,146.458,146.658,0
2024-02-01T14:00:00.000Z,146.661,146.667,146.328,146.378,0
2024-02-01T15:00:00.000Z,146.377,146.815,146.247,146.312,0
2024-02-01T16:00:00.000Z,146.311,146.312,145.896,146.185,0
2024-02-01T17:00:00.000Z,146.184,146.412,146.142,146.356,0
2024-02-01T18:00:00.000Z,146.356,146.481,146.272,146.367,0
2024-02-01T19:00:00.000Z,146.367,146.369,146.192,146.27,0
2024-02-01T20:00:00.000Z,146.269,146.348,146.258,146.325,0
2024-02-01T21:00:00.000Z,146.325,146.448,146.324,146.407,0
2024-02-01T22:00:00.000Z,146.407,146.48,146.254,146.457,0
2024-02-01T23:00:00.000Z,146.459,146.511,146.363,146.459,0
2024-02-02T00:00:00.000Z,146.46,146.494,146.275,146.385,0
2024-02-02T01:00:00.000Z,146.386,146.458,146.24,146.356,0
2024-02-02T02:00:00.000Z,146.355,146.458,146.305,146.337,0
2024-02-02T03:00:00.000Z,146.339,146.409,146.323,146.377,0
2024-02-02T04:00:00.000Z,146.379,146.477,146.318,146.419,0
2024-02-02T05:00:00.000Z,146.419,146.515,146.385,146.43,0
2024-02-02T06:00:00.000Z,146.428,146.526,146.354,146.48,0
2024-02-02T07:00:00.000Z,146.481,146.636,146.475,146.622,0
2024-02-02T08:00:00.000Z,146.625,146.749,146.546,146.735,0
2024-02-02T09:00:00.000Z,146.735,146.798,146.671,146.694,0
2024-02-02T10:00:00.000Z,146.694,146.726,146.604,146.61,0
2024-02-02T11:00:00.000Z,146.61,146.612,146.459,146.531,0
2024-02-02T12:00:00.000Z,146.53,146.625,146.508,146.579,0
2024-02-02T13:00:00.000Z,146.582,147.987,146.555,147.964,0
2024-02-02T14:00:00.000Z,147.967,148.053,147.682,147.862,0
2024-02-02T15:00:00.000Z,147.886,148.342,147.827,148.277,0
2024-02-02T16:00:00.000Z,148.278,148.583,148.194,148.54,0
2024-02-02T17:00:00.000Z,148.539,148.57,148.409,148.525,0
2024-02-02T18:00:00.000Z,148.525,148.566,148.24,148.306,0
2024-02-02T19:00:00.000Z,148.308,148.354,148.23,148.327,0
2024-02-02T20:00:00.000Z,148.328,148.351,148.245,148.308,0
2024-02-02T21:00:00.000Z,148.307,148.404,148.273,148.308,0
2024-02-04T22:00:00.000Z,148.381,148.48,148.33,148.455,0
2024-02-04T23:00:00.000Z,148.471,148.673,148.438,148.512,0
2024-02-05T00:00:00.000Z,148.512,148.82,148.388,148.692,0
2024-02-05T01:00:00.000Z,148.692,148.693,148.367,148.374,0
2024-02-05T02:00:00.000Z,148.374,148.544,148.351,148.52,0
2024-02-05T03:00:00.000Z,148.52,148.553,148.356,148.4,0
2024-02-05T04:00:00.000Z,148.399,148.442,148.314,148.433,0
2024-02-05T05:00:00.000Z,148.432,148.502,148.33,148.333,0
2024-02-05T06:00:00.000Z,148.333,148.404,148.266,148.321,0
2024-02-05T07:00:00.000Z,148.321,148.487,148.269,148.477,0
2024-02-05T08:00:00.000Z,148.478,148.605,148.405,148.495,0
2024-02-05T09:00:00.000Z,148.496,148.553,148.365,148.501,0
2024-02-05T10:00:00.000Z,148.501,148.56,148.418,148.431,0
2024-02-05T11:00:00.000Z,148.43,148.456,148.307,148.435,0
2024-02-05T12:00:00.000Z,148.434,148.627,148.429,148.626,0
2024-02-05T13:00:00.000Z,148.628,148.678,148.469,148.567,0
2024-02-05T14:00:00.000Z,148.561,148.561,148.394,148.401,0
2024-02-05T15:00:00.000Z,148.409,148.875,148.399,148.874,0
2024-02-05T16:00:00.000Z,148.874,148.892,148.717,148.798,0
2024-02-05T17:00:00.000Z,148.798,148.806,148.574,148.621,0
2024-02-05T18:00:00.000Z,148.62,148.621,148.503,148.534,0
2024-02-05T19:00:00.000Z,148.533,148.707,148.507,148.698,0
2024-02-05T20:00:00.000Z,148.699,148.765,148.632,148.642,0
2024-02-05T21:00:00.000Z,148.642,148.714,148.642,148.667,0
2024-02-05T22:00:00.000Z,148.667,148.745,148.629,148.671,0
2024-02-05T23:00:00.000Z,148.671,148.679,148.597,148.664,0
2024-02-06T00:00:00.000Z,148.663,148.664,148.54,148.591,0
2024-02-06T01:00:00.000Z,148.591,148.601,148.464,148.519,0
2024-02-06T02:00:00.000Z,148.52,148.588,148.505,148.576,0
2024-02-06T03:00:00.000Z,148.576,148.671,148.536,148.629,0
2024-02-06T04:00:00.000Z,148.628,148.63,148.429,148.466,0
2024-02-06T05:00:00.000Z,148.468,148.507,148.379,148.436,0
2024-02-06T06:00:00.000Z,148.436,148.472,148.358,148.443,0
2024-02-06T07:00:00.000Z,148.443,148.557,148.39,148.513,0
2024-02-06T08:00:00.000Z,148.514,148.666,148.491,148.652,0
2024-02-06T09:00:00.000Z,148.651,148.703,148.537,148.682,0
2024-02-06T10:00:00.000Z,148.681,148.768,148.634,148.768,0
2024-02-06T11:00:00.000Z,148.769,148.787,148.649,148.679,0
2024-02-06T12:00:00.000Z,148.679,148.784,148.586,148.591,0
2024-02-06T13:00:00.000Z,148.592,148.649,148.457,148.618,0
2024-02-06T14:00:00.000Z,148.619,148.624,148.394,148.412,0
2024-02-06T15:00:00.000Z,148.412,148.506,147.997,148.093,0
2024-02-06T16:00:00.000Z,148.095,148.187,147.972,148.025,0
2024-02-06T17:00:00.000Z,148.026,148.085,147.846,147.918,0
2024-02-06T18:00:00.000Z,147.917,148.036,147.815,147.866,0
2024-02-06T19:00:00.000Z,147.866,147.998,147.844,147.962,0
2024-02-06T20:00:00.000Z,147.964,147.964,147.827,147.847,0
2024-02-06T21:00:00.000Z,147.847,147.952,147.844,147.934,0
2024-02-06T22:00:00.000Z,147.934,147.941,147.864,147.876,0
2024-02-06T23:00:00.000Z,147.88,147.891,147.74,147.818,0
2024-02-07T00:00:00.000Z,147.82,147.944,147.818,147.85,0
2024-02-07T01:00:00.000Z,147.85,147.862,147.709,147.802,0
2024-02-07T02:00:00.000Z,147.804,147.988,147.804,147.903,0
2024-02-07T03:00:00.000Z,147.903,147.912,147.819,147.898,0
2024-02-07T04:00:00.000Z,147.899,147.973,147.874,147.971,0
2024-02-07T05:00:00.000Z,147.972,147.996,147.911,147.949,0
2024-02-07T06:00:00.000Z,147.949,148.06,147.909,148.026,0
2024-02-07T07:00:00.000Z,148.028,148.028,147.749,147.821,0
2024-02-07T08:00:00.000Z,147.819,148.093,147.81,148.069,0
2024-02-07T09:00:00.000Z,148.07,148.076,147.889,147.917,0
2024-02-07T10:00:00.000Z,147.918,148.155,147.902,148.124,0
2024-02-07T11:00:00.000Z,148.124,148.134,147.956,148.084,0
2024-02-07T12:00:00.000Z,148.082,148.256,148.082,148.207,0
2024-02-07T13:00:00.000Z,148.206,148.257,148.075,148.18,0
2024-02-07T14:00:00.000Z,148.183,148.226,147.618,147.783,0
2024-02-07T15:00:00.000Z,147.783,148.147,147.766,147.942,0
2024-02-07T16:00:00.000Z,147.942,148.069,147.873,148.037,0
2024-02-07T17:00:00.000Z,148.038,148.165,148.03,148.135,0
2024-02-07T18:00:00.000Z,148.135,148.188,147.987,148.136,0
2024-02-07T19:00:00.000Z,148.134,148.188,148.103,148.132,0
2024-02-07T20:00:00.000Z,148.134,148.195,148.103,148.173,0
2024-02-07T21:00:00.000Z,148.173,148.194,148.145,148.171,0
2024-02-07T22:00:00.000Z,148.171,148.171,148.026,148.05,0
2024-02-07T23:00:00.000Z,148.049,148.093,147.994,148.085,0
2024-02-08T00:00:00.000Z,148.086,148.094,147.943,148.054,0
2024-02-08T01:00:00.000Z,148.054,148.363,147.93,148.29,0
2024-02-08T02:00:00.000Z,148.29,148.402,148.261,148.353,0
2024-02-08T03:00:00.000Z,148.352,148.361,148.284,148.351,0
2024-02-08T04:00:00.000Z,148.352,148.495,148.328,148.483,0
2024-02-08T05:00:00.000Z,148.484,148.661,148.461,148.582,0
2024-02-08T06:00:00.000Z,148.581,148.737,148.575,148.724,0
2024-02-08T07:00:00.000Z,148.727,148.807,148.679,148.732,0
2024-02-08T08:00:00.000Z,148.732,148.848,148.687,148.756,0
2024-02-08T09:00:00.000Z,148.755,148.777,148.647,148.756,0
2024-02-08T10:00:00.000Z,148.754,149.144,148.738,149.1,0
2024-02-08T11:00:00.000Z,149.1,149.25,148.995,149.159,0
2024-02-08T12:00:00.000Z,149.161,149.375,149.114,149.253,0
2024-02-08T13:00:00.000Z,149.253,149.464,149.085,149.388,0
2024-02-08T14:00:00.000Z,149.388,149.416,149.19,149.26,0
2024-02-08T15:00:00.000Z,149.258,149.477,149.225,149.431,0
2024-02-08T16:00:00.000Z,149.431,149.454,149.24,149.244,0
2024-02-08T17:00:00.000Z,149.244,149.375,149.24,149.372,0
2024-02-08T18:00:00.000Z,149.373,149.376,149.122,149.337,0
2024-02-08T19:00:00.000Z,149.338,149.407,149.294,149.387,0
2024-02-08T20:00:00.000Z,149.386,149.394,149.3,149.301,0
2024-02-08T21:00:00.000Z,149.301,149.34,149.267,149.307,0
2024-02-08T22:00:00.000Z,149.298,149.312,149.252,149.272,0
2024-02-08T23:00:00.000Z,149.276,149.309,149.251,149.261,0
2024-02-09T00:00:00.000Z,149.262,149.412,149.234,149.383,0
2024-02-09T01:00:00.000Z,149.384,149.385,149.242,149.281,0
2024-02-09T02:00:00.000Z,149.284,149.331,149.248,149.3,0
2024-02-09T03:00:00.000Z,149.301,149.488,149.297,149.435,0
2024-02-09T04:00:00.000Z,149.433,149.464,149.365,149.416,0
2024-02-09T05:00:00.000Z,149.417,149.431,149.338,149.397,0
2024-02-09T06:00:00.000Z,149.4,149.428,149.33,149.332,0
2024-02-09T07:00:00.000Z,149.331,149.416,149.213,149.396,0
2024-02-09T08:00:00.000Z,149.397,149.575,149.366,149.41,0
2024-02-09T09:00:00.000Z,149.41,149.444,149.259,149.42,0
2024-02-09T10:00:00.000Z,149.422,149.443,149.316,149.374,0
2024-02-09T11:00:00.000Z,149.37,149.461,149.346,149.397,0
2024-02-09T12:00:00.000Z,149.401,149.535,149.392,149.478,0
2024-02-09T13:00:00.000Z,149.478,149.527,149.005,149.386,0
2024-02-09T14:00:00.000Z,149.388,149.445,149.17,149.348,0
2024-02-09T15:00:00.000Z,149.349,149.412,149.221,149.322,0
2024-02-09T16:00:00.000Z,149.323,149.415,149.273,149.382,0
2024-02-09T17:00:00.000Z,149.383,149.398,149.338,149.348,0
2024-02-09T18:00:00.000Z,149.347,149.369,149.302,149.359,0
2024-02-09T19:00:00.000Z,149.36,149.371,149.307,149.353,0
2024-02-09T20:00:00.000Z,149.353,149.364,149.263,149.279,0
2024-02-09T21:00:00.000Z,149.28,149.29,149.244,149.256,0
2024-02-11T22:00:00.000Z,149.213,149.314,149.208,149.256,0
2024-02-11T23:00:00.000Z,149.255,149.283,149.078,149.179,0
2024-02-12T00:00:00.000Z,149.179,149.196,149.107,149.135,0
2024-02-12T01:00:00.000Z,149.134,149.211,149.126,149.18,0
2024-02-12T02:00:00.000Z,149.181,149.187,149.125,149.177,0
2024-02-12T03:00:00.000Z,149.18,149.25,149.141,149.248,0
2024-02-12T04:00:00.000Z,149.249,149.251,149.204,149.222,0
2024-02-12T05:00:00.000Z,149.223,149.23,149.172,149.208,0
2024-02-12T06:00:00.000Z,149.208,149.23,149.17,149.204,0
2024-02-12T07:00:00.000Z,149.203,149.22,149.044,149.094,0
2024-02-12T08:00:00.000Z,149.095,149.153,148.987,149.144,0
2024-02-12T09:00:00.000Z,149.145,149.194,149.08,149.127,0
2024-02-12T10:00:00.000Z,149.127,149.158,149.036,149.05,0
2024-02-12T11:00:00.000Z,149.05,149.09,148.995,149.022,0
2024-02-12T12:00:00.000Z,149.022,149.053,148.926,148.976,0
2024-02-12T13:00:00.000Z,148.976,149.212,148.926,149.203,0
2024-02-12T14:00:00.000Z,149.203,149.341,149.156,149.313,0
2024-02-12T15:00:00.000Z,149.316,149.476,149.29,149.459,0
2024-02-12T16:00:00.000Z,149.46,149.478,149.346,149.374,0
2024-02-12T17:00:00.000Z,149.375,149.383,149.25,149.254,0
2024-02-12T18:00:00.000Z,149.256,149.347,149.241,149.267,0
2024-02-12T19:00:00.000Z,149.268,149.436,149.238,149.411,0
2024-02-12T20:00:00.000Z,149.412,149.412,149.309,149.333,0
2024-02-12T21:00:00.000Z,149.333,149.361,149.302,149.332,0
2024-02-12T22:00:00.000Z,149.332,149.344,149.291,149.317,0
2024-02-12T23:00:00.000Z,149.317,149.412,149.263,149.404,0
2024-02-13T00:00:00.000Z,149.404,149.425,149.297,149.305,0
2024-02-13T01:00:00.000Z,149.305,149.39,149.28,149.365,0
2024-02-13T02:00:00.000Z,149.365,149.484,149.357,149.464,0
2024-02-13T03:00:00.000Z,149.464,149.529,149.451,149.529,0
2024-02-13T04:00:00.000Z,149.53,149.577,149.496,149.552,0
2024-02-13T05:00:00.000Z,149.553,149.563,149.494,149.55,0
2024-02-13T06:00:00.000Z,149.55,149.557,149.445,149.471,0
2024-02-13T07:00:00.000Z,149.471,149.651,149.459,149.588,0
2024-02-13T08:00:00.000Z,149.588,149.692,149.551,149.613,0
2024-02-13T09:00:00.000Z,149.613,149.683,149.552,149.575,0
2024-02-13T10:00:00.000Z,149.575,149.575,149.478,149.522,0
2024-02-13T11:00:00.000Z,149.521,149.528,149.374,149.374,0
2024-02-13T12:00:00.000Z,149.376,149.407,149.319,149.342,0
2024-02-13T13:00:00.000Z,149.343,150.485,149.224,150.433,0
2024-02-13T14:00:00.000Z,150.433,150.583,150.301,150.546,0
2024-02-13T15:00:00.000Z,150.542,150.607,150.387,150.592,0
2024-02-13T16:00:00.000Z,150.594,150.757,150.512,150.721,0
2024-02-13T17:00:00.000Z,150.721,150.805,150.696,150.78,0
2024-02-13T18:00:00.000Z,150.78,150.806,150.719,150.778,0
2024-02-13T19:00:00.000Z,150.779,150.883,150.776,150.869,0
2024-02-13T20:00:00.000Z,150.87,150.875,150.72,150.781,0
2024-02-13T21:00:00.000Z,150.781,150.821,150.767,150.779,0
2024-02-13T22:00:00.000Z,150.764,150.782,150.562,150.628,0
2024-02-13T23:00:00.000Z,150.635,150.759,150.581,150.723,0
2024-02-14T00:00:00.000Z,150.722,150.775,150.593,150.651,0
2024-02-14T01:00:00.000Z,150.65,150.698,150.523,150.54,0
2024-02-14T02:00:00.000Z,150.541,150.643,150.509,150.624,0
2024-02-14T03:00:00.000Z,150.626,150.631,150.496,150.515,0
2024-02-14T04:00:00.000Z,150.517,150.528,150.416,150.441,0
2024-02-14T05:00:00.000Z,150.44,150.534,150.435,150.517,0
2024-02-14T06:00:00.000Z,150.516,150.553,150.449,150.481,0
2024-02-14T07:00:00.000Z,150.485,150.533,150.343,150.451,0
2024-02-14T08:00:00.000Z,150.45,150.567,150.396,150.546,0
2024-02-14T09:00:00.000Z,150.545,150.642,150.517,150.642,0
2024-02-14T10:00:00.000Z,150.641,150.682,150.582,150.588,0
2024-02-14T11:00:00.000Z,150.587,150.655,150.554,150.576,0
2024-02-14T12:00:00.000Z,150.576,150.668,150.559,150.602,0
2024-02-14T13:00:00.000Z,150.602,150.737,150.5,150.713,0
2024-02-14T14:00:00.000Z,150.714,150.728,150.49,150.682,0
2024-02-14T15:00:00.000Z,150.682,150.75,150.569,150.617,0
2024-02-14T16:00:00.000Z,150.617,150.62,150.476,150.498,0
2024-02-14T17:00:00.000Z,150.5,150.594,150.371,150.431,0
2024-02-14T18:00:00.000Z,150.433,150.513,150.35,150.479,0
2024-02-14T19:00:00.000Z,150.479,150.569,150.453,150.559,0
2024-02-14T20:00:00.000Z,150.56,150.585,150.486,150.582,0
2024-02-14T21:00:00.000Z,150.584,150.624,150.534,150.534,0
2024-02-14T22:00:00.000Z,150.535,150.535,150.461,150.482,0
2024-02-14T23:00:00.000Z,150.498,150.566,150.419,150.556,0
2024-02-15T00:00:00.000Z,150.555,150.555,150.264,150.28,0
2024-02-15T01:00:00.000Z,150.279,150.311,150.139,150.198,0
2024-02-15T02:00:00.000Z,150.198,150.281,150.181,150.258,0
2024-02-15T03:00:00.000Z,150.256,150.294,150.221,150.269,0
2024-02-15T04:00:00.000Z,150.269,150.272,150.117,150.143,0
2024-02-15T05:00:00.000Z,150.144,150.192,150.078,150.18,0
2024-02-15T06:00:00.000Z,150.182,150.202,150.075,150.092,0
2024-02-15T07:00:00.000Z,150.091,150.218,150.053,150.202,0
2024-02-15T08:00:00.000Z,150.203,150.217,150.01,150.031,0
2024-02-15T09:00:00.000Z,150.031,150.106,149.921,150.025,0
2024-02-15T10:00:00.000Z,150.025,150.097,149.987,150.045,0
2024-02-15T11:00:00.000Z,150.045,150.076,149.989,150.072,0
2024-02-15T12:00:00.000Z,150.073,150.093,150.009,150.057,0
2024-02-15T13:00:00.000Z,150.058,150.095,149.523,149.825,0
2024-02-15T14:00:00.000Z,149.828,150.065,149.81,149.898,0
2024-02-15T15:00:00.000Z,149.897,150.134,149.808,150.05,0
2024-02-15T16:00:00.000Z,150.052,150.245,150.045,150.195,0
2024-02-15T17:00:00.000Z,150.195,150.196,150.066,150.09,0
2024-02-15T18:00:00.000Z,150.09,150.09,149.907,149.921,0
2024-02-15T19:00:00.000Z,149.924,149.98,149.853,149.954,0
2024-02-15T20:00:00.000Z,149.954,150.006,149.93,149.95,0
2024-02-15T21:00:00.000Z,149.95,149.993,149.904,149.904,0
2024-02-15T22:00:00.000Z,149.904,149.924,149.862,149.885,0
2024-02-15T23:00:00.000Z,149.896,149.966,149.823,149.959,0
2024-02-16T00:00:00.000Z,149.958,150.167,149.923,150.155,0
2024-02-16T01:00:00.000Z,150.155,150.238,150.049,150.058,0
2024-02-16T02:00:00.000Z,150.056,150.283,150.056,150.28,0
2024-02-16T03:00:00.000Z,150.278,150.365,150.227,150.31,0
2024-02-16T04:00:00.000Z,150.311,150.348,150.238,150.251,0
2024-02-16T05:00:00.000Z,150.252,150.292,150.172,150.176,0
2024-02-16T06:00:00.000Z,150.176,150.289,150.173,150.189,0
2024-02-16T07:00:00.000Z,150.189,150.27,150.138,150.233,0
2024-02-16T08:00:00.000Z,150.234,150.301,150.201,150.242,0
2024-02-16T09:00:00.000Z,150.241,150.295,150.199,150.286,0
2024-02-16T10:00:00.000Z,150.286,150.306,150.249,150.255,0
2024-02-16T11:00:00.000Z,150.254,150.265,150.141,150.179,0
2024-02-16T12:00:00.000Z,150.178,150.294,150.163,150.289,0
2024-02-16T13:00:00.000Z,150.289,150.645,150.283,150.518,0
2024-02-16T14:00:00.000Z,150.517,150.636,150.444,150.472,0
2024-02-16T15:00:00.000Z,150.472,150.5,150.111,150.24,0
2024-02-16T16:00:00.000Z,150.24,150.364,150.207,150.343,0
2024-02-16T17:00:00.000Z,150.343,150.394,150.222,150.224,0
2024-02-16T18:00:00.000Z,150.223,150.246,150.113,150.142,0
2024-02-16T19:00:00.000Z,150.142,150.231,150.084,150.231,0
2024-02-16T20:00:00.000Z,150.23,150.286,150.207,150.243,0
2024-02-16T21:00:00.000Z,150.242,150.242,150.163,150.181,0
2024-02-18T22:00:00.000Z,150.078,150.195,150.062,150.105,0
2024-02-18T23:00:00.000Z,150.109,150.148,150.032,150.148,0
2024-02-19T00:00:00.000Z,150.147,150.147,149.919,149.935,0
2024-02-19T01:00:00.000Z,149.938,150.002,149.871,149.973,0
2024-02-19T02:00:00.000Z,149.975,150.004,149.926,149.942,0
2024-02-19T03:00:00.000Z,149.943,149.98,149.91,149.933,0
2024-02-19T04:00:00.000Z,149.934,150.039,149.93,150.025,0
2024-02-19T05:00:00.000Z,150.026,150.026,149.945,150.007,0
2024-02-19T06:00:00.000Z,150.006,150.029,149.956,149.978,0
2024-02-19T07:00:00.000Z,149.979,150.002,149.934,149.975,0
2024-02-19T08:00:00.000Z,149.975,150.003,149.927,149.955,0
2024-02-19T09:00:00.000Z,149.954,149.963,149.89,149.937,0
2024-02-19T10:00:00.000Z,149.938,149.997,149.927,149.987,0
2024-02-19T11:00:00.000Z,149.988,149.998,149.944,149.985,0
2024-02-19T12:00:00.000Z,149.986,150.026,149.948,150.025,0
2024-02-19T13:00:00.000Z,150.026,150.031,149.936,149.965,0
2024-02-19T14:00:00.000Z,149.965,150.067,149.952,150.043,0
2024-02-19T15:00:00.000Z,150.044,150.161,150.044,150.159,0
2024-02-19T16:00:00.000Z,150.161,150.191,150.155,150.17,0
2024-02-19T17:00:00.000Z,150.172,150.19,150.15,150.188,0
2024-02-19T18:00:00.000Z,150.188,150.188,150.15,150.151,0
2024-02-19T19:00:00.000Z,150.151,150.166,150.129,150.135,0
2024-02-19T20:00:00.000Z,150.136,150.15,150.128,150.136,0
2024-02-19T21:00:00.000Z,150.137,150.147,150.092,150.092,0
2024-02-19T22:00:00.000Z,150.077,150.143,150.062,150.116,0
2024-02-19T23:00:00.000Z,150.114,150.301,150.106,150.271,0
2024-02-20T00:00:00.000Z,150.27,150.33,150.204,150.269,0
2024-02-20T01:00:00.000Z,150.27,150.344,150.191,150.271,0
2024-02-20T02:00:00.000Z,150.269,150.366,150.267,150.319,0
2024-02-20T03:00:00.000Z,150.318,150.352,150.277,150.319,0
2024-02-20T04:00:00.000Z,150.318,150.34,150.289,150.332,0
2024-02-20T05:00:00.000Z,150.333,150.435,150.32,150.419,0
2024-02-20T06:00:00.000Z,150.421,150.437,150.348,150.385,0
2024-02-20T07:00:00.000Z,150.386,150.407,150.296,150.359,0
2024-02-20T08:00:00.000Z,150.359,150.387,150.276,150.317,0
2024-02-20T09:00:00.000Z,150.318,150.344,150.251,150.275,0
2024-02-20T10:00:00.000Z,150.274,150.294,150.114,150.138,0
2024-02-20T11:00:00.000Z,150.138,150.25,150.106,150.226,0
2024-02-20T12:00:00.000Z,150.226,150.226,150.057,150.15,0
2024-02-20T13:00:00.000Z,150.151,150.2,149.93,149.983,0
2024-02-20T14:00:00.000Z,149.982,150.038,149.777,149.818,0
2024-02-20T15:00:00.000Z,149.816,149.837,149.683,149.784,0
2024-02-20T16:00:00.000Z,149.784,149.901,149.741,149.877,0
2024-02-20T17:00:00.000Z,149.878,149.961,149.845,149.897,0
2024-02-20T18:00:00.000Z,149.896,150.009,149.882,149.971,0
2024-02-20T19:00:00.000Z,149.971,150.027,149.907,150.02,0
2024-02-20T20:00:00.000Z,150.02,150.069,149.964,149.968,0
2024-02-20T21:00:00.000Z,149.969,150.045,149.965,149.994,0
2024-02-20T22:00:00.000Z,149.994,149.994,149.92,149.928,0
2024-02-20T23:00:00.000Z,149.936,149.972,149.884,149.964,0
2024-02-21T00:00:00.000Z,149.966,150.053,149.927,150.016,0
2024-02-21T01:00:00.000Z,150.016,150.091,149.99,149.991,0
2024-02-21T02:00:00.000Z,149.992,150,149.902,149.941,0
2024-02-21T03:00:00.000Z,149.94,149.94,149.851,149.872,0
2024-02-21T04:00:00.000Z,149.873,150.016,149.865,150.003,0
2024-02-21T05:00:00.000Z,150.003,150.037,149.933,149.982,0
2024-02-21T06:00:00.000Z,149.982,150.077,149.947,150.06,0
2024-02-21T07:00:00.000Z,150.059,150.15,150.025,150.144,0
2024-02-21T08:00:00.000Z,150.146,150.186,150.116,150.174,0
2024-02-21T09:00:00.000Z,150.174,150.18,150.052,150.09,0
2024-02-21T10:00:00.000Z,150.091,150.1,149.979,149.996,0
2024-02-21T11:00:00.000Z,149.996,150.073,149.985,150.067,0
2024-02-21T12:00:00.000Z,150.066,150.093,149.932,150.018,0
2024-02-21T13:00:00.000Z,150.017,150.085,149.937,150.077,0
2024-02-21T14:00:00.000Z,150.078,150.14,149.989,150.103,0
2024-02-21T15:00:00.000Z,150.104,150.262,150.039,150.248,0
2024-02-21T16:00:00.000Z,150.248,150.296,150.227,150.288,0
2024-02-21T17:00:00.000Z,150.287,150.386,150.274,150.304,0
2024-02-21T18:00:00.000Z,150.306,150.389,150.247,150.276,0
2024-02-21T19:00:00.000Z,150.271,150.391,150.128,150.197,0
2024-02-21T20:00:00.000Z,150.197,150.24,150.173,150.195,0
2024-02-21T21:00:00.000Z,150.195,150.297,150.188,150.294,0
2024-02-21T22:00:00.000Z,150.295,150.349,150.248,150.308,0
2024-02-21T23:00:00.000Z,150.311,150.381,150.27,150.339,0
2024-02-22T00:00:00.000Z,150.338,150.436,150.338,150.392,0
2024-02-22T01:00:00.000Z,150.391,150.456,150.296,150.311,0
2024-02-22T02:00:00.000Z,150.31,150.416,150.305,150.406,0
2024-02-22T03:00:00.000Z,150.404,150.438,150.368,150.426,0
2024-02-22T04:00:00.000Z,150.425,150.45,150.23,150.287,0
2024-02-22T05:00:00.000Z,150.288,150.3,150.224,150.282,0
2024-02-22T06:00:00.000Z,150.282,150.295,150.203,150.23,0
2024-02-22T07:00:00.000Z,150.23,150.263,150.082,150.132,0
2024-02-22T08:00:00.000Z,150.133,150.243,150.015,150.166,0
2024-02-22T09:00:00.000Z,150.166,150.288,150.126,150.174,0
2024-02-22T10:00:00.000Z,150.177,150.201,150.117,150.162,0
2024-02-22T11:00:00.000Z,150.159,150.254,150.147,150.218,0
2024-02-22T12:00:00.000Z,150.218,150.412,150.206,150.407,0
2024-02-22T13:00:00.000Z,150.406,150.595,150.371,150.566,0
2024-02-22T14:00:00.000Z,150.565,150.643,150.403,150.424,0
2024-02-22T15:00:00.000Z,150.426,150.595,150.421,150.504,0
2024-02-22T16:00:00.000Z,150.503,150.639,150.476,150.627,0
2024-02-22T17:00:00.000Z,150.625,150.688,150.55,150.606,0
2024-02-22T18:00:00.000Z,150.607,150.651,150.48,150.539,0
2024-02-22T19:00:00.000Z,150.539,150.581,150.497,150.551,0
2024-02-22T20:00:00.000Z,150.551,150.569,150.494,150.501,0
2024-02-22T21:00:00.000Z,150.502,150.562,150.501,150.519,0
2024-02-22T22:00:00.000Z,150.517,150.544,150.463,150.512,0
2024-02-22T23:00:00.000Z,150.512,150.512,150.448,150.473,0
2024-02-23T00:00:00.000Z,150.473,150.559,150.392,150.44,0
2024-02-23T01:00:00.000Z,150.439,150.482,150.37,150.455,0
2024-02-23T02:00:00.000Z,150.455,150.492,150.422,150.49,0
2024-02-23T03:00:00.000Z,150.49,150.507,150.468,150.481,0
2024-02-23T04:00:00.000Z,150.479,150.532,150.456,150.529,0
2024-02-23T05:00:00.000Z,150.53,150.606,150.527,150.604,0
2024-02-23T06:00:00.000Z,150.604,150.65,150.559,150.578,0
2024-02-23T07:00:00.000Z,150.579,150.608,150.524,150.555,0
2024-02-23T08:00:00.000Z,150.556,150.674,150.527,150.626,0
2024-02-23T09:00:00.000Z,150.626,150.76,150.626,150.746,0
2024-02-23T10:00:00.000Z,150.747,150.767,150.697,150.728,0
2024-02-23T11:00:00.000Z,150.729,150.744,150.65,150.653,0
2024-02-23T12:00:00.000Z,150.654,150.654,150.398,150.417,0
2024-02-23T13:00:00.000Z,150.418,150.491,150.331,150.475,0
2024-02-23T14:00:00.000Z,150.477,150.497,150.32,150.355,0
2024-02-23T15:00:00.000Z,150.356,150.555,150.347,150.528,0
2024-02-23T16:00:00.000Z,150.528,150.537,150.292,150.358,0
2024-02-23T17:00:00.000Z,150.358,150.423,150.315,150.409,0
2024-02-23T18:00:00.000Z,150.408,150.417,150.343,150.373,0
2024-02-23T19:00:00.000Z,150.373,150.461,150.351,150.457,0
2024-02-23T20:00:00.000Z,150.456,150.508,150.441,150.495,0
2024-02-23T21:00:00.000Z,150.497,150.544,150.46,150.473,0
2024-02-25T22:00:00.000Z,150.46,150.498,150.336,150.412,0
2024-02-25T23:00:00.000Z,150.418,150.562,150.41,150.5,0
2024-02-26T00:00:00.000Z,150.501,150.501,150.297,150.365,0
2024-02-26T01:00:00.000Z,150.366,150.429,150.292,150.422,0
2024-02-26T02:00:00.000Z,150.422,150.491,150.422,150.49,0
2024-02-26T03:00:00.000Z,150.49,150.495,150.455,150.475,0
2024-02-26T04:00:00.000Z,150.476,150.518,150.437,150.5,0
2024-02-26T05:00:00.000Z,150.5,150.504,150.365,150.433,0
2024-02-26T06:00:00.000Z,150.433,150.489,150.38,150.418,0
2024-02-26T07:00:00.000Z,150.416,150.454,150.363,150.454,0
2024-02-26T08:00:00.000Z,150.452,150.591,150.402,150.584,0
2024-02-26T09:00:00.000Z,150.585,150.67,150.575,150.637,0
2024-02-26T10:00:00.000Z,150.637,150.657,150.592,150.631,0
2024-02-26T11:00:00.000Z,150.63,150.696,150.593,150.686,0
2024-02-26T12:00:00.000Z,150.686,150.688,150.523,150.607,0
2024-02-26T13:00:00.000Z,150.608,150.651,150.529,150.645,0
2024-02-26T14:00:00.000Z,150.645,150.743,150.623,150.707,0
2024-02-26T15:00:00.000Z,150.705,150.807,150.667,150.749,0
2024-02-26T16:00:00.000Z,150.748,150.817,150.735,150.793,0
2024-02-26T17:00:00.000Z,150.792,150.837,150.72,150.769,0
2024-02-26T18:00:00.000Z,150.768,150.815,150.757,150.779,0
2024-02-26T19:00:00.000Z,150.779,150.794,150.729,150.763,0
2024-02-26T20:00:00.000Z,150.763,150.763,150.671,150.679,0
2024-02-26T21:00:00.000Z,150.679,150.722,150.678,150.689,0
2024-02-26T22:00:00.000Z,150.684,150.702,150.622,150.642,0
2024-02-26T23:00:00.000Z,150.654,150.703,150.503,150.572,0
2024-02-27T00:00:00.000Z,150.57,150.609,150.525,150.567,0
2024-02-27T01:00:00.000Z,150.567,150.575,150.489,150.507,0
2024-02-27T02:00:00.000Z,150.507,150.517,150.462,150.497,0
2024-02-27T03:00:00.000Z,150.496,150.5,150.423,150.423,0
2024-02-27T04:00:00.000Z,150.422,150.468,150.407,150.455,0
2024-02-27T05:00:00.000Z,150.454,150.526,150.404,150.517,0
2024-02-27T06:00:00.000Z,150.517,150.537,150.46,150.487,0
2024-02-27T07:00:00.000Z,150.488,150.502,150.322,150.353,0
2024-02-27T08:00:00.000Z,150.354,150.359,150.116,150.171,0
2024-02-27T09:00:00.000Z,150.171,150.266,150.141,150.266,0
2024-02-27T10:00:00.000Z,150.265,150.294,150.226,150.273,0
2024-02-27T11:00:00.000Z,150.272,150.375,150.255,150.312,0
2024-02-27T12:00:00.000Z,150.312,150.313,150.165,150.224,0
2024-02-27T13:00:00.000Z,150.225,150.314,150.073,150.271,0
2024-02-27T14:00:00.000Z,150.272,150.443,150.262,150.373,0
2024-02-27T15:00:00.000Z,150.374,150.547,150.253,150.436,0
2024-02-27T16:00:00.000Z,150.436,150.49,150.371,150.463,0
2024-02-27T17:00:00.000Z,150.465,150.535,150.404,150.422,0
2024-02-27T18:00:00.000Z,150.42,150.478,150.298,150.462,0
2024-02-27T19:00:00.000Z,150.461,150.581,150.455,150.53,0
2024-02-27T20:00:00.000Z,150.53,150.535,150.457,150.496,0
2024-02-27T21:00:00.000Z,150.494,150.532,150.479,150.503,0
2024-02-27T22:00:00.000Z,150.495,150.502,150.462,150.468,0
2024-02-27T23:00:00.000Z,150.473,150.518,150.456,150.513,0
2024-02-28T00:00:00.000Z,150.516,150.537,150.373,150.47,0
2024-02-28T01:00:00.000Z,150.47,150.492,150.38,150.396,0
2024-02-28T02:00:00.000Z,150.397,150.475,150.373,150.459,0
2024-02-28T03:00:00.000Z,150.459,150.539,150.442,150.53,0
2024-02-28T04:00:00.000Z,150.531,150.64,150.514,150.621,0
2024-02-28T05:00:00.000Z,150.622,150.638,150.594,150.599,0
2024-02-28T06:00:00.000Z,150.597,150.684,150.578,150.679,0
2024-02-28T07:00:00.000Z,150.68,150.75,150.651,150.739,0
2024-02-28T08:00:00.000Z,150.74,150.791,150.736,150.787,0
2024-02-28T09:00:00.000Z,150.787,150.797,150.704,150.744,0
2024-02-28T10:00:00.000Z,150.743,150.746,150.645,150.667,0
2024-02-28T11:00:00.000Z,150.666,150.7,150.608,150.631,0
2024-02-28T12:00:00.000Z,150.629,150.741,150.592,150.737,0
2024-02-28T13:00:00.000Z,150.738,150.74,150.525,150.712,0
2024-02-28T14:00:00.000Z,150.712,150.798,150.656,150.796,0
2024-02-28T15:00:00.000Z,150.795,150.842,150.703,150.81,0
2024-02-28T16:00:00.000Z,150.81,150.816,150.676,150.678,0
2024-02-28T17:00:00.000Z,150.679,150.721,150.65,150.698,0
2024-02-28T18:00:00.000Z,150.697,150.74,150.641,150.715,0
2024-02-28T19:00:00.000Z,150.717,150.722,150.653,150.695,0
2024-02-28T20:00:00.000Z,150.695,150.724,150.662,150.685,0
2024-02-28T21:00:00.000Z,150.686,150.709,150.681,150.681,0
2024-02-28T22:00:00.000Z,150.679,150.679,150.569,150.639,0
2024-02-28T23:00:00.000Z,150.641,150.662,150.533,150.658,0
2024-02-29T00:00:00.000Z,150.656,150.656,150.548,150.566,0
2024-02-29T01:00:00.000Z,150.566,150.566,150.189,150.215,0
2024-02-29T02:00:00.000Z,150.213,150.225,149.76,149.786,0
2024-02-29T03:00:00.000Z,149.785,149.867,149.711,149.812,0
2024-02-29T04:00:00.000Z,149.812,149.884,149.694,149.823,0
2024-02-29T05:00:00.000Z,149.822,150.105,149.694,149.906,0
2024-02-29T06:00:00.000Z,149.903,149.934,149.712,149.752,0
2024-02-29T07:00:00.000Z,149.75,149.805,149.622,149.661,0
2024-02-29T08:00:00.000Z,149.669,149.827,149.61,149.667,0
2024-02-29T09:00:00.000Z,149.667,149.906,149.648,149.803,0
2024-02-29T10:00:00.000Z,149.805,150.1,149.786,150.094,0
2024-02-29T11:00:00.000Z,150.095,150.106,149.961,149.971,0
2024-02-29T12:00:00.000Z,149.971,150.097,149.924,150.07,0
2024-02-29T13:00:00.000Z,150.068,150.15,149.73,149.778,0
2024-02-29T14:00:00.000Z,149.778,149.848,149.476,149.512,0
2024-02-29T15:00:00.000Z,149.493,149.699,149.208,149.641,0
2024-02-29T16:00:00.000Z,149.641,149.905,149.634,149.9,0
2024-02-29T17:00:00.000Z,149.9,150.045,149.889,149.992,0
2024-02-29T18:00:00.000Z,149.992,150.016,149.838,149.869,0
2024-02-29T19:00:00.000Z,149.869,149.987,149.843,149.966,0
2024-02-29T20:00:00.000Z,149.966,149.967,149.904,149.911,0
2024-02-29T21:00:00.000Z,149.912,150.004,149.903,149.968,0
2024-02-29T22:00:00.000Z,149.963,150.027,149.909,149.985,0
2024-02-29T23:00:00.000Z,149.985,150.179,149.95,150.068,0
2024-03-01T00:00:00.000Z,150.07,150.292,150.058,150.215,0
2024-03-01T01:00:00.000Z,150.216,150.369,150.216,150.355,0
2024-03-01T02:00:00.000Z,150.355,150.413,150.317,150.352,0
2024-03-01T03:00:00.000Z,150.353,150.364,150.299,150.324,0
2024-03-01T04:00:00.000Z,150.323,150.398,150.323,150.383,0
2024-03-01T05:00:00.000Z,150.383,150.478,150.371,150.445,0
2024-03-01T06:00:00.000Z,150.445,150.461,150.329,150.347,0
2024-03-01T07:00:00.000Z,150.35,150.497,150.346,150.496,0
2024-03-01T08:00:00.000Z,150.498,150.685,150.489,150.648,0
2024-03-01T09:00:00.000Z,150.65,150.661,150.449,150.624,0
2024-03-01T10:00:00.000Z,150.625,150.647,150.306,150.358,0
2024-03-01T11:00:00.000Z,150.358,150.483,150.321,150.388,0
2024-03-01T12:00:00.000Z,150.39,150.568,150.366,150.561,0
2024-03-01T13:00:00.000Z,150.56,150.656,150.486,150.643,0
2024-03-01T14:00:00.000Z,150.643,150.72,150.557,150.669,0
2024-03-01T15:00:00.000Z,150.668,150.668,150.084,150.122,0
2024-03-01T16:00:00.000Z,150.122,150.267,150.073,150.202,0
2024-03-01T17:00:00.000Z,150.202,150.224,150.099,150.151,0
2024-03-01T18:00:00.000Z,150.151,150.243,150.07,150.128,0
2024-03-01T19:00:00.000Z,150.128,150.129,150.05,150.115,0
2024-03-01T20:00:00.000Z,150.114,150.16,150.099,150.149,0
2024-03-01T21:00:00.000Z,150.148,150.155,150.051,150.064,0
2024-03-03T22:00:00.000Z,149.944,150.114,149.944,150.099,0
2024-03-03T23:00:00.000Z,150.104,150.153,150.048,150.13,0
2024-03-04T00:00:00.000Z,150.129,150.144,149.837,149.982,0
2024-03-04T01:00:00.000Z,149.98,150.208,149.974,150.127,0
2024-03-04T02:00:00.000Z,150.126,150.186,150.098,150.175,0
2024-03-04T03:00:00.000Z,150.171,150.193,150.11,150.16,0
2024-03-04T04:00:00.000Z,150.159,150.265,150.139,150.253,0
2024-03-04T05:00:00.000Z,150.253,150.32,150.22,150.302,0
2024-03-04T06:00:00.000Z,150.302,150.386,150.268,150.358,0
2024-03-04T07:00:00.000Z,150.357,150.399,150.296,150.308,0
2024-03-04T08:00:00.000Z,150.307,150.382,150.173,150.374,0
2024-03-04T09:00:00.000Z,150.376,150.396,150.188,150.245,0
2024-03-04T10:00:00.000Z,150.244,150.465,150.244,150.417,0
2024-03-04T11:00:00.000Z,150.416,150.464,150.386,150.423,0
2024-03-04T12:00:00.000Z,150.422,150.444,150.342,150.443,0
2024-03-04T13:00:00.000Z,150.442,150.568,150.434,150.458,0
2024-03-04T14:00:00.000Z,150.458,150.55,150.31,150.332,0
2024-03-04T15:00:00.000Z,150.333,150.501,150.326,150.485,0
2024-03-04T16:00:00.000Z,150.485,150.523,150.431,150.452,0
2024-03-04T17:00:00.000Z,150.449,150.542,150.431,150.522,0
2024-03-04T18:00:00.000Z,150.521,150.557,150.486,150.552,0
2024-03-04T19:00:00.000Z,150.553,150.563,150.494,150.55,0
2024-03-04T20:00:00.000Z,150.551,150.557,150.484,150.518,0
2024-03-04T21:00:00.000Z,150.517,150.537,150.499,150.518,0
2024-03-04T22:00:00.000Z,150.518,150.531,150.418,150.431,0
2024-03-04T23:00:00.000Z,150.441,150.543,150.38,150.453,0
2024-03-05T00:00:00.000Z,150.457,150.486,150.351,150.396,0
2024-03-05T01:00:00.000Z,150.399,150.484,150.384,150.463,0
2024-03-05T02:00:00.000Z,150.463,150.537,150.451,150.495,0
2024-03-05T03:00:00.000Z,150.494,150.509,150.442,150.5,0
2024-03-05T04:00:00.000Z,150.499,150.537,150.481,150.529,0
2024-03-05T05:00:00.000Z,150.528,150.545,150.459,150.497,0
2024-03-05T06:00:00.000Z,150.496,150.543,150.46,150.479,0
2024-03-05T07:00:00.000Z,150.481,150.502,150.347,150.419,0
2024-03-05T08:00:00.000Z,150.419,150.485,150.343,150.447,0
2024-03-05T09:00:00.000Z,150.447,150.462,150.37,150.415,0
2024-03-05T10:00:00.000Z,150.414,150.429,150.387,150.408,0
2024-03-05T11:00:00.000Z,150.408,150.44,150.363,150.417,0
2024-03-05T12:00:00.000Z,150.416,150.439,150.373,150.393,0
2024-03-05T13:00:00.000Z,150.393,150.393,150.062,150.087,0
2024-03-05T14:00:00.000Z,150.087,150.181,149.997,150.122,0
2024-03-05T15:00:00.000Z,150.119,150.119,149.701,149.983,0
2024-03-05T16:00:00.000Z,149.982,150.226,149.964,150.148,0
2024-03-05T17:00:00.000Z,150.147,150.172,150.052,150.092,0
2024-03-05T18:00:00.000Z,150.093,150.113,149.974,149.977,0
2024-03-05T19:00:00.000Z,149.977,150.051,149.924,149.934,0
2024-03-05T20:00:00.000Z,149.933,149.954,149.838,149.917,0
2024-03-05T21:00:00.000Z,149.916,150.079,149.906,150.036,0
2024-03-05T22:00:00.000Z,150.033,150.055,150.001,150.015,0
2024-03-05T23:00:00.000Z,150.016,150.051,149.815,150.049,0
2024-03-06T00:00:00.000Z,150.05,150.084,149.896,149.993,0
2024-03-06T01:00:00.000Z,149.993,150.042,149.957,150.03,0
2024-03-06T02:00:00.000Z,150.031,150.031,149.891,149.903,0
2024-03-06T03:00:00.000Z,149.903,149.995,149.903,149.979,0
2024-03-06T04:00:00.000Z,149.976,150.021,149.933,149.939,0
2024-03-06T05:00:00.000Z,149.938,149.939,149.807,149.913,0
2024-03-06T06:00:00.000Z,149.912,149.936,149.826,149.844,0
2024-03-06T07:00:00.000Z,149.844,149.844,149.324,149.534,0
2024-03-06T08:00:00.000Z,149.535,149.806,149.53,149.751,0
2024-03-06T09:00:00.000Z,149.75,149.865,149.622,149.646,0
2024-03-06T10:00:00.000Z,149.648,149.809,149.564,149.743,0
2024-03-06T11:00:00.000Z,149.743,149.799,149.686,149.711,0
2024-03-06T12:00:00.000Z,149.71,149.741,149.555,149.63,0
2024-03-06T13:00:00.000Z,149.631,149.701,149.334,149.365,0
2024-03-06T14:00:00.000Z,149.366,149.444,149.269,149.378,0
2024-03-06T15:00:00.000Z,149.391,149.644,149.261,149.365,0
2024-03-06T16:00:00.000Z,149.366,149.448,149.13,149.176,0
2024-03-06T17:00:00.000Z,149.177,149.354,149.094,149.326,0
2024-03-06T18:00:00.000Z,149.325,149.33,149.2,149.262,0
2024-03-06T19:00:00.000Z,149.264,149.384,149.255,149.344,0
2024-03-06T20:00:00.000Z,149.344,149.47,149.344,149.351,0
2024-03-06T21:00:00.000Z,149.352,149.446,149.349,149.349,0
2024-03-06T22:00:00.000Z,149.349,149.364,149.264,149.325,0
2024-03-06T23:00:00.000Z,149.327,149.33,149.193,149.261,0
2024-03-07T00:00:00.000Z,149.259,149.259,148.877,148.897,0
2024-03-07T01:00:00.000Z,148.894,148.973,148.557,148.617,0
2024-03-07T02:00:00.000Z,148.615,148.793,148.601,148.754,0
2024-03-07T03:00:00.000Z,148.755,148.771,148.606,148.667,0
2024-03-07T04:00:00.000Z,148.669,148.67,148.401,148.55,0
2024-03-07T05:00:00.000Z,148.551,148.681,148.51,148.637,0
2024-03-07T06:00:00.000Z,148.639,148.679,148.114,148.194,0
2024-03-07T07:00:00.000Z,148.194,148.251,147.935,147.938,0
2024-03-07T08:00:00.000Z,147.938,148.097,147.809,147.928,0
2024-03-07T09:00:00.000Z,147.93,148.109,147.832,147.984,0
2024-03-07T10:00:00.000Z,147.985,147.995,147.866,147.869,0
2024-03-07T11:00:00.000Z,147.867,147.906,147.768,147.838,0
2024-03-07T12:00:00.000Z,147.836,147.879,147.683,147.831,0
2024-03-07T13:00:00.000Z,147.832,147.924,147.582,147.768,0
2024-03-07T14:00:00.000Z,147.767,148.223,147.73,148.121,0
2024-03-07T15:00:00.000Z,148.119,148.297,148.015,148.139,0
2024-03-07T16:00:00.000Z,148.138,148.18,147.89,148.092,0
2024-03-07T17:00:00.000Z,148.091,148.234,148.083,148.104,0
2024-03-07T18:00:00.000Z,148.108,148.127,148.023,148.112,0
2024-03-07T19:00:00.000Z,148.111,148.134,148.002,148.005,0
2024-03-07T20:00:00.000Z,148.005,148.108,147.994,148.077,0
2024-03-07T21:00:00.000Z,148.077,148.078,148.005,148.036,0
2024-03-07T22:00:00.000Z,148.037,148.037,147.857,147.909,0
2024-03-07T23:00:00.000Z,147.909,147.943,147.827,147.864,0
2024-03-08T00:00:00.000Z,147.862,147.892,147.521,147.748,0
2024-03-08T01:00:00.000Z,147.748,148.117,147.652,147.973,0
2024-03-08T02:00:00.000Z,147.975,148.087,147.877,147.965,0
2024-03-08T03:00:00.000Z,147.967,148.053,147.806,147.812,0
2024-03-08T04:00:00.000Z,147.812,147.904,147.775,147.853,0
2024-03-08T05:00:00.000Z,147.852,147.868,147.773,147.802,0
2024-03-08T06:00:00.000Z,147.802,147.987,147.802,147.855,0
2024-03-08T07:00:00.000Z,147.852,148.044,147.797,147.881,0
2024-03-08T08:00:00.000Z,147.882,147.968,147.801,147.815,0
2024-03-08T09:00:00.000Z,147.814,147.825,146.874,147.132,0
2024-03-08T10:00:00.000Z,147.133,147.206,146.953,147.097,0
2024-03-08T11:00:00.000Z,147.095,147.12,146.952,147.099,0
2024-03-08T12:00:00.000Z,147.098,147.237,147.085,147.228,0
2024-03-08T13:00:00.000Z,147.229,147.496,146.481,146.96,0
2024-03-08T14:00:00.000Z,146.961,147.044,146.691,146.89,0
2024-03-08T15:00:00.000Z,146.889,147.234,146.849,147.031,0
2024-03-08T16:00:00.000Z,147.032,147.258,147.028,147.176,0
2024-03-08T17:00:00.000Z,147.176,147.189,147.026,147.027,0
2024-03-08T18:00:00.000Z,147.026,147.144,146.986,147.067,0
2024-03-08T19:00:00.000Z,147.066,147.16,147.042,147.048,0
2024-03-08T20:00:00.000Z,147.048,147.104,147.03,147.058,0
2024-03-08T21:00:00.000Z,147.058,147.111,147.03,147.03,0
2024-03-10T21:00:00.000Z,146.915,147.117,146.897,147.059,0
2024-03-10T22:00:00.000Z,147.059,147.126,146.937,147.044,0
2024-03-10T23:00:00.000Z,147.045,147.046,146.706,146.795,0
2024-03-11T00:00:00.000Z,146.796,146.928,146.671,146.762,0
2024-03-11T01:00:00.000Z,146.762,146.894,146.537,146.876,0
2024-03-11T02:00:00.000Z,146.875,147.087,146.872,147.071,0
2024-03-11T03:00:00.000Z,147.072,147.072,146.918,146.936,0
2024-03-11T04:00:00.000Z,146.935,147.047,146.888,146.903,0
2024-03-11T05:00:00.000Z,146.903,147.081,146.863,146.975,0
2024-03-11T06:00:00.000Z,146.974,147.065,146.871,146.918,0
2024-03-11T07:00:00.000Z,146.917,147.025,146.731,146.747,0
2024-03-11T08:00:00.000Z,146.747,146.855,146.631,146.717,0
2024-03-11T09:00:00.000Z,146.718,146.739,146.483,146.611,0
2024-03-11T10:00:00.000Z,146.613,146.704,146.533,146.666,0
2024-03-11T11:00:00.000Z,146.667,146.741,146.62,146.642,0
2024-03-11T12:00:00.000Z,146.647,146.896,146.619,146.825,0
2024-03-11T13:00:00.000Z,146.825,146.971,146.759,146.963,0
2024-03-11T14:00:00.000Z,146.963,147.144,146.953,146.991,0
2024-03-11T15:00:00.000Z,146.992,147.048,146.827,146.857,0
2024-03-11T16:00:00.000Z,146.857,146.939,146.811,146.871,0
2024-03-11T17:00:00.000Z,146.871,146.932,146.741,146.919,0
2024-03-11T18:00:00.000Z,146.92,147.053,146.916,146.944,0
2024-03-11T19:00:00.000Z,146.943,146.978,146.933,146.965,0
2024-03-11T20:00:00.000Z,146.964,146.978,146.923,146.934,0
2024-03-11T21:00:00.000Z,146.932,146.974,146.853,146.967,0
2024-03-11T22:00:00.000Z,146.969,146.969,146.897,146.948,0
2024-03-11T23:00:00.000Z,146.949,146.952,146.714,146.735,0
2024-03-12T00:00:00.000Z,146.737,146.883,146.619,146.868,0
2024-03-12T01:00:00.000Z,146.871,146.991,146.852,146.936,0
2024-03-12T02:00:00.000Z,146.936,147.425,146.932,147.412,0
2024-03-12T03:00:00.000Z,147.42,147.432,147.321,147.39,0
2024-03-12T04:00:00.000Z,147.389,147.434,147.327,147.382,0
2024-03-12T05:00:00.000Z,147.383,147.594,147.343,147.519,0
2024-03-12T06:00:00.000Z,147.52,147.577,147.209,147.396,0
2024-03-12T07:00:00.000Z,147.394,147.446,147.275,147.334,0
2024-03-12T08:00:00.000Z,147.334,147.483,147.28,147.326,0
2024-03-12T09:00:00.000Z,147.326,147.429,147.31,147.422,0
2024-03-12T10:00:00.000Z,147.423,147.567,147.312,147.328,0
2024-03-12T11:00:00.000Z,147.328,147.46,147.316,147.435,0
2024-03-12T12:00:00.000Z,147.436,148.161,147.065,147.648,0
2024-03-12T13:00:00.000Z,147.649,147.982,147.641,147.806,0
2024-03-12T14:00:00.000Z,147.806,147.964,147.708,147.901,0
2024-03-12T15:00:00.000Z,147.899,147.905,147.684,147.693,0
2024-03-12T16:00:00.000Z,147.693,147.79,147.642,147.7,0
2024-03-12T17:00:00.000Z,147.701,147.791,147.662,147.786,0
2024-03-12T18:00:00.000Z,147.791,147.796,147.641,147.687,0
2024-03-12T19:00:00.000Z,147.688,147.715,147.657,147.677,0
2024-03-12T20:00:00.000Z,147.678,147.692,147.637,147.641,0
2024-03-12T21:00:00.000Z,147.636,147.663,147.601,147.624,0
2024-03-12T22:00:00.000Z,147.622,147.64,147.561,147.576,0
2024-03-12T23:00:00.000Z,147.578,147.65,147.544,147.62,0
2024-03-13T00:00:00.000Z,147.62,147.635,147.365,147.369,0
2024-03-13T01:00:00.000Z,147.368,147.447,147.232,147.42,0
2024-03-13T02:00:00.000Z,147.419,147.536,147.326,147.371,0
2024-03-13T03:00:00.000Z,147.373,147.439,147.283,147.38,0
2024-03-13T04:00:00.000Z,147.378,147.582,147.373,147.571,0
2024-03-13T05:00:00.000Z,147.572,147.645,147.544,147.57,0
2024-03-13T06:00:00.000Z,147.573,147.788,147.497,147.74,0
2024-03-13T07:00:00.000Z,147.742,147.761,147.564,147.678,0
2024-03-13T08:00:00.000Z,147.677,147.887,147.64,147.872,0
2024-03-13T09:00:00.000Z,147.872,148.045,147.705,147.989,0
2024-03-13T10:00:00.000Z,147.988,148.035,147.898,147.914,0
2024-03-13T11:00:00.000Z,147.914,148.027,147.904,147.972,0
2024-03-13T12:00:00.000Z,147.973,148.013,147.889,147.942,0
2024-03-13T13:00:00.000Z,147.941,147.946,147.777,147.889,0
2024-03-13T14:00:00.000Z,147.888,147.968,147.81,147.84,0
2024-03-13T15:00:00.000Z,147.839,147.849,147.684,147.737,0
2024-03-13T16:00:00.000Z,147.738,147.802,147.672,147.707,0
2024-03-13T17:00:00.000Z,147.707,147.721,147.458,147.631,0
2024-03-13T18:00:00.000Z,147.632,147.802,147.606,147.764,0
2024-03-13T19:00:00.000Z,147.766,147.855,147.745,147.842,0
2024-03-13T20:00:00.000Z,147.842,147.85,147.746,147.75,0
2024-03-13T21:00:00.000Z,147.747,147.747,147.615,147.631,0
2024-03-13T22:00:00.000Z,147.631,147.717,147.631,147.704,0
2024-03-13T23:00:00.000Z,147.705,147.705,147.585,147.589,0
2024-03-14T00:00:00.000Z,147.588,147.724,147.54,147.594,0
2024-03-14T01:00:00.000Z,147.593,147.719,147.527,147.673,0
2024-03-14T02:00:00.000Z,147.672,147.926,147.661,147.899,0
2024-03-14T03:00:00.000Z,147.901,147.901,147.789,147.856,0
2024-03-14T04:00:00.000Z,147.857,147.971,147.848,147.912,0
2024-03-14T05:00:00.000Z,147.914,147.968,147.877,147.919,0
2024-03-14T06:00:00.000Z,147.919,147.934,147.856,147.886,0
2024-03-14T07:00:00.000Z,147.887,147.971,147.811,147.867,0
2024-03-14T08:00:00.000Z,147.865,147.916,147.766,147.863,0
2024-03-14T09:00:00.000Z,147.862,147.893,147.772,147.778,0
2024-03-14T10:00:00.000Z,147.779,147.834,147.729,147.748,0
2024-03-14T11:00:00.000Z,147.748,147.778,147.668,147.7,0
2024-03-14T12:00:00.000Z,147.7,147.987,147.566,147.846,0
2024-03-14T13:00:00.000Z,147.845,148.146,147.43,147.996,0
2024-03-14T14:00:00.000Z,147.995,148.192,147.923,148.11,0
2024-03-14T15:00:00.000Z,148.111,148.319,148.05,148.189,0
2024-03-14T16:00:00.000Z,148.189,148.214,148.101,148.186,0
2024-03-14T17:00:00.000Z,148.188,148.31,148.13,148.278,0
2024-03-14T18:00:00.000Z,148.277,148.355,148.272,148.297,0
2024-03-14T19:00:00.000Z,148.296,148.317,148.228,148.233,0
2024-03-14T20:00:00.000Z,148.233,148.328,148.209,148.312,0
2024-03-14T21:00:00.000Z,148.312,148.339,148.247,148.285,0
2024-03-14T22:00:00.000Z,148.283,148.287,148.219,148.258,0
2024-03-14T23:00:00.000Z,148.26,148.334,148.249,148.303,0
2024-03-15T00:00:00.000Z,148.302,148.534,148.267,148.444,0
2024-03-15T01:00:00.000Z,148.447,148.491,148.385,148.473,0
2024-03-15T02:00:00.000Z,148.464,148.659,148.431,148.456,0
2024-03-15T03:00:00.000Z,148.457,148.5,148.346,148.375,0
2024-03-15T04:00:00.000Z,148.375,148.401,148.249,148.311,0
2024-03-15T05:00:00.000Z,148.31,148.374,148.274,148.317,0
2024-03-15T06:00:00.000Z,148.317,148.341,148.096,148.214,0
2024-03-15T07:00:00.000Z,148.214,148.6,148.03,148.568,0
2024-03-15T08:00:00.000Z,148.567,148.831,148.567,148.709,0
2024-03-15T09:00:00.000Z,148.709,148.78,148.674,148.722,0
2024-03-15T10:00:00.000Z,148.722,148.785,148.659,148.774,0
2024-03-15T11:00:00.000Z,148.774,148.797,148.585,148.649,0
2024-03-15T12:00:00.000Z,148.65,148.87,148.62,148.801,0
2024-03-15T13:00:00.000Z,148.8,148.966,148.73,148.915,0
2024-03-15T14:00:00.000Z,148.915,148.999,148.81,148.977,0
2024-03-15T15:00:00.000Z,148.977,149.142,148.967,149.136,0
2024-03-15T16:00:00.000Z,149.137,149.163,148.976,149.092,0
2024-03-15T17:00:00.000Z,149.091,149.097,149.01,149.036,0
2024-03-15T18:00:00.000Z,149.037,149.079,148.995,149.037,0
2024-03-15T19:00:00.000Z,149.037,149.118,148.997,149.076,0
2024-03-15T20:00:00.000Z,149.079,149.097,148.979,148.982,0
2024-03-17T21:00:00.000Z,148.944,149.066,148.943,149.066,0
2024-03-17T22:00:00.000Z,149.066,149.088,148.938,148.973,0
2024-03-17T23:00:00.000Z,148.974,149.032,148.935,148.955,0
2024-03-18T00:00:00.000Z,148.955,149.287,148.932,149.277,0
2024-03-18T01:00:00.000Z,149.282,149.328,149.166,149.189,0
2024-03-18T02:00:00.000Z,149.19,149.205,148.907,148.971,0
2024-03-18T03:00:00.000Z,148.971,149.095,148.962,149.09,0
2024-03-18T04:00:00.000Z,149.09,149.131,149.08,149.112,0
2024-03-18T05:00:00.000Z,149.111,149.188,149.065,149.113,0
2024-03-18T06:00:00.000Z,149.113,149.243,149.1,149.219,0
2024-03-18T07:00:00.000Z,149.219,149.311,149.096,149.121,0
2024-03-18T08:00:00.000Z,149.121,149.163,149.055,149.122,0
2024-03-18T09:00:00.000Z,149.123,149.244,149.103,149.207,0
2024-03-18T10:00:00.000Z,149.208,149.234,149.113,149.13,0
2024-03-18T11:00:00.000Z,149.129,149.137,149.015,149.028,0
2024-03-18T12:00:00.000Z,149.027,149.196,149.008,149.176,0
2024-03-18T13:00:00.000Z,149.176,149.239,149.116,149.213,0
2024-03-18T14:00:00.000Z,149.214,149.3,149.161,149.283,0
2024-03-18T15:00:00.000Z,149.284,149.29,149.099,149.134,0
2024-03-18T16:00:00.000Z,149.134,149.209,149.095,149.138,0
2024-03-18T17:00:00.000Z,149.138,149.166,148.918,149.105,0
2024-03-18T18:00:00.000Z,149.107,149.117,149.027,149.111,0
2024-03-18T19:00:00.000Z,149.11,149.188,149.086,149.188,0
2024-03-18T20:00:00.000Z,149.189,149.191,149.141,149.141,0
2024-03-18T21:00:00.000Z,149.14,149.14,149.085,149.107,0
2024-03-18T22:00:00.000Z,149.111,149.143,149.037,149.039,0
2024-03-18T23:00:00.000Z,149.037,149.17,149.029,149.154,0
2024-03-19T00:00:00.000Z,149.153,149.22,149.111,149.208,0
2024-03-19T01:00:00.000Z,149.207,149.393,149.207,149.299,0
2024-03-19T02:00:00.000Z,149.298,149.366,149.189,149.36,0
2024-03-19T03:00:00.000Z,149.36,149.921,149.001,149.702,0
2024-03-19T04:00:00.000Z,149.701,150.076,149.67,149.965,0
2024-03-19T05:00:00.000Z,149.965,150.392,149.938,150.299,0
2024-03-19T06:00:00.000Z,150.302,150.483,150.039,150.365,0
2024-03-19T07:00:00.000Z,150.365,150.392,149.985,150.257,0
2024-03-19T08:00:00.000Z,150.259,150.513,150.196,150.335,0
2024-03-19T09:00:00.000Z,150.335,150.7,150.305,150.675,0
2024-03-19T10:00:00.000Z,150.677,150.69,150.498,150.532,0
2024-03-19T11:00:00.000Z,150.532,150.571,150.347,150.388,0
2024-03-19T12:00:00.000Z,150.386,150.608,150.34,150.491,0
2024-03-19T13:00:00.000Z,150.49,150.682,150.402,150.67,0
2024-03-19T14:00:00.000Z,150.668,150.729,150.603,150.687,0
2024-03-19T15:00:00.000Z,150.687,150.851,150.657,150.731,0
2024-03-19T16:00:00.000Z,150.73,150.946,150.712,150.938,0
2024-03-19T17:00:00.000Z,150.938,150.962,150.842,150.896,0
2024-03-19T18:00:00.000Z,150.894,150.928,150.846,150.92,0
2024-03-19T19:00:00.000Z,150.918,150.923,150.852,150.891,0
2024-03-19T20:00:00.000Z,150.894,150.898,150.841,150.849,0
2024-03-19T21:00:00.000Z,150.848,150.85,150.763,150.799,0
2024-03-19T22:00:00.000Z,150.807,150.865,150.79,150.837,0
2024-03-19T23:00:00.000Z,150.837,151.065,150.816,151.023,0
2024-03-20T00:00:00.000Z,151.021,151.34,151.001,151.153,0
2024-03-20T01:00:00.000Z,151.155,151.238,151.135,151.168,0
2024-03-20T02:00:00.000Z,151.166,151.241,151.157,151.232,0
2024-03-20T03:00:00.000Z,151.232,151.315,151.229,151.315,0
2024-03-20T04:00:00.000Z,151.316,151.538,151.313,151.485,0
2024-03-20T05:00:00.000Z,151.485,151.575,151.433,151.536,0
2024-03-20T06:00:00.000Z,151.537,151.583,151.46,151.472,0
2024-03-20T07:00:00.000Z,151.472,151.505,151.334,151.484,0
2024-03-20T08:00:00.000Z,151.484,151.545,151.421,151.45,0
2024-03-20T09:00:00.000Z,151.449,151.764,151.449,151.682,0
2024-03-20T10:00:00.000Z,151.681,151.75,151.645,151.667,0
2024-03-20T11:00:00.000Z,151.666,151.734,151.629,151.707,0
2024-03-20T12:00:00.000Z,151.708,151.783,151.655,151.758,0
2024-03-20T13:00:00.000Z,151.759,151.816,151.694,151.74,0
2024-03-20T14:00:00.000Z,151.741,151.755,151.62,151.671,0
2024-03-20T15:00:00.000Z,151.671,151.672,151.533,151.661,0
2024-03-20T16:00:00.000Z,151.661,151.674,151.549,151.613,0
2024-03-20T17:00:00.000Z,151.614,151.632,151.523,151.588,0
2024-03-20T18:00:00.000Z,151.587,151.709,150.715,150.786,0
2024-03-20T19:00:00.000Z,150.785,151.22,150.771,151.214,0
2024-03-20T20:00:00.000Z,151.214,151.402,151.207,151.243,0
2024-03-20T21:00:00.000Z,151.243,151.254,151.175,151.2,0
2024-03-20T22:00:00.000Z,151.2,151.211,150.847,150.85,0
2024-03-20T23:00:00.000Z,150.852,150.942,150.678,150.738,0
2024-03-21T00:00:00.000Z,150.737,150.865,150.542,150.619,0
2024-03-21T01:00:00.000Z,150.622,150.649,150.263,150.499,0
2024-03-21T02:00:00.000Z,150.503,150.52,150.34,150.489,0
2024-03-21T03:00:00.000Z,150.49,150.549,150.385,150.488,0
2024-03-21T04:00:00.000Z,150.487,150.79,150.449,150.762,0
2024-03-21T05:00:00.000Z,150.761,151.003,150.749,150.996,0
2024-03-21T06:00:00.000Z,150.996,151.088,150.848,150.996,0
2024-03-21T07:00:00.000Z,150.997,151.224,150.848,151.22,0
2024-03-21T08:00:00.000Z,151.22,151.456,151.091,151.174,0
2024-03-21T09:00:00.000Z,151.172,151.24,151.048,151.079,0
2024-03-21T10:00:00.000Z,151.08,151.117,150.869,151.108,0
2024-03-21T11:00:00.000Z,151.109,151.171,150.965,151.11,0
2024-03-21T12:00:00.000Z,151.109,151.317,151.011,151.162,0
2024-03-21T13:00:00.000Z,151.163,151.443,151.16,151.402,0
2024-03-21T14:00:00.000Z,151.398,151.573,151.392,151.507,0
2024-03-21T15:00:00.000Z,151.506,151.668,151.474,151.593,0
2024-03-21T16:00:00.000Z,151.592,151.752,151.569,151.692,0
2024-03-21T17:00:00.000Z,151.69,151.739,151.66,151.723,0
2024-03-21T18:00:00.000Z,151.722,151.723,151.647,151.671,0
2024-03-21T19:00:00.000Z,151.672,151.729,151.662,151.684,0
2024-03-21T20:00:00.000Z,151.683,151.695,151.602,151.605,0
2024-03-21T21:00:00.000Z,151.601,151.63,151.557,151.588,0
2024-03-21T22:00:00.000Z,151.593,151.622,151.542,151.547,0
2024-03-21T23:00:00.000Z,151.548,151.699,151.547,151.633,0
2024-03-22T00:00:00.000Z,151.629,151.651,151.442,151.528,0
2024-03-22T01:00:00.000Z,151.529,151.862,151.489,151.78,0
2024-03-22T02:00:00.000Z,151.78,151.792,151.419,151.627,0
2024-03-22T03:00:00.000Z,151.628,151.652,151.51,151.567,0
2024-03-22T04:00:00.000Z,151.566,151.605,151.495,151.583,0
2024-03-22T05:00:00.000Z,151.584,151.591,151.472,151.485,0
2024-03-22T06:00:00.000Z,151.487,151.525,151.256,151.306,0
2024-03-22T07:00:00.000Z,151.307,151.504,151.273,151.418,0
2024-03-22T08:00:00.000Z,151.42,151.537,151.301,151.477,0
2024-03-22T09:00:00.000Z,151.478,151.649,151.432,151.616,0
2024-03-22T10:00:00.000Z,151.615,151.649,151.547,151.616,0
2024-03-22T11:00:00.000Z,151.617,151.624,151.438,151.466,0
2024-03-22T12:00:00.000Z,151.466,151.489,151.003,151.213,0
2024-03-22T13:00:00.000Z,151.213,151.318,151.059,151.167,0
2024-03-22T14:00:00.000Z,151.167,151.265,151.083,151.187,0
2024-03-22T15:00:00.000Z,151.189,151.395,151.189,151.348,0
2024-03-22T16:00:00.000Z,151.347,151.435,151.332,151.388,0
2024-03-22T17:00:00.000Z,151.388,151.431,151.346,151.418,0
2024-03-22T18:00:00.000Z,151.422,151.456,151.381,151.452,0
2024-03-22T19:00:00.000Z,151.451,151.484,151.4,151.424,0
2024-03-22T20:00:00.000Z,151.425,151.451,151.343,151.431,0
2024-03-24T21:00:00.000Z,151.305,151.405,151.259,151.365,0
2024-03-24T22:00:00.000Z,151.365,151.435,151.251,151.283,0
2024-03-24T23:00:00.000Z,151.284,151.326,151.084,151.312,0
2024-03-25T00:00:00.000Z,151.311,151.424,151.24,151.305,0
2024-03-25T01:00:00.000Z,151.304,151.322,151.091,151.244,0
2024-03-25T02:00:00.000Z,151.242,151.266,151.052,151.134,0
2024-03-25T03:00:00.000Z,151.134,151.258,151.129,151.235,0
2024-03-25T04:00:00.000Z,151.234,151.376,151.234,151.365,0
2024-03-25T05:00:00.000Z,151.363,151.371,151.19,151.212,0
2024-03-25T06:00:00.000Z,151.216,151.32,151.173,151.318,0
2024-03-25T07:00:00.000Z,151.319,151.385,151.168,151.322,0
2024-03-25T08:00:00.000Z,151.322,151.399,151.221,151.354,0
2024-03-25T09:00:00.000Z,151.354,151.44,151.33,151.401,0
2024-03-25T10:00:00.000Z,151.401,151.407,151.258,151.289,0
2024-03-25T11:00:00.000Z,151.29,151.378,151.285,151.295,0
2024-03-25T12:00:00.000Z,151.295,151.318,151.14,151.229,0
2024-03-25T13:00:00.000Z,151.229,151.29,151.122,151.268,0
2024-03-25T14:00:00.000Z,151.273,151.383,151.245,151.36,0
2024-03-25T15:00:00.000Z,151.36,151.431,151.344,151.419,0
2024-03-25T16:00:00.000Z,151.421,151.544,151.416,151.483,0
2024-03-25T17:00:00.000Z,151.483,151.508,151.427,151.504,0
2024-03-25T18:00:00.000Z,151.507,151.534,151.466,151.474,0
2024-03-25T19:00:00.000Z,151.474,151.488,151.421,151.444,0
2024-03-25T20:00:00.000Z,151.444,151.468,151.406,151.406,0
2024-03-25T21:00:00.000Z,151.402,151.421,151.385,151.405,0
2024-03-25T22:00:00.000Z,151.403,151.421,151.357,151.419,0
2024-03-25T23:00:00.000Z,151.418,151.418,151.36,151.379,0
2024-03-26T00:00:00.000Z,151.377,151.442,151.259,151.283,0
2024-03-26T01:00:00.000Z,151.283,151.374,151.217,151.358,0
2024-03-26T02:00:00.000Z,151.357,151.363,151.275,151.332,0
2024-03-26T03:00:00.000Z,151.331,151.428,151.297,151.405,0
2024-03-26T04:00:00.000Z,151.403,151.424,151.326,151.359,0
2024-03-26T05:00:00.000Z,151.359,151.394,151.328,151.37,0
2024-03-26T06:00:00.000Z,151.371,151.397,151.3,151.311,0
2024-03-26T07:00:00.000Z,151.311,151.361,151.26,151.319,0
2024-03-26T08:00:00.000Z,151.32,151.348,151.251,151.258,0
2024-03-26T09:00:00.000Z,151.257,151.292,151.206,151.267,0
2024-03-26T10:00:00.000Z,151.268,151.346,151.242,151.274,0
2024-03-26T11:00:00.000Z,151.275,151.39,151.271,151.385,0
2024-03-26T12:00:00.000Z,151.388,151.472,151.349,151.452,0
2024-03-26T13:00:00.000Z,151.452,151.466,151.374,151.405,0
2024-03-26T14:00:00.000Z,151.402,151.452,151.3,151.385,0
2024-03-26T15:00:00.000Z,151.382,151.602,151.37,151.581,0
2024-03-26T16:00:00.000Z,151.58,151.583,151.471,151.52,0
2024-03-26T17:00:00.000Z,151.52,151.562,151.441,151.562,0
2024-03-26T18:00:00.000Z,151.564,151.578,151.47,151.536,0
2024-03-26T19:00:00.000Z,151.535,151.584,151.515,151.578,0
2024-03-26T20:00:00.000Z,151.577,151.581,151.543,151.562,0
2024-03-26T21:00:00.000Z,151.55,151.564,151.509,151.519,0
2024-03-26T22:00:00.000Z,151.518,151.554,151.494,151.526,0
2024-03-26T23:00:00.000Z,151.527,151.574,151.501,151.52,0
2024-03-27T00:00:00.000Z,151.521,151.572,151.446,151.515,0
2024-03-27T01:00:00.000Z,151.516,151.806,151.496,151.729,0
2024-03-27T02:00:00.000Z,151.729,151.97,151.719,151.89,0
2024-03-27T03:00:00.000Z,151.891,151.929,151.595,151.696,0
2024-03-27T04:00:00.000Z,151.699,151.713,151.592,151.688,0
2024-03-27T05:00:00.000Z,151.688,151.804,151.652,151.749,0
2024-03-27T06:00:00.000Z,151.751,151.762,151.641,151.693,0
2024-03-27T07:00:00.000Z,151.692,151.731,151.614,151.705,0
2024-03-27T08:00:00.000Z,151.706,151.837,151.642,151.781,0
2024-03-27T09:00:00.000Z,151.782,151.802,151.092,151.365,0
2024-03-27T10:00:00.000Z,151.365,151.369,151.051,151.198,0
2024-03-27T11:00:00.000Z,151.201,151.252,151.025,151.231,0
2024-03-27T12:00:00.000Z,151.231,151.273,151.169,151.249,0
2024-03-27T13:00:00.000Z,151.25,151.373,151.244,151.326,0
2024-03-27T14:00:00.000Z,151.326,151.354,151.212,151.248,0
2024-03-27T15:00:00.000Z,151.248,151.379,151.165,151.343,0
2024-03-27T16:00:00.000Z,151.345,151.425,151.299,151.318,0
2024-03-27T17:00:00.000Z,151.319,151.414,151.278,151.388,0
2024-03-27T18:00:00.000Z,151.388,151.403,151.344,151.362,0
2024-03-27T19:00:00.000Z,151.36,151.386,151.296,151.323,0
2024-03-27T20:00:00.000Z,151.322,151.357,151.294,151.314,0
2024-03-27T21:00:00.000Z,151.31,151.31,151.241,151.257,0
2024-03-27T22:00:00.000Z,151.257,151.4,151.254,151.327,0
2024-03-27T23:00:00.000Z,151.327,151.374,151.263,151.293,0
2024-03-28T00:00:00.000Z,151.292,151.436,151.269,151.413,0
2024-03-28T01:00:00.000Z,151.414,151.544,151.334,151.348,0
2024-03-28T02:00:00.000Z,151.347,151.38,151.258,151.364,0
2024-03-28T03:00:00.000Z,151.364,151.381,151.299,151.361,0
2024-03-28T04:00:00.000Z,151.367,151.388,151.328,151.354,0
2024-03-28T05:00:00.000Z,151.355,151.375,151.25,151.349,0
2024-03-28T06:00:00.000Z,151.348,151.391,151.305,151.339,0
2024-03-28T07:00:00.000Z,151.34,151.448,151.32,151.436,0
2024-03-28T08:00:00.000Z,151.436,151.444,151.332,151.425,0
2024-03-28T09:00:00.000Z,151.426,151.502,151.412,151.456,0
2024-03-28T10:00:00.000Z,151.457,151.465,151.367,151.395,0
2024-03-28T11:00:00.000Z,151.396,151.397,151.347,151.366,0
2024-03-28T12:00:00.000Z,151.368,151.4,151.183,151.21,0
2024-03-28T13:00:00.000Z,151.212,151.343,151.159,151.265,0
2024-03-28T14:00:00.000Z,151.271,151.314,151.19,151.21,0
2024-03-28T15:00:00.000Z,151.211,151.341,151.149,151.34,0
2024-03-28T16:00:00.000Z,151.341,151.371,151.244,151.334,0
2024-03-28T17:00:00.000Z,151.334,151.398,151.308,151.384,0
2024-03-28T18:00:00.000Z,151.385,151.417,151.372,151.387,0
2024-03-28T19:00:00.000Z,151.388,151.423,151.37,151.387,0
2024-03-28T20:00:00.000Z,151.387,151.399,151.355,151.375,0
2024-03-28T21:00:00.000Z,151.375,151.388,151.359,151.383,0
2024-03-28T22:00:00.000Z,151.379,151.444,151.363,151.412,0
2024-03-28T23:00:00.000Z,151.412,151.47,151.409,151.443,0
2024-03-29T00:00:00.000Z,151.442,151.496,151.181,151.316,0
2024-03-29T01:00:00.000Z,151.316,151.444,151.314,151.341,0
2024-03-29T02:00:00.000Z,151.343,151.357,151.246,151.307,0
2024-03-29T03:00:00.000Z,151.308,151.328,151.262,151.287,0
2024-03-29T04:00:00.000Z,151.288,151.325,151.265,151.284,0
2024-03-29T05:00:00.000Z,151.284,151.39,151.281,151.354,0
2024-03-29T06:00:00.000Z,151.355,151.474,151.324,151.411,0
2024-03-29T07:00:00.000Z,151.409,151.411,151.314,151.342,0
2024-03-29T08:00:00.000Z,151.342,151.363,151.328,151.345,0
2024-03-29T09:00:00.000Z,151.344,151.356,151.33,151.339,0
2024-03-29T10:00:00.000Z,151.333,151.344,151.281,151.309,0
2024-03-29T11:00:00.000Z,151.308,151.35,151.302,151.345,0
2024-03-29T12:00:00.000Z,151.337,151.367,151.188,151.22,0
2024-03-29T13:00:00.000Z,151.221,151.259,151.196,151.212,0
2024-03-29T14:00:00.000Z,151.214,151.247,151.167,151.242,0
2024-03-29T15:00:00.000Z,151.246,151.253,151.192,151.225,0
2024-03-29T16:00:00.000Z,151.221,151.277,151.218,151.27,0
2024-03-29T17:00:00.000Z,151.27,151.335,151.225,151.298,0
2024-03-29T18:00:00.000Z,151.3,151.39,151.285,151.39,0
2024-03-29T19:00:00.000Z,151.387,151.387,151.311,151.323,0
2024-03-29T20:00:00.000Z,151.328,151.375,151.283,151.307,0
2024-03-31T22:00:00.000Z,151.246,151.337,151.225,151.288,0
2024-03-31T23:00:00.000Z,151.288,151.361,151.219,151.352,0
2024-04-01T01:00:00.000Z,151.401,151.429,151.251,151.375,0
2024-04-01T02:00:00.000Z,151.376,151.391,151.248,151.278,0
2024-04-01T03:00:00.000Z,151.28,151.325,151.255,151.318,0
2024-04-01T04:00:00.000Z,151.319,151.355,151.308,151.346,0
2024-04-01T05:00:00.000Z,151.345,151.402,151.333,151.368,0
2024-04-01T06:00:00.000Z,151.37,151.409,151.361,151.381,0
2024-04-01T07:00:00.000Z,151.383,151.391,151.301,151.366,0
2024-04-01T08:00:00.000Z,151.368,151.396,151.336,151.339,0
2024-04-01T09:00:00.000Z,151.34,151.366,151.326,151.338,0
2024-04-01T10:00:00.000Z,151.338,151.385,151.326,151.383,0
2024-04-01T11:00:00.000Z,151.383,151.401,151.356,151.366,0
2024-04-01T12:00:00.000Z,151.366,151.399,151.349,151.389,0
2024-04-01T13:00:00.000Z,151.389,151.482,151.384,151.455,0
2024-04-01T14:00:00.000Z,151.453,151.653,151.441,151.571,0
2024-04-01T15:00:00.000Z,151.576,151.758,151.571,151.697,0
2024-04-01T16:00:00.000Z,151.698,151.771,151.688,151.722,0
2024-04-01T17:00:00.000Z,151.722,151.742,151.679,151.699,0
2024-04-01T18:00:00.000Z,151.699,151.701,151.573,151.618,0
2024-04-01T19:00:00.000Z,151.617,151.656,151.603,151.652,0
2024-04-01T20:00:00.000Z,151.652,151.677,151.626,151.646,0
2024-04-01T21:00:00.000Z,151.646,151.655,151.616,151.643,0
2024-04-01T22:00:00.000Z,151.631,151.678,151.613,151.635,0
2024-04-01T23:00:00.000Z,151.636,151.636,151.59,151.605,0
2024-04-02T00:00:00.000Z,151.606,151.673,151.57,151.594,0
2024-04-02T01:00:00.000Z,151.594,151.696,151.501,151.684,0
2024-04-02T02:00:00.000Z,151.684,151.782,151.63,151.774,0
2024-04-02T03:00:00.000Z,151.774,151.783,151.658,151.681,0
2024-04-02T04:00:00.000Z,151.68,151.764,151.652,151.76,0
2024-04-02T05:00:00.000Z,151.761,151.764,151.711,151.763,0
2024-04-02T06:00:00.000Z,151.764,151.801,151.71,151.741,0
2024-04-02T07:00:00.000Z,151.742,151.751,151.661,151.681,0
2024-04-02T08:00:00.000Z,151.68,151.753,151.66,151.674,0
2024-04-02T09:00:00.000Z,151.673,151.684,151.554,151.639,0
2024-04-02T10:00:00.000Z,151.64,151.692,151.607,151.671,0
2024-04-02T11:00:00.000Z,151.672,151.714,151.671,151.694,0
2024-04-02T12:00:00.000Z,151.694,151.711,151.629,151.653,0
2024-04-02T13:00:00.000Z,151.653,151.714,151.601,151.687,0
2024-04-02T14:00:00.000Z,151.689,151.695,151.56,151.568,0
2024-04-02T15:00:00.000Z,151.56,151.64,151.461,151.581,0
2024-04-02T16:00:00.000Z,151.581,151.619,151.505,151.549,0
2024-04-02T17:00:00.000Z,151.549,151.614,151.54,151.593,0
2024-04-02T18:00:00.000Z,151.592,151.615,151.559,151.566,0
2024-04-02T19:00:00.000Z,151.565,151.599,151.537,151.596,0
2024-04-02T20:00:00.000Z,151.597,151.611,151.557,151.566,0
2024-04-02T21:00:00.000Z,151.566,151.597,151.533,151.548,0
2024-04-02T22:00:00.000Z,151.539,151.566,151.528,151.566,0
2024-04-02T23:00:00.000Z,151.568,151.568,151.49,151.55,0
2024-04-03T00:00:00.000Z,151.55,151.579,151.53,151.545,0
2024-04-03T01:00:00.000Z,151.545,151.554,151.439,151.554,0
2024-04-03T02:00:00.000Z,151.555,151.639,151.552,151.595,0
2024-04-03T03:00:00.000Z,151.595,151.612,151.538,151.581,0
2024-04-03T04:00:00.000Z,151.58,151.583,151.54,151.561,0
2024-04-03T05:00:00.000Z,151.561,151.593,151.532,151.591,0
2024-04-03T06:00:00.000Z,151.59,151.608,151.535,151.593,0
2024-04-03T07:00:00.000Z,151.593,151.68,151.574,151.667,0
2024-04-03T08:00:00.000Z,151.668,151.734,151.668,151.676,0
2024-04-03T09:00:00.000Z,151.677,151.735,151.677,151.732,0
2024-04-03T10:00:00.000Z,151.734,151.799,151.714,151.753,0
2024-04-03T11:00:00.000Z,151.755,151.757,151.707,151.71,0
2024-04-03T12:00:00.000Z,151.71,151.783,151.681,151.772,0
2024-04-03T13:00:00.000Z,151.771,151.913,151.749,151.849,0
2024-04-03T14:00:00.000Z,151.848,151.953,151.799,151.917,0
2024-04-03T15:00:00.000Z,151.917,151.917,151.644,151.785,0
2024-04-03T16:00:00.000Z,151.785,151.824,151.676,151.677,0
2024-04-03T17:00:00.000Z,151.678,151.761,151.577,151.645,0
2024-04-03T18:00:00.000Z,151.65,151.698,151.629,151.679,0
2024-04-03T19:00:00.000Z,151.679,151.688,151.65,151.669,0
2024-04-03T20:00:00.000Z,151.67,151.703,151.655,151.679,0
2024-04-03T21:00:00.000Z,151.679,151.703,151.669,151.682,0
2024-04-03T22:00:00.000Z,151.677,151.68,151.626,151.645,0
2024-04-03T23:00:00.000Z,151.643,151.644,151.568,151.585,0
2024-04-04T00:00:00.000Z,151.586,151.632,151.563,151.581,0
2024-04-04T01:00:00.000Z,151.581,151.68,151.537,151.567,0
2024-04-04T02:00:00.000Z,151.567,151.67,151.558,151.643,0
2024-04-04T03:00:00.000Z,151.642,151.709,151.638,151.707,0
2024-04-04T04:00:00.000Z,151.707,151.722,151.66,151.671,0
2024-04-04T05:00:00.000Z,151.674,151.701,151.648,151.694,0
2024-04-04T06:00:00.000Z,151.695,151.698,151.638,151.64,0
2024-04-04T07:00:00.000Z,151.64,151.699,151.597,151.688,0
2024-04-04T08:00:00.000Z,151.686,151.755,151.676,151.688,0
2024-04-04T09:00:00.000Z,151.688,151.743,151.686,151.711,0
2024-04-04T10:00:00.000Z,151.712,151.76,151.706,151.748,0
2024-04-04T11:00:00.000Z,151.747,151.748,151.692,151.7,0
2024-04-04T12:00:00.000Z,151.699,151.748,151.611,151.742,0
2024-04-04T13:00:00.000Z,151.742,151.77,151.61,151.623,0
2024-04-04T14:00:00.000Z,151.623,151.673,151.503,151.589,0
2024-04-04T15:00:00.000Z,151.59,151.686,151.516,151.664,0
2024-04-04T16:00:00.000Z,151.664,151.702,151.65,151.662,0
2024-04-04T17:00:00.000Z,151.662,151.67,151.622,151.645,0
2024-04-04T18:00:00.000Z,151.645,151.677,151.616,151.672,0
2024-04-04T19:00:00.000Z,151.672,151.685,151.147,151.202,0
2024-04-04T20:00:00.000Z,151.201,151.327,151.119,151.231,0
2024-04-04T21:00:00.000Z,151.231,151.351,151.187,151.329,0
2024-04-04T22:00:00.000Z,151.326,151.334,151.263,151.31,0
2024-04-04T23:00:00.000Z,151.31,151.316,151.208,151.308,0
2024-04-05T00:00:00.000Z,151.306,151.307,151.212,151.293,0
2024-04-05T01:00:00.000Z,151.292,151.338,150.81,150.908,0
2024-04-05T02:00:00.000Z,150.909,151.086,150.81,151.064,0
2024-04-05T03:00:00.000Z,151.065,151.219,151.065,151.183,0
2024-04-05T04:00:00.000Z,151.181,151.267,151.143,151.261,0
2024-04-05T05:00:00.000Z,151.262,151.293,151.202,151.215,0
2024-04-05T06:00:00.000Z,151.216,151.222,151.13,151.184,0
2024-04-05T07:00:00.000Z,151.184,151.293,151.091,151.26,0
2024-04-05T08:00:00.000Z,151.26,151.353,151.168,151.336,0
2024-04-05T09:00:00.000Z,151.336,151.45,151.306,151.41,0
2024-04-05T10:00:00.000Z,151.411,151.446,151.372,151.418,0
2024-04-05T11:00:00.000Z,151.417,151.425,151.332,151.337,0
2024-04-05T12:00:00.000Z,151.337,151.41,151.336,151.373,0
2024-04-05T13:00:00.000Z,151.372,151.748,151.27,151.656,0
2024-04-05T14:00:00.000Z,151.656,151.75,151.593,151.613,0
2024-04-05T15:00:00.000Z,151.612,151.644,151.439,151.521,0
2024-04-05T16:00:00.000Z,151.522,151.666,151.522,151.59,0
2024-04-05T17:00:00.000Z,151.59,151.616,151.526,151.579,0
2024-04-05T18:00:00.000Z,151.578,151.613,151.546,151.585,0
2024-04-05T19:00:00.000Z,151.585,151.588,151.535,151.553,0
2024-04-05T20:00:00.000Z,151.553,151.649,151.541,151.646,0
2024-04-05T21:00:00.000Z,151.646,151.647,151.604,151.617,0
2024-04-07T22:00:00.000Z,151.569,151.608,151.54,151.6,0
2024-04-07T23:00:00.000Z,151.6,151.729,151.584,151.692,0
2024-04-08T00:00:00.000Z,151.691,151.694,151.645,151.68,0
2024-04-08T01:00:00.000Z,151.679,151.779,151.67,151.709,0
2024-04-08T02:00:00.000Z,151.711,151.816,151.675,151.777,0
2024-04-08T03:00:00.000Z,151.778,151.78,151.681,151.769,0
2024-04-08T04:00:00.000Z,151.77,151.786,151.746,151.767,0
2024-04-08T05:00:00.000Z,151.769,151.796,151.763,151.793,0
2024-04-08T06:00:00.000Z,151.792,151.804,151.752,151.787,0
2024-04-08T07:00:00.000Z,151.787,151.833,151.754,151.758,0
2024-04-08T08:00:00.000Z,151.758,151.876,151.755,151.869,0
2024-04-08T09:00:00.000Z,151.87,151.912,151.841,151.906,0
2024-04-08T10:00:00.000Z,151.907,151.918,151.863,151.872,0
2024-04-08T11:00:00.000Z,151.873,151.888,151.825,151.851,0
2024-04-08T12:00:00.000Z,151.852,151.922,151.846,151.918,0
2024-04-08T13:00:00.000Z,151.918,151.941,151.851,151.877,0
2024-04-08T14:00:00.000Z,151.875,151.876,151.717,151.734,0
2024-04-08T15:00:00.000Z,151.738,151.842,151.729,151.811,0
2024-04-08T16:00:00.000Z,151.811,151.849,151.771,151.785,0
2024-04-08T17:00:00.000Z,151.787,151.844,151.781,151.832,0
2024-04-08T18:00:00.000Z,151.833,151.833,151.739,151.77,0
2024-04-08T19:00:00.000Z,151.77,151.795,151.717,151.77,0
2024-04-08T20:00:00.000Z,151.769,151.834,151.747,151.833,0
2024-04-08T21:00:00.000Z,151.832,151.858,151.765,151.778,0
2024-04-08T22:00:00.000Z,151.772,151.832,151.74,151.814,0
2024-04-08T23:00:00.000Z,151.813,151.814,151.774,151.803,0
2024-04-09T00:00:00.000Z,151.804,151.852,151.804,151.832,0
2024-04-09T01:00:00.000Z,151.833,151.92,151.788,151.908,0
2024-04-09T02:00:00.000Z,151.908,151.915,151.856,151.888,0
2024-04-09T03:00:00.000Z,151.889,151.894,151.812,151.874,0
2024-04-09T04:00:00.000Z,151.875,151.882,151.841,151.855,0
2024-04-09T05:00:00.000Z,151.856,151.893,151.847,151.89,0
2024-04-09T06:00:00.000Z,151.891,151.901,151.868,151.891,0
2024-04-09T07:00:00.000Z,151.892,151.92,151.871,151.914,0
2024-04-09T08:00:00.000Z,151.913,151.935,151.88,151.902,0
2024-04-09T09:00:00.000Z,151.903,151.911,151.861,151.886,0
2024-04-09T10:00:00.000Z,151.887,151.897,151.726,151.839,0
2024-04-09T11:00:00.000Z,151.839,151.84,151.762,151.795,0
2024-04-09T12:00:00.000Z,151.795,151.845,151.773,151.828,0
2024-04-09T13:00:00.000Z,151.827,151.843,151.742,151.769,0
2024-04-09T14:00:00.000Z,151.768,151.788,151.706,151.769,0
2024-04-09T15:00:00.000Z,151.77,151.77,151.568,151.651,0
2024-04-09T16:00:00.000Z,151.652,151.735,151.632,151.729,0
2024-04-09T17:00:00.000Z,151.729,151.747,151.653,151.665,0
2024-04-09T18:00:00.000Z,151.667,151.721,151.655,151.691,0
2024-04-09T19:00:00.000Z,151.69,151.742,151.688,151.739,0
2024-04-09T20:00:00.000Z,151.737,151.787,151.732,151.736,0
2024-04-09T21:00:00.000Z,151.736,151.781,151.727,151.727,0
2024-04-09T22:00:00.000Z,151.727,151.766,151.687,151.752,0
2024-04-09T23:00:00.000Z,151.753,151.783,151.732,151.748,0
2024-04-10T00:00:00.000Z,151.748,151.787,151.738,151.776,0
2024-04-10T01:00:00.000Z,151.777,151.782,151.68,151.722,0
2024-04-10T02:00:00.000Z,151.721,151.782,151.711,151.723,0
2024-04-10T03:00:00.000Z,151.73,151.765,151.697,151.755,0
2024-04-10T04:00:00.000Z,151.756,151.769,151.734,151.754,0
2024-04-10T05:00:00.000Z,151.754,151.787,151.744,151.782,0
2024-04-10T06:00:00.000Z,151.781,151.819,151.778,151.809,0
2024-04-10T07:00:00.000Z,151.809,151.814,151.773,151.779,0
2024-04-10T08:00:00.000Z,151.781,151.842,151.779,151.841,0
2024-04-10T09:00:00.000Z,151.841,151.883,151.826,151.852,0
2024-04-10T10:00:00.000Z,151.852,151.872,151.833,151.857,0
2024-04-10T11:00:00.000Z,151.858,151.87,151.808,151.832,0
2024-04-10T12:00:00.000Z,151.831,151.853,151.814,151.841,0
2024-04-10T13:00:00.000Z,151.838,152.518,151.772,152.382,0
2024-04-10T14:00:00.000Z,152.384,152.696,152.367,152.669,0
2024-04-10T15:00:00.000Z,152.67,152.776,152.577,152.771,0
2024-04-10T16:00:00.000Z,152.772,152.943,152.744,152.902,0
2024-04-10T17:00:00.000Z,152.902,152.965,152.875,152.937,0
2024-04-10T18:00:00.000Z,152.933,152.982,152.637,152.779,0
2024-04-10T19:00:00.000Z,152.771,152.979,152.757,152.961,0
2024-04-10T20:00:00.000Z,152.963,152.967,152.918,152.96,0
2024-04-10T21:00:00.000Z,152.96,153.238,152.944,153.144,0
2024-04-10T22:00:00.000Z,153.144,153.144,152.923,152.997,0
2024-04-10T23:00:00.000Z,152.997,153.01,152.897,152.912,0
2024-04-11T00:00:00.000Z,152.913,152.97,152.808,152.951,0
2024-04-11T01:00:00.000Z,152.951,153.004,152.799,152.834,0
2024-04-11T02:00:00.000Z,152.834,152.897,152.759,152.808,0
2024-04-11T03:00:00.000Z,152.808,152.858,152.781,152.826,0
2024-04-11T04:00:00.000Z,152.826,152.946,152.812,152.946,0
2024-04-11T05:00:00.000Z,152.946,152.969,152.865,152.893,0
2024-04-11T06:00:00.000Z,152.892,152.971,152.884,152.968,0
2024-04-11T07:00:00.000Z,152.969,153.187,152.959,153.163,0
2024-04-11T08:00:00.000Z,153.162,153.205,153.083,153.135,0
2024-04-11T09:00:00.000Z,153.131,153.288,153.097,153.24,0
2024-04-11T10:00:00.000Z,153.241,153.279,153.153,153.167,0
2024-04-11T11:00:00.000Z,153.168,153.172,153.05,153.073,0
2024-04-11T12:00:00.000Z,153.073,153.188,153.022,153.088,0
2024-04-11T13:00:00.000Z,153.086,153.231,152.796,152.843,0
2024-04-11T14:00:00.000Z,152.843,153.142,152.832,153.132,0
2024-04-11T15:00:00.000Z,153.133,153.297,153.133,153.272,0
2024-04-11T16:00:00.000Z,153.269,153.318,153.191,153.193,0
2024-04-11T17:00:00.000Z,153.192,153.303,153.179,153.233,0
2024-04-11T18:00:00.000Z,153.234,153.252,153.158,153.177,0
2024-04-11T19:00:00.000Z,153.177,153.246,153.086,153.242,0
2024-04-11T20:00:00.000Z,153.242,153.256,153.168,153.2,0
2024-04-11T21:00:00.000Z,153.2,153.282,153.194,153.246,0
2024-04-11T22:00:00.000Z,153.247,153.249,153.17,153.212,0
2024-04-11T23:00:00.000Z,153.213,153.238,153.166,153.223,0
2024-04-12T00:00:00.000Z,153.223,153.251,153.167,153.194,0
2024-04-12T01:00:00.000Z,153.195,153.298,152.962,152.969,0
2024-04-12T02:00:00.000Z,152.97,153.1,152.969,153.099,0
2024-04-12T03:00:00.000Z,153.099,153.186,153.047,153.179,0
2024-04-12T04:00:00.000Z,153.179,153.232,153.158,153.204,0
2024-04-12T05:00:00.000Z,153.206,153.27,153.175,153.237,0
2024-04-12T06:00:00.000Z,153.237,153.238,153.131,153.204,0
2024-04-12T07:00:00.000Z,153.204,153.288,153.199,153.275,0
2024-04-12T08:00:00.000Z,153.274,153.383,153.231,153.248,0
2024-04-12T09:00:00.000Z,153.247,153.307,153.205,153.307,0
2024-04-12T10:00:00.000Z,153.309,153.35,153.262,153.301,0
2024-04-12T11:00:00.000Z,153.301,153.35,153.266,153.267,0
2024-04-12T12:00:00.000Z,153.266,153.292,153.156,153.16,0
2024-04-12T13:00:00.000Z,153.16,153.183,152.792,152.854,0
2024-04-12T14:00:00.000Z,152.855,153.088,152.59,152.927,0
2024-04-12T15:00:00.000Z,152.932,153.015,152.73,152.925,0
2024-04-12T16:00:00.000Z,152.924,153.156,152.902,153.121,0
2024-04-12T17:00:00.000Z,153.12,153.153,153.05,153.102,0
2024-04-12T18:00:00.000Z,153.104,153.142,153.048,153.128,0
2024-04-12T19:00:00.000Z,153.129,153.217,153.12,153.212,0
2024-04-12T20:00:00.000Z,153.212,153.244,153.183,153.237,0
2024-04-12T21:00:00.000Z,153.238,153.324,153.213,153.24,0
2024-04-14T22:00:00.000Z,153.034,153.078,152.966,153.046,0
2024-04-14T23:00:00.000Z,153.146,153.288,153.094,153.279,0
2024-04-15T00:00:00.000Z,153.278,153.32,153.228,153.308,0
2024-04-15T01:00:00.000Z,153.305,153.461,153.279,153.46,0
2024-04-15T02:00:00.000Z,153.46,153.684,153.45,153.572,0
2024-04-15T03:00:00.000Z,153.569,153.744,153.531,153.709,0
2024-04-15T04:00:00.000Z,153.709,153.731,153.652,153.671,0
2024-04-15T05:00:00.000Z,153.671,153.851,153.666,153.781,0
2024-04-15T06:00:00.000Z,153.78,153.852,153.775,153.824,0
2024-04-15T07:00:00.000Z,153.829,153.887,153.763,153.869,0
2024-04-15T08:00:00.000Z,153.87,153.968,153.87,153.905,0
2024-04-15T09:00:00.000Z,153.905,153.951,153.695,153.868,0
2024-04-15T10:00:00.000Z,153.868,153.893,153.758,153.873,0
2024-04-15T11:00:00.000Z,153.874,153.943,153.822,153.927,0
2024-04-15T12:00:00.000Z,153.928,153.938,153.862,153.911,0
2024-04-15T13:00:00.000Z,153.911,154.415,153.879,154.19,0
2024-04-15T14:00:00.000Z,154.192,154.419,154.11,154.358,0
2024-04-15T15:00:00.000Z,154.359,154.445,153.855,154.33,0
2024-04-15T16:00:00.000Z,154.329,154.343,154.195,154.257,0
2024-04-15T17:00:00.000Z,154.256,154.322,154.205,154.301,0
2024-04-15T18:00:00.000Z,154.3,154.301,154.113,154.174,0
2024-04-15T19:00:00.000Z,154.173,154.244,154.16,154.208,0
2024-04-15T20:00:00.000Z,154.207,154.232,154.174,154.222,0
2024-04-15T21:00:00.000Z,154.223,154.274,154.219,154.262,0
2024-04-15T22:00:00.000Z,154.26,154.262,154.169,154.225,0
2024-04-15T23:00:00.000Z,154.224,154.225,154.144,154.173,0
2024-04-16T00:00:00.000Z,154.173,154.241,154.146,154.213,0
2024-04-16T01:00:00.000Z,154.216,154.363,154.13,154.286,0
2024-04-16T02:00:00.000Z,154.288,154.384,154.249,154.362,0
2024-04-16T03:00:00.000Z,154.36,154.42,154.297,154.317,0
2024-04-16T04:00:00.000Z,154.317,154.375,154.314,154.352,0
2024-04-16T05:00:00.000Z,154.347,154.347,154.233,154.271,0
2024-04-16T06:00:00.000Z,154.271,154.357,154.262,154.344,0
2024-04-16T07:00:00.000Z,154.343,154.604,154.283,154.507,0
2024-04-16T08:00:00.000Z,154.508,154.519,154.37,154.39,0
2024-04-16T09:00:00.000Z,154.39,154.552,154.376,154.505,0
2024-04-16T10:00:00.000Z,154.504,154.565,154.472,154.56,0
2024-04-16T11:00:00.000Z,154.56,154.601,154.534,154.595,0
2024-04-16T12:00:00.000Z,154.594,154.704,154.581,154.618,0
2024-04-16T13:00:00.000Z,154.618,154.7,154.563,154.644,0
2024-04-16T14:00:00.000Z,154.644,154.767,153.898,154.565,0
2024-04-16T15:00:00.000Z,154.566,154.711,154.405,154.591,0
2024-04-16T16:00:00.000Z,154.592,154.636,154.463,154.572,0
2024-04-16T17:00:00.000Z,154.573,154.648,154.537,154.581,0
2024-04-16T18:00:00.000Z,154.58,154.784,154.576,154.7,0
2024-04-16T19:00:00.000Z,154.7,154.736,154.571,154.646,0
2024-04-16T20:00:00.000Z,154.647,154.698,154.622,154.628,0
2024-04-16T21:00:00.000Z,154.629,154.73,154.629,154.707,0
2024-04-16T22:00:00.000Z,154.69,154.691,154.631,154.657,0
2024-04-16T23:00:00.000Z,154.664,154.72,154.649,154.681,0
2024-04-17T00:00:00.000Z,154.681,154.72,154.652,154.699,0
2024-04-17T01:00:00.000Z,154.698,154.733,154.61,154.691,0
2024-04-17T02:00:00.000Z,154.692,154.715,154.613,154.684,0
2024-04-17T03:00:00.000Z,154.683,154.693,154.624,154.683,0
2024-04-17T04:00:00.000Z,154.681,154.682,154.601,154.648,0
2024-04-17T05:00:00.000Z,154.646,154.654,154.598,154.647,0
2024-04-17T06:00:00.000Z,154.646,154.677,154.603,154.616,0
2024-04-17T07:00:00.000Z,154.617,154.644,154.454,154.472,0
2024-04-17T08:00:00.000Z,154.472,154.636,154.47,154.61,0
2024-04-17T09:00:00.000Z,154.611,154.646,154.47,154.562,0
2024-04-17T10:00:00.000Z,154.562,154.598,154.495,154.594,0
2024-04-17T11:00:00.000Z,154.592,154.635,154.545,154.626,0
2024-04-17T12:00:00.000Z,154.627,154.659,154.59,154.63,0
2024-04-17T13:00:00.000Z,154.629,154.698,154.605,154.626,0
2024-04-17T14:00:00.000Z,154.628,154.656,154.524,154.648,0
2024-04-17T15:00:00.000Z,154.648,154.71,154.644,154.652,0
2024-04-17T16:00:00.000Z,154.651,154.676,154.581,154.611,0
2024-04-17T17:00:00.000Z,154.612,154.612,154.246,154.274,0
2024-04-17T18:00:00.000Z,154.274,154.442,154.169,154.311,0
2024-04-17T19:00:00.000Z,154.31,154.348,154.157,154.348,0
2024-04-17T20:00:00.000Z,154.347,154.399,154.308,154.333,0
2024-04-17T21:00:00.000Z,154.333,154.403,154.307,154.365,0
2024-04-17T22:00:00.000Z,154.365,154.365,154.312,154.32,0
2024-04-17T23:00:00.000Z,154.323,154.33,154.247,154.274,0
2024-04-18T00:00:00.000Z,154.275,154.366,154.177,154.339,0
2024-04-18T01:00:00.000Z,154.338,154.408,154.25,154.282,0
2024-04-18T02:00:00.000Z,154.283,154.302,154.167,154.219,0
2024-04-18T03:00:00.000Z,154.218,154.249,153.956,154.132,0
2024-04-18T04:00:00.000Z,154.131,154.32,154.11,154.236,0
2024-04-18T05:00:00.000Z,154.237,154.311,154.234,154.294,0
2024-04-18T06:00:00.000Z,154.293,154.353,154.256,154.285,0
2024-04-18T07:00:00.000Z,154.287,154.305,154.066,154.274,0
2024-04-18T08:00:00.000Z,154.275,154.322,154.19,154.266,0
2024-04-18T09:00:00.000Z,154.267,154.368,154.254,154.355,0
2024-04-18T10:00:00.000Z,154.354,154.423,154.336,154.415,0
2024-04-18T11:00:00.000Z,154.415,154.479,154.379,154.447,0
2024-04-18T12:00:00.000Z,154.448,154.51,154.314,154.37,0
2024-04-18T13:00:00.000Z,154.372,154.499,154.317,154.371,0
2024-04-18T14:00:00.000Z,154.369,154.592,154.336,154.52,0
2024-04-18T15:00:00.000Z,154.52,154.64,154.458,154.634,0
2024-04-18T16:00:00.000Z,154.634,154.647,154.568,154.612,0
2024-04-18T17:00:00.000Z,154.611,154.65,154.572,154.619,0
2024-04-18T18:00:00.000Z,154.619,154.679,154.598,154.638,0
2024-04-18T19:00:00.000Z,154.636,154.654,154.549,154.593,0
2024-04-18T20:00:00.000Z,154.593,154.631,154.575,154.619,0
2024-04-18T21:00:00.000Z,154.62,154.678,154.606,154.633,0
2024-04-18T22:00:00.000Z,154.628,154.628,154.596,154.598,0
2024-04-18T23:00:00.000Z,154.599,154.651,154.534,154.642,0
2024-04-19T00:00:00.000Z,154.642,154.644,154.548,154.613,0
2024-04-19T01:00:00.000Z,154.614,154.672,154.546,154.627,0
2024-04-19T02:00:00.000Z,154.629,154.629,153.971,154.235,0
2024-04-19T03:00:00.000Z,154.24,154.246,153.586,153.901,0
2024-04-19T04:00:00.000Z,153.902,154.383,153.901,154.309,0
2024-04-19T05:00:00.000Z,154.31,154.474,154.306,154.32,0
2024-04-19T06:00:00.000Z,154.321,154.424,154.249,154.333,0
2024-04-19T07:00:00.000Z,154.332,154.462,154.208,154.42,0
2024-04-19T08:00:00.000Z,154.421,154.526,154.357,154.474,0
2024-04-19T09:00:00.000Z,154.476,154.485,154.342,154.409,0
2024-04-19T10:00:00.000Z,154.408,154.511,154.398,154.485,0
2024-04-19T11:00:00.000Z,154.485,154.575,154.474,154.528,0
2024-04-19T12:00:00.000Z,154.529,154.607,154.529,154.6,0
2024-04-19T13:00:00.000Z,154.599,154.605,154.494,154.531,0
2024-04-19T14:00:00.000Z,154.533,154.613,154.523,154.579,0
2024-04-19T15:00:00.000Z,154.58,154.631,154.457,154.592,0
2024-04-19T16:00:00.000Z,154.591,154.599,154.465,154.546,0
2024-04-19T17:00:00.000Z,154.548,154.606,154.542,154.578,0
2024-04-19T18:00:00.000Z,154.578,154.626,154.564,154.622,0
2024-04-19T19:00:00.000Z,154.621,154.638,154.55,154.575,0
2024-04-19T20:00:00.000Z,154.575,154.62,154.553,154.603,0
2024-04-19T21:00:00.000Z,154.604,154.653,154.519,154.562,0
2024-04-21T22:00:00.000Z,154.547,154.587,154.387,154.433,0
2024-04-21T23:00:00.000Z,154.478,154.69,154.432,154.632,0
2024-04-22T00:00:00.000Z,154.629,154.652,154.539,154.633,0
2024-04-22T01:00:00.000Z,154.637,154.736,154.608,154.672,0
2024-04-22T02:00:00.000Z,154.673,154.696,154.584,154.619,0
2024-04-22T03:00:00.000Z,154.618,154.705,154.614,154.656,0
2024-04-22T04:00:00.000Z,154.657,154.709,154.656,154.686,0
2024-04-22T05:00:00.000Z,154.685,154.727,154.682,154.714,0
2024-04-22T06:00:00.000Z,154.714,154.742,154.677,154.721,0
2024-04-22T07:00:00.000Z,154.72,154.761,154.657,154.674,0
2024-04-22T08:00:00.000Z,154.674,154.686,154.592,154.656,0
2024-04-22T09:00:00.000Z,154.659,154.731,154.626,154.722,0
2024-04-22T10:00:00.000Z,154.723,154.769,154.701,154.767,0
2024-04-22T11:00:00.000Z,154.767,154.779,154.722,154.754,0
2024-04-22T12:00:00.000Z,154.754,154.778,154.726,154.761,0
2024-04-22T13:00:00.000Z,154.761,154.769,154.682,154.746,0
2024-04-22T14:00:00.000Z,154.747,154.765,154.704,154.739,0
2024-04-22T15:00:00.000Z,154.739,154.775,154.715,154.732,0
2024-04-22T16:00:00.000Z,154.729,154.787,154.716,154.772,0
2024-04-22T17:00:00.000Z,154.773,154.848,154.754,154.797,0
2024-04-22T18:00:00.000Z,154.797,154.813,154.763,154.813,0
2024-04-22T19:00:00.000Z,154.812,154.828,154.781,154.796,0
2024-04-22T20:00:00.000Z,154.797,154.845,154.796,154.833,0
2024-04-22T21:00:00.000Z,154.833,154.844,154.822,154.831,0
2024-04-22T22:00:00.000Z,154.83,154.834,154.801,154.801,0
2024-04-22T23:00:00.000Z,154.807,154.823,154.77,154.808,0
2024-04-23T00:00:00.000Z,154.808,154.839,154.778,154.813,0
2024-04-23T01:00:00.000Z,154.813,154.824,154.7,154.784,0
2024-04-23T02:00:00.000Z,154.784,154.79,154.655,154.726,0
2024-04-23T03:00:00.000Z,154.729,154.77,154.711,154.764,0
2024-04-23T04:00:00.000Z,154.765,154.776,154.723,154.751,0
2024-04-23T05:00:00.000Z,154.751,154.763,154.718,154.738,0
2024-04-23T06:00:00.000Z,154.737,154.793,154.737,154.768,0
2024-04-23T07:00:00.000Z,154.767,154.783,154.715,154.758,0
2024-04-23T08:00:00.000Z,154.758,154.86,154.755,154.821,0
2024-04-23T09:00:00.000Z,154.819,154.862,154.798,154.844,0
2024-04-23T10:00:00.000Z,154.845,154.854,154.805,154.835,0
2024-04-23T11:00:00.000Z,154.835,154.836,154.779,154.798,0
2024-04-23T12:00:00.000Z,154.8,154.822,154.761,154.801,0
2024-04-23T13:00:00.000Z,154.801,154.832,154.767,154.809,0
2024-04-23T14:00:00.000Z,154.809,154.875,154.574,154.641,0
2024-04-23T15:00:00.000Z,154.64,154.802,154.571,154.794,0
2024-04-23T16:00:00.000Z,154.794,154.838,154.768,154.817,0
2024-04-23T17:00:00.000Z,154.815,154.835,154.777,154.823,0
2024-04-23T18:00:00.000Z,154.823,154.83,154.55,154.749,0
2024-04-23T19:00:00.000Z,154.749,154.811,154.71,154.754,0
2024-04-23T20:00:00.000Z,154.753,154.824,154.744,154.821,0
2024-04-23T21:00:00.000Z,154.82,154.835,154.816,154.823,0
2024-04-23T22:00:00.000Z,154.82,154.82,154.761,154.774,0
2024-04-23T23:00:00.000Z,154.774,154.804,154.748,154.779,0
2024-04-24T00:00:00.000Z,154.779,154.783,154.729,154.748,0
2024-04-24T01:00:00.000Z,154.747,154.82,154.739,154.797,0
2024-04-24T02:00:00.000Z,154.797,154.822,154.771,154.796,0
2024-04-24T03:00:00.000Z,154.797,154.816,154.788,154.81,0
2024-04-24T04:00:00.000Z,154.808,154.853,154.8,154.846,0
2024-04-24T05:00:00.000Z,154.848,154.875,154.833,154.839,0
2024-04-24T06:00:00.000Z,154.839,154.883,154.835,154.873,0
2024-04-24T07:00:00.000Z,154.872,154.941,154.862,154.929,0
2024-04-24T08:00:00.000Z,154.929,154.969,154.768,154.901,0
2024-04-24T09:00:00.000Z,154.9,154.925,154.861,154.898,0
2024-04-24T10:00:00.000Z,154.898,154.935,154.869,154.933,0
2024-04-24T11:00:00.000Z,154.934,154.936,154.901,154.932,0
2024-04-24T12:00:00.000Z,154.931,154.944,154.902,154.927,0
2024-04-24T13:00:00.000Z,154.926,155.17,154.763,154.949,0
2024-04-24T14:00:00.000Z,154.948,155.015,154.838,154.984,0
2024-04-24T15:00:00.000Z,154.985,155.107,154.941,155.002,0
2024-04-24T16:00:00.000Z,155.001,155.133,154.971,155.117,0
2024-04-24T17:00:00.000Z,155.117,155.132,155.061,155.112,0
2024-04-24T18:00:00.000Z,155.112,155.372,155.083,155.287,0
2024-04-24T19:00:00.000Z,155.286,155.333,155.24,155.266,0
2024-04-24T20:00:00.000Z,155.265,155.304,155.219,155.297,0
2024-04-24T21:00:00.000Z,155.296,155.37,155.288,155.332,0
2024-04-24T22:00:00.000Z,155.33,155.331,155.205,155.228,0
2024-04-24T23:00:00.000Z,155.228,155.241,155.195,155.224,0
2024-04-25T00:00:00.000Z,155.224,155.274,155.206,155.268,0
2024-04-25T01:00:00.000Z,155.268,155.416,155.243,155.374,0
2024-04-25T02:00:00.000Z,155.375,155.45,155.35,155.392,0
2024-04-25T03:00:00.000Z,155.395,155.442,155.363,155.433,0
2024-04-25T04:00:00.000Z,155.435,155.516,155.417,155.461,0
2024-04-25T05:00:00.000Z,155.46,155.624,155.449,155.588,0
2024-04-25T06:00:00.000Z,155.588,155.739,155.587,155.659,0
2024-04-25T07:00:00.000Z,155.661,155.69,155.604,155.664,0
2024-04-25T08:00:00.000Z,155.667,155.689,155.562,155.628,0
2024-04-25T09:00:00.000Z,155.628,155.691,155.61,155.671,0
2024-04-25T10:00:00.000Z,155.672,155.691,155.629,155.632,0
2024-04-25T11:00:00.000Z,155.632,155.64,155.515,155.543,0
2024-04-25T12:00:00.000Z,155.542,155.576,155.493,155.555,0
2024-04-25T13:00:00.000Z,155.556,155.747,155.305,155.679,0
2024-04-25T14:00:00.000Z,155.679,155.685,155.349,155.649,0
2024-04-25T15:00:00.000Z,155.65,155.683,155.506,155.566,0
2024-04-25T16:00:00.000Z,155.567,155.585,155.497,155.518,0
2024-04-25T17:00:00.000Z,155.522,155.608,155.495,155.51,0
2024-04-25T18:00:00.000Z,155.509,155.611,155.474,155.564,0
2024-04-25T19:00:00.000Z,155.564,155.642,155.53,155.6,0
2024-04-25T20:00:00.000Z,155.601,155.635,155.556,155.63,0
2024-04-25T21:00:00.000Z,155.63,155.651,155.608,155.643,0
2024-04-25T22:00:00.000Z,155.635,155.635,155.508,155.57,0
2024-04-25T23:00:00.000Z,155.578,155.613,155.544,155.569,0
2024-04-26T00:00:00.000Z,155.569,155.639,155.546,155.621,0
2024-04-26T01:00:00.000Z,155.621,155.646,155.571,155.633,0
2024-04-26T02:00:00.000Z,155.632,155.659,155.553,155.592,0
2024-04-26T03:00:00.000Z,155.611,155.629,155.534,155.562,0
2024-04-26T04:00:00.000Z,155.561,156.141,155.41,155.942,0
2024-04-26T05:00:00.000Z,155.943,156.212,155.942,156.195,0
2024-04-26T06:00:00.000Z,156.196,156.213,156.089,156.103,0
2024-04-26T07:00:00.000Z,156.104,156.461,155.908,156.38,0
2024-04-26T08:00:00.000Z,156.377,156.82,156.374,156.701,0
2024-04-26T09:00:00.000Z,156.703,156.706,154.965,156.559,0
2024-04-26T10:00:00.000Z,156.561,156.692,156.459,156.687,0
2024-04-26T11:00:00.000Z,156.687,156.84,156.633,156.818,0
2024-04-26T12:00:00.000Z,156.818,156.865,156.279,156.817,0
2024-04-26T13:00:00.000Z,156.816,156.949,156.606,156.831,0
2024-04-26T14:00:00.000Z,156.83,156.933,156.772,156.931,0
2024-04-26T15:00:00.000Z,156.93,157.31,156.839,157.265,0
2024-04-26T16:00:00.000Z,157.265,157.671,157.208,157.62,0
2024-04-26T17:00:00.000Z,157.62,157.791,157.585,157.647,0
2024-04-26T18:00:00.000Z,157.647,157.79,157.579,157.702,0
2024-04-26T19:00:00.000Z,157.701,157.777,157.696,157.723,0
2024-04-26T20:00:00.000Z,157.721,157.896,157.706,157.889,0
2024-04-26T21:00:00.000Z,157.889,158.439,157.854,158.291,0
2024-04-28T22:00:00.000Z,157.806,157.972,157.703,157.891,0
2024-04-28T23:00:00.000Z,157.897,158.431,157.897,158.223,0
2024-04-29T00:00:00.000Z,158.224,158.335,158.19,158.2,0
2024-04-29T01:00:00.000Z,158.201,158.302,158.048,158.192,0
2024-04-29T02:00:00.000Z,158.191,160.203,158.191,159.164,0
2024-04-29T03:00:00.000Z,159.167,159.472,159.086,159.369,0
2024-04-29T04:00:00.000Z,159.369,159.457,159.303,159.396,0
2024-04-29T05:00:00.000Z,159.396,159.594,155.187,156.292,0
2024-04-29T06:00:00.000Z,156.303,156.938,155.043,156.792,0
2024-04-29T07:00:00.000Z,156.792,157.233,156.67,157.034,0
2024-04-29T08:00:00.000Z,157.029,157.184,154.523,155.561,0
2024-04-29T09:00:00.000Z,155.561,155.945,155.062,155.868,0
2024-04-29T10:00:00.000Z,155.882,155.958,155.455,155.735,0
2024-04-29T11:00:00.000Z,155.735,155.957,155.467,155.884,0
2024-04-29T12:00:00.000Z,155.882,156.383,155.83,156.225,0
2024-04-29T13:00:00.000Z,156.225,156.503,156.091,156.415,0
2024-04-29T14:00:00.000Z,156.417,156.728,156.25,156.711,0
2024-04-29T15:00:00.000Z,156.711,156.891,156.657,156.678,0
2024-04-29T16:00:00.000Z,156.68,156.75,156.578,156.715,0
2024-04-29T17:00:00.000Z,156.713,156.731,155.086,155.846,0
2024-04-29T18:00:00.000Z,155.83,156.167,155.752,156.094,0
2024-04-29T19:00:00.000Z,156.094,156.097,155.572,155.811,0
2024-04-29T20:00:00.000Z,155.81,156.094,155.809,156.037,0
2024-04-29T21:00:00.000Z,156.035,156.363,156.013,156.322,0
2024-04-29T22:00:00.000Z,156.322,156.322,156.138,156.268,0
2024-04-29T23:00:00.000Z,156.268,156.306,156.057,156.267,0
2024-04-30T00:00:00.000Z,156.269,156.387,156.17,156.332,0
2024-04-30T01:00:00.000Z,156.325,156.834,156.166,156.812,0
2024-04-30T02:00:00.000Z,156.811,156.999,156.562,156.855,0
2024-04-30T03:00:00.000Z,156.854,156.891,156.687,156.721,0
2024-04-30T04:00:00.000Z,156.721,156.869,156.706,156.734,0
2024-04-30T05:00:00.000Z,156.733,156.84,156.728,156.754,0
2024-04-30T06:00:00.000Z,156.754,156.829,156.703,156.826,0
2024-04-30T07:00:00.000Z,156.828,156.89,156.712,156.826,0
2024-04-30T08:00:00.000Z,156.825,156.948,156.472,156.864,0
2024-04-30T09:00:00.000Z,156.862,156.978,156.819,156.935,0
2024-04-30T10:00:00.000Z,156.935,156.956,156.874,156.925,0
2024-04-30T11:00:00.000Z,156.924,156.951,156.817,156.919,0
2024-04-30T12:00:00.000Z,156.919,156.955,156.899,156.955,0
2024-04-30T13:00:00.000Z,156.957,157.493,156.809,157.454,0
2024-04-30T14:00:00.000Z,157.454,157.539,157.305,157.423,0
2024-04-30T15:00:00.000Z,157.42,157.462,157.241,157.337,0
2024-04-30T16:00:00.000Z,157.336,157.573,157.311,157.545,0
2024-04-30T17:00:00.000Z,157.54,157.574,157.435,157.46,0
2024-04-30T18:00:00.000Z,157.46,157.642,157.444,157.566,0
2024-04-30T19:00:00.000Z,157.566,157.729,157.548,157.697,0
2024-04-30T20:00:00.000Z,157.697,157.76,157.675,157.707,0
2024-04-30T21:00:00.000Z,157.711,157.842,157.709,157.782,0
2024-04-30T22:00:00.000Z,157.782,157.782,157.633,157.7,0
2024-04-30T23:00:00.000Z,157.698,157.812,157.643,157.703,0
2024-05-01T00:00:00.000Z,157.703,157.751,157.68,157.747,0
2024-05-01T01:00:00.000Z,157.747,157.856,157.685,157.744,0
2024-05-01T02:00:00.000Z,157.743,157.848,157.734,157.801,0
2024-05-01T03:00:00.000Z,157.801,157.893,157.793,157.878,0
2024-05-01T04:00:00.000Z,157.882,157.932,157.84,157.914,0
2024-05-01T05:00:00.000Z,157.915,157.924,157.816,157.857,0
2024-05-01T06:00:00.000Z,157.855,157.918,157.824,157.916,0
2024-05-01T07:00:00.000Z,157.917,157.977,157.851,157.971,0
2024-05-01T08:00:00.000Z,157.971,157.985,157.866,157.88,0
2024-05-01T09:00:00.000Z,157.882,157.981,157.864,157.952,0
2024-05-01T10:00:00.000Z,157.953,157.967,157.898,157.916,0
2024-05-01T11:00:00.000Z,157.915,157.927,157.856,157.909,0
2024-05-01T12:00:00.000Z,157.909,157.91,157.863,157.874,0
2024-05-01T13:00:00.000Z,157.874,157.922,157.762,157.781,0
2024-05-01T14:00:00.000Z,157.779,157.814,157.507,157.594,0
2024-05-01T15:00:00.000Z,157.593,157.715,157.383,157.661,0
2024-05-01T16:00:00.000Z,157.661,157.735,157.586,157.646,0
2024-05-01T17:00:00.000Z,157.648,157.664,157.599,157.617,0
2024-05-01T18:00:00.000Z,157.616,157.668,157.561,157.636,0
2024-05-01T19:00:00.000Z,157.638,157.756,157.002,157.117,0
2024-05-01T20:00:00.000Z,157.116,157.488,157.104,157.477,0
2024-05-01T21:00:00.000Z,157.493,157.585,152.989,154.56,0
2024-05-01T22:00:00.000Z,154.5,155.337,154.224,154.248,0
2024-05-01T23:00:00.000Z,154.178,155.436,154.155,155.431,0
2024-05-02T00:00:00.000Z,155.431,155.756,155.202,155.727,0
2024-05-02T01:00:00.000Z,155.726,156.083,155.652,156.017,0
2024-05-02T02:00:00.000Z,156.015,156.283,155.927,156.082,0
2024-05-02T03:00:00.000Z,156.083,156.144,155.698,155.823,0
2024-05-02T04:00:00.000Z,155.825,156.101,155.785,155.943,0
2024-05-02T05:00:00.000Z,155.942,156.074,155.702,155.827,0
2024-05-02T06:00:00.000Z,155.828,155.89,155.59,155.697,0
2024-05-02T07:00:00.000Z,155.697,155.709,155.163,155.438,0
2024-05-02T08:00:00.000Z,155.437,155.523,155.202,155.498,0
2024-05-02T09:00:00.000Z,155.497,155.553,155.101,155.146,0
2024-05-02T10:00:00.000Z,155.146,155.311,155.021,155.264,0
2024-05-02T11:00:00.000Z,155.263,155.351,155.086,155.094,0
2024-05-02T12:00:00.000Z,155.091,155.172,154.668,154.741,0
2024-05-02T13:00:00.000Z,154.739,154.865,154.402,154.519,0
2024-05-02T14:00:00.000Z,154.518,154.785,154.345,154.4,0
2024-05-02T15:00:00.000Z,154.399,154.546,154.043,154.068,0
2024-05-02T16:00:00.000Z,154.067,154.15,153.472,153.782,0
2024-05-02T17:00:00.000Z,153.782,153.924,153.497,153.767,0
2024-05-02T18:00:00.000Z,153.771,153.811,153.239,153.379,0
2024-05-02T19:00:00.000Z,153.379,153.414,153.057,153.057,0
2024-05-02T20:00:00.000Z,153.056,153.318,153.056,153.188,0
2024-05-02T21:00:00.000Z,153.188,153.821,153.186,153.563,0
2024-05-02T22:00:00.000Z,153.538,153.767,153.512,153.682,0
2024-05-02T23:00:00.000Z,153.681,153.681,153.211,153.271,0
2024-05-03T00:00:00.000Z,153.271,153.297,152.876,153.134,0
2024-05-03T01:00:00.000Z,153.132,153.446,152.932,153.146,0
2024-05-03T02:00:00.000Z,153.146,153.232,152.748,152.841,0
2024-05-03T03:00:00.000Z,152.839,153.064,152.756,153.038,0
2024-05-03T04:00:00.000Z,153.038,153.142,152.937,153.006,0
2024-05-03T05:00:00.000Z,153.005,153.079,152.81,152.914,0
2024-05-03T06:00:00.000Z,152.919,153.063,152.847,152.993,0
2024-05-03T07:00:00.000Z,152.994,153.313,152.893,153.286,0
2024-05-03T08:00:00.000Z,153.284,153.302,153.15,153.298,0
2024-05-03T09:00:00.000Z,153.297,153.332,153.151,153.19,0
2024-05-03T10:00:00.000Z,153.19,153.199,152.95,153.051,0
2024-05-03T11:00:00.000Z,153.05,153.125,153.039,153.097,0
2024-05-03T12:00:00.000Z,153.097,153.236,153.088,153.202,0
2024-05-03T13:00:00.000Z,153.199,153.306,151.857,152.199,0
2024-05-03T14:00:00.000Z,152.206,152.629,152.169,152.511,0
2024-05-03T15:00:00.000Z,152.435,153.073,152.141,152.893,0
2024-05-03T16:00:00.000Z,152.891,152.956,152.736,152.857,0
2024-05-03T17:00:00.000Z,152.854,152.902,152.749,152.874,0
2024-05-03T18:00:00.000Z,152.874,152.957,152.841,152.901,0
2024-05-03T19:00:00.000Z,152.9,152.981,152.895,152.935,0
2024-05-03T20:00:00.000Z,152.936,152.959,152.842,152.889,0
2024-05-03T21:00:00.000Z,152.888,153.008,152.848,153.008,0
2024-05-05T22:00:00.000Z,152.886,152.906,152.764,152.784,0
2024-05-05T23:00:00.000Z,152.808,153.244,152.808,153.227,0
2024-05-06T00:00:00.000Z,153.232,153.703,153.121,153.655,0
2024-05-06T01:00:00.000Z,153.658,153.755,153.318,153.411,0
2024-05-06T02:00:00.000Z,153.411,153.647,153.339,153.564,0
2024-05-06T03:00:00.000Z,153.563,153.812,153.552,153.76,0
2024-05-06T04:00:00.000Z,153.76,153.969,153.74,153.918,0
2024-05-06T05:00:00.000Z,153.924,154.005,153.847,153.929,0
2024-05-06T06:00:00.000Z,153.93,153.976,153.872,153.924,0
2024-05-06T07:00:00.000Z,153.922,153.945,153.684,153.687,0
2024-05-06T08:00:00.000Z,153.689,153.823,153.659,153.802,0
2024-05-06T09:00:00.000Z,153.801,153.878,153.684,153.729,0
2024-05-06T10:00:00.000Z,153.728,153.843,153.707,153.781,0
2024-05-06T11:00:00.000Z,153.78,153.825,153.683,153.809,0
2024-05-06T12:00:00.000Z,153.81,153.818,153.742,153.75,0
2024-05-06T13:00:00.000Z,153.75,153.791,153.411,153.52,0
2024-05-06T14:00:00.000Z,153.519,153.808,153.499,153.785,0
2024-05-06T15:00:00.000Z,153.786,153.964,153.673,153.926,0
2024-05-06T16:00:00.000Z,153.926,154.001,153.848,153.855,0
2024-05-06T17:00:00.000Z,153.856,153.963,153.835,153.904,0
2024-05-06T18:00:00.000Z,153.904,153.931,153.817,153.907,0
2024-05-06T19:00:00.000Z,153.906,153.963,153.87,153.907,0
2024-05-06T20:00:00.000Z,153.907,153.963,153.884,153.938,0
2024-05-06T21:00:00.000Z,153.936,153.948,153.864,153.902,0
2024-05-06T22:00:00.000Z,153.886,153.894,153.843,153.863,0
2024-05-06T23:00:00.000Z,153.863,153.959,153.856,153.954,0
2024-05-07T00:00:00.000Z,153.953,154.281,153.953,154.239,0
2024-05-07T01:00:00.000Z,154.239,154.288,153.88,153.938,0
2024-05-07T02:00:00.000Z,153.939,154.436,153.87,154.359,0
2024-05-07T03:00:00.000Z,154.358,154.592,154.349,154.549,0
2024-05-07T04:00:00.000Z,154.549,154.572,154.461,154.55,0
2024-05-07T05:00:00.000Z,154.551,154.649,154.423,154.477,0
2024-05-07T06:00:00.000Z,154.476,154.551,154.381,154.543,0
2024-05-07T07:00:00.000Z,154.539,154.577,154.321,154.35,0
2024-05-07T08:00:00.000Z,154.35,154.44,154.079,154.113,0
2024-05-07T09:00:00.000Z,154.114,154.432,153.976,154.401,0
2024-05-07T10:00:00.000Z,154.401,154.615,154.392,154.559,0
2024-05-07T11:00:00.000Z,154.56,154.63,154.472,154.477,0
2024-05-07T12:00:00.000Z,154.476,154.56,154.378,154.525,0
2024-05-07T13:00:00.000Z,154.525,154.629,154.392,154.409,0
2024-05-07T14:00:00.000Z,154.411,154.488,154.248,154.401,0
2024-05-07T15:00:00.000Z,154.401,154.467,154.236,154.422,0
2024-05-07T16:00:00.000Z,154.421,154.594,154.361,154.592,0
2024-05-07T17:00:00.000Z,154.588,154.591,154.481,154.503,0
2024-05-07T18:00:00.000Z,154.501,154.672,154.458,154.647,0
2024-05-07T19:00:00.000Z,154.647,154.746,154.647,154.741,0
2024-05-07T20:00:00.000Z,154.743,154.743,154.627,154.635,0
2024-05-07T21:00:00.000Z,154.635,154.706,154.635,154.679,0
2024-05-07T22:00:00.000Z,154.669,154.673,154.496,154.589,0
2024-05-07T23:00:00.000Z,154.59,154.74,154.59,154.739,0
2024-05-08T00:00:00.000Z,154.739,154.84,154.731,154.771,0
2024-05-08T01:00:00.000Z,154.771,154.925,154.688,154.893,0
2024-05-08T02:00:00.000Z,154.894,155.183,154.883,155.135,0
2024-05-08T03:00:00.000Z,155.139,155.263,155.094,155.165,0
2024-05-08T04:00:00.000Z,155.167,155.219,155.07,155.162,0
2024-05-08T05:00:00.000Z,155.161,155.204,155.081,155.173,0
2024-05-08T06:00:00.000Z,155.173,155.26,155.158,155.172,0
2024-05-08T07:00:00.000Z,155.17,155.277,155.114,155.261,0
2024-05-08T08:00:00.000Z,155.26,155.36,155.202,155.327,0
2024-05-08T09:00:00.000Z,155.327,155.449,155.21,155.431,0
2024-05-08T10:00:00.000Z,155.432,155.51,155.279,155.392,0
2024-05-08T11:00:00.000Z,155.391,155.43,155.333,155.378,0
2024-05-08T12:00:00.000Z,155.378,155.516,155.353,155.491,0
2024-05-08T13:00:00.000Z,155.492,155.683,155.488,155.611,0
2024-05-08T14:00:00.000Z,155.608,155.651,155.504,155.637,0
2024-05-08T15:00:00.000Z,155.639,155.643,155.505,155.592,0
2024-05-08T16:00:00.000Z,155.59,155.621,155.341,155.424,0
2024-05-08T17:00:00.000Z,155.426,155.561,155.419,155.547,0
2024-05-08T18:00:00.000Z,155.544,155.601,155.51,155.546,0
2024-05-08T19:00:00.000Z,155.546,155.626,155.544,155.613,0
2024-05-08T20:00:00.000Z,155.612,155.658,155.605,155.633,0
2024-05-08T21:00:00.000Z,155.632,155.644,155.467,155.467,0
2024-05-08T22:00:00.000Z,155.467,155.544,155.419,155.482,0
2024-05-08T23:00:00.000Z,155.499,155.594,155.484,155.585,0
2024-05-09T00:00:00.000Z,155.583,155.595,155.346,155.376,0
2024-05-09T01:00:00.000Z,155.375,155.694,155.152,155.623,0
2024-05-09T02:00:00.000Z,155.624,155.665,155.431,155.577,0
2024-05-09T03:00:00.000Z,155.579,155.616,155.536,155.596,0
2024-05-09T04:00:00.000Z,155.596,155.618,155.511,155.552,0
2024-05-09T05:00:00.000Z,155.553,155.605,155.538,155.573,0
2024-05-09T06:00:00.000Z,155.572,155.653,155.541,155.623,0
2024-05-09T07:00:00.000Z,155.625,155.821,155.621,155.756,0
2024-05-09T08:00:00.000Z,155.756,155.846,155.712,155.837,0
2024-05-09T09:00:00.000Z,155.837,155.873,155.796,155.848,0
2024-05-09T10:00:00.000Z,155.849,155.951,155.843,155.912,0
2024-05-09T11:00:00.000Z,155.912,155.942,155.88,155.917,0
2024-05-09T12:00:00.000Z,155.918,155.947,155.82,155.879,0
2024-05-09T13:00:00.000Z,155.877,155.917,155.517,155.701,0
2024-05-09T14:00:00.000Z,155.702,155.797,155.569,155.645,0
2024-05-09T15:00:00.000Z,155.645,155.663,155.43,155.56,0
2024-05-09T16:00:00.000Z,155.558,155.728,155.503,155.683,0
2024-05-09T17:00:00.000Z,155.682,155.709,155.596,155.629,0
2024-05-09T18:00:00.000Z,155.63,155.642,155.508,155.554,0
2024-05-09T19:00:00.000Z,155.558,155.571,155.425,155.442,0
2024-05-09T20:00:00.000Z,155.444,155.497,155.409,155.427,0
2024-05-09T21:00:00.000Z,155.426,155.485,155.4,155.436,0
2024-05-09T22:00:00.000Z,155.434,155.487,155.434,155.469,0
2024-05-09T23:00:00.000Z,155.468,155.471,155.298,155.354,0
2024-05-10T00:00:00.000Z,155.355,155.403,155.264,155.394,0
2024-05-10T01:00:00.000Z,155.396,155.605,155.358,155.532,0
2024-05-10T02:00:00.000Z,155.532,155.689,155.46,155.684,0
2024-05-10T03:00:00.000Z,155.685,155.772,155.663,155.757,0
2024-05-10T04:00:00.000Z,155.758,155.758,155.686,155.731,0
2024-05-10T05:00:00.000Z,155.729,155.735,155.655,155.673,0
2024-05-10T06:00:00.000Z,155.674,155.682,155.573,155.625,0
2024-05-10T07:00:00.000Z,155.626,155.711,155.497,155.671,0
2024-05-10T08:00:00.000Z,155.672,155.779,155.65,155.687,0
2024-05-10T09:00:00.000Z,155.686,155.733,155.621,155.718,0
2024-05-10T10:00:00.000Z,155.717,155.748,155.663,155.711,0
2024-05-10T11:00:00.000Z,155.71,155.764,155.691,155.746,0
2024-05-10T12:00:00.000Z,155.745,155.775,155.679,155.741,0
2024-05-10T13:00:00.000Z,155.74,155.871,155.708,155.825,0
2024-05-10T14:00:00.000Z,155.824,155.849,155.601,155.63,0
2024-05-10T15:00:00.000Z,155.633,155.903,155.62,155.872,0
2024-05-10T16:00:00.000Z,155.871,155.895,155.824,155.853,0
2024-05-10T17:00:00.000Z,155.853,155.895,155.769,155.828,0
2024-05-10T18:00:00.000Z,155.826,155.842,155.751,155.84,0
2024-05-10T19:00:00.000Z,155.842,155.885,155.836,155.849,0
2024-05-10T20:00:00.000Z,155.845,155.847,155.763,155.774,0
2024-05-10T21:00:00.000Z,155.773,155.802,155.733,155.761,0
2024-05-12T22:00:00.000Z,155.629,155.697,155.629,155.656,0
2024-05-12T23:00:00.000Z,155.656,155.782,155.656,155.776,0
2024-05-13T00:00:00.000Z,155.777,155.833,155.757,155.83,0
2024-05-13T01:00:00.000Z,155.83,155.955,155.816,155.929,0
2024-05-13T02:00:00.000Z,155.927,155.952,155.502,155.835,0
2024-05-13T03:00:00.000Z,155.836,155.892,155.697,155.742,0
2024-05-13T04:00:00.000Z,155.744,155.814,155.713,155.759,0
2024-05-13T05:00:00.000Z,155.761,155.806,155.754,155.803,0
2024-05-13T06:00:00.000Z,155.804,155.867,155.765,155.844,0
2024-05-13T07:00:00.000Z,155.839,155.925,155.774,155.845,0
2024-05-13T08:00:00.000Z,155.845,155.895,155.778,155.882,0
2024-05-13T09:00:00.000Z,155.883,155.917,155.825,155.873,0
2024-05-13T10:00:00.000Z,155.874,155.892,155.835,155.891,0
2024-05-13T11:00:00.000Z,155.89,155.896,155.837,155.876,0
2024-05-13T12:00:00.000Z,155.878,155.893,155.845,155.878,0
2024-05-13T13:00:00.000Z,155.879,155.879,155.715,155.756,0
2024-05-13T14:00:00.000Z,155.755,155.863,155.684,155.839,0
2024-05-13T15:00:00.000Z,155.839,155.933,155.835,155.918,0
2024-05-13T16:00:00.000Z,155.916,156.222,155.874,156.175,0
2024-05-13T17:00:00.000Z,156.175,156.224,156.113,156.218,0
2024-05-13T18:00:00.000Z,156.219,156.247,156.205,156.228,0
2024-05-13T19:00:00.000Z,156.214,156.24,156.167,156.199,0
2024-05-13T20:00:00.000Z,156.2,156.232,156.184,156.214,0
2024-05-13T21:00:00.000Z,156.219,156.24,156.189,156.195,0
2024-05-13T22:00:00.000Z,156.195,156.225,156.088,156.193,0
2024-05-13T23:00:00.000Z,156.194,156.241,156.174,156.224,0
2024-05-14T00:00:00.000Z,156.225,156.24,156.182,156.228,0
2024-05-14T01:00:00.000Z,156.228,156.398,156.223,156.296,0
2024-05-14T02:00:00.000Z,156.294,156.458,156.292,156.421,0
2024-05-14T03:00:00.000Z,156.423,156.496,156.42,156.445,0
2024-05-14T04:00:00.000Z,156.445,156.451,156.375,156.411,0
2024-05-14T05:00:00.000Z,156.414,156.434,156.374,156.41,0
2024-05-14T06:00:00.000Z,156.411,156.446,156.393,156.417,0
2024-05-14T07:00:00.000Z,156.418,156.542,156.406,156.452,0
2024-05-14T08:00:00.000Z,156.451,156.505,156.423,156.462,0
2024-05-14T09:00:00.000Z,156.462,156.49,156.408,156.455,0
2024-05-14T10:00:00.000Z,156.455,156.469,156.286,156.351,0
2024-05-14T11:00:00.000Z,156.351,156.435,156.346,156.428,0
2024-05-14T12:00:00.000Z,156.428,156.462,156.406,156.451,0
2024-05-14T13:00:00.000Z,156.45,156.783,156.404,156.581,0
2024-05-14T14:00:00.000Z,156.582,156.655,156.229,156.351,0
2024-05-14T15:00:00.000Z,156.352,156.519,156.28,156.392,0
2024-05-14T16:00:00.000Z,156.393,156.511,156.373,156.504,0
2024-05-14T17:00:00.000Z,156.504,156.542,156.45,156.482,0
2024-05-14T18:00:00.000Z,156.478,156.515,156.428,156.505,0
2024-05-14T19:00:00.000Z,156.504,156.509,156.382,156.435,0
2024-05-14T20:00:00.000Z,156.435,156.473,156.406,156.462,0
2024-05-14T21:00:00.000Z,156.461,156.465,156.403,156.403,0
2024-05-14T22:00:00.000Z,156.403,156.434,156.391,156.417,0
2024-05-14T23:00:00.000Z,156.418,156.48,156.391,156.434,0
2024-05-15T00:00:00.000Z,156.434,156.524,156.423,156.521,0
2024-05-15T01:00:00.000Z,156.521,156.56,156.384,156.389,0
2024-05-15T02:00:00.000Z,156.387,156.446,156.306,156.385,0
2024-05-15T03:00:00.000Z,156.385,156.478,156.385,156.46,0
2024-05-15T04:00:00.000Z,156.461,156.463,156.386,156.395,0
2024-05-15T05:00:00.000Z,156.393,156.395,156.342,156.358,0
2024-05-15T06:00:00.000Z,156.358,156.364,156.172,156.235,0
2024-05-15T07:00:00.000Z,156.236,156.39,156.226,156.255,0
2024-05-15T08:00:00.000Z,156.255,156.284,155.959,156.097,0
2024-05-15T09:00:00.000Z,156.098,156.121,155.573,155.649,0
2024-05-15T10:00:00.000Z,155.647,155.846,155.601,155.828,0
2024-05-15T11:00:00.000Z,155.828,155.879,155.7,155.737,0
2024-05-15T12:00:00.000Z,155.735,155.756,155.572,155.674,0
2024-05-15T13:00:00.000Z,155.675,155.687,154.75,155.116,0
2024-05-15T14:00:00.000Z,155.118,155.802,155.026,155.738,0
2024-05-15T15:00:00.000Z,155.741,155.761,155.294,155.312,0
2024-05-15T16:00:00.000Z,155.312,155.35,154.74,155.024,0
2024-05-15T17:00:00.000Z,155.024,155.127,154.833,154.98,0
2024-05-15T18:00:00.000Z,154.981,155.004,154.69,154.746,0
2024-05-15T19:00:00.000Z,154.745,155.025,154.731,154.908,0
2024-05-15T20:00:00.000Z,154.906,155.02,154.863,154.967,0
2024-05-15T21:00:00.000Z,154.968,154.969,154.823,154.863,0
2024-05-15T22:00:00.000Z,154.862,154.862,154.73,154.768,0
2024-05-15T23:00:00.000Z,154.773,154.804,154.502,154.557,0
2024-05-16T00:00:00.000Z,154.556,154.677,154.151,154.3,0
2024-05-16T01:00:00.000Z,154.301,154.534,153.598,153.66,0
2024-05-16T02:00:00.000Z,153.66,154.123,153.626,154.095,0
2024-05-16T03:00:00.000Z,154.095,154.311,153.829,154.005,0
2024-05-16T04:00:00.000Z,154.006,154.081,153.892,153.97,0
2024-05-16T05:00:00.000Z,153.969,154.05,153.802,153.935,0
2024-05-16T06:00:00.000Z,153.933,154.193,153.848,154.175,0
2024-05-16T07:00:00.000Z,154.175,154.379,154.111,154.363,0
2024-05-16T08:00:00.000Z,154.36,154.449,154.277,154.414,0
2024-05-16T09:00:00.000Z,154.416,154.81,154.334,154.712,0
2024-05-16T10:00:00.000Z,154.713,154.784,154.634,154.673,0
2024-05-16T11:00:00.000Z,154.675,154.738,154.61,154.672,0
2024-05-16T12:00:00.000Z,154.672,154.942,154.653,154.877,0
2024-05-16T13:00:00.000Z,154.876,155.336,154.608,155.307,0
2024-05-16T14:00:00.000Z,155.309,155.532,155.261,155.463,0
2024-05-16T15:00:00.000Z,155.463,155.491,155.226,155.301,0
2024-05-16T16:00:00.000Z,155.301,155.327,155.159,155.255,0
2024-05-16T17:00:00.000Z,155.256,155.355,155.238,155.265,0
2024-05-16T18:00:00.000Z,155.263,155.297,155.211,155.252,0
2024-05-16T19:00:00.000Z,155.251,155.332,155.237,155.327,0
2024-05-16T20:00:00.000Z,155.328,155.422,155.313,155.417,0
2024-05-16T21:00:00.000Z,155.417,155.432,155.356,155.363,0
2024-05-16T22:00:00.000Z,155.363,155.381,155.332,155.343,0
2024-05-16T23:00:00.000Z,155.342,155.43,155.313,155.382,0
2024-05-17T00:00:00.000Z,155.381,155.454,155.345,155.399,0
2024-05-17T01:00:00.000Z,155.397,155.589,155.348,155.445,0
2024-05-17T02:00:00.000Z,155.445,155.868,155.417,155.819,0
2024-05-17T03:00:00.000Z,155.818,155.927,155.777,155.873,0
2024-05-17T04:00:00.000Z,155.873,155.899,155.777,155.792,0
2024-05-17T05:00:00.000Z,155.793,155.851,155.731,155.807,0
2024-05-17T06:00:00.000Z,155.801,155.849,155.714,155.797,0
2024-05-17T07:00:00.000Z,155.799,155.801,155.595,155.646,0
2024-05-17T08:00:00.000Z,155.65,155.837,155.622,155.822,0
2024-05-17T09:00:00.000Z,155.823,155.977,155.817,155.864,0
2024-05-17T10:00:00.000Z,155.865,155.908,155.78,155.836,0
2024-05-17T11:00:00.000Z,155.839,155.906,155.803,155.838,0
2024-05-17T12:00:00.000Z,155.839,155.917,155.825,155.854,0
2024-05-17T13:00:00.000Z,155.853,155.892,155.711,155.786,0
2024-05-17T14:00:00.000Z,155.786,155.797,155.68,155.742,0
2024-05-17T15:00:00.000Z,155.739,155.745,155.342,155.403,0
2024-05-17T16:00:00.000Z,155.404,155.577,155.247,155.576,0
2024-05-17T17:00:00.000Z,155.575,155.633,155.465,155.623,0
2024-05-17T18:00:00.000Z,155.623,155.687,155.582,155.667,0
2024-05-17T19:00:00.000Z,155.664,155.684,155.608,155.675,0
2024-05-17T20:00:00.000Z,155.675,155.693,155.619,155.672,0
2024-05-17T21:00:00.000Z,155.674,155.722,155.572,155.603,0
2024-05-19T22:00:00.000Z,155.534,155.678,155.525,155.613,0
2024-05-19T23:00:00.000Z,155.613,155.722,155.555,155.695,0
2024-05-20T00:00:00.000Z,155.695,155.819,155.686,155.763,0
2024-05-20T01:00:00.000Z,155.763,155.877,155.732,155.871,0
2024-05-20T02:00:00.000Z,155.872,155.935,155.8,155.866,0
2024-05-20T03:00:00.000Z,155.863,155.893,155.777,155.813,0
2024-05-20T04:00:00.000Z,155.814,155.834,155.679,155.721,0
2024-05-20T05:00:00.000Z,155.721,155.784,155.665,155.77,0
2024-05-20T06:00:00.000Z,155.765,155.798,155.64,155.702,0
2024-05-20T07:00:00.000Z,155.703,155.783,155.66,155.741,0
2024-05-20T08:00:00.000Z,155.741,155.76,155.493,155.732,0
2024-05-20T09:00:00.000Z,155.733,155.785,155.654,155.682,0
2024-05-20T10:00:00.000Z,155.682,155.709,155.634,155.709,0
2024-05-20T11:00:00.000Z,155.71,155.726,155.656,155.703,0
2024-05-20T12:00:00.000Z,155.703,155.758,155.696,155.745,0
2024-05-20T13:00:00.000Z,155.746,156.231,155.731,156.15,0
2024-05-20T14:00:00.000Z,156.151,156.184,156.042,156.081,0
2024-05-20T15:00:00.000Z,156.082,156.182,155.996,156.066,0
2024-05-20T16:00:00.000Z,156.066,156.154,156.055,156.094,0
2024-05-20T17:00:00.000Z,156.094,156.114,156.069,156.106,0
2024-05-20T18:00:00.000Z,156.106,156.177,156.048,156.176,0
2024-05-20T19:00:00.000Z,156.175,156.269,156.165,156.268,0
2024-05-20T20:00:00.000Z,156.27,156.301,156.244,156.289,0
2024-05-20T21:00:00.000Z,156.29,156.298,156.231,156.239,0
2024-05-20T22:00:00.000Z,156.234,156.234,156.152,156.211,0
2024-05-20T23:00:00.000Z,156.212,156.288,156.204,156.263,0
2024-05-21T00:00:00.000Z,156.263,156.402,156.26,156.401,0
2024-05-21T01:00:00.000Z,156.4,156.465,156.34,156.425,0
2024-05-21T02:00:00.000Z,156.429,156.492,156.418,156.479,0
2024-05-21T03:00:00.000Z,156.48,156.496,156.394,156.433,0
2024-05-21T04:00:00.000Z,156.431,156.491,156.406,156.475,0
2024-05-21T05:00:00.000Z,156.477,156.545,156.405,156.447,0
2024-05-21T06:00:00.000Z,156.446,156.47,156.295,156.376,0
2024-05-21T07:00:00.000Z,156.375,156.376,156.103,156.245,0
2024-05-21T08:00:00.000Z,156.247,156.273,156.028,156.232,0
2024-05-21T09:00:00.000Z,156.232,156.293,156.135,156.257,0
2024-05-21T10:00:00.000Z,156.257,156.276,156.083,156.118,0
2024-05-21T11:00:00.000Z,156.117,156.246,156.1,156.218,0
2024-05-21T12:00:00.000Z,156.217,156.321,156.209,156.225,0
2024-05-21T13:00:00.000Z,156.226,156.393,156.188,156.241,0
2024-05-21T14:00:00.000Z,156.242,156.432,155.955,156.049,0
2024-05-21T15:00:00.000Z,156.049,156.147,155.841,155.945,0
2024-05-21T16:00:00.000Z,155.947,156.146,155.947,156.081,0
2024-05-21T17:00:00.000Z,156.081,156.186,156.07,156.122,0
2024-05-21T18:00:00.000Z,156.119,156.25,156.106,156.219,0
2024-05-21T19:00:00.000Z,156.219,156.247,156.174,156.213,0
2024-05-21T20:00:00.000Z,156.214,156.25,156.135,156.168,0
2024-05-21T21:00:00.000Z,156.168,156.214,156.147,156.147,0
2024-05-21T22:00:00.000Z,156.147,156.162,156.07,156.127,0
2024-05-21T23:00:00.000Z,156.12,156.182,156.114,156.176,0
2024-05-22T00:00:00.000Z,156.18,156.288,156.175,156.271,0
2024-05-22T01:00:00.000Z,156.271,156.287,156.139,156.272,0
2024-05-22T02:00:00.000Z,156.271,156.349,156.248,156.254,0
2024-05-22T03:00:00.000Z,156.254,156.305,156.205,156.299,0
2024-05-22T04:00:00.000Z,156.298,156.321,156.275,156.31,0
2024-05-22T05:00:00.000Z,156.312,156.387,156.293,156.353,0
2024-05-22T06:00:00.000Z,156.351,156.383,156.282,156.296,0
2024-05-22T07:00:00.000Z,156.296,156.471,156.284,156.375,0
2024-05-22T08:00:00.000Z,156.376,156.459,156.375,156.401,0
2024-05-22T09:00:00.000Z,156.399,156.508,156.382,156.476,0
2024-05-22T10:00:00.000Z,156.477,156.516,156.412,156.437,0
2024-05-22T11:00:00.000Z,156.438,156.468,156.389,156.424,0
2024-05-22T12:00:00.000Z,156.423,156.615,156.411,156.583,0
2024-05-22T13:00:00.000Z,156.583,156.601,156.508,156.542,0
2024-05-22T14:00:00.000Z,156.544,156.547,156.347,156.432,0
2024-05-22T15:00:00.000Z,156.431,156.546,156.376,156.521,0
2024-05-22T16:00:00.000Z,156.521,156.556,156.465,156.5,0
2024-05-22T17:00:00.000Z,156.501,156.519,156.457,156.49,0
2024-05-22T18:00:00.000Z,156.49,156.545,156.445,156.478,0
2024-05-22T19:00:00.000Z,156.48,156.637,156.48,156.632,0
2024-05-22T20:00:00.000Z,156.633,156.724,156.628,156.706,0
2024-05-22T21:00:00.000Z,156.706,156.84,156.705,156.769,0
2024-05-22T22:00:00.000Z,156.769,156.769,156.658,156.668,0
2024-05-22T23:00:00.000Z,156.667,156.787,156.654,156.743,0
2024-05-23T00:00:00.000Z,156.743,156.761,156.656,156.732,0
2024-05-23T01:00:00.000Z,156.733,156.828,156.684,156.799,0
2024-05-23T02:00:00.000Z,156.797,156.902,156.736,156.744,0
2024-05-23T03:00:00.000Z,156.743,156.798,156.644,156.732,0
2024-05-23T04:00:00.000Z,156.738,156.788,156.717,156.758,0
2024-05-23T05:00:00.000Z,156.759,156.786,156.691,156.716,0
2024-05-23T06:00:00.000Z,156.717,156.748,156.668,156.722,0
2024-05-23T07:00:00.000Z,156.721,156.746,156.576,156.645,0
2024-05-23T08:00:00.000Z,156.645,156.777,156.556,156.756,0
2024-05-23T09:00:00.000Z,156.757,156.791,156.709,156.756,0
2024-05-23T10:00:00.000Z,156.757,156.783,156.645,156.666,0
2024-05-23T11:00:00.000Z,156.665,156.727,156.636,156.708,0
2024-05-23T12:00:00.000Z,156.709,156.724,156.557,156.586,0
2024-05-23T13:00:00.000Z,156.585,156.757,156.528,156.751,0
2024-05-23T14:00:00.000Z,156.751,157.138,156.672,157.089,0
2024-05-23T15:00:00.000Z,157.085,157.194,156.535,156.993,0
2024-05-23T16:00:00.000Z,156.992,157.141,156.98,157.055,0
2024-05-23T17:00:00.000Z,157.055,157.071,156.961,157.046,0
2024-05-23T18:00:00.000Z,157.047,157.064,156.935,156.942,0
2024-05-23T19:00:00.000Z,156.941,156.962,156.826,156.894,0
2024-05-23T20:00:00.000Z,156.898,156.935,156.857,156.876,0
2024-05-23T21:00:00.000Z,156.877,156.975,156.857,156.88,0
2024-05-23T22:00:00.000Z,156.879,157,156.871,156.955,0
2024-05-23T23:00:00.000Z,156.952,157.011,156.92,157.005,0
2024-05-24T00:00:00.000Z,157.006,157.007,156.92,156.991,0
2024-05-24T01:00:00.000Z,156.991,157.135,156.92,157.036,0
2024-05-24T02:00:00.000Z,157.035,157.105,156.992,157.099,0
2024-05-24T03:00:00.000Z,157.098,157.145,157.061,157.062,0
2024-05-24T04:00:00.000Z,157.064,157.096,157.043,157.054,0
2024-05-24T05:00:00.000Z,157.054,157.091,157.018,157.079,0
2024-05-24T06:00:00.000Z,157.078,157.117,157.04,157.078,0
2024-05-24T07:00:00.000Z,157.08,157.092,156.996,157.037,0
2024-05-24T08:00:00.000Z,157.038,157.068,157.016,157.056,0
2024-05-24T09:00:00.000Z,157.053,157.088,157.003,157.025,0
2024-05-24T10:00:00.000Z,157.027,157.032,156.967,157.017,0
2024-05-24T11:00:00.000Z,157.016,157.032,156.932,156.979,0
2024-05-24T12:00:00.000Z,156.977,157.045,156.956,157.029,0
2024-05-24T13:00:00.000Z,157.028,157.126,157.004,157.073,0
2024-05-24T14:00:00.000Z,157.074,157.127,157.029,157.072,0
2024-05-24T15:00:00.000Z,157.057,157.061,156.912,156.987,0
2024-05-24T16:00:00.000Z,156.987,156.992,156.846,156.903,0
2024-05-24T17:00:00.000Z,156.905,156.934,156.82,156.913,0
2024-05-24T18:00:00.000Z,156.914,156.966,156.881,156.955,0
2024-05-24T19:00:00.000Z,156.954,156.988,156.909,156.977,0
2024-05-24T20:00:00.000Z,156.977,156.994,156.928,156.93,0
2024-05-24T21:00:00.000Z,156.93,156.986,156.902,156.943,0
2024-05-26T22:00:00.000Z,156.806,156.944,156.806,156.868,0
2024-05-26T23:00:00.000Z,156.908,156.943,156.787,156.855,0
2024-05-27T00:00:00.000Z,156.856,156.914,156.82,156.866,0
2024-05-27T01:00:00.000Z,156.867,156.926,156.75,156.83,0
2024-05-27T02:00:00.000Z,156.831,156.846,156.678,156.806,0
2024-05-27T03:00:00.000Z,156.805,156.805,156.689,156.726,0
2024-05-27T04:00:00.000Z,156.727,156.767,156.661,156.703,0
2024-05-27T05:00:00.000Z,156.702,156.778,156.687,156.769,0
2024-05-27T06:00:00.000Z,156.771,156.797,156.726,156.76,0
2024-05-27T07:00:00.000Z,156.761,156.842,156.747,156.821,0
2024-05-27T08:00:00.000Z,156.82,156.956,156.82,156.909,0
2024-05-27T09:00:00.000Z,156.909,156.948,156.865,156.947,0
2024-05-27T10:00:00.000Z,156.948,156.949,156.878,156.892,0
2024-05-27T11:00:00.000Z,156.892,156.892,156.844,156.857,0
2024-05-27T12:00:00.000Z,156.858,156.892,156.819,156.877,0
2024-05-27T13:00:00.000Z,156.878,156.893,156.818,156.821,0
2024-05-27T14:00:00.000Z,156.821,156.832,156.758,156.818,0
2024-05-27T15:00:00.000Z,156.816,156.829,156.722,156.722,0
2024-05-27T16:00:00.000Z,156.722,156.872,156.705,156.866,0
2024-05-27T17:00:00.000Z,156.867,156.913,156.856,156.895,0
2024-05-27T18:00:00.000Z,156.897,156.911,156.863,156.868,0
2024-05-27T19:00:00.000Z,156.867,156.875,156.843,156.868,0
2024-05-27T20:00:00.000Z,156.868,156.879,156.843,156.879,0
2024-05-27T21:00:00.000Z,156.881,156.929,156.81,156.811,0
2024-05-27T22:00:00.000Z,156.83,156.88,156.797,156.854,0
2024-05-27T23:00:00.000Z,156.855,156.947,156.842,156.921,0
2024-05-28T00:00:00.000Z,156.919,156.943,156.832,156.836,0
2024-05-28T01:00:00.000Z,156.838,156.898,156.779,156.895,0
2024-05-28T02:00:00.000Z,156.896,156.928,156.733,156.779,0
2024-05-28T03:00:00.000Z,156.787,156.792,156.689,156.755,0
2024-05-28T04:00:00.000Z,156.752,156.768,156.623,156.657,0
2024-05-28T05:00:00.000Z,156.656,156.721,156.618,156.686,0
2024-05-28T06:00:00.000Z,156.686,156.869,156.654,156.833,0
2024-05-28T07:00:00.000Z,156.837,156.893,156.785,156.883,0
2024-05-28T08:00:00.000Z,156.884,156.921,156.843,156.893,0
2024-05-28T09:00:00.000Z,156.892,156.954,156.857,156.869,0
2024-05-28T10:00:00.000Z,156.868,156.992,156.868,156.942,0
2024-05-28T11:00:00.000Z,156.941,156.947,156.819,156.863,0
2024-05-28T12:00:00.000Z,156.863,156.887,156.772,156.8,0
2024-05-28T13:00:00.000Z,156.801,156.801,156.654,156.677,0
2024-05-28T14:00:00.000Z,156.684,156.844,156.579,156.812,0
2024-05-28T15:00:00.000Z,156.813,156.959,156.813,156.865,0
2024-05-28T16:00:00.000Z,156.866,156.955,156.829,156.904,0
2024-05-28T17:00:00.000Z,156.906,156.997,156.875,156.966,0
2024-05-28T18:00:00.000Z,156.966,157.126,156.964,157.095,0
2024-05-28T19:00:00.000Z,157.095,157.155,157.086,157.154,0
2024-05-28T20:00:00.000Z,157.153,157.156,157.105,157.137,0
2024-05-28T21:00:00.000Z,157.137,157.198,157.129,157.138,0
2024-05-28T22:00:00.000Z,157.138,157.162,157.101,157.157,0
2024-05-28T23:00:00.000Z,157.158,157.263,157.137,157.215,0
2024-05-29T00:00:00.000Z,157.214,157.286,157.212,157.271,0
2024-05-29T01:00:00.000Z,157.272,157.405,157.261,157.372,0
2024-05-29T02:00:00.000Z,157.375,157.386,157.219,157.245,0
2024-05-29T03:00:00.000Z,157.247,157.305,157.205,157.292,0
2024-05-29T04:00:00.000Z,157.291,157.333,157.269,157.313,0
2024-05-29T05:00:00.000Z,157.314,157.346,157.228,157.253,0
2024-05-29T06:00:00.000Z,157.253,157.269,157.202,157.222,0
2024-05-29T07:00:00.000Z,157.223,157.231,156.894,157.095,0
2024-05-29T08:00:00.000Z,157.097,157.154,157.019,157.151,0
2024-05-29T09:00:00.000Z,157.148,157.187,157.066,157.099,0
2024-05-29T10:00:00.000Z,157.098,157.174,157.094,157.158,0
2024-05-29T11:00:00.000Z,157.157,157.281,157.154,157.231,0
2024-05-29T12:00:00.000Z,157.232,157.292,157.196,157.269,0
2024-05-29T13:00:00.000Z,157.266,157.292,157.157,157.195,0
2024-05-29T14:00:00.000Z,157.195,157.386,157.164,157.342,0
2024-05-29T15:00:00.000Z,157.34,157.499,157.309,157.497,0
2024-05-29T16:00:00.000Z,157.497,157.639,157.437,157.625,0
2024-05-29T17:00:00.000Z,157.627,157.704,157.612,157.682,0
2024-05-29T18:00:00.000Z,157.682,157.707,157.623,157.634,0
2024-05-29T19:00:00.000Z,157.635,157.682,157.622,157.668,0
2024-05-29T20:00:00.000Z,157.668,157.698,157.639,157.687,0
2024-05-29T21:00:00.000Z,157.687,157.703,157.625,157.625,0
2024-05-29T22:00:00.000Z,157.607,157.629,157.557,157.582,0
2024-05-29T23:00:00.000Z,157.582,157.667,157.578,157.638,0
2024-05-30T00:00:00.000Z,157.637,157.663,157.591,157.626,0
2024-05-30T01:00:00.000Z,157.624,157.625,157.303,157.362,0
2024-05-30T02:00:00.000Z,157.362,157.452,157.35,157.449,0
2024-05-30T03:00:00.000Z,157.451,157.453,157.309,157.34,0
2024-05-30T04:00:00.000Z,157.341,157.429,157.26,157.377,0
2024-05-30T05:00:00.000Z,157.374,157.382,157.123,157.183,0
2024-05-30T06:00:00.000Z,157.188,157.224,156.9,156.961,0
2024-05-30T07:00:00.000Z,156.96,156.971,156.701,156.74,0
2024-05-30T08:00:00.000Z,156.739,157.007,156.534,156.968,0
2024-05-30T09:00:00.000Z,156.968,157.112,156.904,156.944,0
2024-05-30T10:00:00.000Z,156.942,156.979,156.844,156.915,0
2024-05-30T11:00:00.000Z,156.916,157.089,156.916,156.922,0
2024-05-30T12:00:00.000Z,156.923,156.923,156.678,156.728,0
2024-05-30T13:00:00.000Z,156.727,156.854,156.567,156.646,0
2024-05-30T14:00:00.000Z,156.646,156.765,156.37,156.725,0
2024-05-30T15:00:00.000Z,156.725,156.843,156.526,156.591,0
2024-05-30T16:00:00.000Z,156.591,156.704,156.578,156.638,0
2024-05-30T17:00:00.000Z,156.638,156.731,156.635,156.697,0
2024-05-30T18:00:00.000Z,156.696,156.753,156.664,156.749,0
2024-05-30T19:00:00.000Z,156.75,156.831,156.75,156.823,0
2024-05-30T20:00:00.000Z,156.828,156.856,156.797,156.842,0
2024-05-30T21:00:00.000Z,156.844,156.877,156.797,156.802,0
2024-05-30T22:00:00.000Z,156.778,156.797,156.741,156.779,0
2024-05-30T23:00:00.000Z,156.777,156.851,156.735,156.8,0
2024-05-31T00:00:00.000Z,156.799,156.995,156.783,156.992,0
2024-05-31T01:00:00.000Z,156.991,157.023,156.603,156.739,0
2024-05-31T02:00:00.000Z,156.738,156.923,156.636,156.677,0
2024-05-31T03:00:00.000Z,156.678,156.827,156.571,156.811,0
2024-05-31T04:00:00.000Z,156.81,156.875,156.721,156.804,0
2024-05-31T05:00:00.000Z,156.803,156.85,156.671,156.701,0
2024-05-31T06:00:00.000Z,156.701,156.834,156.69,156.801,0
2024-05-31T07:00:00.000Z,156.801,156.96,156.785,156.93,0
2024-05-31T08:00:00.000Z,156.927,157.151,156.926,157.141,0
2024-05-31T09:00:00.000Z,157.14,157.33,157.062,157.296,0
2024-05-31T10:00:00.000Z,157.296,157.353,157.241,157.329,0
2024-05-31T11:00:00.000Z,157.329,157.364,157.213,157.238,0
2024-05-31T12:00:00.000Z,157.237,157.239,157.124,157.167,0
2024-05-31T13:00:00.000Z,157.171,157.191,156.75,156.856,0
2024-05-31T14:00:00.000Z,156.858,156.951,156.679,156.694,0
2024-05-31T15:00:00.000Z,156.695,157.165,156.557,157.159,0
2024-05-31T16:00:00.000Z,157.156,157.278,157.08,157.19,0
2024-05-31T17:00:00.000Z,157.191,157.246,157.148,157.18,0
2024-05-31T18:00:00.000Z,157.179,157.247,157.179,157.218,0
2024-05-31T19:00:00.000Z,157.219,157.271,157.172,157.265,0
2024-05-31T20:00:00.000Z,157.263,157.345,157.224,157.264,0
2024-05-31T21:00:00.000Z,157.264,157.344,157.234,157.279,0
2024-06-02T22:00:00.000Z,157.124,157.242,157.11,157.168,0
2024-06-02T23:00:00.000Z,157.167,157.338,157.167,157.287,0
2024-06-03T00:00:00.000Z,157.286,157.298,157.127,157.182,0
2024-06-03T01:00:00.000Z,157.182,157.309,157.048,157.088,0
2024-06-03T02:00:00.000Z,157.087,157.149,156.994,157.061,0
2024-06-03T03:00:00.000Z,157.059,157.252,157.054,157.233,0
2024-06-03T04:00:00.000Z,157.233,157.47,157.204,157.419,0
2024-06-03T05:00:00.000Z,157.421,157.447,157.37,157.411,0
2024-06-03T06:00:00.000Z,157.413,157.461,157.365,157.41,0
2024-06-03T07:00:00.000Z,157.411,157.413,157.24,157.254,0
2024-06-03T08:00:00.000Z,157.253,157.292,157.111,157.136,0
2024-06-03T09:00:00.000Z,157.137,157.139,157.004,157.056,0
2024-06-03T10:00:00.000Z,157.056,157.146,157.029,157.07,0
2024-06-03T11:00:00.000Z,157.07,157.075,156.734,156.739,0
2024-06-03T12:00:00.000Z,156.74,156.881,156.636,156.857,0
2024-06-03T13:00:00.000Z,156.855,156.937,156.689,156.779,0
2024-06-03T14:00:00.000Z,156.78,156.837,156.639,156.645,0
2024-06-03T15:00:00.000Z,156.615,156.615,156.13,156.195,0
2024-06-03T16:00:00.000Z,156.197,156.238,155.948,156.038,0
2024-06-03T17:00:00.000Z,156.039,156.16,156.017,156.068,0
2024-06-03T18:00:00.000Z,156.068,156.183,156.037,156.182,0
2024-06-03T19:00:00.000Z,156.182,156.27,156.177,156.223,0
2024-06-03T20:00:00.000Z,156.222,156.286,156.205,156.234,0
2024-06-03T21:00:00.000Z,156.237,156.251,156.023,156.037,0
2024-06-03T22:00:00.000Z,156.038,156.108,156.026,156.108,0
2024-06-03T23:00:00.000Z,156.106,156.159,156.056,156.152,0
2024-06-04T00:00:00.000Z,156.159,156.239,155.988,156.089,0
2024-06-04T01:00:00.000Z,156.091,156.406,155.98,156.386,0
2024-06-04T02:00:00.000Z,156.388,156.484,156.312,156.462,0
2024-06-04T03:00:00.000Z,156.461,156.463,156.319,156.373,0
2024-06-04T04:00:00.000Z,156.373,156.424,156.311,156.385,0
2024-06-04T05:00:00.000Z,156.386,156.417,156.25,156.296,0
2024-06-04T06:00:00.000Z,156.297,156.303,156.091,156.194,0
2024-06-04T07:00:00.000Z,156.194,156.205,155.802,155.95,0
2024-06-04T08:00:00.000Z,155.948,155.959,155.361,155.387,0
2024-06-04T09:00:00.000Z,155.386,155.47,155.212,155.301,0
2024-06-04T10:00:00.000Z,155.301,155.373,155.031,155.149,0
2024-06-04T11:00:00.000Z,155.151,155.193,154.702,154.929,0
2024-06-04T12:00:00.000Z,154.931,155.227,154.85,154.865,0
2024-06-04T13:00:00.000Z,154.867,155.141,154.72,155.121,0
2024-06-04T14:00:00.000Z,155.12,155.204,154.803,154.866,0
2024-06-04T15:00:00.000Z,154.867,155.248,154.548,154.88,0
2024-06-04T16:00:00.000Z,154.88,155.023,154.758,154.873,0
2024-06-04T17:00:00.000Z,154.872,154.872,154.745,154.782,0
2024-06-04T18:00:00.000Z,154.781,154.826,154.548,154.6,0
2024-06-04T19:00:00.000Z,154.602,154.748,154.595,154.709,0
2024-06-04T20:00:00.000Z,154.71,154.785,154.703,154.77,0
2024-06-04T21:00:00.000Z,154.771,154.91,154.769,154.853,0
2024-06-04T22:00:00.000Z,154.852,154.885,154.769,154.807,0
2024-06-04T23:00:00.000Z,154.808,154.862,154.771,154.853,0
2024-06-05T00:00:00.000Z,154.853,155.18,154.818,155.116,0
2024-06-05T01:00:00.000Z,155.113,155.435,155.094,155.223,0
2024-06-05T02:00:00.000Z,155.226,155.391,155.218,155.361,0
2024-06-05T03:00:00.000Z,155.361,155.479,155.359,155.476,0
2024-06-05T04:00:00.000Z,155.477,155.593,155.359,155.485,0
2024-06-05T05:00:00.000Z,155.484,155.614,155.443,155.584,0
2024-06-05T06:00:00.000Z,155.583,155.706,155.535,155.642,0
2024-06-05T07:00:00.000Z,155.643,155.922,155.617,155.897,0
2024-06-05T08:00:00.000Z,155.898,156.185,155.86,156.142,0
2024-06-05T09:00:00.000Z,156.146,156.299,156.079,156.247,0
2024-06-05T10:00:00.000Z,156.247,156.304,156.028,156.041,0
2024-06-05T11:00:00.000Z,156.039,156.166,155.957,156.068,0
2024-06-05T12:00:00.000Z,156.069,156.208,156.021,156.145,0
2024-06-05T13:00:00.000Z,156.144,156.197,155.941,156.093,0
2024-06-05T14:00:00.000Z,156.092,156.175,155.684,155.684,0
2024-06-05T15:00:00.000Z,155.708,156.485,155.708,156.314,0
2024-06-05T16:00:00.000Z,156.314,156.314,156.08,156.209,0
2024-06-05T17:00:00.000Z,156.209,156.242,156.1,156.123,0
2024-06-05T18:00:00.000Z,156.122,156.149,156.068,156.102,0
2024-06-05T19:00:00.000Z,156.101,156.157,156.069,156.096,0
2024-06-05T20:00:00.000Z,156.097,156.132,156.068,156.087,0
2024-06-05T21:00:00.000Z,156.088,156.157,156.07,156.078,0
2024-06-05T22:00:00.000Z,156.079,156.079,155.959,156.037,0
2024-06-05T23:00:00.000Z,156.037,156.111,155.851,155.885,0
2024-06-06T00:00:00.000Z,155.883,156.019,155.799,155.913,0
2024-06-06T01:00:00.000Z,155.912,155.925,155.595,155.647,0
2024-06-06T02:00:00.000Z,155.648,155.723,155.354,155.646,0
2024-06-06T03:00:00.000Z,155.647,155.703,155.427,155.649,0
2024-06-06T04:00:00.000Z,155.651,155.689,155.528,155.569,0
2024-06-06T05:00:00.000Z,155.568,155.944,155.564,155.732,0
2024-06-06T06:00:00.000Z,155.73,155.956,155.708,155.908,0
2024-06-06T07:00:00.000Z,155.908,156.179,155.812,156.064,0
2024-06-06T08:00:00.000Z,156.063,156.308,156.03,156.279,0
2024-06-06T09:00:00.000Z,156.278,156.379,156.118,156.16,0
2024-06-06T10:00:00.000Z,156.16,156.206,155.911,155.97,0
2024-06-06T11:00:00.000Z,155.968,156.1,155.895,156.036,0
2024-06-06T12:00:00.000Z,156.038,156.232,156.029,156.192,0
2024-06-06T13:00:00.000Z,156.191,156.341,155.872,156.281,0
2024-06-06T14:00:00.000Z,156.28,156.445,155.904,156.138,0
2024-06-06T15:00:00.000Z,156.137,156.344,155.998,156.029,0
2024-06-06T16:00:00.000Z,156.028,156.089,155.932,155.978,0
2024-06-06T17:00:00.000Z,155.979,156.065,155.773,155.798,0
2024-06-06T18:00:00.000Z,155.802,155.868,155.711,155.759,0
2024-06-06T19:00:00.000Z,155.76,155.785,155.65,155.673,0
2024-06-06T20:00:00.000Z,155.671,155.738,155.471,155.609,0
2024-06-06T21:00:00.000Z,155.611,155.658,155.565,155.58,0
2024-06-06T22:00:00.000Z,155.58,155.693,155.507,155.587,0
2024-06-06T23:00:00.000Z,155.588,155.615,155.55,155.613,0
2024-06-07T00:00:00.000Z,155.613,155.714,155.577,155.678,0
2024-06-07T01:00:00.000Z,155.676,155.849,155.579,155.775,0
2024-06-07T02:00:00.000Z,155.774,155.934,155.658,155.681,0
2024-06-07T03:00:00.000Z,155.681,155.844,155.671,155.813,0
2024-06-07T04:00:00.000Z,155.812,155.824,155.736,155.752,0
2024-06-07T05:00:00.000Z,155.752,155.759,155.492,155.578,0
2024-06-07T06:00:00.000Z,155.577,155.698,155.444,155.508,0
2024-06-07T07:00:00.000Z,155.51,155.533,155.13,155.359,0
2024-06-07T08:00:00.000Z,155.359,155.437,155.119,155.418,0
2024-06-07T09:00:00.000Z,155.419,155.565,155.312,155.356,0
2024-06-07T10:00:00.000Z,155.357,155.493,155.33,155.483,0
2024-06-07T11:00:00.000Z,155.481,155.598,155.452,155.573,0
2024-06-07T12:00:00.000Z,155.573,155.636,155.428,155.59,0
2024-06-07T13:00:00.000Z,155.59,156.876,155.309,156.776,0
2024-06-07T14:00:00.000Z,156.777,156.98,156.622,156.956,0
2024-06-07T15:00:00.000Z,156.956,157.076,156.779,156.87,0
2024-06-07T16:00:00.000Z,156.869,156.886,156.423,156.596,0
2024-06-07T17:00:00.000Z,156.596,156.684,156.513,156.663,0
2024-06-07T18:00:00.000Z,156.663,156.735,156.572,156.605,0
2024-06-07T19:00:00.000Z,156.604,156.691,156.565,156.634,0
2024-06-07T20:00:00.000Z,156.634,156.763,156.619,156.746,0
2024-06-07T21:00:00.000Z,156.746,156.767,156.674,156.7,0
2024-06-09T22:00:00.000Z,156.717,156.807,156.564,156.708,0
2024-06-09T23:00:00.000Z,156.708,156.94,156.702,156.896,0
2024-06-10T00:00:00.000Z,156.901,156.909,156.801,156.822,0
2024-06-10T01:00:00.000Z,156.821,156.966,156.719,156.838,0
2024-06-10T02:00:00.000Z,156.836,156.979,156.771,156.902,0
2024-06-10T03:00:00.000Z,156.902,156.994,156.884,156.979,0
2024-06-10T04:00:00.000Z,156.981,157.193,156.972,157.151,0
2024-06-10T05:00:00.000Z,157.149,157.18,157.024,157.123,0
2024-06-10T06:00:00.000Z,157.12,157.17,157.024,157.068,0
2024-06-10T07:00:00.000Z,157.065,157.181,157.006,157.103,0
2024-06-10T08:00:00.000Z,157.101,157.101,156.93,157.001,0
2024-06-10T09:00:00.000Z,157.001,157.037,156.877,156.956,0
2024-06-10T10:00:00.000Z,156.957,156.967,156.785,156.897,0
2024-06-10T11:00:00.000Z,156.896,156.91,156.743,156.826,0
2024-06-10T12:00:00.000Z,156.827,156.963,156.815,156.881,0
2024-06-10T13:00:00.000Z,156.882,157.007,156.797,156.976,0
2024-06-10T14:00:00.000Z,156.977,156.994,156.815,156.897,0
2024-06-10T15:00:00.000Z,156.896,156.942,156.831,156.903,0
2024-06-10T16:00:00.000Z,156.904,156.971,156.886,156.934,0
2024-06-10T17:00:00.000Z,156.934,157,156.91,156.991,0
2024-06-10T18:00:00.000Z,156.991,157.062,156.953,157,0
2024-06-10T19:00:00.000Z,157,157.09,156.983,157.079,0
2024-06-10T20:00:00.000Z,157.077,157.095,157.007,157.013,0
2024-06-10T21:00:00.000Z,157.012,157.056,156.992,157.001,0
2024-06-10T22:00:00.000Z,157.001,157.033,156.913,157.006,0
2024-06-10T23:00:00.000Z,157.008,157.037,156.955,157.033,0
2024-06-11T00:00:00.000Z,157.035,157.071,157.021,157.044,0
2024-06-11T01:00:00.000Z,157.042,157.263,157.031,157.215,0
2024-06-11T02:00:00.000Z,157.213,157.236,157.128,157.219,0
2024-06-11T03:00:00.000Z,157.219,157.287,157.186,157.287,0
2024-06-11T04:00:00.000Z,157.286,157.332,157.196,157.217,0
2024-06-11T05:00:00.000Z,157.217,157.29,157.199,157.265,0
2024-06-11T06:00:00.000Z,157.265,157.302,157.148,157.28,0
2024-06-11T07:00:00.000Z,157.28,157.326,157.21,157.276,0
2024-06-11T08:00:00.000Z,157.278,157.365,157.249,157.341,0
2024-06-11T09:00:00.000Z,157.34,157.392,157.196,157.219,0
2024-06-11T10:00:00.000Z,157.221,157.289,157.142,157.245,0
2024-06-11T11:00:00.000Z,157.244,157.246,157.087,157.095,0
2024-06-11T12:00:00.000Z,157.094,157.176,157.049,157.099,0
2024-06-11T13:00:00.000Z,157.099,157.111,156.803,156.889,0
2024-06-11T14:00:00.000Z,156.888,157.162,156.888,157.137,0
2024-06-11T15:00:00.000Z,157.138,157.335,157.102,157.318,0
2024-06-11T16:00:00.000Z,157.32,157.384,157.251,157.324,0
2024-06-11T17:00:00.000Z,157.324,157.402,157.298,157.38,0
2024-06-11T18:00:00.000Z,157.381,157.382,157.101,157.118,0
2024-06-11T19:00:00.000Z,157.119,157.128,157.014,157.017,0
2024-06-11T20:00:00.000Z,157.014,157.086,156.933,157.086,0
2024-06-11T21:00:00.000Z,157.086,157.146,157.066,157.078,0
2024-06-11T22:00:00.000Z,157.077,157.126,157.021,157.113,0
2024-06-11T23:00:00.000Z,157.113,157.156,157.071,157.142,0
2024-06-12T00:00:00.000Z,157.141,157.177,157.055,157.112,0
2024-06-12T01:00:00.000Z,157.111,157.217,157.066,157.18,0
2024-06-12T02:00:00.000Z,157.18,157.241,157.043,157.135,0
2024-06-12T03:00:00.000Z,157.135,157.187,157.094,157.185,0
2024-06-12T04:00:00.000Z,157.184,157.214,157.163,157.181,0
2024-06-12T05:00:00.000Z,157.181,157.252,157.126,157.241,0
2024-06-12T06:00:00.000Z,157.242,157.284,157.19,157.244,0
2024-06-12T07:00:00.000Z,157.245,157.293,157.187,157.287,0
2024-06-12T08:00:00.000Z,157.286,157.355,157.255,157.265,0
2024-06-12T09:00:00.000Z,157.267,157.316,157.253,157.301,0
2024-06-12T10:00:00.000Z,157.301,157.328,157.25,157.318,0
2024-06-12T11:00:00.000Z,157.315,157.37,157.3,157.326,0
2024-06-12T12:00:00.000Z,157.325,157.364,157.301,157.332,0
2024-06-12T13:00:00.000Z,157.331,157.35,156.064,156.158,0
2024-06-12T14:00:00.000Z,156.161,156.171,155.773,155.778,0
2024-06-12T15:00:00.000Z,155.779,156.107,155.716,155.777,0
2024-06-12T16:00:00.000Z,155.776,155.884,155.736,155.881,0
2024-06-12T17:00:00.000Z,155.881,155.907,155.717,155.797,0
2024-06-12T18:00:00.000Z,155.799,155.985,155.759,155.893,0
2024-06-12T19:00:00.000Z,155.774,156.686,155.761,156.599,0
2024-06-12T20:00:00.000Z,156.602,156.872,156.529,156.837,0
2024-06-12T21:00:00.000Z,156.84,156.9,156.658,156.679,0
2024-06-12T22:00:00.000Z,156.68,156.683,156.552,156.58,0
2024-06-12T23:00:00.000Z,156.58,156.809,156.578,156.803,0
2024-06-13T00:00:00.000Z,156.802,156.857,156.702,156.801,0
2024-06-13T01:00:00.000Z,156.8,156.905,156.706,156.791,0
2024-06-13T02:00:00.000Z,156.792,156.863,156.694,156.83,0
2024-06-13T03:00:00.000Z,156.831,157.014,156.826,156.996,0
2024-06-13T04:00:00.000Z,156.995,157.053,156.97,157.005,0
2024-06-13T05:00:00.000Z,157.007,157.047,156.99,157.044,0
2024-06-13T06:00:00.000Z,157.044,157.195,157.044,157.08,0
2024-06-13T07:00:00.000Z,157.08,157.255,157.061,157.151,0
2024-06-13T08:00:00.000Z,157.151,157.306,157.118,157.276,0
2024-06-13T09:00:00.000Z,157.276,157.311,157.172,157.255,0
2024-06-13T10:00:00.000Z,157.255,157.284,157.153,157.184,0
2024-06-13T11:00:00.000Z,157.183,157.2,157.123,157.176,0
2024-06-13T12:00:00.000Z,157.175,157.265,157.159,157.21,0
2024-06-13T13:00:00.000Z,157.212,157.262,156.579,157.024,0
2024-06-13T14:00:00.000Z,157.025,157.268,156.963,157.184,0
2024-06-13T15:00:00.000Z,157.183,157.185,156.916,156.941,0
2024-06-13T16:00:00.000Z,156.942,156.998,156.751,156.773,0
2024-06-13T17:00:00.000Z,156.774,156.917,156.69,156.847,0
2024-06-13T18:00:00.000Z,156.847,156.947,156.72,156.935,0
2024-06-13T19:00:00.000Z,156.934,156.982,156.852,156.893,0
2024-06-13T20:00:00.000Z,156.892,157.074,156.89,157.06,0
2024-06-13T21:00:00.000Z,157.062,157.098,156.973,156.973,0
2024-06-13T22:00:00.000Z,156.972,157.009,156.951,157.001,0
2024-06-13T23:00:00.000Z,156.999,157.075,156.964,157.073,0
2024-06-14T00:00:00.000Z,157.073,157.143,157.058,157.122,0
2024-06-14T01:00:00.000Z,157.123,157.239,157.062,157.202,0
2024-06-14T02:00:00.000Z,157.206,157.328,157.184,157.254,0
2024-06-14T03:00:00.000Z,157.255,157.333,157.139,157.323,0
2024-06-14T04:00:00.000Z,157.323,157.98,156.795,157.819,0
2024-06-14T05:00:00.000Z,157.819,157.958,157.782,157.944,0
2024-06-14T06:00:00.000Z,157.944,158.189,157.85,158.146,0
2024-06-14T07:00:00.000Z,158.15,158.255,157.625,157.953,0
2024-06-14T08:00:00.000Z,157.955,158.213,157.648,157.67,0
2024-06-14T09:00:00.000Z,157.671,157.785,157.269,157.492,0
2024-06-14T10:00:00.000Z,157.489,157.529,156.92,157.096,0
2024-06-14T11:00:00.000Z,157.095,157.159,156.882,156.956,0
2024-06-14T12:00:00.000Z,156.957,157.309,156.95,157.061,0
2024-06-14T13:00:00.000Z,157.062,157.431,156.949,157.249,0
2024-06-14T14:00:00.000Z,157.247,157.374,157.11,157.261,0
2024-06-14T15:00:00.000Z,157.266,157.496,157.031,157.38,0
2024-06-14T16:00:00.000Z,157.379,157.451,157.149,157.285,0
2024-06-14T17:00:00.000Z,157.285,157.351,157.259,157.314,0
2024-06-14T18:00:00.000Z,157.314,157.342,157.224,157.314,0
2024-06-14T19:00:00.000Z,157.313,157.339,157.271,157.276,0
2024-06-14T20:00:00.000Z,157.275,157.331,157.27,157.307,0
2024-06-14T21:00:00.000Z,157.305,157.441,157.287,157.36,0
2024-06-16T22:00:00.000Z,157.253,157.409,157.235,157.278,0
2024-06-16T23:00:00.000Z,157.3,157.552,157.3,157.516,0
2024-06-17T00:00:00.000Z,157.517,157.662,157.489,157.556,0
2024-06-17T01:00:00.000Z,157.56,157.56,157.291,157.454,0
2024-06-17T02:00:00.000Z,157.454,157.515,157.377,157.488,0
2024-06-17T03:00:00.000Z,157.489,157.529,157.437,157.445,0
2024-06-17T04:00:00.000Z,157.444,157.511,157.331,157.365,0
2024-06-17T05:00:00.000Z,157.366,157.406,157.33,157.379,0
2024-06-17T06:00:00.000Z,157.384,157.52,157.382,157.45,0
2024-06-17T07:00:00.000Z,157.451,157.477,157.155,157.35,0
2024-06-17T08:00:00.000Z,157.35,157.558,157.28,157.55,0
2024-06-17T09:00:00.000Z,157.551,157.688,157.54,157.649,0
2024-06-17T10:00:00.000Z,157.649,157.699,157.598,157.654,0
2024-06-17T11:00:00.000Z,157.653,157.678,157.544,157.632,0
2024-06-17T12:00:00.000Z,157.629,157.867,157.624,157.846,0
2024-06-17T13:00:00.000Z,157.845,157.94,157.794,157.892,0
2024-06-17T14:00:00.000Z,157.892,157.933,157.783,157.889,0
2024-06-17T15:00:00.000Z,157.888,157.959,157.829,157.855,0
2024-06-17T16:00:00.000Z,157.856,157.891,157.782,157.808,0
2024-06-17T17:00:00.000Z,157.807,157.813,157.728,157.785,0
2024-06-17T18:00:00.000Z,157.785,157.792,157.73,157.748,0
2024-06-17T19:00:00.000Z,157.747,157.749,157.679,157.701,0
2024-06-17T20:00:00.000Z,157.7,157.753,157.695,157.73,0
2024-06-17T21:00:00.000Z,157.73,157.731,157.698,157.698,0
2024-06-17T22:00:00.000Z,157.708,157.73,157.613,157.728,0
2024-06-17T23:00:00.000Z,157.728,157.731,157.651,157.705,0
2024-06-18T00:00:00.000Z,157.706,157.733,157.634,157.695,0
2024-06-18T01:00:00.000Z,157.695,157.729,157.602,157.68,0
2024-06-18T02:00:00.000Z,157.682,157.708,157.515,157.588,0
2024-06-18T03:00:00.000Z,157.588,157.663,157.552,157.649,0
2024-06-18T04:00:00.000Z,157.652,157.658,157.581,157.638,0
2024-06-18T05:00:00.000Z,157.637,157.732,157.581,157.716,0
2024-06-18T06:00:00.000Z,157.714,157.859,157.664,157.836,0
2024-06-18T07:00:00.000Z,157.837,157.986,157.822,157.963,0
2024-06-18T08:00:00.000Z,157.964,158.132,157.926,158.129,0
2024-06-18T09:00:00.000Z,158.13,158.229,158.07,158.149,0
2024-06-18T10:00:00.000Z,158.15,158.157,157.994,158.097,0
2024-06-18T11:00:00.000Z,158.098,158.154,158.067,158.104,0
2024-06-18T12:00:00.000Z,158.104,158.149,158.026,158.085,0
2024-06-18T13:00:00.000Z,158.083,158.125,157.624,157.833,0
2024-06-18T14:00:00.000Z,157.833,157.894,157.663,157.799,0
2024-06-18T15:00:00.000Z,157.797,158.007,157.759,157.969,0
2024-06-18T16:00:00.000Z,157.969,158.004,157.745,157.816,0
2024-06-18T17:00:00.000Z,157.815,157.841,157.697,157.71,0
2024-06-18T18:00:00.000Z,157.711,157.873,157.637,157.857,0
2024-06-18T19:00:00.000Z,157.859,157.896,157.769,157.797,0
2024-06-18T20:00:00.000Z,157.795,157.863,157.75,157.861,0
2024-06-18T21:00:00.000Z,157.862,157.876,157.828,157.833,0
2024-06-18T22:00:00.000Z,157.834,157.853,157.792,157.821,0
2024-06-18T23:00:00.000Z,157.818,157.888,157.792,157.858,0
2024-06-19T00:00:00.000Z,157.86,157.864,157.808,157.864,0
2024-06-19T01:00:00.000Z,157.87,157.923,157.85,157.88,0
2024-06-19T02:00:00.000Z,157.878,157.891,157.722,157.765,0
2024-06-19T03:00:00.000Z,157.766,157.833,157.731,157.828,0
2024-06-19T04:00:00.000Z,157.832,157.865,157.806,157.855,0
2024-06-19T05:00:00.000Z,157.856,157.868,157.816,157.85,0
2024-06-19T06:00:00.000Z,157.85,157.862,157.772,157.785,0
2024-06-19T07:00:00.000Z,157.785,157.834,157.642,157.665,0
2024-06-19T08:00:00.000Z,157.665,157.772,157.602,157.745,0
2024-06-19T09:00:00.000Z,157.746,157.799,157.735,157.799,0
2024-06-19T10:00:00.000Z,157.798,157.861,157.793,157.851,0
2024-06-19T11:00:00.000Z,157.851,157.908,157.818,157.832,0
2024-06-19T12:00:00.000Z,157.831,157.906,157.831,157.903,0
2024-06-19T13:00:00.000Z,157.905,157.95,157.872,157.881,0
2024-06-19T14:00:00.000Z,157.881,157.907,157.872,157.886,0
2024-06-19T15:00:00.000Z,157.887,157.91,157.869,157.898,0
2024-06-19T16:00:00.000Z,157.899,157.943,157.889,157.931,0
2024-06-19T17:00:00.000Z,157.93,157.944,157.894,157.932,0
2024-06-19T18:00:00.000Z,157.933,157.952,157.921,157.941,0
2024-06-19T19:00:00.000Z,157.94,158.022,157.938,158.018,0
2024-06-19T20:00:00.000Z,158.019,158.043,157.993,158.007,0
2024-06-19T21:00:00.000Z,158.005,158.131,157.998,158.069,0
2024-06-19T22:00:00.000Z,158.071,158.073,157.773,157.994,0
2024-06-19T23:00:00.000Z,157.994,158.052,157.96,158.003,0
2024-06-20T00:00:00.000Z,158.003,158.024,157.92,157.956,0
2024-06-20T01:00:00.000Z,157.955,158.089,157.954,158.03,0
2024-06-20T02:00:00.000Z,158.029,158.116,157.975,158.052,0
2024-06-20T03:00:00.000Z,158.053,158.098,158.049,158.078,0
2024-06-20T04:00:00.000Z,158.077,158.139,158.061,158.078,0
2024-06-20T05:00:00.000Z,158.078,158.16,158.077,158.145,0
2024-06-20T06:00:00.000Z,158.144,158.191,158.076,158.094,0
2024-06-20T07:00:00.000Z,158.097,158.188,158.067,158.123,0
2024-06-20T08:00:00.000Z,158.124,158.278,158.051,158.273,0
2024-06-20T09:00:00.000Z,158.27,158.467,158.269,158.436,0
2024-06-20T10:00:00.000Z,158.437,158.461,158.371,158.451,0
2024-06-20T11:00:00.000Z,158.451,158.47,158.389,158.42,0
2024-06-20T12:00:00.000Z,158.417,158.445,158.37,158.43,0
2024-06-20T13:00:00.000Z,158.43,158.549,158.244,158.545,0
2024-06-20T14:00:00.000Z,158.545,158.726,158.496,158.709,0
2024-06-20T15:00:00.000Z,158.709,158.744,158.635,158.725,0
2024-06-20T16:00:00.000Z,158.728,158.779,158.668,158.775,0
2024-06-20T17:00:00.000Z,158.773,158.909,158.747,158.86,0
2024-06-20T18:00:00.000Z,158.858,158.908,158.82,158.885,0
2024-06-20T19:00:00.000Z,158.884,158.894,158.695,158.799,0
2024-06-20T20:00:00.000Z,158.798,158.91,158.798,158.908,0
2024-06-20T21:00:00.000Z,158.906,158.934,158.87,158.895,0
2024-06-20T22:00:00.000Z,158.893,158.931,158.879,158.901,0
2024-06-20T23:00:00.000Z,158.901,158.939,158.883,158.895,0
2024-06-21T00:00:00.000Z,158.896,158.95,158.815,158.935,0
2024-06-21T01:00:00.000Z,158.936,159.125,158.899,159.104,0
2024-06-21T02:00:00.000Z,159.104,159.113,158.906,158.959,0
2024-06-21T03:00:00.000Z,158.961,158.979,158.822,158.952,0
2024-06-21T04:00:00.000Z,158.952,158.962,158.87,158.886,0
2024-06-21T05:00:00.000Z,158.887,158.91,158.868,158.883,0
2024-06-21T06:00:00.000Z,158.885,158.966,158.816,158.95,0
2024-06-21T07:00:00.000Z,158.95,159.001,158.912,158.961,0
2024-06-21T08:00:00.000Z,158.962,158.999,158.669,158.774,0
2024-06-21T09:00:00.000Z,158.771,158.854,158.675,158.83,0
2024-06-21T10:00:00.000Z,158.83,158.907,158.779,158.903,0
2024-06-21T11:00:00.000Z,158.899,159.017,158.886,159.003,0
2024-06-21T12:00:00.000Z,159.004,159.016,158.898,158.9,0
2024-06-21T13:00:00.000Z,158.899,158.998,158.85,158.927,0
2024-06-21T14:00:00.000Z,158.927,159.209,158.913,159.149,0
2024-06-21T15:00:00.000Z,159.15,159.598,159.135,159.575,0
2024-06-21T16:00:00.000Z,159.578,159.628,159.398,159.45,0
2024-06-21T17:00:00.000Z,159.451,159.502,159.412,159.475,0
2024-06-21T18:00:00.000Z,159.475,159.592,159.45,159.577,0
2024-06-21T19:00:00.000Z,159.577,159.602,159.522,159.539,0
2024-06-21T20:00:00.000Z,159.538,159.605,159.525,159.603,0
2024-06-21T21:00:00.000Z,159.604,159.835,159.567,159.765,0
2024-06-23T22:00:00.000Z,159.751,159.764,159.596,159.681,0
2024-06-23T23:00:00.000Z,159.681,159.785,159.65,159.708,0
2024-06-24T00:00:00.000Z,159.714,159.905,159.683,159.897,0
2024-06-24T01:00:00.000Z,159.897,159.927,159.777,159.796,0
2024-06-24T02:00:00.000Z,159.796,159.832,159.641,159.689,0
2024-06-24T03:00:00.000Z,159.689,159.736,159.639,159.703,0
2024-06-24T04:00:00.000Z,159.705,159.743,159.62,159.699,0
2024-06-24T05:00:00.000Z,159.7,159.765,159.684,159.752,0
2024-06-24T06:00:00.000Z,159.756,159.816,159.71,159.713,0
2024-06-24T07:00:00.000Z,159.713,159.765,159.666,159.675,0
2024-06-24T08:00:00.000Z,159.675,159.732,159.646,159.688,0
2024-06-24T09:00:00.000Z,159.687,159.786,159.663,159.784,0
2024-06-24T10:00:00.000Z,159.786,159.807,159.589,159.641,0
2024-06-24T11:00:00.000Z,159.645,159.646,158.74,159.507,0
2024-06-24T12:00:00.000Z,159.506,159.57,159.342,159.463,0
2024-06-24T13:00:00.000Z,159.462,159.556,159.341,159.392,0
2024-06-24T14:00:00.000Z,159.392,159.507,159.323,159.445,0
2024-06-24T15:00:00.000Z,159.445,159.735,159.37,159.72,0
2024-06-24T16:00:00.000Z,159.72,159.754,159.63,159.711,0
2024-06-24T17:00:00.000Z,159.712,159.758,159.637,159.729,0
2024-06-24T18:00:00.000Z,159.728,159.734,159.684,159.71,0
2024-06-24T19:00:00.000Z,159.708,159.709,159.539,159.633,0
2024-06-24T20:00:00.000Z,159.632,159.717,159.615,159.641,0
2024-06-24T21:00:00.000Z,159.646,159.656,159.557,159.568,0
2024-06-24T22:00:00.000Z,159.516,159.606,159.516,159.583,0
2024-06-24T23:00:00.000Z,159.583,159.645,159.55,159.642,0
2024-06-25T00:00:00.000Z,159.642,159.703,159.617,159.697,0
2024-06-25T01:00:00.000Z,159.7,159.701,159.339,159.39,0
2024-06-25T02:00:00.000Z,159.393,159.503,159.186,159.4,0
2024-06-25T03:00:00.000Z,159.401,159.443,159.31,159.326,0
2024-06-25T04:00:00.000Z,159.325,159.496,159.323,159.482,0
2024-06-25T05:00:00.000Z,159.48,159.506,159.41,159.43,0
2024-06-25T06:00:00.000Z,159.429,159.454,159.273,159.452,0
2024-06-25T07:00:00.000Z,159.455,159.502,159.38,159.471,0
2024-06-25T08:00:00.000Z,159.478,159.549,159.371,159.485,0
2024-06-25T09:00:00.000Z,159.485,159.519,159.42,159.475,0
2024-06-25T10:00:00.000Z,159.476,159.517,159.424,159.44,0
2024-06-25T11:00:00.000Z,159.439,159.44,159.29,159.429,0
2024-06-25T12:00:00.000Z,159.428,159.478,159.416,159.46,0
2024-06-25T13:00:00.000Z,159.46,159.67,159.428,159.666,0
2024-06-25T14:00:00.000Z,159.667,159.7,159.563,159.631,0
2024-06-25T15:00:00.000Z,159.627,159.722,159.586,159.689,0
2024-06-25T16:00:00.000Z,159.689,159.756,159.661,159.682,0
2024-06-25T17:00:00.000Z,159.681,159.746,159.675,159.745,0
2024-06-25T18:00:00.000Z,159.745,159.746,159.652,159.73,0
2024-06-25T19:00:00.000Z,159.728,159.728,159.664,159.67,0
2024-06-25T20:00:00.000Z,159.671,159.671,159.603,159.623,0
2024-06-25T21:00:00.000Z,159.622,159.698,159.62,159.652,0
2024-06-25T22:00:00.000Z,159.652,159.675,159.617,159.649,0
2024-06-25T23:00:00.000Z,159.647,159.672,159.607,159.671,0
2024-06-26T00:00:00.000Z,159.672,159.707,159.614,159.699,0
2024-06-26T01:00:00.000Z,159.7,159.76,159.663,159.718,0
2024-06-26T02:00:00.000Z,159.718,159.9,159.693,159.78,0
2024-06-26T03:00:00.000Z,159.777,159.873,159.754,159.832,0
2024-06-26T04:00:00.000Z,159.837,159.871,159.783,159.833,0
2024-06-26T05:00:00.000Z,159.833,159.855,159.741,159.751,0
2024-06-26T06:00:00.000Z,159.752,159.834,159.749,159.818,0
2024-06-26T07:00:00.000Z,159.816,159.852,159.792,159.821,0
2024-06-26T08:00:00.000Z,159.82,159.929,159.817,159.897,0
2024-06-26T09:00:00.000Z,159.897,159.969,159.869,159.957,0
2024-06-26T10:00:00.000Z,159.955,160.058,159.854,159.982,0
2024-06-26T11:00:00.000Z,159.989,160.346,159.989,160.3,0
2024-06-26T12:00:00.000Z,160.302,160.394,160.204,160.303,0
2024-06-26T13:00:00.000Z,160.305,160.384,160.28,160.349,0
2024-06-26T14:00:00.000Z,160.351,160.625,160.012,160.494,0
2024-06-26T15:00:00.000Z,160.498,160.642,160.431,160.612,0
2024-06-26T16:00:00.000Z,160.608,160.821,160.59,160.682,0
2024-06-26T17:00:00.000Z,160.682,160.773,160.601,160.637,0
2024-06-26T18:00:00.000Z,160.638,160.672,160.59,160.634,0
2024-06-26T19:00:00.000Z,160.635,160.738,160.635,160.7,0
2024-06-26T20:00:00.000Z,160.702,160.843,160.686,160.792,0
2024-06-26T21:00:00.000Z,160.795,160.865,160.769,160.789,0
2024-06-26T22:00:00.000Z,160.789,160.789,160.711,160.759,0
2024-06-26T23:00:00.000Z,160.759,160.759,160.658,160.696,0
2024-06-27T00:00:00.000Z,160.696,160.708,160.588,160.627,0
2024-06-27T01:00:00.000Z,160.627,160.705,160.496,160.691,0
2024-06-27T02:00:00.000Z,160.693,160.716,160.393,160.492,0
2024-06-27T03:00:00.000Z,160.493,160.506,160.38,160.457,0
2024-06-27T04:00:00.000Z,160.458,160.487,160.393,160.429,0
2024-06-27T05:00:00.000Z,160.429,160.431,160.301,160.335,0
2024-06-27T06:00:00.000Z,160.334,160.463,160.309,160.403,0
2024-06-27T07:00:00.000Z,160.402,160.494,160.319,160.419,0
2024-06-27T08:00:00.000Z,160.421,160.561,160.391,160.546,0
2024-06-27T09:00:00.000Z,160.548,160.605,160.505,160.553,0
2024-06-27T10:00:00.000Z,160.554,160.569,160.475,160.489,0
2024-06-27T11:00:00.000Z,160.488,160.491,160.391,160.435,0
2024-06-27T12:00:00.000Z,160.435,160.547,160.413,160.546,0
2024-06-27T13:00:00.000Z,160.547,160.548,160.28,160.399,0
2024-06-27T14:00:00.000Z,160.4,160.545,160.358,160.525,0
2024-06-27T15:00:00.000Z,160.524,160.669,160.418,160.592,0
2024-06-27T16:00:00.000Z,160.592,160.728,160.566,160.7,0
2024-06-27T17:00:00.000Z,160.7,160.736,160.676,160.713,0
2024-06-27T18:00:00.000Z,160.707,160.728,160.665,160.725,0
2024-06-27T19:00:00.000Z,160.724,160.812,160.709,160.766,0
2024-06-27T20:00:00.000Z,160.764,160.822,160.75,160.819,0
2024-06-27T21:00:00.000Z,160.819,160.819,160.736,160.737,0
2024-06-27T22:00:00.000Z,160.724,160.754,160.672,160.737,0
2024-06-27T23:00:00.000Z,160.738,160.765,160.691,160.717,0
2024-06-28T00:00:00.000Z,160.716,160.757,160.63,160.703,0
2024-06-28T01:00:00.000Z,160.704,161.144,160.649,161.12,0
2024-06-28T02:00:00.000Z,161.121,161.282,160.946,161.063,0
2024-06-28T03:00:00.000Z,161.06,161.093,160.838,160.934,0
2024-06-28T04:00:00.000Z,160.934,161.01,160.851,160.987,0
2024-06-28T05:00:00.000Z,160.985,161.13,160.983,161.038,0
2024-06-28T06:00:00.000Z,161.039,161.046,160.899,160.939,0
2024-06-28T07:00:00.000Z,160.941,160.989,160.879,160.933,0
2024-06-28T08:00:00.000Z,160.933,161.059,160.837,160.925,0
2024-06-28T09:00:00.000Z,160.927,160.962,160.855,160.911,0
2024-06-28T10:00:00.000Z,160.912,160.92,160.656,160.686,0
2024-06-28T11:00:00.000Z,160.685,160.737,160.46,160.462,0
2024-06-28T12:00:00.000Z,160.462,160.659,160.433,160.647,0
2024-06-28T13:00:00.000Z,160.648,160.662,160.36,160.511,0
2024-06-28T14:00:00.000Z,160.514,160.514,160.261,160.461,0
2024-06-28T15:00:00.000Z,160.461,160.865,160.383,160.83,0
2024-06-28T16:00:00.000Z,160.827,160.963,160.801,160.882,0
2024-06-28T17:00:00.000Z,160.881,160.888,160.805,160.85,0
2024-06-28T18:00:00.000Z,160.849,160.903,160.756,160.796,0
2024-06-28T19:00:00.000Z,160.795,160.819,160.704,160.804,0
2024-06-28T20:00:00.000Z,160.803,160.884,160.794,160.861,0
2024-06-28T21:00:00.000Z,160.861,160.944,160.802,160.802,0
2024-06-30T22:00:00.000Z,160.811,160.893,160.683,160.817,0
2024-06-30T23:00:00.000Z,160.817,160.941,160.798,160.817,0
2024-07-01T00:00:00.000Z,160.814,160.934,160.776,160.922,0
2024-07-01T01:00:00.000Z,160.922,161.186,160.737,160.991,0
2024-07-01T02:00:00.000Z,160.992,161.035,160.838,160.921,0
2024-07-01T03:00:00.000Z,160.924,160.938,160.838,160.896,0
2024-07-01T04:00:00.000Z,160.896,161.072,160.896,161.05,0
2024-07-01T05:00:00.000Z,161.049,161.083,160.974,161.072,0
2024-07-01T06:00:00.000Z,161.076,161.121,160.994,161.037,0
2024-07-01T07:00:00.000Z,161.035,161.051,160.903,160.903,0
2024-07-01T08:00:00.000Z,160.902,161.073,160.867,161.012,0
2024-07-01T09:00:00.000Z,161.013,161.091,160.95,161.009,0
2024-07-01T10:00:00.000Z,161.009,161.073,160.969,161.066,0
2024-07-01T11:00:00.000Z,161.065,161.148,161.032,161.123,0
2024-07-01T12:00:00.000Z,161.125,161.134,161.074,161.099,0
2024-07-01T13:00:00.000Z,161.1,161.389,161.099,161.352,0
2024-07-01T14:00:00.000Z,161.353,161.456,161.275,161.344,0
2024-07-01T15:00:00.000Z,161.344,161.667,160.959,161.655,0
2024-07-01T16:00:00.000Z,161.654,161.728,161.533,161.557,0
2024-07-01T17:00:00.000Z,161.556,161.598,161.475,161.521,0
2024-07-01T18:00:00.000Z,161.519,161.519,161.404,161.498,0
2024-07-01T19:00:00.000Z,161.496,161.565,161.468,161.518,0
2024-07-01T20:00:00.000Z,161.519,161.521,161.458,161.473,0
2024-07-01T21:00:00.000Z,161.475,161.486,161.404,161.421,0
2024-07-01T22:00:00.000Z,161.421,161.539,161.363,161.445,0
2024-07-01T23:00:00.000Z,161.443,161.49,161.404,161.433,0
2024-07-02T00:00:00.000Z,161.433,161.517,161.417,161.513,0
2024-07-02T01:00:00.000Z,161.513,161.641,161.502,161.524,0
2024-07-02T02:00:00.000Z,161.521,161.663,161.458,161.635,0
2024-07-02T03:00:00.000Z,161.637,161.638,161.534,161.617,0
2024-07-02T04:00:00.000Z,161.618,161.678,161.616,161.659,0
2024-07-02T05:00:00.000Z,161.66,161.742,161.594,161.677,0
2024-07-02T06:00:00.000Z,161.676,161.726,161.625,161.708,0
2024-07-02T07:00:00.000Z,161.704,161.722,161.587,161.674,0
2024-07-02T08:00:00.000Z,161.673,161.718,161.597,161.658,0
2024-07-02T09:00:00.000Z,161.657,161.695,161.556,161.589,0
2024-07-02T10:00:00.000Z,161.589,161.667,161.561,161.666,0
2024-07-02T11:00:00.000Z,161.667,161.688,161.602,161.611,0
2024-07-02T12:00:00.000Z,161.61,161.672,161.589,161.623,0
2024-07-02T13:00:00.000Z,161.623,161.623,161.48,161.511,0
2024-07-02T14:00:00.000Z,161.512,161.552,161.266,161.377,0
2024-07-02T15:00:00.000Z,161.375,161.621,161.3,161.439,0
2024-07-02T16:00:00.000Z,161.438,161.559,161.408,161.534,0
2024-07-02T17:00:00.000Z,161.535,161.603,161.532,161.574,0
2024-07-02T18:00:00.000Z,161.576,161.586,161.512,161.523,0
2024-07-02T19:00:00.000Z,161.524,161.531,161.454,161.49,0
2024-07-02T20:00:00.000Z,161.489,161.496,161.422,161.457,0
2024-07-02T21:00:00.000Z,161.455,161.478,161.407,161.41,0
2024-07-02T22:00:00.000Z,161.411,161.46,161.388,161.426,0
2024-07-02T23:00:00.000Z,161.422,161.45,161.381,161.42,0
2024-07-03T00:00:00.000Z,161.422,161.523,161.416,161.488,0
2024-07-03T01:00:00.000Z,161.489,161.579,161.442,161.563,0
2024-07-03T02:00:00.000Z,161.563,161.642,161.519,161.629,0
2024-07-03T03:00:00.000Z,161.629,161.647,161.564,161.644,0
2024-07-03T04:00:00.000Z,161.644,161.655,161.619,161.629,0
2024-07-03T05:00:00.000Z,161.628,161.74,161.609,161.714,0
2024-07-03T06:00:00.000Z,161.714,161.893,161.698,161.868,0
2024-07-03T07:00:00.000Z,161.867,161.938,161.671,161.809,0
2024-07-03T08:00:00.000Z,161.811,161.9,161.723,161.766,0
2024-07-03T09:00:00.000Z,161.766,161.855,161.759,161.845,0
2024-07-03T10:00:00.000Z,161.845,161.895,161.799,161.866,0
2024-07-03T11:00:00.000Z,161.866,161.949,161.845,161.936,0
2024-07-03T12:00:00.000Z,161.938,161.949,161.893,161.919,0
2024-07-03T13:00:00.000Z,161.921,161.931,161.793,161.821,0
2024-07-03T14:00:00.000Z,161.82,161.83,161.595,161.694,0
2024-07-03T15:00:00.000Z,161.681,161.681,160.768,161.331,0
2024-07-03T16:00:00.000Z,161.332,161.543,161.265,161.481,0
2024-07-03T17:00:00.000Z,161.481,161.573,161.401,161.534,0
2024-07-03T18:00:00.000Z,161.537,161.558,161.484,161.484,0
2024-07-03T19:00:00.000Z,161.488,161.703,161.466,161.664,0
2024-07-03T20:00:00.000Z,161.661,161.738,161.635,161.702,0
2024-07-03T21:00:00.000Z,161.704,161.75,161.64,161.683,0
2024-07-03T22:00:00.000Z,161.647,161.656,161.523,161.543,0
2024-07-03T23:00:00.000Z,161.541,161.633,161.521,161.599,0
2024-07-04T00:00:00.000Z,161.599,161.673,161.572,161.586,0
2024-07-04T01:00:00.000Z,161.585,161.601,161.37,161.439,0
2024-07-04T02:00:00.000Z,161.441,161.463,161.134,161.37,0
2024-07-04T03:00:00.000Z,161.369,161.451,161.318,161.447,0
2024-07-04T04:00:00.000Z,161.449,161.562,161.38,161.53,0
2024-07-04T05:00:00.000Z,161.531,161.572,161.467,161.498,0
2024-07-04T06:00:00.000Z,161.497,161.552,161.448,161.48,0
2024-07-04T07:00:00.000Z,161.48,161.481,161.335,161.349,0
2024-07-04T08:00:00.000Z,161.349,161.456,161.265,161.281,0
2024-07-04T09:00:00.000Z,161.281,161.324,161.192,161.243,0
2024-07-04T10:00:00.000Z,161.244,161.308,161.242,161.253,0
2024-07-04T11:00:00.000Z,161.252,161.262,161.054,161.062,0
2024-07-04T12:00:00.000Z,161.061,161.097,160.946,161.001,0
2024-07-04T13:00:00.000Z,160.999,161.18,160.947,161.136,0
2024-07-04T14:00:00.000Z,161.137,161.194,161.093,161.158,0
2024-07-04T15:00:00.000Z,161.157,161.183,160.962,161.06,0
2024-07-04T16:00:00.000Z,161.059,161.167,161.055,161.139,0
2024-07-04T17:00:00.000Z,161.141,161.171,161.114,161.131,0
2024-07-04T18:00:00.000Z,161.133,161.152,161.11,161.152,0
2024-07-04T19:00:00.000Z,161.152,161.254,161.152,161.245,0
2024-07-04T20:00:00.000Z,161.243,161.246,161.17,161.211,0
2024-07-04T21:00:00.000Z,161.212,161.323,161.21,161.212,0
2024-07-04T22:00:00.000Z,161.225,161.299,161.191,161.222,0
2024-07-04T23:00:00.000Z,161.222,161.285,161.191,161.269,0
2024-07-05T00:00:00.000Z,161.268,161.395,161.257,161.36,0
2024-07-05T01:00:00.000Z,161.361,161.394,160.82,161.073,0
2024-07-05T02:00:00.000Z,161.073,161.143,160.878,161.014,0
2024-07-05T03:00:00.000Z,161.015,161.065,160.927,160.961,0
2024-07-05T04:00:00.000Z,160.964,160.984,160.53,160.614,0
2024-07-05T05:00:00.000Z,160.613,160.672,160.53,160.643,0
2024-07-05T06:00:00.000Z,160.643,160.783,160.641,160.679,0
2024-07-05T07:00:00.000Z,160.677,160.802,160.57,160.769,0
2024-07-05T08:00:00.000Z,160.77,160.852,160.651,160.771,0
2024-07-05T09:00:00.000Z,160.77,160.823,160.632,160.737,0
2024-07-05T10:00:00.000Z,160.734,160.766,160.613,160.697,0
2024-07-05T11:00:00.000Z,160.698,160.832,160.651,160.801,0
2024-07-05T12:00:00.000Z,160.803,160.88,160.771,160.82,0
2024-07-05T13:00:00.000Z,160.819,161.159,160.33,160.942,0
2024-07-05T14:00:00.000Z,160.941,161.326,160.78,161.264,0
2024-07-05T15:00:00.000Z,161.264,161.329,160.896,160.962,0
2024-07-05T16:00:00.000Z,160.961,161.019,160.629,160.731,0
2024-07-05T17:00:00.000Z,160.73,160.948,160.706,160.885,0
2024-07-05T18:00:00.000Z,160.883,160.91,160.81,160.848,0
2024-07-05T19:00:00.000Z,160.849,160.849,160.708,160.719,0
2024-07-05T20:00:00.000Z,160.719,160.773,160.708,160.766,0
2024-07-05T21:00:00.000Z,160.766,160.837,160.715,160.719,0
2024-07-07T22:00:00.000Z,160.721,160.819,160.67,160.745,0
2024-07-07T23:00:00.000Z,160.757,160.773,160.661,160.767,0
2024-07-08T00:00:00.000Z,160.767,160.813,160.575,160.638,0
2024-07-08T01:00:00.000Z,160.637,160.73,160.561,160.61,0
2024-07-08T02:00:00.000Z,160.61,160.714,160.39,160.41,0
2024-07-08T03:00:00.000Z,160.411,160.48,160.26,160.369,0
2024-07-08T04:00:00.000Z,160.371,160.553,160.354,160.486,0
2024-07-08T05:00:00.000Z,160.486,160.579,160.472,160.538,0
2024-07-08T06:00:00.000Z,160.539,160.698,160.528,160.696,0
2024-07-08T07:00:00.000Z,160.696,160.865,160.539,160.835,0
2024-07-08T08:00:00.000Z,160.834,160.956,160.781,160.897,0
2024-07-08T09:00:00.000Z,160.899,161.117,160.886,161.091,0
2024-07-08T10:00:00.000Z,161.092,161.101,161.003,161.037,0
2024-07-08T11:00:00.000Z,161.036,161.037,160.919,160.934,0
2024-07-08T12:00:00.000Z,160.935,161.056,160.868,161.012,0
2024-07-08T13:00:00.000Z,161.011,161.02,160.663,160.689,0
2024-07-08T14:00:00.000Z,160.691,160.811,160.587,160.657,0
2024-07-08T15:00:00.000Z,160.655,160.659,160.474,160.615,0
2024-07-08T16:00:00.000Z,160.616,160.815,160.592,160.777,0
2024-07-08T17:00:00.000Z,160.777,160.792,160.729,160.729,0
2024-07-08T18:00:00.000Z,160.729,160.745,160.69,160.719,0
2024-07-08T19:00:00.000Z,160.719,160.818,160.713,160.788,0
2024-07-08T20:00:00.000Z,160.789,160.797,160.737,160.791,0
2024-07-08T21:00:00.000Z,160.793,160.835,160.773,160.796,0
2024-07-08T22:00:00.000Z,160.796,160.807,160.756,160.764,0
2024-07-08T23:00:00.000Z,160.764,160.812,160.764,160.785,0
2024-07-09T00:00:00.000Z,160.786,160.872,160.728,160.859,0
2024-07-09T01:00:00.000Z,160.859,160.919,160.763,160.892,0
2024-07-09T02:00:00.000Z,160.891,161.019,160.853,160.978,0
2024-07-09T03:00:00.000Z,160.976,161.131,160.955,161.003,0
2024-07-09T04:00:00.000Z,161.003,161.098,160.908,161.05,0
2024-07-09T05:00:00.000Z,161.051,161.06,160.903,160.96,0
2024-07-09T06:00:00.000Z,160.96,161.002,160.903,160.904,0
2024-07-09T07:00:00.000Z,160.903,160.932,160.795,160.825,0
2024-07-09T08:00:00.000Z,160.825,160.942,160.739,160.924,0
2024-07-09T09:00:00.000Z,160.922,161.077,160.887,161.052,0
2024-07-09T10:00:00.000Z,161.052,161.077,160.973,161.045,0
2024-07-09T11:00:00.000Z,161.045,161.053,160.958,161.015,0
2024-07-09T12:00:00.000Z,161.015,161.178,161.015,161.119,0
2024-07-09T13:00:00.000Z,161.118,161.162,161.028,161.128,0
2024-07-09T14:00:00.000Z,161.129,161.147,160.972,161.015,0
2024-07-09T15:00:00.000Z,161.016,161.384,160.891,161.361,0
2024-07-09T16:00:00.000Z,161.362,161.515,161.306,161.398,0
2024-07-09T17:00:00.000Z,161.398,161.405,161.311,161.322,0
2024-07-09T18:00:00.000Z,161.319,161.339,161.227,161.316,0
2024-07-09T19:00:00.000Z,161.316,161.338,161.265,161.312,0
2024-07-09T20:00:00.000Z,161.311,161.311,161.252,161.284,0
2024-07-09T21:00:00.000Z,161.287,161.316,161.268,161.27,0
2024-07-09T22:00:00.000Z,161.276,161.289,161.244,161.271,0
2024-07-09T23:00:00.000Z,161.268,161.34,161.254,161.325,0
2024-07-10T00:00:00.000Z,161.325,161.365,161.317,161.33,0
2024-07-10T01:00:00.000Z,161.329,161.512,161.301,161.466,0
2024-07-10T02:00:00.000Z,161.466,161.584,161.451,161.537,0
2024-07-10T03:00:00.000Z,161.537,161.591,161.475,161.506,0
2024-07-10T04:00:00.000Z,161.505,161.506,161.402,161.43,0
2024-07-10T05:00:00.000Z,161.43,161.471,161.407,161.442,0
2024-07-10T06:00:00.000Z,161.441,161.561,161.427,161.499,0
2024-07-10T07:00:00.000Z,161.499,161.5,161.354,161.366,0
2024-07-10T08:00:00.000Z,161.365,161.5,161.339,161.496,0
2024-07-10T09:00:00.000Z,161.496,161.536,161.425,161.511,0
2024-07-10T10:00:00.000Z,161.513,161.611,161.512,161.584,0
2024-07-10T11:00:00.000Z,161.585,161.606,161.504,161.543,0
2024-07-10T12:00:00.000Z,161.545,161.548,161.454,161.482,0
2024-07-10T13:00:00.000Z,161.482,161.511,161.429,161.449,0
2024-07-10T14:00:00.000Z,161.45,161.6,161.426,161.597,0
2024-07-10T15:00:00.000Z,161.597,161.685,161.541,161.66,0
2024-07-10T16:00:00.000Z,161.661,161.753,161.626,161.737,0
2024-07-10T17:00:00.000Z,161.736,161.743,161.655,161.689,0
2024-07-10T18:00:00.000Z,161.69,161.765,161.647,161.746,0
2024-07-10T19:00:00.000Z,161.745,161.804,161.744,161.775,0
2024-07-10T20:00:00.000Z,161.778,161.788,161.731,161.734,0
2024-07-10T21:00:00.000Z,161.734,161.749,161.662,161.664,0
2024-07-10T22:00:00.000Z,161.664,161.664,161.553,161.564,0
2024-07-10T23:00:00.000Z,161.565,161.628,161.565,161.594,0
2024-07-11T00:00:00.000Z,161.592,161.638,161.555,161.592,0
2024-07-11T01:00:00.000Z,161.594,161.614,161.476,161.564,0
2024-07-11T02:00:00.000Z,161.564,161.66,161.556,161.583,0
2024-07-11T03:00:00.000Z,161.582,161.666,161.534,161.653,0
2024-07-11T04:00:00.000Z,161.651,161.682,161.619,161.634,0
2024-07-11T05:00:00.000Z,161.637,161.692,161.619,161.685,0
2024-07-11T06:00:00.000Z,161.686,161.718,161.665,161.692,0
2024-07-11T07:00:00.000Z,161.695,161.75,161.688,161.729,0
2024-07-11T08:00:00.000Z,161.732,161.758,161.54,161.633,0
2024-07-11T09:00:00.000Z,161.633,161.633,161.502,161.531,0
2024-07-11T10:00:00.000Z,161.531,161.556,161.471,161.548,0
2024-07-11T11:00:00.000Z,161.546,161.582,161.506,161.546,0
2024-07-11T12:00:00.000Z,161.547,161.589,161.534,161.538,0
2024-07-11T13:00:00.000Z,161.538,161.621,158.352,158.638,0
2024-07-11T14:00:00.000Z,158.646,158.968,157.409,158.598,0
2024-07-11T15:00:00.000Z,158.597,158.792,158.349,158.554,0
2024-07-11T16:00:00.000Z,158.554,158.635,158.451,158.582,0
2024-07-11T17:00:00.000Z,158.582,158.644,158.532,158.567,0
2024-07-11T18:00:00.000Z,158.568,158.893,158.554,158.808,0
2024-07-11T19:00:00.000Z,158.806,158.871,158.709,158.735,0
2024-07-11T20:00:00.000Z,158.735,158.832,158.729,158.821,0
2024-07-11T21:00:00.000Z,158.824,158.913,158.768,158.775,0
2024-07-11T22:00:00.000Z,158.808,158.939,158.798,158.932,0
2024-07-11T23:00:00.000Z,158.939,159.281,158.9,159.26,0
2024-07-12T00:00:00.000Z,159.261,159.445,157.747,158.273,0
2024-07-12T01:00:00.000Z,158.275,159.132,157.974,159.077,0
2024-07-12T02:00:00.000Z,159.075,159.383,159.065,159.359,0
2024-07-12T03:00:00.000Z,159.358,159.384,158.749,159.307,0
2024-07-12T04:00:00.000Z,159.304,159.333,159.15,159.231,0
2024-07-12T05:00:00.000Z,159.23,159.234,159.028,159.109,0
2024-07-12T06:00:00.000Z,159.109,159.137,158.866,159.038,0
2024-07-12T07:00:00.000Z,159.036,159.214,158.956,159.135,0
2024-07-12T08:00:00.000Z,159.135,159.318,159.112,159.217,0
2024-07-12T09:00:00.000Z,159.218,159.262,159.03,159.102,0
2024-07-12T10:00:00.000Z,159.102,159.217,159.044,159.176,0
2024-07-12T11:00:00.000Z,159.176,159.254,159.111,159.111,0
2024-07-12T12:00:00.000Z,159.11,159.141,158.934,158.972,0
2024-07-12T13:00:00.000Z,158.974,159.155,158.508,158.808,0
2024-07-12T14:00:00.000Z,158.807,158.84,157.359,158.299,0
2024-07-12T15:00:00.000Z,158.298,158.349,157.387,157.716,0
2024-07-12T16:00:00.000Z,157.716,158.092,157.505,157.901,0
2024-07-12T17:00:00.000Z,157.902,158.021,157.841,157.873,0
2024-07-12T18:00:00.000Z,157.874,158.013,157.861,157.978,0
2024-07-12T19:00:00.000Z,157.979,157.991,157.863,157.917,0
2024-07-12T20:00:00.000Z,157.918,157.925,157.796,157.834,0
2024-07-12T21:00:00.000Z,157.838,157.943,157.7,157.7,0
2024-07-14T22:00:00.000Z,158.068,158.17,158.056,158.145,0
2024-07-14T23:00:00.000Z,158.145,158.386,157.979,158.339,0
2024-07-15T00:00:00.000Z,158.339,158.419,158.169,158.287,0
2024-07-15T01:00:00.000Z,158.286,158.365,157.989,158.113,0
2024-07-15T02:00:00.000Z,158.111,158.239,157.95,158.05,0
2024-07-15T03:00:00.000Z,158.05,158.137,157.912,158.033,0
2024-07-15T04:00:00.000Z,158.033,158.033,157.91,157.97,0
2024-07-15T05:00:00.000Z,157.97,158.031,157.954,157.992,0
2024-07-15T06:00:00.000Z,157.994,157.996,157.831,157.956,0
2024-07-15T07:00:00.000Z,157.952,158.236,157.872,158.106,0
2024-07-15T08:00:00.000Z,158.105,158.125,157.842,157.929,0
2024-07-15T09:00:00.000Z,157.926,157.966,157.781,157.818,0
2024-07-15T10:00:00.000Z,157.817,157.98,157.749,157.963,0
2024-07-15T11:00:00.000Z,157.963,158.105,157.936,157.952,0
2024-07-15T12:00:00.000Z,157.953,158.173,157.897,158.114,0
2024-07-15T13:00:00.000Z,158.114,158.162,157.937,157.961,0
2024-07-15T14:00:00.000Z,157.96,158.067,157.872,157.939,0
2024-07-15T15:00:00.000Z,157.939,157.95,157.835,157.86,0
2024-07-15T16:00:00.000Z,157.86,157.92,157.81,157.89,0
2024-07-15T17:00:00.000Z,157.891,157.96,157.163,157.712,0
2024-07-15T18:00:00.000Z,157.713,158.02,157.711,157.919,0
2024-07-15T19:00:00.000Z,157.918,157.937,157.842,157.852,0
2024-07-15T20:00:00.000Z,157.853,157.982,157.835,157.919,0
2024-07-15T21:00:00.000Z,157.923,158.148,157.881,158.012,0
2024-07-15T22:00:00.000Z,157.989,158.101,157.952,158.061,0
2024-07-15T23:00:00.000Z,158.063,158.155,158.053,158.122,0
2024-07-16T00:00:00.000Z,158.122,158.251,158.062,158.15,0
2024-07-16T01:00:00.000Z,158.15,158.393,158.104,158.365,0
2024-07-16T02:00:00.000Z,158.362,158.632,158.353,158.527,0
2024-07-16T03:00:00.000Z,158.528,158.725,158.511,158.693,0
2024-07-16T04:00:00.000Z,158.693,158.708,158.589,158.632,0
2024-07-16T05:00:00.000Z,158.633,158.725,158.613,158.636,0
2024-07-16T06:00:00.000Z,158.637,158.787,158.637,158.727,0
2024-07-16T07:00:00.000Z,158.726,158.745,158.465,158.571,0
2024-07-16T08:00:00.000Z,158.572,158.574,158.355,158.495,0
2024-07-16T09:00:00.000Z,158.496,158.59,158.445,158.468,0
2024-07-16T10:00:00.000Z,158.471,158.496,158.334,158.409,0
2024-07-16T11:00:00.000Z,158.409,158.449,158.346,158.432,0
2024-07-16T12:00:00.000Z,158.431,158.457,158.32,158.343,0
2024-07-16T13:00:00.000Z,158.343,158.854,158.252,158.755,0
2024-07-16T14:00:00.000Z,158.753,158.804,158.529,158.635,0
2024-07-16T15:00:00.000Z,158.634,158.742,158.58,158.588,0
2024-07-16T16:00:00.000Z,158.589,158.649,158.536,158.573,0
2024-07-16T17:00:00.000Z,158.572,158.631,158.514,158.543,0
2024-07-16T18:00:00.000Z,158.542,158.555,158.43,158.47,0
2024-07-16T19:00:00.000Z,158.472,158.474,158.335,158.352,0
2024-07-16T20:00:00.000Z,158.351,158.432,158.32,158.387,0
2024-07-16T21:00:00.000Z,158.386,158.407,158.294,158.318,0
2024-07-16T22:00:00.000Z,158.307,158.34,158.259,158.312,0
2024-07-16T23:00:00.000Z,158.31,158.387,158.298,158.334,0
2024-07-17T00:00:00.000Z,158.335,158.371,158.297,158.36,0
2024-07-17T01:00:00.000Z,158.361,158.535,158.306,158.487,0
2024-07-17T02:00:00.000Z,158.486,158.624,158.43,158.471,0
2024-07-17T03:00:00.000Z,158.471,158.475,158.358,158.415,0
2024-07-17T04:00:00.000Z,158.415,158.45,158.322,158.376,0
2024-07-17T05:00:00.000Z,158.376,158.386,158.218,158.218,0
2024-07-17T06:00:00.000Z,158.217,158.232,157.868,157.893,0
2024-07-17T07:00:00.000Z,157.891,158.09,157.702,157.815,0
2024-07-17T08:00:00.000Z,157.815,157.831,157.009,157.072,0
2024-07-17T09:00:00.000Z,157.07,157.097,156.099,156.242,0
2024-07-17T10:00:00.000Z,156.241,156.593,156.102,156.415,0
2024-07-17T11:00:00.000Z,156.412,156.734,156.226,156.734,0
2024-07-17T12:00:00.000Z,156.736,156.794,156.355,156.509,0
2024-07-17T13:00:00.000Z,156.51,156.741,156.461,156.56,0
2024-07-17T14:00:00.000Z,156.56,156.623,156.149,156.278,0
2024-07-17T15:00:00.000Z,156.28,156.633,156.255,156.498,0
2024-07-17T16:00:00.000Z,156.497,156.636,156.484,156.565,0
2024-07-17T17:00:00.000Z,156.566,156.594,156.195,156.299,0
2024-07-17T18:00:00.000Z,156.299,156.474,156.187,156.462,0
2024-07-17T19:00:00.000Z,156.462,156.488,156.088,156.101,0
2024-07-17T20:00:00.000Z,156.098,156.233,156.059,156.185,0
2024-07-17T21:00:00.000Z,156.184,156.344,156.144,156.177,0
2024-07-17T22:00:00.000Z,156.169,156.195,156.122,156.147,0
2024-07-17T23:00:00.000Z,156.146,156.271,155.993,156.159,0
2024-07-18T00:00:00.000Z,156.155,156.204,155.37,155.675,0
2024-07-18T01:00:00.000Z,155.675,155.833,155.457,155.737,0
2024-07-18T02:00:00.000Z,155.738,156.299,155.719,156.256,0
2024-07-18T03:00:00.000Z,156.255,156.441,156.19,156.312,0
2024-07-18T04:00:00.000Z,156.312,156.572,156.294,156.435,0
2024-07-18T05:00:00.000Z,156.434,156.536,156.177,156.341,0
2024-07-18T06:00:00.000Z,156.341,156.45,155.796,156.032,0
2024-07-18T07:00:00.000Z,156.03,156.409,155.989,156.12,0
2024-07-18T08:00:00.000Z,156.126,156.255,155.915,156.248,0
2024-07-18T09:00:00.000Z,156.246,156.586,156.172,156.464,0
2024-07-18T10:00:00.000Z,156.464,156.501,156.303,156.485,0
2024-07-18T11:00:00.000Z,156.486,156.496,156.318,156.393,0
2024-07-18T12:00:00.000Z,156.395,156.524,156.381,156.494,0
2024-07-18T13:00:00.000Z,156.493,156.578,156.181,156.431,0
2024-07-18T14:00:00.000Z,156.428,156.691,156.319,156.586,0
2024-07-18T15:00:00.000Z,156.588,156.774,156.501,156.756,0
2024-07-18T16:00:00.000Z,156.755,156.982,156.695,156.976,0
2024-07-18T17:00:00.000Z,156.972,157.156,156.873,157.145,0
2024-07-18T18:00:00.000Z,157.145,157.224,157.092,157.187,0
2024-07-18T19:00:00.000Z,157.188,157.326,157.15,157.284,0
2024-07-18T20:00:00.000Z,157.281,157.397,157.279,157.363,0
2024-07-18T21:00:00.000Z,157.366,157.397,157.341,157.359,0
2024-07-18T22:00:00.000Z,157.356,157.357,157.323,157.341,0
2024-07-18T23:00:00.000Z,157.341,157.341,157.248,157.263,0
2024-07-19T00:00:00.000Z,157.263,157.282,157.112,157.176,0
2024-07-19T01:00:00.000Z,157.176,157.416,157.062,157.209,0
2024-07-19T02:00:00.000Z,157.211,157.529,157.198,157.457,0
2024-07-19T03:00:00.000Z,157.456,157.52,157.343,157.422,0
2024-07-19T04:00:00.000Z,157.422,157.446,157.326,157.374,0
2024-07-19T05:00:00.000Z,157.375,157.481,157.359,157.477,0
2024-07-19T06:00:00.000Z,157.476,157.862,157.471,157.769,0
2024-07-19T07:00:00.000Z,157.768,157.823,157.132,157.262,0
2024-07-19T08:00:00.000Z,157.258,157.554,156.952,157.32,0
2024-07-19T09:00:00.000Z,157.318,157.423,157.16,157.26,0
2024-07-19T10:00:00.000Z,157.259,157.437,157.145,157.362,0
2024-07-19T11:00:00.000Z,157.363,157.574,157.362,157.456,0
2024-07-19T12:00:00.000Z,157.455,157.536,157.327,157.467,0
2024-07-19T13:00:00.000Z,157.468,157.695,157.423,157.675,0
2024-07-19T14:00:00.000Z,157.674,157.698,157.411,157.509,0
2024-07-19T15:00:00.000Z,157.51,157.528,157.263,157.338,0
2024-07-19T16:00:00.000Z,157.338,157.454,157.277,157.389,0
2024-07-19T17:00:00.000Z,157.389,157.44,157.34,157.413,0
2024-07-19T18:00:00.000Z,157.411,157.427,157.352,157.415,0
2024-07-19T19:00:00.000Z,157.416,157.497,157.402,157.487,0
2024-07-19T20:00:00.000Z,157.488,157.524,157.469,157.499,0
2024-07-19T21:00:00.000Z,157.497,157.527,157.401,157.475,0
2024-07-21T22:00:00.000Z,157.329,157.439,157.252,157.362,0
2024-07-21T23:00:00.000Z,157.362,157.499,157.229,157.269,0
2024-07-22T00:00:00.000Z,157.267,157.428,157.155,157.424,0
2024-07-22T01:00:00.000Z,157.423,157.491,157.33,157.424,0
2024-07-22T02:00:00.000Z,157.423,157.552,157.348,157.542,0
2024-07-22T03:00:00.000Z,157.542,157.61,157.524,157.549,0
2024-07-22T04:00:00.000Z,157.55,157.566,157.457,157.48,0
2024-07-22T05:00:00.000Z,157.476,157.512,157.392,157.442,0
2024-07-22T06:00:00.000Z,157.442,157.442,157.01,157.036,0
2024-07-22T07:00:00.000Z,157.037,157.06,156.284,156.447,0
2024-07-22T08:00:00.000Z,156.446,156.844,156.343,156.81,0
2024-07-22T09:00:00.000Z,156.809,156.96,156.672,156.794,0
2024-07-22T10:00:00.000Z,156.794,156.856,156.61,156.691,0
2024-07-22T11:00:00.000Z,156.69,156.953,156.555,156.837,0
2024-07-22T12:00:00.000Z,156.826,156.898,156.655,156.854,0
2024-07-22T13:00:00.000Z,156.854,157.089,156.788,156.792,0
2024-07-22T14:00:00.000Z,156.79,156.92,156.692,156.859,0
2024-07-22T15:00:00.000Z,156.861,156.954,156.754,156.874,0
2024-07-22T16:00:00.000Z,156.875,157.146,156.865,157.086,0
2024-07-22T17:00:00.000Z,157.086,157.131,157.031,157.073,0
2024-07-22T18:00:00.000Z,157.073,157.151,157.033,157.138,0
2024-07-22T19:00:00.000Z,157.136,157.17,157.055,157.063,0
2024-07-22T20:00:00.000Z,157.064,157.118,157.059,157.079,0
2024-07-22T21:00:00.000Z,157.08,157.098,157,157.001,0
2024-07-22T22:00:00.000Z,157.001,157.001,156.864,156.933,0
2024-07-22T23:00:00.000Z,156.939,157.076,156.93,157.038,0
2024-07-23T00:00:00.000Z,157.037,157.101,156.885,156.903,0
2024-07-23T01:00:00.000Z,156.901,156.927,156.645,156.656,0
2024-07-23T02:00:00.000Z,156.658,156.848,156.579,156.704,0
2024-07-23T03:00:00.000Z,156.706,156.766,156.519,156.632,0
2024-07-23T04:00:00.000Z,156.636,156.668,156.197,156.279,0
2024-07-23T05:00:00.000Z,156.279,156.385,156.205,156.304,0
2024-07-23T06:00:00.000Z,156.304,156.449,156.264,156.314,0
2024-07-23T07:00:00.000Z,156.315,156.622,156.22,156.586,0
2024-07-23T08:00:00.000Z,156.585,156.635,155.929,156.04,0
2024-07-23T09:00:00.000Z,156.04,156.133,155.823,156.011,0
2024-07-23T10:00:00.000Z,156.011,156.071,155.819,155.944,0
2024-07-23T11:00:00.000Z,155.945,156.161,155.919,156.046,0
2024-07-23T12:00:00.000Z,156.046,156.189,156.034,156.153,0
2024-07-23T13:00:00.000Z,156.154,156.265,155.942,156.027,0
2024-07-23T14:00:00.000Z,156.028,156.209,155.987,156.092,0
2024-07-23T15:00:00.000Z,156.089,156.196,155.971,155.979,0
2024-07-23T16:00:00.000Z,155.982,156.089,155.945,156.021,0
2024-07-23T17:00:00.000Z,156.02,156.054,155.694,155.781,0
2024-07-23T18:00:00.000Z,155.783,155.805,155.577,155.69,0
2024-07-23T19:00:00.000Z,155.689,155.754,155.624,155.628,0
2024-07-23T20:00:00.000Z,155.627,155.67,155.589,155.638,0
2024-07-23T21:00:00.000Z,155.639,155.649,155.546,155.552,0
2024-07-23T22:00:00.000Z,155.552,155.587,155.528,155.582,0
2024-07-23T23:00:00.000Z,155.581,155.643,155.565,155.636,0
2024-07-24T00:00:00.000Z,155.635,155.817,155.628,155.76,0
2024-07-24T01:00:00.000Z,155.761,155.99,155.761,155.824,0
2024-07-24T02:00:00.000Z,155.825,155.876,155.176,155.246,0
2024-07-24T03:00:00.000Z,155.246,155.523,155.229,155.255,0
2024-07-24T04:00:00.000Z,155.256,155.292,155.046,155.055,0
2024-07-24T05:00:00.000Z,155.054,155.054,154.54,154.609,0
2024-07-24T06:00:00.000Z,154.608,154.795,154.351,154.631,0
2024-07-24T07:00:00.000Z,154.63,154.688,154.373,154.586,0
2024-07-24T08:00:00.000Z,154.585,154.881,154.41,154.591,0
2024-07-24T09:00:00.000Z,154.59,154.943,154.547,154.859,0
2024-07-24T10:00:00.000Z,154.86,154.932,154.275,154.774,0
2024-07-24T11:00:00.000Z,154.775,154.841,154.487,154.561,0
2024-07-24T12:00:00.000Z,154.559,154.578,154.056,154.188,0
2024-07-24T13:00:00.000Z,154.187,154.224,153.758,153.804,0
2024-07-24T14:00:00.000Z,153.806,153.996,153.343,153.429,0
2024-07-24T15:00:00.000Z,153.425,153.59,153.105,153.266,0
2024-07-24T16:00:00.000Z,153.267,153.499,153.264,153.382,0
2024-07-24T17:00:00.000Z,153.383,153.583,153.342,153.467,0
2024-07-24T18:00:00.000Z,153.468,153.856,153.447,153.825,0
2024-07-24T19:00:00.000Z,153.825,154.071,153.806,154.003,0
2024-07-24T20:00:00.000Z,154.003,154.096,153.877,154.015,0
2024-07-24T21:00:00.000Z,154.015,154.016,153.85,153.85,0
2024-07-24T22:00:00.000Z,153.848,153.88,153.518,153.687,0
2024-07-24T23:00:00.000Z,153.686,153.788,153.551,153.594,0
2024-07-25T00:00:00.000Z,153.59,153.952,153.586,153.916,0
2024-07-25T01:00:00.000Z,153.914,153.968,152.838,153.243,0
2024-07-25T02:00:00.000Z,153.246,153.345,152.642,152.857,0
2024-07-25T03:00:00.000Z,152.858,152.952,152.512,152.637,0
2024-07-25T04:00:00.000Z,152.637,152.637,152.229,152.317,0
2024-07-25T05:00:00.000Z,152.315,152.652,152.312,152.618,0
2024-07-25T06:00:00.000Z,152.619,152.97,152.582,152.741,0
2024-07-25T07:00:00.000Z,152.738,152.867,152.542,152.845,0
2024-07-25T08:00:00.000Z,152.846,152.929,152.051,152.193,0
2024-07-25T09:00:00.000Z,152.193,152.747,151.941,152.703,0
2024-07-25T10:00:00.000Z,152.703,152.739,152.247,152.308,0
2024-07-25T11:00:00.000Z,152.305,152.358,152.087,152.207,0
2024-07-25T12:00:00.000Z,152.206,152.729,152.17,152.72,0
2024-07-25T13:00:00.000Z,152.722,153.735,152.551,153.519,0
2024-07-25T14:00:00.000Z,153.52,154.193,153.414,153.653,0
2024-07-25T15:00:00.000Z,153.656,153.739,153.228,153.639,0
2024-07-25T16:00:00.000Z,153.637,154.101,153.632,153.978,0
2024-07-25T17:00:00.000Z,153.979,154.318,153.904,154.027,0
2024-07-25T18:00:00.000Z,154.03,154.042,153.748,154.033,0
2024-07-25T19:00:00.000Z,154.031,154.048,153.768,153.784,0
2024-07-25T20:00:00.000Z,153.784,153.919,153.784,153.919,0
2024-07-25T21:00:00.000Z,153.917,154.046,153.807,153.907,0
2024-07-25T22:00:00.000Z,153.907,153.922,153.866,153.915,0
2024-07-25T23:00:00.000Z,153.915,153.987,153.895,153.902,0
2024-07-26T00:00:00.000Z,153.9,153.901,153.373,153.7,0
2024-07-26T01:00:00.000Z,153.699,154.139,153.366,153.919,0
2024-07-26T02:00:00.000Z,153.917,154.087,153.428,153.581,0
2024-07-26T03:00:00.000Z,153.579,153.967,153.565,153.919,0
2024-07-26T04:00:00.000Z,153.919,153.919,153.738,153.753,0
2024-07-26T05:00:00.000Z,153.753,153.831,153.59,153.676,0
2024-07-26T06:00:00.000Z,153.677,153.804,153.499,153.642,0
2024-07-26T07:00:00.000Z,153.642,153.755,153.539,153.635,0
2024-07-26T08:00:00.000Z,153.635,154.17,153.566,153.918,0
2024-07-26T09:00:00.000Z,153.916,154.431,153.862,154.299,0
2024-07-26T10:00:00.000Z,154.297,154.355,154.033,154.205,0
2024-07-26T11:00:00.000Z,154.206,154.645,154.194,154.563,0
2024-07-26T12:00:00.000Z,154.567,154.737,154.519,154.61,0
2024-07-26T13:00:00.000Z,154.611,154.725,154.024,154.218,0
2024-07-26T14:00:00.000Z,154.217,154.218,153.668,153.781,0
2024-07-26T15:00:00.000Z,153.781,154.101,153.096,153.5,0
2024-07-26T16:00:00.000Z,153.501,153.875,153.495,153.868,0
2024-07-26T17:00:00.000Z,153.868,153.868,153.706,153.784,0
2024-07-26T18:00:00.000Z,153.784,153.872,153.673,153.729,0
2024-07-26T19:00:00.000Z,153.732,153.826,153.707,153.728,0
2024-07-26T20:00:00.000Z,153.729,153.765,153.674,153.754,0
2024-07-26T21:00:00.000Z,153.756,153.795,153.709,153.718,0
2024-07-28T22:00:00.000Z,153.652,153.772,153.475,153.529,0
2024-07-28T23:00:00.000Z,153.692,154.02,153.654,154.02,0
2024-07-29T00:00:00.000Z,154.018,154.212,153.98,154.143,0
2024-07-29T01:00:00.000Z,154.149,154.351,153.52,153.66,0
2024-07-29T02:00:00.000Z,153.653,153.83,153.236,153.438,0
2024-07-29T03:00:00.000Z,153.439,153.534,153.014,153.419,0
2024-07-29T04:00:00.000Z,153.42,153.694,153.328,153.511,0
2024-07-29T05:00:00.000Z,153.517,153.607,153.322,153.413,0
2024-07-29T06:00:00.000Z,153.412,153.664,153.3,153.381,0
2024-07-29T07:00:00.000Z,153.381,153.447,153.138,153.354,0
2024-07-29T08:00:00.000Z,153.352,153.723,153.232,153.617,0
2024-07-29T09:00:00.000Z,153.618,153.915,153.586,153.686,0
2024-07-29T10:00:00.000Z,153.685,153.772,153.587,153.701,0
2024-07-29T11:00:00.000Z,153.701,153.892,153.601,153.684,0
2024-07-29T12:00:00.000Z,153.683,153.837,153.59,153.833,0
2024-07-29T13:00:00.000Z,153.833,154.032,153.754,153.883,0
2024-07-29T14:00:00.000Z,153.885,154.207,153.731,154.175,0
2024-07-29T15:00:00.000Z,154.174,154.203,154.002,154.048,0
2024-07-29T16:00:00.000Z,154.047,154.047,153.869,153.964,0
2024-07-29T17:00:00.000Z,153.965,154.091,153.933,153.942,0
2024-07-29T18:00:00.000Z,153.943,154.031,153.887,154,0
2024-07-29T19:00:00.000Z,154,154.054,153.966,153.986,0
2024-07-29T20:00:00.000Z,153.981,154.038,153.958,153.999,0
2024-07-29T21:00:00.000Z,153.998,154.051,153.974,154.01,0
2024-07-29T22:00:00.000Z,154.01,154.068,153.903,154.004,0
2024-07-29T23:00:00.000Z,154.009,154.061,153.97,154.019,0
2024-07-30T00:00:00.000Z,154.018,154.028,153.765,153.835,0
2024-07-30T01:00:00.000Z,153.833,154.059,153.615,153.961,0
2024-07-30T02:00:00.000Z,153.961,154.247,153.848,153.992,0
2024-07-30T03:00:00.000Z,153.993,154.132,153.948,154.022,0
2024-07-30T04:00:00.000Z,154.021,154.165,153.974,154.069,0
2024-07-30T05:00:00.000Z,154.073,154.442,154.061,154.437,0
2024-07-30T06:00:00.000Z,154.436,154.768,154.421,154.664,0
2024-07-30T07:00:00.000Z,154.662,155.213,154.595,155.049,0
2024-07-30T08:00:00.000Z,155.045,155.143,154.719,154.894,0
2024-07-30T09:00:00.000Z,154.898,154.912,154.602,154.663,0
2024-07-30T10:00:00.000Z,154.666,154.933,154.661,154.809,0
2024-07-30T11:00:00.000Z,154.813,154.877,154.693,154.732,0
2024-07-30T12:00:00.000Z,154.733,154.895,154.724,154.884,0
2024-07-30T13:00:00.000Z,154.884,155.021,154.81,154.94,0
2024-07-30T14:00:00.000Z,154.941,154.941,154.291,154.333,0
2024-07-30T15:00:00.000Z,154.318,154.652,154.318,154.599,0
2024-07-30T16:00:00.000Z,154.599,154.601,153.646,153.726,0
2024-07-30T17:00:00.000Z,153.726,153.855,153.137,153.238,0
2024-07-30T18:00:00.000Z,153.238,153.38,152.979,153.203,0
2024-07-30T19:00:00.000Z,153.204,153.441,153.136,153.257,0
2024-07-30T20:00:00.000Z,153.257,153.317,153.204,153.275,0
2024-07-30T21:00:00.000Z,153.276,153.282,152.645,152.756,0
2024-07-30T22:00:00.000Z,152.698,152.809,152.614,152.658,0
2024-07-30T23:00:00.000Z,152.658,153.139,152.42,152.878,0
2024-07-31T00:00:00.000Z,152.875,152.974,152.417,152.658,0
2024-07-31T01:00:00.000Z,152.658,152.741,152.105,152.378,0
2024-07-31T02:00:00.000Z,152.373,152.529,152.164,152.424,0
2024-07-31T03:00:00.000Z,152.411,153.325,152.335,152.876,0
2024-07-31T04:00:00.000Z,152.877,153.828,151.587,153.57,0
2024-07-31T05:00:00.000Z,153.586,153.894,152.408,152.55,0
2024-07-31T06:00:00.000Z,152.55,153.165,152.466,152.87,0
2024-07-31T07:00:00.000Z,152.869,153.059,152.213,152.228,0
2024-07-31T08:00:00.000Z,152.228,152.434,150.607,150.921,0
2024-07-31T09:00:00.000Z,150.921,150.983,150.049,150.922,0
2024-07-31T10:00:00.000Z,150.917,150.942,150.356,150.403,0
2024-07-31T11:00:00.000Z,150.402,150.587,150.144,150.507,0
2024-07-31T12:00:00.000Z,150.506,150.581,150.08,150.183,0
2024-07-31T13:00:00.000Z,150.189,150.475,149.785,150.331,0
2024-07-31T14:00:00.000Z,150.332,150.349,149.818,149.82,0
2024-07-31T15:00:00.000Z,149.822,150.674,149.625,150.434,0
2024-07-31T16:00:00.000Z,150.435,150.574,150.277,150.38,0
2024-07-31T17:00:00.000Z,150.38,150.661,150.368,150.56,0
2024-07-31T18:00:00.000Z,150.559,150.953,150.544,150.796,0
2024-07-31T19:00:00.000Z,150.796,151.257,150.328,150.437,0
2024-07-31T20:00:00.000Z,150.444,150.495,149.606,149.786,0
2024-07-31T21:00:00.000Z,149.786,150.278,149.754,149.956,0
2024-07-31T22:00:00.000Z,149.941,149.941,149.829,149.874,0
2024-07-31T23:00:00.000Z,149.874,150.19,149.794,150.17,0
2024-08-01T00:00:00.000Z,150.17,150.318,149.667,149.786,0
2024-08-01T01:00:00.000Z,149.786,149.895,149.345,149.436,0
2024-08-01T02:00:00.000Z,149.435,149.465,148.508,149.17,0
2024-08-01T03:00:00.000Z,149.17,149.788,149.034,149.764,0
2024-08-01T04:00:00.000Z,149.766,149.791,149.388,149.56,0
2024-08-01T05:00:00.000Z,149.562,149.714,149.339,149.68,0
2024-08-01T06:00:00.000Z,149.679,150.045,149.613,149.759,0
2024-08-01T07:00:00.000Z,149.76,150.335,149.569,150.027,0
2024-08-01T08:00:00.000Z,150.026,150.195,149.782,149.861,0
2024-08-01T09:00:00.000Z,149.859,149.988,149.426,149.69,0
2024-08-01T10:00:00.000Z,149.698,149.967,149.605,149.949,0
2024-08-01T11:00:00.000Z,149.95,150.195,149.918,150.027,0
2024-08-01T12:00:00.000Z,150.029,150.621,149.97,150.523,0
2024-08-01T13:00:00.000Z,150.523,150.861,150.188,150.858,0
2024-08-01T14:00:00.000Z,150.86,150.89,150.391,150.521,0
2024-08-01T15:00:00.000Z,150.522,150.522,149.831,150.046,0
2024-08-01T16:00:00.000Z,150.046,150.216,149.869,150.06,0
2024-08-01T17:00:00.000Z,150.063,150.135,149.681,149.894,0
2024-08-01T18:00:00.000Z,149.895,149.942,149.645,149.746,0
2024-08-01T19:00:00.000Z,149.745,149.767,149.531,149.553,0
2024-08-01T20:00:00.000Z,149.551,149.841,149.47,149.771,0
2024-08-01T21:00:00.000Z,149.771,149.783,149.282,149.356,0
2024-08-01T22:00:00.000Z,149.355,149.36,149.264,149.295,0
2024-08-01T23:00:00.000Z,149.295,149.443,148.991,149.311,0
2024-08-02T00:00:00.000Z,149.31,149.311,148.872,149.208,0
2024-08-02T01:00:00.000Z,149.205,149.417,148.935,149.38,0
2024-08-02T02:00:00.000Z,149.379,149.772,149.354,149.499,0
2024-08-02T03:00:00.000Z,149.498,149.68,149.231,149.569,0
2024-08-02T04:00:00.000Z,149.573,149.644,149.374,149.491,0
2024-08-02T05:00:00.000Z,149.49,149.579,149.25,149.259,0
2024-08-02T06:00:00.000Z,149.257,149.37,148.887,148.944,0
2024-08-02T07:00:00.000Z,148.939,149.29,148.804,148.853,0
2024-08-02T08:00:00.000Z,148.85,149.221,148.623,149.208,0
2024-08-02T09:00:00.000Z,149.21,149.321,148.832,149.071,0
2024-08-02T10:00:00.000Z,149.07,149.092,148.82,148.882,0
2024-08-02T11:00:00.000Z,148.882,148.955,148.73,148.796,0
2024-08-02T12:00:00.000Z,148.796,149.122,148.789,149.008,0
2024-08-02T13:00:00.000Z,149.009,149.113,147.015,147.44,0
2024-08-02T14:00:00.000Z,147.443,148.16,147.058,147.076,0
2024-08-02T15:00:00.000Z,147.077,147.414,146.542,146.671,0
2024-08-02T16:00:00.000Z,146.668,147.104,146.417,146.979,0
2024-08-02T17:00:00.000Z,146.981,147.458,146.752,146.844,0
2024-08-02T18:00:00.000Z,146.844,146.956,146.748,146.836,0
2024-08-02T19:00:00.000Z,146.837,146.896,146.436,146.491,0
2024-08-02T20:00:00.000Z,146.492,146.69,146.444,146.582,0
2024-08-02T21:00:00.000Z,146.584,146.619,146.489,146.498,0
2024-08-04T22:00:00.000Z,146.441,146.504,146.413,146.44,0
2024-08-04T23:00:00.000Z,146.468,146.563,145.983,146.322,0
2024-08-05T00:00:00.000Z,146.319,146.343,145.279,145.589,0
2024-08-05T01:00:00.000Z,145.589,145.94,145.179,145.512,0
2024-08-05T02:00:00.000Z,145.512,145.592,144.762,145.106,0
2024-08-05T03:00:00.000Z,145.104,145.548,145.037,145.136,0
2024-08-05T04:00:00.000Z,145.133,145.155,144.163,144.361,0
2024-08-05T05:00:00.000Z,144.36,144.427,142.176,143.165,0
2024-08-05T06:00:00.000Z,143.165,143.551,142.41,142.66,0
2024-08-05T07:00:00.000Z,142.649,143.11,141.676,142.749,0
2024-08-05T08:00:00.000Z,142.751,143.986,142.717,143.478,0
2024-08-05T09:00:00.000Z,143.474,143.56,142.001,142.395,0
2024-08-05T10:00:00.000Z,142.399,142.574,141.741,142.287,0
2024-08-05T11:00:00.000Z,142.29,142.466,141.906,142.369,0
2024-08-05T12:00:00.000Z,142.37,142.962,142.242,142.306,0
2024-08-05T13:00:00.000Z,142.304,142.466,141.831,142.246,0
2024-08-05T14:00:00.000Z,142.25,142.982,142.1,142.714,0
2024-08-05T15:00:00.000Z,142.726,143.843,142.54,142.655,0
2024-08-05T16:00:00.000Z,142.656,143.99,142.333,143.962,0
2024-08-05T19:00:00.000Z,144.008,144.159,143.388,143.457,0
2024-08-05T20:00:00.000Z,143.451,143.853,143.441,143.739,0
2024-08-05T22:00:00.000Z,144.129,144.174,144.018,144.039,0
2024-08-06T00:00:00.000Z,144.762,145.826,144.758,145.794,0
2024-08-06T01:00:00.000Z,145.8,146.365,144.837,145.04,0
2024-08-06T02:00:00.000Z,145.042,145.485,144.363,144.8,0
2024-08-06T03:00:00.000Z,144.8,145.352,144.302,145.307,0
2024-08-06T04:00:00.000Z,145.307,145.912,145.116,145.35,0
2024-08-06T05:00:00.000Z,145.348,145.639,145.101,145.511,0
2024-08-06T06:00:00.000Z,145.521,146.14,145.104,145.862,0
2024-08-06T07:00:00.000Z,145.862,146.285,145.428,145.631,0
2024-08-06T08:00:00.000Z,145.631,145.931,145.173,145.291,0
2024-08-06T09:00:00.000Z,145.289,145.376,144.466,144.918,0
2024-08-06T10:00:00.000Z,144.917,144.917,144.495,144.745,0
2024-08-06T11:00:00.000Z,144.744,145.118,144.357,144.887,0
2024-08-06T12:00:00.000Z,144.899,145.458,144.899,145.152,0
2024-08-06T13:00:00.000Z,145.147,145.197,144.481,144.599,0
2024-08-06T14:00:00.000Z,144.599,144.711,144.045,144.394,0
2024-08-06T15:00:00.000Z,144.395,144.99,144.27,144.501,0
2024-08-06T16:00:00.000Z,144.502,145.207,144.502,145.111,0
2024-08-06T17:00:00.000Z,145.113,145.417,145.014,145.373,0
2024-08-06T18:00:00.000Z,145.376,145.389,145.051,145.338,0
2024-08-06T19:00:00.000Z,145.339,145.363,145.001,145.002,0
2024-08-06T20:00:00.000Z,145.001,145.069,144.729,144.729,0
2024-08-06T21:00:00.000Z,144.734,144.82,144.149,144.296,0
2024-08-06T22:00:00.000Z,144.296,144.612,144.153,144.524,0
2024-08-06T23:00:00.000Z,144.462,144.734,144.3,144.553,0
2024-08-07T00:00:00.000Z,144.556,144.756,144.378,144.738,0
2024-08-07T01:00:00.000Z,144.743,145.253,144.543,144.729,0
2024-08-07T02:00:00.000Z,144.728,147.488,144.561,146.729,0
2024-08-07T03:00:00.000Z,146.729,146.947,146.335,146.843,0
2024-08-07T04:00:00.000Z,146.838,147.37,146.627,147.131,0
2024-08-07T05:00:00.000Z,147.129,147.897,147.103,147.613,0
2024-08-07T06:00:00.000Z,147.612,147.814,146.834,146.975,0
2024-08-07T07:00:00.000Z,146.973,147.136,146.434,146.575,0
2024-08-07T08:00:00.000Z,146.576,146.942,146.081,146.687,0
2024-08-07T09:00:00.000Z,146.689,147.227,146.62,147.199,0
2024-08-07T10:00:00.000Z,147.201,147.636,147.086,147.574,0
2024-08-07T11:00:00.000Z,147.572,147.608,147.04,147.193,0
2024-08-07T12:00:00.000Z,147.194,147.504,146.983,147.198,0
2024-08-07T13:00:00.000Z,147.203,147.229,146.867,146.995,0
2024-08-07T14:00:00.000Z,146.992,147.339,146.919,147.219,0
2024-08-07T15:00:00.000Z,147.22,147.395,146.648,147.271,0
2024-08-07T16:00:00.000Z,147.27,147.686,147.254,147.416,0
2024-08-07T17:00:00.000Z,147.42,147.496,147.067,147.175,0
2024-08-07T18:00:00.000Z,147.177,147.403,146.961,147.034,0
2024-08-07T19:00:00.000Z,147.032,147.044,146.68,146.841,0
2024-08-07T20:00:00.000Z,146.84,147.185,146.785,146.847,0
2024-08-07T21:00:00.000Z,146.847,146.906,146.656,146.656,0
2024-08-07T22:00:00.000Z,146.653,146.747,146.619,146.693,0
2024-08-07T23:00:00.000Z,146.695,146.78,146.353,146.524,0
2024-08-08T00:00:00.000Z,146.523,146.535,145.564,146.283,0
2024-08-08T01:00:00.000Z,146.297,146.539,145.426,146,0
2024-08-08T02:00:00.000Z,146.003,146.619,145.953,146.373,0
2024-08-08T03:00:00.000Z,146.372,146.871,146.349,146.591,0
2024-08-08T04:00:00.000Z,146.592,146.718,146.304,146.376,0
2024-08-08T05:00:00.000Z,146.384,146.388,145.906,146.131,0
2024-08-08T06:00:00.000Z,146.131,146.4,145.938,145.971,0
2024-08-08T07:00:00.000Z,145.967,146.342,145.877,146.197,0
2024-08-08T08:00:00.000Z,146.198,146.223,145.627,145.868,0
2024-08-08T09:00:00.000Z,145.873,146.275,145.754,146.192,0
2024-08-08T10:00:00.000Z,146.192,146.486,146.016,146.124,0
2024-08-08T11:00:00.000Z,146.122,146.299,146.016,146.105,0
2024-08-08T12:00:00.000Z,146.104,146.301,145.941,146.161,0
2024-08-08T13:00:00.000Z,146.159,147.292,145.947,147.064,0
2024-08-08T14:00:00.000Z,147.06,147.542,146.918,147.125,0
2024-08-08T15:00:00.000Z,147.126,147.428,146.933,147.29,0
2024-08-08T16:00:00.000Z,147.29,147.3,147.015,147.091,0
2024-08-08T17:00:00.000Z,147.091,147.259,147.073,147.244,0
2024-08-08T18:00:00.000Z,147.243,147.419,147.148,147.36,0
2024-08-08T19:00:00.000Z,147.361,147.433,147.2,147.212,0
2024-08-08T20:00:00.000Z,147.21,147.269,147.091,147.145,0
2024-08-08T21:00:00.000Z,147.147,147.288,147.097,147.261,0
2024-08-08T22:00:00.000Z,147.174,147.27,147.128,147.196,0
2024-08-08T23:00:00.000Z,147.202,147.306,147.153,147.272,0
2024-08-09T00:00:00.000Z,147.27,147.813,147.245,147.694,0
2024-08-09T01:00:00.000Z,147.694,147.768,147.198,147.482,0
2024-08-09T02:00:00.000Z,147.486,147.615,147.077,147.085,0
2024-08-09T03:00:00.000Z,147.083,147.503,147.019,147.492,0
2024-08-09T04:00:00.000Z,147.492,147.568,147.143,147.225,0
2024-08-09T05:00:00.000Z,147.226,147.255,146.814,146.886,0
2024-08-09T06:00:00.000Z,146.882,147.106,146.71,147.009,0
2024-08-09T07:00:00.000Z,147.014,147.217,146.885,147.197,0
2024-08-09T08:00:00.000Z,147.198,147.21,146.918,147.204,0
2024-08-09T09:00:00.000Z,147.203,147.32,146.917,147.208,0
2024-08-09T10:00:00.000Z,147.207,147.286,147.139,147.233,0
2024-08-09T11:00:00.000Z,147.234,147.264,147.035,147.137,0
2024-08-09T12:00:00.000Z,147.14,147.158,146.823,147.011,0
2024-08-09T13:00:00.000Z,147.013,147.033,146.508,146.777,0
2024-08-09T14:00:00.000Z,146.777,146.791,146.51,146.606,0
2024-08-09T15:00:00.000Z,146.607,146.634,146.267,146.538,0
2024-08-09T16:00:00.000Z,146.539,146.732,146.44,146.495,0
2024-08-09T17:00:00.000Z,146.491,146.665,146.477,146.609,0
2024-08-09T18:00:00.000Z,146.609,146.761,146.598,146.695,0
2024-08-09T19:00:00.000Z,146.696,146.722,146.593,146.614,0
2024-08-09T20:00:00.000Z,146.614,146.673,146.556,146.641,0
2024-08-09T21:00:00.000Z,146.641,146.699,146.591,146.634,0
2024-08-11T22:00:00.000Z,146.484,146.892,146.468,146.696,0
2024-08-11T23:00:00.000Z,146.729,147.005,146.706,146.992,0
2024-08-12T00:00:00.000Z,146.992,147.128,146.92,147.072,0
2024-08-12T01:00:00.000Z,147.071,147.074,146.798,146.854,0
2024-08-12T02:00:00.000Z,146.855,146.994,146.698,146.962,0
2024-08-12T03:00:00.000Z,146.96,146.98,146.841,146.934,0
2024-08-12T04:00:00.000Z,146.933,147.22,146.879,147.196,0
2024-08-12T05:00:00.000Z,147.202,147.209,147.025,147.124,0
2024-08-12T06:00:00.000Z,147.122,147.222,147.087,147.201,0
2024-08-12T07:00:00.000Z,147.198,147.28,147.151,147.224,0
2024-08-12T08:00:00.000Z,147.224,147.32,147.089,147.218,0
2024-08-12T09:00:00.000Z,147.217,147.443,147.19,147.361,0
2024-08-12T10:00:00.000Z,147.354,147.383,147.207,147.318,0
2024-08-12T11:00:00.000Z,147.318,147.438,147.285,147.417,0
2024-08-12T12:00:00.000Z,147.417,147.666,147.384,147.571,0
2024-08-12T13:00:00.000Z,147.575,147.737,147.521,147.715,0
2024-08-12T14:00:00.000Z,147.716,148.222,147.671,147.774,0
2024-08-12T15:00:00.000Z,147.776,147.944,147.659,147.873,0
2024-08-12T16:00:00.000Z,147.874,147.892,147.245,147.542,0
2024-08-12T17:00:00.000Z,147.544,147.572,147.276,147.355,0
2024-08-12T18:00:00.000Z,147.353,147.353,147.089,147.179,0
2024-08-12T19:00:00.000Z,147.18,147.313,147.073,147.299,0
2024-08-12T20:00:00.000Z,147.299,147.323,147.04,147.181,0
2024-08-12T21:00:00.000Z,147.181,147.28,147.149,147.177,0
2024-08-12T22:00:00.000Z,147.176,147.208,147.093,147.178,0
2024-08-12T23:00:00.000Z,147.178,147.221,147.105,147.131,0
2024-08-13T00:00:00.000Z,147.13,147.223,146.914,147.022,0
2024-08-13T01:00:00.000Z,147.023,147.302,147.003,147.262,0
2024-08-13T02:00:00.000Z,147.262,147.513,147.262,147.323,0
2024-08-13T03:00:00.000Z,147.322,147.394,147.228,147.375,0
2024-08-13T04:00:00.000Z,147.375,147.507,147.308,147.48,0
2024-08-13T05:00:00.000Z,147.481,147.794,147.43,147.714,0
2024-08-13T06:00:00.000Z,147.714,147.822,147.6,147.65,0
2024-08-13T07:00:00.000Z,147.65,147.945,147.55,147.883,0
2024-08-13T08:00:00.000Z,147.882,147.945,147.765,147.854,0
2024-08-13T09:00:00.000Z,147.854,147.891,147.666,147.842,0
2024-08-13T10:00:00.000Z,147.841,147.919,147.701,147.89,0
2024-08-13T11:00:00.000Z,147.89,147.916,147.53,147.53,0
2024-08-13T12:00:00.000Z,147.534,147.613,147.311,147.348,0
2024-08-13T13:00:00.000Z,147.349,147.509,147.059,147.403,0
2024-08-13T14:00:00.000Z,147.409,147.471,146.846,147.077,0
2024-08-13T15:00:00.000Z,147.078,147.17,146.894,146.996,0
2024-08-13T16:00:00.000Z,146.995,147.092,146.942,146.972,0
2024-08-13T17:00:00.000Z,146.971,146.971,146.704,146.733,0
2024-08-13T18:00:00.000Z,146.733,146.91,146.707,146.901,0
2024-08-13T19:00:00.000Z,146.9,146.902,146.645,146.676,0
2024-08-13T20:00:00.000Z,146.677,146.856,146.596,146.83,0
2024-08-13T21:00:00.000Z,146.828,146.899,146.786,146.814,0
2024-08-13T22:00:00.000Z,146.812,146.855,146.602,146.83,0
2024-08-13T23:00:00.000Z,146.83,146.869,146.735,146.823,0
2024-08-14T00:00:00.000Z,146.823,147.013,146.779,146.943,0
2024-08-14T01:00:00.000Z,146.944,147.145,146.916,147.09,0
2024-08-14T02:00:00.000Z,147.089,147.185,146.748,146.866,0
2024-08-14T03:00:00.000Z,146.867,146.895,146.068,146.461,0
2024-08-14T04:00:00.000Z,146.462,146.903,146.327,146.776,0
2024-08-14T05:00:00.000Z,146.775,147.071,146.752,146.867,0
2024-08-14T06:00:00.000Z,146.866,147.096,146.771,147.084,0
2024-08-14T07:00:00.000Z,147.086,147.313,146.905,147.188,0
2024-08-14T08:00:00.000Z,147.189,147.422,147.108,147.407,0
2024-08-14T09:00:00.000Z,147.405,147.501,147.098,147.114,0
2024-08-14T10:00:00.000Z,147.113,147.161,147.028,147.101,0
2024-08-14T11:00:00.000Z,147.102,147.148,146.839,146.87,0
2024-08-14T12:00:00.000Z,146.869,146.971,146.828,146.89,0
2024-08-14T13:00:00.000Z,146.889,147.578,146.505,147.31,0
2024-08-14T14:00:00.000Z,147.311,147.44,146.913,146.959,0
2024-08-14T15:00:00.000Z,146.961,147.007,146.573,146.76,0
2024-08-14T16:00:00.000Z,146.764,146.887,146.635,146.866,0
2024-08-14T17:00:00.000Z,146.865,146.966,146.817,146.946,0
2024-08-14T18:00:00.000Z,146.945,147.261,146.933,147.21,0
2024-08-14T19:00:00.000Z,147.21,147.265,147.163,147.242,0
2024-08-14T20:00:00.000Z,147.244,147.378,147.202,147.342,0
2024-08-14T21:00:00.000Z,147.341,147.439,147.291,147.31,0
2024-08-14T22:00:00.000Z,147.308,147.308,147.213,147.25,0
2024-08-14T23:00:00.000Z,147.249,147.309,147.147,147.288,0
2024-08-15T00:00:00.000Z,147.284,147.404,147.216,147.272,0
2024-08-15T01:00:00.000Z,147.273,147.354,147.154,147.229,0
2024-08-15T02:00:00.000Z,147.229,147.609,147.197,147.518,0
2024-08-15T03:00:00.000Z,147.517,147.584,147.414,147.463,0
2024-08-15T04:00:00.000Z,147.46,147.472,147.337,147.402,0
2024-08-15T05:00:00.000Z,147.402,147.416,147.232,147.267,0
2024-08-15T06:00:00.000Z,147.267,147.346,147.053,147.137,0
2024-08-15T07:00:00.000Z,147.14,147.333,147.105,147.164,0
2024-08-15T08:00:00.000Z,147.163,147.263,147.094,147.21,0
2024-08-15T09:00:00.000Z,147.212,147.392,147.202,147.333,0
2024-08-15T10:00:00.000Z,147.332,147.448,147.317,147.374,0
2024-08-15T11:00:00.000Z,147.377,147.382,147.202,147.229,0
2024-08-15T12:00:00.000Z,147.229,147.329,147.178,147.219,0
2024-08-15T13:00:00.000Z,147.218,149.156,147.184,148.957,0
2024-08-15T14:00:00.000Z,148.959,149.322,148.866,149.077,0
2024-08-15T15:00:00.000Z,149.075,149.152,148.779,149.035,0
2024-08-15T16:00:00.000Z,149.033,149.034,148.863,148.913,0
2024-08-15T17:00:00.000Z,148.913,149.05,148.85,149.042,0
2024-08-15T18:00:00.000Z,149.041,149.185,148.957,149.093,0
2024-08-15T19:00:00.000Z,149.091,149.111,148.983,149.004,0
2024-08-15T20:00:00.000Z,149.004,149.048,148.969,149.042,0
2024-08-15T21:00:00.000Z,149.042,149.396,149.018,149.263,0
2024-08-15T22:00:00.000Z,149.267,149.33,149.242,149.293,0
2024-08-15T23:00:00.000Z,149.292,149.305,149.03,149.258,0
2024-08-16T00:00:00.000Z,149.258,149.262,149.148,149.227,0
2024-08-16T01:00:00.000Z,149.227,149.268,148.906,149.152,0
2024-08-16T02:00:00.000Z,149.151,149.225,148.841,148.917,0
2024-08-16T03:00:00.000Z,148.919,148.995,148.738,148.877,0
2024-08-16T04:00:00.000Z,148.875,148.955,148.787,148.931,0
2024-08-16T05:00:00.000Z,148.931,149.008,148.831,148.86,0
2024-08-16T06:00:00.000Z,148.864,149.056,148.846,148.921,0
2024-08-16T07:00:00.000Z,148.922,149.095,148.856,149.061,0
2024-08-16T08:00:00.000Z,149.057,149.061,148.897,149.015,0
2024-08-16T09:00:00.000Z,149.016,149.054,148.654,148.711,0
2024-08-16T10:00:00.000Z,148.711,148.765,148.596,148.675,0
2024-08-16T11:00:00.000Z,148.674,148.679,148.323,148.351,0
2024-08-16T12:00:00.000Z,148.353,148.354,147.957,148.045,0
2024-08-16T13:00:00.000Z,148.045,148.103,147.613,147.683,0
2024-08-16T14:00:00.000Z,147.683,147.931,147.622,147.763,0
2024-08-16T15:00:00.000Z,147.767,148.258,147.765,147.999,0
2024-08-16T16:00:00.000Z,147.999,148.267,147.973,148.132,0
2024-08-16T17:00:00.000Z,148.134,148.192,147.993,148.002,0
2024-08-16T18:00:00.000Z,148.002,148.01,147.707,147.744,0
2024-08-16T19:00:00.000Z,147.746,147.814,147.644,147.671,0
2024-08-16T20:00:00.000Z,147.67,147.724,147.632,147.699,0
2024-08-16T21:00:00.000Z,147.699,147.701,147.569,147.587,0
2024-08-18T22:00:00.000Z,147.555,147.67,147.484,147.63,0
2024-08-18T23:00:00.000Z,147.629,147.908,147.597,147.863,0
2024-08-19T00:00:00.000Z,147.859,148.051,147.827,147.963,0
2024-08-19T01:00:00.000Z,147.962,148,147.731,147.816,0
2024-08-19T02:00:00.000Z,147.815,147.876,147.32,147.41,0
2024-08-19T03:00:00.000Z,147.409,147.637,147.304,147.348,0
2024-08-19T04:00:00.000Z,147.346,147.371,146.311,146.458,0
2024-08-19T05:00:00.000Z,146.459,146.623,145.861,146.187,0
2024-08-19T06:00:00.000Z,146.188,146.294,145.41,145.424,0
2024-08-19T07:00:00.000Z,145.423,145.874,145.182,145.871,0
2024-08-19T08:00:00.000Z,145.87,146.256,145.671,146.103,0
2024-08-19T09:00:00.000Z,146.102,146.228,145.902,146.076,0
2024-08-19T10:00:00.000Z,146.076,146.278,145.96,146.268,0
2024-08-19T11:00:00.000Z,146.268,146.52,146.239,146.347,0
2024-08-19T12:00:00.000Z,146.347,146.387,146.026,146.036,0
2024-08-19T13:00:00.000Z,146.038,146.27,145.93,146.216,0
2024-08-19T14:00:00.000Z,146.217,146.575,146.216,146.397,0
2024-08-19T15:00:00.000Z,146.399,146.674,146.19,146.364,0
2024-08-19T16:00:00.000Z,146.364,146.711,146.353,146.424,0
2024-08-19T17:00:00.000Z,146.423,146.594,146.389,146.5,0
2024-08-19T18:00:00.000Z,146.501,146.618,146.457,146.538,0
2024-08-19T19:00:00.000Z,146.538,146.688,146.482,146.656,0
2024-08-19T20:00:00.000Z,146.659,146.678,146.554,146.634,0
2024-08-19T21:00:00.000Z,146.634,146.692,146.579,146.582,0
2024-08-19T22:00:00.000Z,146.576,146.633,146.521,146.567,0
2024-08-19T23:00:00.000Z,146.567,146.645,146.537,146.627,0
2024-08-20T00:00:00.000Z,146.628,146.866,146.609,146.709,0
2024-08-20T01:00:00.000Z,146.711,146.723,146.177,146.342,0
2024-08-20T02:00:00.000Z,146.342,146.531,145.845,146.337,0
2024-08-20T03:00:00.000Z,146.342,147.097,146.295,147.002,0
2024-08-20T04:00:00.000Z,147.001,147.161,146.837,147.066,0
2024-08-20T05:00:00.000Z,147.062,147.102,146.784,146.929,0
2024-08-20T06:00:00.000Z,146.927,147.325,146.923,147.282,0
2024-08-20T07:00:00.000Z,147.288,147.345,146.903,147.047,0
2024-08-20T08:00:00.000Z,147.048,147.193,146.327,146.556,0
2024-08-20T09:00:00.000Z,146.556,146.582,146.232,146.52,0
2024-08-20T10:00:00.000Z,146.521,146.554,146.378,146.475,0
2024-08-20T11:00:00.000Z,146.476,146.505,146.326,146.444,0
2024-08-20T12:00:00.000Z,146.446,146.555,146.337,146.374,0
2024-08-20T13:00:00.000Z,146.374,146.489,146.124,146.167,0
2024-08-20T14:00:00.000Z,146.17,146.291,146.042,146.11,0
2024-08-20T15:00:00.000Z,146.108,146.246,145.518,145.596,0
2024-08-20T16:00:00.000Z,145.599,145.866,145.583,145.695,0
2024-08-20T17:00:00.000Z,145.695,145.744,145.373,145.396,0
2024-08-20T18:00:00.000Z,145.393,145.488,145.344,145.484,0
2024-08-20T19:00:00.000Z,145.484,145.535,145.366,145.384,0
2024-08-20T20:00:00.000Z,145.383,145.431,145.323,145.336,0
2024-08-20T21:00:00.000Z,145.336,145.36,145.198,145.235,0
2024-08-20T22:00:00.000Z,145.235,145.235,145.083,145.116,0
2024-08-20T23:00:00.000Z,145.114,145.178,144.988,145.121,0
2024-08-21T00:00:00.000Z,145.12,145.351,144.943,145.322,0
2024-08-21T01:00:00.000Z,145.322,145.552,144.93,145.448,0
2024-08-21T02:00:00.000Z,145.449,145.584,145.251,145.408,0
2024-08-21T03:00:00.000Z,145.408,145.492,145.275,145.387,0
2024-08-21T04:00:00.000Z,145.39,145.565,145.363,145.474,0
2024-08-21T05:00:00.000Z,145.476,145.759,145.39,145.674,0
2024-08-21T06:00:00.000Z,145.674,145.781,145.512,145.666,0
2024-08-21T07:00:00.000Z,145.666,145.976,145.569,145.948,0
2024-08-21T08:00:00.000Z,145.953,146.226,145.687,146.142,0
2024-08-21T09:00:00.000Z,146.144,146.171,145.878,146.03,0
2024-08-21T10:00:00.000Z,146.031,146.183,145.951,146.114,0
2024-08-21T11:00:00.000Z,146.117,146.225,146.037,146.175,0
2024-08-21T12:00:00.000Z,146.174,146.198,146.032,146.061,0
2024-08-21T13:00:00.000Z,146.06,146.06,145.733,145.777,0
2024-08-21T14:00:00.000Z,145.776,145.81,145.499,145.739,0
2024-08-21T15:00:00.000Z,145.739,146.889,145.411,145.647,0
2024-08-21T16:00:00.000Z,145.645,145.647,145.028,145.198,0
2024-08-21T17:00:00.000Z,145.2,145.241,145.037,145.191,0
2024-08-21T18:00:00.000Z,145.192,145.224,144.939,145.06,0
2024-08-21T19:00:00.000Z,145.063,145.063,144.45,144.745,0
2024-08-21T20:00:00.000Z,144.744,145.041,144.735,145.006,0
2024-08-21T21:00:00.000Z,145.006,145.29,145.006,145.259,0
2024-08-21T22:00:00.000Z,145.224,145.224,144.955,145.162,0
2024-08-21T23:00:00.000Z,145.163,145.169,144.887,144.891,0
2024-08-22T00:00:00.000Z,144.887,145.144,144.843,145.123,0
2024-08-22T01:00:00.000Z,145.122,145.437,144.939,145.334,0
2024-08-22T02:00:00.000Z,145.33,145.641,145.214,145.614,0
2024-08-22T03:00:00.000Z,145.616,145.632,145.371,145.445,0
2024-08-22T04:00:00.000Z,145.446,145.482,145.203,145.264,0
2024-08-22T05:00:00.000Z,145.263,145.407,144.982,145.132,0
2024-08-22T06:00:00.000Z,145.132,145.301,145.011,145.268,0
2024-08-22T07:00:00.000Z,145.267,145.452,145.2,145.38,0
2024-08-22T08:00:00.000Z,145.382,145.474,145.09,145.244,0
2024-08-22T09:00:00.000Z,145.246,145.669,145.246,145.634,0
2024-08-22T10:00:00.000Z,145.634,145.757,145.558,145.606,0
2024-08-22T11:00:00.000Z,145.607,145.886,145.559,145.76,0
2024-08-22T12:00:00.000Z,145.761,146.146,145.738,145.99,0
2024-08-22T13:00:00.000Z,145.99,146.342,145.873,146.049,0
2024-08-22T14:00:00.000Z,146.047,146.494,145.821,146.273,0
2024-08-22T15:00:00.000Z,146.274,146.525,146.223,146.233,0
2024-08-22T16:00:00.000Z,146.234,146.346,145.874,145.976,0
2024-08-22T17:00:00.000Z,145.975,146.35,145.963,146.33,0
2024-08-22T18:00:00.000Z,146.329,146.49,146.275,146.314,0
2024-08-22T19:00:00.000Z,146.314,146.346,146.196,146.221,0
2024-08-22T20:00:00.000Z,146.224,146.32,146.176,146.294,0
2024-08-22T21:00:00.000Z,146.294,146.372,146.247,146.257,0
2024-08-22T22:00:00.000Z,146.257,146.26,146.204,146.219,0
2024-08-22T23:00:00.000Z,146.215,146.276,146.148,146.177,0
2024-08-23T00:00:00.000Z,146.176,146.234,146.018,146.208,0
2024-08-23T01:00:00.000Z,146.208,146.334,145.893,146.073,0
2024-08-23T02:00:00.000Z,146.072,146.13,145.462,145.481,0
2024-08-23T03:00:00.000Z,145.48,145.695,145.293,145.599,0
2024-08-23T04:00:00.000Z,145.6,145.717,145.477,145.667,0
2024-08-23T05:00:00.000Z,145.667,145.897,145.575,145.768,0
2024-08-23T06:00:00.000Z,145.768,145.769,145.557,145.674,0
2024-08-23T07:00:00.000Z,145.673,145.796,145.29,145.452,0
2024-08-23T08:00:00.000Z,145.454,145.978,145.414,145.826,0
2024-08-23T09:00:00.000Z,145.831,146.022,145.747,145.929,0
2024-08-23T10:00:00.000Z,145.929,146.152,145.925,146.137,0
2024-08-23T11:00:00.000Z,146.138,146.175,145.991,146.018,0
2024-08-23T12:00:00.000Z,146.019,146.1,145.937,146.031,0
2024-08-23T13:00:00.000Z,146.031,146.173,145.943,145.986,0
2024-08-23T14:00:00.000Z,145.991,146.481,145.977,146.199,0
2024-08-23T15:00:00.000Z,146.209,146.266,144.945,145.208,0
2024-08-23T16:00:00.000Z,145.206,145.209,144.597,144.862,0
2024-08-23T17:00:00.000Z,144.861,144.979,144.754,144.846,0
2024-08-23T18:00:00.000Z,144.843,144.852,144.342,144.401,0
2024-08-23T19:00:00.000Z,144.401,144.445,144.13,144.293,0
2024-08-23T20:00:00.000Z,144.295,144.304,144.047,144.232,0
2024-08-23T21:00:00.000Z,144.23,144.404,144.221,144.352,0
2024-08-25T22:00:00.000Z,144.227,144.227,143.997,144.026,0
2024-08-25T23:00:00.000Z,144.025,144.34,143.845,143.9,0
2024-08-26T00:00:00.000Z,143.89,144.022,143.558,143.919,0
2024-08-26T01:00:00.000Z,143.92,144.052,143.445,143.711,0
2024-08-26T02:00:00.000Z,143.711,143.883,143.444,143.738,0
2024-08-26T03:00:00.000Z,143.737,143.988,143.533,143.928,0
2024-08-26T04:00:00.000Z,143.927,144.09,143.793,143.968,0
2024-08-26T05:00:00.000Z,143.97,144.039,143.739,144.039,0
2024-08-26T06:00:00.000Z,144.039,144.215,143.923,144.049,0
2024-08-26T07:00:00.000Z,144.056,144.066,143.686,143.764,0
2024-08-26T08:00:00.000Z,143.765,143.91,143.597,143.885,0
2024-08-26T09:00:00.000Z,143.885,143.962,143.777,143.863,0
2024-08-26T10:00:00.000Z,143.862,144.001,143.822,143.966,0
2024-08-26T11:00:00.000Z,143.966,144.119,143.966,144.033,0
2024-08-26T12:00:00.000Z,144.033,144.227,143.962,144.133,0
2024-08-26T13:00:00.000Z,144.132,144.36,143.914,143.936,0
2024-08-26T14:00:00.000Z,143.934,144.415,143.855,144.408,0
2024-08-26T15:00:00.000Z,144.41,144.455,144.106,144.145,0
2024-08-26T16:00:00.000Z,144.148,144.604,144.136,144.51,0
2024-08-26T17:00:00.000Z,144.512,144.602,144.448,144.459,0
2024-08-26T18:00:00.000Z,144.458,144.554,144.318,144.524,0
2024-08-26T19:00:00.000Z,144.525,144.652,144.498,144.502,0
2024-08-26T20:00:00.000Z,144.502,144.598,144.495,144.598,0
2024-08-26T21:00:00.000Z,144.598,144.608,144.454,144.512,0
2024-08-26T22:00:00.000Z,144.508,144.535,144.441,144.473,0
2024-08-26T23:00:00.000Z,144.472,144.511,144.317,144.363,0
2024-08-27T00:00:00.000Z,144.364,144.528,144.229,144.504,0
2024-08-27T01:00:00.000Z,144.504,144.859,144.45,144.844,0
2024-08-27T02:00:00.000Z,144.845,144.949,144.602,144.696,0
2024-08-27T03:00:00.000Z,144.698,144.961,144.65,144.87,0
2024-08-27T04:00:00.000Z,144.869,144.97,144.801,144.831,0
2024-08-27T05:00:00.000Z,144.832,144.834,144.622,144.638,0
2024-08-27T06:00:00.000Z,144.635,144.892,144.573,144.791,0
2024-08-27T07:00:00.000Z,144.786,144.86,144.642,144.824,0
2024-08-27T08:00:00.000Z,144.825,145.175,144.78,144.996,0
2024-08-27T09:00:00.000Z,144.997,145.149,144.94,145.063,0
2024-08-27T10:00:00.000Z,145.063,145.072,144.736,144.832,0
2024-08-27T11:00:00.000Z,144.833,144.86,144.68,144.777,0
2024-08-27T12:00:00.000Z,144.778,144.881,144.506,144.53,0
2024-08-27T13:00:00.000Z,144.53,144.601,144.333,144.386,0
2024-08-27T14:00:00.000Z,144.382,144.485,144.238,144.33,0
2024-08-27T15:00:00.000Z,144.335,144.505,144.15,144.251,0
2024-08-27T16:00:00.000Z,144.251,144.368,144.185,144.266,0
2024-08-27T17:00:00.000Z,144.266,144.291,144.1,144.135,0
2024-08-27T18:00:00.000Z,144.135,144.163,143.943,144.149,0
2024-08-27T19:00:00.000Z,144.15,144.151,143.916,144.014,0
2024-08-27T20:00:00.000Z,144.015,144.066,143.941,143.974,0
2024-08-27T21:00:00.000Z,143.973,144.009,143.919,143.926,0
2024-08-27T22:00:00.000Z,143.926,143.999,143.899,143.924,0
2024-08-27T23:00:00.000Z,143.926,143.934,143.679,143.864,0
2024-08-28T00:00:00.000Z,143.861,143.982,143.722,143.965,0
2024-08-28T01:00:00.000Z,143.964,144.247,143.908,144.111,0
2024-08-28T02:00:00.000Z,144.11,144.394,144.087,144.36,0
2024-08-28T03:00:00.000Z,144.36,144.459,144.292,144.439,0
2024-08-28T04:00:00.000Z,144.439,144.489,144.323,144.408,0
2024-08-28T05:00:00.000Z,144.408,144.538,144.344,144.354,0
2024-08-28T06:00:00.000Z,144.353,144.535,144.289,144.393,0
2024-08-28T07:00:00.000Z,144.393,144.603,144.365,144.534,0
2024-08-28T08:00:00.000Z,144.533,144.571,144.334,144.561,0
2024-08-28T09:00:00.000Z,144.564,144.576,144.32,144.348,0
2024-08-28T10:00:00.000Z,144.348,144.348,144.059,144.277,0
2024-08-28T11:00:00.000Z,144.277,144.488,144.243,144.41,0
2024-08-28T12:00:00.000Z,144.409,144.486,144.269,144.324,0
2024-08-28T13:00:00.000Z,144.323,144.777,144.309,144.705,0
2024-08-28T14:00:00.000Z,144.708,145.036,144.701,144.843,0
2024-08-28T15:00:00.000Z,144.842,144.842,144.44,144.491,0
2024-08-28T16:00:00.000Z,144.489,144.626,144.346,144.473,0
2024-08-28T17:00:00.000Z,144.472,144.758,144.465,144.737,0
2024-08-28T18:00:00.000Z,144.74,144.809,144.57,144.63,0
2024-08-28T19:00:00.000Z,144.63,144.727,144.509,144.653,0
2024-08-28T20:00:00.000Z,144.652,144.758,144.651,144.701,0
2024-08-28T21:00:00.000Z,144.701,144.769,144.415,144.572,0
2024-08-28T22:00:00.000Z,144.573,144.573,144.423,144.435,0
2024-08-28T23:00:00.000Z,144.435,144.483,144.278,144.293,0
2024-08-29T00:00:00.000Z,144.294,144.468,144.218,144.435,0
2024-08-29T01:00:00.000Z,144.435,144.598,144.269,144.428,0
2024-08-29T02:00:00.000Z,144.426,144.657,144.344,144.632,0
2024-08-29T03:00:00.000Z,144.633,144.695,144.451,144.586,0
2024-08-29T04:00:00.000Z,144.585,144.615,144.476,144.525,0
2024-08-29T05:00:00.000Z,144.525,144.714,144.457,144.671,0
2024-08-29T06:00:00.000Z,144.671,144.86,144.559,144.616,0
2024-08-29T07:00:00.000Z,144.616,144.672,144.461,144.582,0
2024-08-29T08:00:00.000Z,144.581,144.844,144.553,144.727,0
2024-08-29T09:00:00.000Z,144.726,144.74,144.468,144.69,0
2024-08-29T10:00:00.000Z,144.691,144.737,144.443,144.519,0
2024-08-29T11:00:00.000Z,144.52,144.586,144.46,144.487,0
2024-08-29T12:00:00.000Z,144.486,144.7,144.463,144.59,0
2024-08-29T13:00:00.000Z,144.591,145.423,144.516,145.396,0
2024-08-29T14:00:00.000Z,145.393,145.495,145.26,145.372,0
2024-08-29T15:00:00.000Z,145.371,145.553,145.182,145.347,0
2024-08-29T16:00:00.000Z,145.347,145.391,144.976,144.983,0
2024-08-29T17:00:00.000Z,144.983,145.043,144.901,145,0
2024-08-29T18:00:00.000Z,145.002,145.017,144.815,144.854,0
2024-08-29T19:00:00.000Z,144.854,144.896,144.726,144.778,0
2024-08-29T20:00:00.000Z,144.777,144.933,144.756,144.913,0
2024-08-29T21:00:00.000Z,144.915,145.011,144.9,144.954,0
2024-08-29T22:00:00.000Z,144.942,145.024,144.88,144.952,0
2024-08-29T23:00:00.000Z,144.944,145.013,144.837,144.902,0
2024-08-30T00:00:00.000Z,144.9,145.072,144.833,144.891,0
2024-08-30T01:00:00.000Z,144.89,144.941,144.653,144.722,0
2024-08-30T02:00:00.000Z,144.722,144.876,144.685,144.762,0
2024-08-30T03:00:00.000Z,144.761,144.843,144.702,144.77,0
2024-08-30T04:00:00.000Z,144.77,144.805,144.752,144.792,0
2024-08-30T05:00:00.000Z,144.793,144.884,144.774,144.846,0
2024-08-30T06:00:00.000Z,144.845,144.944,144.788,144.856,0
2024-08-30T07:00:00.000Z,144.867,145.09,144.867,144.952,0
2024-08-30T08:00:00.000Z,144.953,145.008,144.815,144.932,0
2024-08-30T09:00:00.000Z,144.93,145.134,144.848,145.117,0
2024-08-30T10:00:00.000Z,145.118,145.15,145.018,145.131,0
2024-08-30T11:00:00.000Z,145.132,145.293,145.107,145.292,0
2024-08-30T12:00:00.000Z,145.291,145.456,145.227,145.426,0
2024-08-30T13:00:00.000Z,145.422,145.746,145.247,145.634,0
2024-08-30T14:00:00.000Z,145.633,145.69,145.424,145.592,0
2024-08-30T15:00:00.000Z,145.588,145.718,145.313,145.591,0
2024-08-30T16:00:00.000Z,145.591,145.969,145.556,145.954,0
2024-08-30T17:00:00.000Z,145.955,146.246,145.908,146.223,0
2024-08-30T18:00:00.000Z,146.224,146.243,146.07,146.152,0
2024-08-30T19:00:00.000Z,146.151,146.174,146.049,146.093,0
2024-08-30T20:00:00.000Z,146.095,146.245,146.068,146.183,0
2024-08-30T21:00:00.000Z,146.184,146.212,146.088,146.113,0
2024-09-01T22:00:00.000Z,145.971,146.158,145.931,146.048,0
2024-09-01T23:00:00.000Z,146.081,146.445,146.081,146.443,0
2024-09-02T00:00:00.000Z,146.443,146.597,146.36,146.4,0
2024-09-02T01:00:00.000Z,146.401,146.544,146.157,146.189,0
2024-09-02T02:00:00.000Z,146.188,146.279,146.055,146.215,0
2024-09-02T03:00:00.000Z,146.214,146.254,145.9,145.968,0
2024-09-02T04:00:00.000Z,145.967,146.009,145.828,145.948,0
2024-09-02T05:00:00.000Z,145.948,145.949,145.773,145.934,0
2024-09-02T06:00:00.000Z,145.933,146.214,145.928,146.106,0
2024-09-02T07:00:00.000Z,146.105,146.293,146.063,146.159,0
2024-09-02T08:00:00.000Z,146.156,146.475,146.122,146.471,0
2024-09-02T09:00:00.000Z,146.471,146.843,146.432,146.703,0
2024-09-02T10:00:00.000Z,146.701,146.745,146.597,146.679,0
2024-09-02T11:00:00.000Z,146.68,146.807,146.623,146.805,0
2024-09-02T12:00:00.000Z,146.805,146.99,146.747,146.986,0
2024-09-02T13:00:00.000Z,146.986,146.988,146.912,146.98,0
2024-09-02T14:00:00.000Z,146.977,147.172,146.834,146.96,0
2024-09-02T15:00:00.000Z,146.963,147.017,146.916,146.962,0
2024-09-02T16:00:00.000Z,146.961,147.067,146.905,146.95,0
2024-09-02T17:00:00.000Z,146.95,146.985,146.803,146.816,0
2024-09-02T18:00:00.000Z,146.826,146.894,146.819,146.888,0
2024-09-02T19:00:00.000Z,146.891,146.907,146.853,146.901,0
2024-09-02T20:00:00.000Z,146.898,146.899,146.857,146.885,0
2024-09-02T21:00:00.000Z,146.905,146.927,146.847,146.864,0
2024-09-02T22:00:00.000Z,146.852,146.904,146.753,146.888,0
2024-09-02T23:00:00.000Z,146.885,146.961,146.843,146.948,0
2024-09-03T00:00:00.000Z,146.946,146.963,146.713,146.748,0
2024-09-03T01:00:00.000Z,146.751,147.207,146.664,147.124,0
2024-09-03T02:00:00.000Z,147.121,147.144,146.587,146.616,0
2024-09-03T03:00:00.000Z,146.615,146.763,146.566,146.638,0
2024-09-03T04:00:00.000Z,146.638,146.731,146.446,146.54,0
2024-09-03T05:00:00.000Z,146.542,146.573,146.393,146.535,0
2024-09-03T06:00:00.000Z,146.534,146.594,146.14,146.309,0
2024-09-03T07:00:00.000Z,146.311,146.405,145.992,146.016,0
2024-09-03T08:00:00.000Z,146.017,146.243,145.888,145.945,0
2024-09-03T09:00:00.000Z,145.945,146.014,145.606,145.813,0
2024-09-03T10:00:00.000Z,145.809,145.984,145.79,145.934,0
2024-09-03T11:00:00.000Z,145.933,146.062,145.864,146.032,0
2024-09-03T12:00:00.000Z,146.031,146.237,145.892,146.174,0
2024-09-03T13:00:00.000Z,146.176,146.286,145.872,145.882,0
2024-09-03T14:00:00.000Z,145.882,145.922,145.28,145.421,0
2024-09-03T15:00:00.000Z,145.421,145.674,145.097,145.565,0
2024-09-03T16:00:00.000Z,145.565,145.917,145.565,145.821,0
2024-09-03T17:00:00.000Z,145.825,145.921,145.71,145.765,0
2024-09-03T18:00:00.000Z,145.765,145.904,145.735,145.898,0
2024-09-03T19:00:00.000Z,145.898,145.906,145.77,145.805,0
2024-09-03T20:00:00.000Z,145.807,145.833,145.562,145.628,0
2024-09-03T21:00:00.000Z,145.629,145.711,145.444,145.454,0
2024-09-03T22:00:00.000Z,145.446,145.486,145.376,145.409,0
2024-09-03T23:00:00.000Z,145.402,145.556,145.271,145.332,0
2024-09-04T00:00:00.000Z,145.332,145.395,145.089,145.363,0
2024-09-04T01:00:00.000Z,145.365,145.552,144.889,145.174,0
2024-09-04T02:00:00.000Z,145.173,145.533,145.142,145.405,0
2024-09-04T03:00:00.000Z,145.404,145.504,145.218,145.443,0
2024-09-04T04:00:00.000Z,145.444,145.546,145.266,145.31,0
2024-09-04T05:00:00.000Z,145.311,145.538,145.21,145.249,0
2024-09-04T06:00:00.000Z,145.249,145.256,145.027,145.168,0
2024-09-04T07:00:00.000Z,145.165,145.316,144.856,144.874,0
2024-09-04T08:00:00.000Z,144.875,145.043,144.753,144.983,0
2024-09-04T09:00:00.000Z,144.984,145.23,144.917,145.206,0
2024-09-04T10:00:00.000Z,145.209,145.268,145.073,145.105,0
2024-09-04T11:00:00.000Z,145.107,145.188,144.935,145.069,0
2024-09-04T12:00:00.000Z,145.068,145.092,144.86,144.885,0
2024-09-04T13:00:00.000Z,144.89,145.215,144.88,145.074,0
2024-09-04T14:00:00.000Z,145.072,145.147,144.748,144.777,0
2024-09-04T15:00:00.000Z,144.772,144.772,143.998,144.118,0
2024-09-04T16:00:00.000Z,144.118,144.416,144.033,144.306,0
2024-09-04T17:00:00.000Z,144.307,144.37,144.01,144.048,0
2024-09-04T18:00:00.000Z,144.047,144.081,143.942,144.072,0
2024-09-04T19:00:00.000Z,144.078,144.125,143.856,143.888,0
2024-09-04T20:00:00.000Z,143.887,143.943,143.793,143.822,0
2024-09-04T21:00:00.000Z,143.83,143.872,143.708,143.724,0
2024-09-04T22:00:00.000Z,143.721,143.721,143.594,143.642,0
2024-09-04T23:00:00.000Z,143.642,143.746,143.509,143.621,0
2024-09-05T00:00:00.000Z,143.62,143.685,143.183,143.335,0
2024-09-05T01:00:00.000Z,143.334,143.802,143.298,143.718,0
2024-09-05T02:00:00.000Z,143.717,143.831,143.431,143.702,0
2024-09-05T03:00:00.000Z,143.704,143.903,143.605,143.831,0
2024-09-05T04:00:00.000Z,143.83,143.878,143.676,143.76,0
2024-09-05T05:00:00.000Z,143.76,143.852,143.487,143.574,0
2024-09-05T06:00:00.000Z,143.573,143.597,143.32,143.397,0
2024-09-05T07:00:00.000Z,143.4,143.45,143.048,143.235,0
2024-09-05T08:00:00.000Z,143.237,143.735,143.224,143.611,0
2024-09-05T09:00:00.000Z,143.61,143.749,143.526,143.573,0
2024-09-05T10:00:00.000Z,143.573,143.646,143.426,143.604,0
2024-09-05T11:00:00.000Z,143.602,143.646,143.466,143.491,0
2024-09-05T12:00:00.000Z,143.49,143.57,143.414,143.449,0
2024-09-05T13:00:00.000Z,143.448,143.598,142.847,143.098,0
2024-09-05T14:00:00.000Z,143.098,143.266,143.036,143.192,0
2024-09-05T15:00:00.000Z,143.148,144.228,143.148,143.916,0
2024-09-05T16:00:00.000Z,143.919,144.024,143.411,143.433,0
2024-09-05T17:00:00.000Z,143.432,143.541,143.369,143.433,0
2024-09-05T18:00:00.000Z,143.432,143.449,143.194,143.349,0
2024-09-05T19:00:00.000Z,143.348,143.481,143.202,143.417,0
2024-09-05T20:00:00.000Z,143.418,143.504,143.311,143.458,0
2024-09-05T21:00:00.000Z,143.458,143.488,143.375,143.429,0
2024-09-05T22:00:00.000Z,143.422,143.44,143.345,143.404,0
2024-09-05T23:00:00.000Z,143.405,143.454,143.323,143.414,0
2024-09-06T00:00:00.000Z,143.411,143.477,143.345,143.385,0
2024-09-06T01:00:00.000Z,143.386,143.417,143.15,143.174,0
2024-09-06T02:00:00.000Z,143.176,143.363,143.099,143.274,0
2024-09-06T03:00:00.000Z,143.274,143.308,143.171,143.198,0
2024-09-06T04:00:00.000Z,143.197,143.223,142.983,143.03,0
2024-09-06T05:00:00.000Z,143.03,143.031,142.887,142.995,0
2024-09-06T06:00:00.000Z,142.992,143.006,142.407,142.605,0
2024-09-06T07:00:00.000Z,142.603,142.65,142.253,142.39,0
2024-09-06T08:00:00.000Z,142.391,142.536,142.053,142.523,0
2024-09-06T09:00:00.000Z,142.522,142.724,142.48,142.612,0
2024-09-06T10:00:00.000Z,142.613,142.89,142.592,142.801,0
2024-09-06T11:00:00.000Z,142.803,142.957,142.794,142.853,0
2024-09-06T12:00:00.000Z,142.853,143.126,142.824,143.058,0
2024-09-06T13:00:00.000Z,143.061,144.041,141.986,142.986,0
2024-09-06T14:00:00.000Z,142.987,143.898,142.794,143.52,0
2024-09-06T15:00:00.000Z,143.519,143.542,142.21,142.439,0
2024-09-06T16:00:00.000Z,142.437,142.751,141.762,142.142,0
2024-09-06T17:00:00.000Z,142.142,142.665,142.077,142.442,0
2024-09-06T18:00:00.000Z,142.444,142.69,142.233,142.423,0
2024-09-06T19:00:00.000Z,142.426,142.481,142.243,142.359,0
2024-09-06T20:00:00.000Z,142.357,142.477,142.357,142.42,0
2024-09-06T21:00:00.000Z,142.416,142.437,142.239,142.251,0
2024-09-08T22:00:00.000Z,142.172,142.333,142.045,142.1,0
2024-09-08T23:00:00.000Z,142.101,142.31,141.948,142.146,0
2024-09-09T00:00:00.000Z,142.144,142.525,142.088,142.487,0
2024-09-09T01:00:00.000Z,142.487,142.741,142.414,142.697,0
2024-09-09T02:00:00.000Z,142.699,142.98,142.613,142.955,0
2024-09-09T03:00:00.000Z,142.956,142.989,142.7,142.817,0
2024-09-09T04:00:00.000Z,142.818,142.957,142.637,142.757,0
2024-09-09T05:00:00.000Z,142.758,143.091,142.739,142.973,0
2024-09-09T06:00:00.000Z,142.972,143.069,142.773,142.911,0
2024-09-09T07:00:00.000Z,142.912,143.055,142.795,143.002,0
2024-09-09T08:00:00.000Z,143.005,143.358,143.005,143.158,0
2024-09-09T09:00:00.000Z,143.159,143.431,143.096,143.38,0
2024-09-09T10:00:00.000Z,143.38,143.574,143.264,143.486,0
2024-09-09T11:00:00.000Z,143.486,143.777,143.473,143.668,0
2024-09-09T12:00:00.000Z,143.668,143.795,143.537,143.609,0
2024-09-09T13:00:00.000Z,143.603,143.696,143.093,143.231,0
2024-09-09T14:00:00.000Z,143.232,143.232,142.726,142.793,0
2024-09-09T15:00:00.000Z,142.792,142.99,142.65,142.737,0
2024-09-09T16:00:00.000Z,142.736,143.009,142.715,142.925,0
2024-09-09T17:00:00.000Z,142.925,142.952,142.824,142.883,0
2024-09-09T18:00:00.000Z,142.88,142.917,142.715,142.814,0
2024-09-09T19:00:00.000Z,142.814,142.895,142.761,142.807,0
2024-09-09T20:00:00.000Z,142.807,142.961,142.779,142.955,0
2024-09-09T21:00:00.000Z,142.953,143.21,142.948,143.153,0
2024-09-09T22:00:00.000Z,143.147,143.147,143.078,143.124,0
2024-09-09T23:00:00.000Z,143.122,143.137,142.852,143.039,0
2024-09-10T00:00:00.000Z,143.039,143.295,143.039,143.181,0
2024-09-10T01:00:00.000Z,143.18,143.487,143.113,143.465,0
2024-09-10T02:00:00.000Z,143.466,143.543,143.353,143.422,0
2024-09-10T03:00:00.000Z,143.417,143.431,143.189,143.401,0
2024-09-10T04:00:00.000Z,143.4,143.426,143.173,143.235,0
2024-09-10T05:00:00.000Z,143.237,143.28,143.052,143.08,0
2024-09-10T06:00:00.000Z,143.08,143.186,143.031,143.155,0
2024-09-10T07:00:00.000Z,143.154,143.453,143.092,143.399,0
2024-09-10T08:00:00.000Z,143.397,143.614,143.337,143.602,0
2024-09-10T09:00:00.000Z,143.61,143.708,143.439,143.51,0
2024-09-10T10:00:00.000Z,143.512,143.519,143.153,143.161,0
2024-09-10T11:00:00.000Z,143.163,143.212,142.948,143.039,0
2024-09-10T12:00:00.000Z,143.04,143.188,142.994,143.126,0
2024-09-10T13:00:00.000Z,143.124,143.189,142.753,142.861,0
2024-09-10T14:00:00.000Z,142.863,143.11,142.827,143.005,0
2024-09-10T15:00:00.000Z,143.007,143.047,142.53,142.717,0
2024-09-10T16:00:00.000Z,142.716,142.73,142.258,142.287,0
2024-09-10T17:00:00.000Z,142.286,142.473,142.192,142.461,0
2024-09-10T18:00:00.000Z,142.461,142.568,142.325,142.393,0
2024-09-10T19:00:00.000Z,142.394,142.46,142.224,142.346,0
2024-09-10T20:00:00.000Z,142.347,142.388,142.29,142.308,0
2024-09-10T21:00:00.000Z,142.308,142.489,142.299,142.422,0
2024-09-10T22:00:00.000Z,142.401,142.416,142.277,142.414,0
2024-09-10T23:00:00.000Z,142.413,142.472,142.336,142.447,0
2024-09-11T00:00:00.000Z,142.445,142.467,142.209,142.229,0
2024-09-11T01:00:00.000Z,142.231,142.293,142.019,142.286,0
2024-09-11T02:00:00.000Z,142.288,142.425,141.498,141.828,0
2024-09-11T03:00:00.000Z,141.829,141.9,141.558,141.832,0
2024-09-11T04:00:00.000Z,141.83,141.959,141.255,141.396,0
2024-09-11T05:00:00.000Z,141.396,141.397,140.889,141.09,0
2024-09-11T06:00:00.000Z,141.088,141.293,140.707,141.282,0
2024-09-11T07:00:00.000Z,141.287,141.451,141.146,141.374,0
2024-09-11T08:00:00.000Z,141.375,141.543,141.167,141.387,0
2024-09-11T09:00:00.000Z,141.386,141.696,141.331,141.533,0
2024-09-11T10:00:00.000Z,141.534,141.577,141.289,141.568,0
2024-09-11T11:00:00.000Z,141.569,141.694,141.487,141.575,0
2024-09-11T12:00:00.000Z,141.579,141.822,141.504,141.689,0
2024-09-11T13:00:00.000Z,141.69,142.546,141.689,142.291,0
2024-09-11T14:00:00.000Z,142.296,142.495,141.78,141.814,0
2024-09-11T15:00:00.000Z,141.814,141.95,141.247,141.424,0
2024-09-11T16:00:00.000Z,141.426,141.82,141.379,141.726,0
2024-09-11T17:00:00.000Z,141.726,142.035,141.724,141.947,0
2024-09-11T18:00:00.000Z,141.95,142.324,141.899,142.203,0
2024-09-11T19:00:00.000Z,142.204,142.25,142.094,142.201,0
2024-09-11T20:00:00.000Z,142.204,142.411,142.193,142.373,0
2024-09-11T21:00:00.000Z,142.373,142.456,142.341,142.341,0
2024-09-11T22:00:00.000Z,142.337,142.34,142.258,142.276,0
2024-09-11T23:00:00.000Z,142.277,142.47,142.225,142.457,0
2024-09-12T00:00:00.000Z,142.454,142.674,142.441,142.635,0
2024-09-12T01:00:00.000Z,142.637,142.949,142.61,142.683,0
2024-09-12T02:00:00.000Z,142.685,142.706,142.256,142.541,0
2024-09-12T03:00:00.000Z,142.539,142.633,142.347,142.527,0
2024-09-12T04:00:00.000Z,142.524,142.607,142.35,142.59,0
2024-09-12T05:00:00.000Z,142.591,142.843,142.578,142.787,0
2024-09-12T06:00:00.000Z,142.786,142.911,142.614,142.832,0
2024-09-12T07:00:00.000Z,142.831,142.839,142.465,142.575,0
2024-09-12T08:00:00.000Z,142.577,143.044,142.551,142.766,0
2024-09-12T09:00:00.000Z,142.764,142.764,142.534,142.582,0
2024-09-12T10:00:00.000Z,142.583,142.709,142.517,142.675,0
2024-09-12T11:00:00.000Z,142.676,142.776,142.586,142.618,0
2024-09-12T12:00:00.000Z,142.62,142.641,142.369,142.567,0
2024-09-12T13:00:00.000Z,142.564,142.619,141.962,142.098,0
2024-09-12T14:00:00.000Z,142.097,142.432,141.909,142.007,0
2024-09-12T15:00:00.000Z,142.011,142.661,142.004,142.484,0
2024-09-12T16:00:00.000Z,142.483,142.557,142.192,142.24,0
2024-09-12T17:00:00.000Z,142.24,142.655,142.211,142.516,0
2024-09-12T18:00:00.000Z,142.514,142.568,142.239,142.271,0
2024-09-12T19:00:00.000Z,142.269,142.366,141.911,142.023,0
2024-09-12T20:00:00.000Z,142.026,142.089,141.749,141.88,0
2024-09-12T21:00:00.000Z,141.878,141.924,141.722,141.791,0
2024-09-12T22:00:00.000Z,141.791,141.837,141.72,141.833,0
2024-09-12T23:00:00.000Z,141.83,141.874,141.695,141.841,0
2024-09-13T00:00:00.000Z,141.841,141.841,141.426,141.509,0
2024-09-13T01:00:00.000Z,141.509,141.557,141.164,141.194,0
2024-09-13T02:00:00.000Z,141.192,141.294,140.999,141.226,0
2024-09-13T03:00:00.000Z,141.229,141.289,140.774,141.035,0
2024-09-13T04:00:00.000Z,141.038,141.132,140.813,140.976,0
2024-09-13T05:00:00.000Z,140.976,141.02,140.644,140.955,0
2024-09-13T06:00:00.000Z,140.954,141.174,140.742,140.858,0
2024-09-13T07:00:00.000Z,140.86,141.173,140.829,141.088,0
2024-09-13T08:00:00.000Z,141.089,141.412,140.821,140.912,0
2024-09-13T09:00:00.000Z,140.914,140.968,140.407,140.7,0
2024-09-13T10:00:00.000Z,140.699,140.733,140.361,140.572,0
2024-09-13T11:00:00.000Z,140.571,140.717,140.364,140.697,0
2024-09-13T12:00:00.000Z,140.697,140.979,140.598,140.831,0
2024-09-13T13:00:00.000Z,140.832,141.019,140.7,140.726,0
2024-09-13T14:00:00.000Z,140.725,140.727,140.281,140.352,0
2024-09-13T15:00:00.000Z,140.342,140.77,140.281,140.639,0
2024-09-13T16:00:00.000Z,140.639,140.675,140.338,140.662,0
2024-09-13T17:00:00.000Z,140.668,140.941,140.589,140.811,0
2024-09-13T18:00:00.000Z,140.811,140.964,140.769,140.908,0
2024-09-13T19:00:00.000Z,140.907,141.007,140.836,140.931,0
2024-09-13T20:00:00.000Z,140.932,140.966,140.884,140.929,0
2024-09-13T21:00:00.000Z,140.928,140.937,140.768,140.78,0
2024-09-15T22:00:00.000Z,140.704,140.898,140.556,140.7,0
2024-09-15T23:00:00.000Z,140.696,140.78,140.451,140.689,0
2024-09-16T00:00:00.000Z,140.686,140.896,140.684,140.844,0
2024-09-16T01:00:00.000Z,140.845,140.849,140.422,140.525,0
2024-09-16T02:00:00.000Z,140.522,140.586,140.445,140.54,0
2024-09-16T03:00:00.000Z,140.541,140.563,140.475,140.534,0
2024-09-16T04:00:00.000Z,140.533,140.543,140.047,140.12,0
2024-09-16T05:00:00.000Z,140.12,140.3,139.948,140.214,0
2024-09-16T06:00:00.000Z,140.213,140.287,140.064,140.192,0
2024-09-16T07:00:00.000Z,140.19,140.231,139.724,139.852,0
2024-09-16T08:00:00.000Z,139.854,139.933,139.576,139.875,0
2024-09-16T09:00:00.000Z,139.876,139.943,139.732,139.851,0
2024-09-16T10:00:00.000Z,139.85,140.275,139.829,140.204,0
2024-09-16T11:00:00.000Z,140.204,140.23,140.022,140.124,0
2024-09-16T12:00:00.000Z,140.124,140.165,139.876,139.886,0
2024-09-16T13:00:00.000Z,139.884,140.443,139.752,140.238,0
2024-09-16T14:00:00.000Z,140.236,140.481,140.208,140.455,0
2024-09-16T15:00:00.000Z,140.455,140.707,140.321,140.448,0
2024-09-16T16:00:00.000Z,140.448,140.912,140.426,140.8,0
2024-09-16T17:00:00.000Z,140.797,140.856,140.602,140.64,0
2024-09-16T18:00:00.000Z,140.642,140.766,140.6,140.677,0
2024-09-16T19:00:00.000Z,140.677,140.739,140.615,140.712,0
2024-09-16T20:00:00.000Z,140.712,140.881,140.695,140.7,0
2024-09-16T21:00:00.000Z,140.7,140.72,140.573,140.599,0
2024-09-16T22:00:00.000Z,140.593,140.61,140.549,140.601,0
2024-09-16T23:00:00.000Z,140.606,140.866,140.602,140.859,0
2024-09-17T00:00:00.000Z,140.858,141.24,140.754,140.796,0
2024-09-17T01:00:00.000Z,140.795,140.843,140.474,140.663,0
2024-09-17T02:00:00.000Z,140.663,140.668,140.338,140.442,0
2024-09-17T03:00:00.000Z,140.445,140.586,140.32,140.57,0
2024-09-17T04:00:00.000Z,140.572,140.667,140.459,140.597,0
2024-09-17T05:00:00.000Z,140.594,140.753,140.573,140.678,0
2024-09-17T06:00:00.000Z,140.68,140.803,140.504,140.7,0
2024-09-17T07:00:00.000Z,140.699,140.723,140.514,140.678,0
2024-09-17T08:00:00.000Z,140.679,140.696,140.348,140.6,0
2024-09-17T09:00:00.000Z,140.598,140.695,140.438,140.57,0
2024-09-17T10:00:00.000Z,140.57,140.65,140.472,140.641,0
2024-09-17T11:00:00.000Z,140.64,140.68,140.575,140.666,0
2024-09-17T12:00:00.000Z,140.666,140.741,140.479,140.605,0
2024-09-17T13:00:00.000Z,140.604,141.126,140.541,140.97,0
2024-09-17T14:00:00.000Z,140.968,141.662,140.868,141.58,0
2024-09-17T15:00:00.000Z,141.583,141.901,141.529,141.699,0
2024-09-17T16:00:00.000Z,141.699,141.811,141.583,141.774,0
2024-09-17T17:00:00.000Z,141.775,141.994,141.689,141.734,0
2024-09-17T18:00:00.000Z,141.734,142.006,141.719,141.901,0
2024-09-17T19:00:00.000Z,141.904,141.987,141.795,141.809,0
2024-09-17T20:00:00.000Z,141.81,142.297,141.78,142.223,0
2024-09-17T21:00:00.000Z,142.221,142.464,142.196,142.392,0
2024-09-17T22:00:00.000Z,142.39,142.39,142.32,142.34,0
2024-09-17T23:00:00.000Z,142.351,142.376,142.009,142.042,0
2024-09-18T00:00:00.000Z,142.043,142.097,141.894,142.006,0
2024-09-18T01:00:00.000Z,142.008,142.02,141.546,141.649,0
2024-09-18T02:00:00.000Z,141.648,141.762,141.468,141.519,0
2024-09-18T03:00:00.000Z,141.518,141.624,141.376,141.468,0
2024-09-18T04:00:00.000Z,141.466,141.466,141.29,141.391,0
2024-09-18T05:00:00.000Z,141.39,141.555,141.223,141.315,0
2024-09-18T06:00:00.000Z,141.316,141.54,141.278,141.532,0
2024-09-18T07:00:00.000Z,141.532,141.704,141.439,141.545,0
2024-09-18T08:00:00.000Z,141.546,141.928,141.529,141.878,0
2024-09-18T09:00:00.000Z,141.882,141.994,141.65,141.71,0
2024-09-18T10:00:00.000Z,141.71,141.81,141.568,141.646,0
2024-09-18T11:00:00.000Z,141.646,141.707,141.549,141.605,0
2024-09-18T12:00:00.000Z,141.604,141.912,141.558,141.846,0
2024-09-18T13:00:00.000Z,141.846,142.058,141.812,141.925,0
2024-09-18T14:00:00.000Z,141.923,141.923,141.677,141.76,0
2024-09-18T15:00:00.000Z,141.758,142.066,141.696,142,0
2024-09-18T16:00:00.000Z,142.003,142.035,141.862,141.934,0
2024-09-18T17:00:00.000Z,141.933,141.989,141.839,141.882,0
2024-09-18T18:00:00.000Z,141.882,142.063,141.808,141.902,0
2024-09-18T19:00:00.000Z,141.902,141.902,140.435,141.127,0
2024-09-18T20:00:00.000Z,141.131,142.711,141.127,142.439,0
2024-09-18T21:00:00.000Z,142.439,142.491,142.202,142.269,0
2024-09-18T22:00:00.000Z,142.261,142.292,142.105,142.105,0
2024-09-18T23:00:00.000Z,142.105,142.208,141.876,142.107,0
2024-09-19T00:00:00.000Z,142.107,142.751,142.104,142.699,0
2024-09-19T01:00:00.000Z,142.698,143.591,142.698,143.486,0
2024-09-19T02:00:00.000Z,143.489,143.944,143.418,143.727,0
2024-09-19T03:00:00.000Z,143.728,143.764,143.169,143.202,0
2024-09-19T04:00:00.000Z,143.201,143.32,142.948,143.164,0
2024-09-19T05:00:00.000Z,143.168,143.292,143.052,143.177,0
2024-09-19T06:00:00.000Z,143.178,143.2,142.552,142.572,0
2024-09-19T07:00:00.000Z,142.568,142.756,142.094,142.243,0
2024-09-19T08:00:00.000Z,142.244,142.548,142.039,142.506,0
2024-09-19T09:00:00.000Z,142.508,142.917,142.455,142.791,0
2024-09-19T10:00:00.000Z,142.791,142.976,142.682,142.757,0
2024-09-19T11:00:00.000Z,142.756,143.17,142.727,142.829,0
2024-09-19T12:00:00.000Z,142.827,143.253,142.761,142.917,0
2024-09-19T13:00:00.000Z,142.919,143.76,142.706,143.755,0
2024-09-19T14:00:00.000Z,143.755,143.766,143.276,143.327,0
2024-09-19T15:00:00.000Z,143.324,143.337,142.802,142.913,0
2024-09-19T16:00:00.000Z,142.918,142.984,142.728,142.883,0
2024-09-19T17:00:00.000Z,142.882,143.133,142.854,143.035,0
2024-09-19T18:00:00.000Z,143.036,143.115,142.901,142.919,0
2024-09-19T19:00:00.000Z,142.914,142.931,142.526,142.658,0
2024-09-19T20:00:00.000Z,142.66,142.743,142.572,142.632,0
2024-09-19T21:00:00.000Z,142.633,142.673,142.524,142.61,0
2024-09-19T22:00:00.000Z,142.605,142.64,142.504,142.616,0
2024-09-19T23:00:00.000Z,142.614,142.665,142.519,142.66,0
2024-09-20T00:00:00.000Z,142.66,142.923,142.646,142.862,0
2024-09-20T01:00:00.000Z,142.86,142.892,142.405,142.405,0
2024-09-20T02:00:00.000Z,142.405,142.476,142.137,142.396,0
2024-09-20T03:00:00.000Z,142.396,142.773,142.298,142.462,0
2024-09-20T04:00:00.000Z,142.462,142.481,141.952,142.289,0
2024-09-20T05:00:00.000Z,142.29,142.308,142.099,142.184,0
2024-09-20T06:00:00.000Z,142.184,142.37,142.142,142.278,0
2024-09-20T07:00:00.000Z,142.282,143.042,141.736,142.979,0
2024-09-20T08:00:00.000Z,142.98,143.644,142.817,143.628,0
2024-09-20T09:00:00.000Z,143.628,143.88,143.477,143.807,0
2024-09-20T10:00:00.000Z,143.807,143.943,143.644,143.936,0
2024-09-20T11:00:00.000Z,143.937,144.267,143.771,144.255,0
2024-09-20T12:00:00.000Z,144.258,144.43,144.211,144.216,0
2024-09-20T13:00:00.000Z,144.217,144.285,143.575,143.666,0
2024-09-20T14:00:00.000Z,143.668,144.09,143.466,144.072,0
2024-09-20T15:00:00.000Z,144.074,144.445,144.026,144.42,0
2024-09-20T16:00:00.000Z,144.423,144.495,143.847,143.907,0
2024-09-20T17:00:00.000Z,143.911,143.93,143.647,143.753,0
2024-09-20T18:00:00.000Z,143.752,144.151,143.738,143.975,0
2024-09-20T19:00:00.000Z,143.975,143.977,143.8,143.87,0
2024-09-20T20:00:00.000Z,143.872,143.92,143.719,143.917,0
2024-09-20T21:00:00.000Z,143.918,144.048,143.808,143.808,0
2024-09-22T22:00:00.000Z,143.754,144.045,143.669,143.823,0
2024-09-22T23:00:00.000Z,143.823,144.039,143.672,143.919,0
2024-09-23T00:00:00.000Z,143.92,144.089,143.806,144.079,0
2024-09-23T01:00:00.000Z,144.086,144.258,144.025,144.12,0
2024-09-23T02:00:00.000Z,144.12,144.459,144.12,144.37,0
2024-09-23T03:00:00.000Z,144.371,144.447,144.303,144.362,0
2024-09-23T04:00:00.000Z,144.361,144.401,144.261,144.315,0
2024-09-23T05:00:00.000Z,144.316,144.35,144.179,144.256,0
2024-09-23T06:00:00.000Z,144.255,144.317,144.101,144.113,0
2024-09-23T07:00:00.000Z,144.114,144.195,143.865,143.988,0
2024-09-23T08:00:00.000Z,143.99,144.04,143.55,143.666,0
2024-09-23T09:00:00.000Z,143.665,143.744,143.435,143.589,0
2024-09-23T10:00:00.000Z,143.588,143.744,143.517,143.626,0
2024-09-23T11:00:00.000Z,143.625,143.666,143.278,143.371,0
2024-09-23T12:00:00.000Z,143.368,143.643,143.162,143.609,0
2024-09-23T13:00:00.000Z,143.615,143.876,143.454,143.772,0
2024-09-23T14:00:00.000Z,143.772,144.205,143.457,144.052,0
2024-09-23T15:00:00.000Z,144.056,144.345,143.707,143.771,0
2024-09-23T16:00:00.000Z,143.77,143.942,143.571,143.593,0
2024-09-23T17:00:00.000Z,143.592,143.627,143.312,143.344,0
2024-09-23T18:00:00.000Z,143.343,143.404,143.251,143.404,0
2024-09-23T19:00:00.000Z,143.403,143.435,143.292,143.317,0
2024-09-23T20:00:00.000Z,143.318,143.51,143.318,143.489,0
2024-09-23T21:00:00.000Z,143.49,143.645,143.489,143.594,0
2024-09-23T22:00:00.000Z,143.592,143.592,143.455,143.563,0
2024-09-23T23:00:00.000Z,143.566,143.7,143.549,143.629,0
2024-09-24T00:00:00.000Z,143.629,143.778,143.516,143.633,0
2024-09-24T01:00:00.000Z,143.632,143.735,143.408,143.55,0
2024-09-24T02:00:00.000Z,143.549,143.908,143.522,143.63,0
2024-09-24T03:00:00.000Z,143.629,143.712,143.374,143.666,0
2024-09-24T04:00:00.000Z,143.667,143.854,143.568,143.772,0
2024-09-24T05:00:00.000Z,143.772,143.941,143.75,143.842,0
2024-09-24T06:00:00.000Z,143.847,144.194,143.836,144.092,0
2024-09-24T07:00:00.000Z,144.091,144.466,144.071,144.426,0
2024-09-24T08:00:00.000Z,144.429,144.679,144.241,144.452,0
2024-09-24T09:00:00.000Z,144.453,144.635,144.215,144.288,0
2024-09-24T10:00:00.000Z,144.288,144.477,144.211,144.265,0
2024-09-24T11:00:00.000Z,144.267,144.354,143.874,143.935,0
2024-09-24T12:00:00.000Z,143.935,144.164,143.828,143.976,0
2024-09-24T13:00:00.000Z,143.981,144.121,143.781,143.963,0
2024-09-24T14:00:00.000Z,143.969,144.205,143.896,144.09,0
2024-09-24T15:00:00.000Z,144.097,144.097,143.429,143.67,0
2024-09-24T16:00:00.000Z,143.67,143.867,143.598,143.777,0
2024-09-24T17:00:00.000Z,143.776,143.794,143.4,143.461,0
2024-09-24T18:00:00.000Z,143.462,143.71,143.433,143.475,0
2024-09-24T19:00:00.000Z,143.474,143.493,143.271,143.383,0
2024-09-24T20:00:00.000Z,143.384,143.436,143.221,143.239,0
2024-09-24T21:00:00.000Z,143.239,143.257,143.111,143.211,0
2024-09-24T22:00:00.000Z,143.207,143.25,143.122,143.16,0
2024-09-24T23:00:00.000Z,143.159,143.245,142.887,143.043,0
2024-09-25T00:00:00.000Z,143.043,143.148,142.93,142.946,0
2024-09-25T01:00:00.000Z,142.945,143.308,142.906,143.173,0
2024-09-25T02:00:00.000Z,143.173,143.473,143.096,143.448,0
2024-09-25T03:00:00.000Z,143.447,143.494,143.244,143.345,0
2024-09-25T04:00:00.000Z,143.347,143.451,143.286,143.298,0
2024-09-25T05:00:00.000Z,143.297,143.395,143.218,143.253,0
2024-09-25T06:00:00.000Z,143.254,143.374,143.18,143.255,0
2024-09-25T07:00:00.000Z,143.258,143.739,143.222,143.682,0
2024-09-25T08:00:00.000Z,143.685,143.907,143.572,143.878,0
2024-09-25T09:00:00.000Z,143.879,144.064,143.879,143.937,0
2024-09-25T10:00:00.000Z,143.937,144.26,143.907,144.184,0
2024-09-25T11:00:00.000Z,144.185,144.296,144.065,144.283,0
2024-09-25T12:00:00.000Z,144.282,144.442,144.262,144.303,0
2024-09-25T13:00:00.000Z,144.301,144.408,144.142,144.2,0
2024-09-25T14:00:00.000Z,144.201,144.212,143.858,144.046,0
2024-09-25T15:00:00.000Z,144.05,144.396,144.045,144.357,0
2024-09-25T16:00:00.000Z,144.359,144.603,144.311,144.403,0
2024-09-25T17:00:00.000Z,144.403,144.538,144.372,144.532,0
2024-09-25T18:00:00.000Z,144.532,144.74,144.484,144.551,0
2024-09-25T19:00:00.000Z,144.552,144.717,144.515,144.678,0
2024-09-25T20:00:00.000Z,144.681,144.768,144.606,144.759,0
2024-09-25T21:00:00.000Z,144.758,144.841,144.733,144.739,0
2024-09-25T22:00:00.000Z,144.739,144.739,144.652,144.658,0
2024-09-25T23:00:00.000Z,144.674,144.68,144.563,144.647,0
2024-09-26T00:00:00.000Z,144.648,144.764,144.613,144.714,0
2024-09-26T01:00:00.000Z,144.714,144.721,144.443,144.495,0
2024-09-26T02:00:00.000Z,144.495,144.945,144.473,144.813,0
2024-09-26T03:00:00.000Z,144.814,144.945,144.763,144.834,0
2024-09-26T04:00:00.000Z,144.835,145.035,144.788,144.929,0
2024-09-26T05:00:00.000Z,144.928,144.964,144.626,144.691,0
2024-09-26T06:00:00.000Z,144.691,144.868,144.634,144.718,0
2024-09-26T07:00:00.000Z,144.719,144.857,144.615,144.831,0
2024-09-26T08:00:00.000Z,144.833,145.169,144.715,145.024,0
2024-09-26T09:00:00.000Z,145.024,145.198,144.678,144.825,0
2024-09-26T10:00:00.000Z,144.826,144.968,144.703,144.705,0
2024-09-26T11:00:00.000Z,144.706,144.746,144.335,144.358,0
2024-09-26T12:00:00.000Z,144.358,144.43,144.156,144.164,0
2024-09-26T13:00:00.000Z,144.163,144.723,144.109,144.563,0
2024-09-26T14:00:00.000Z,144.562,144.704,144.31,144.569,0
2024-09-26T15:00:00.000Z,144.576,145.212,144.554,144.834,0
2024-09-26T16:00:00.000Z,144.833,144.947,144.61,144.677,0
2024-09-26T17:00:00.000Z,144.677,144.902,144.676,144.856,0
2024-09-26T18:00:00.000Z,144.855,144.856,144.535,144.716,0
2024-09-26T19:00:00.000Z,144.717,144.771,144.562,144.622,0
2024-09-26T20:00:00.000Z,144.622,144.686,144.508,144.661,0
2024-09-26T21:00:00.000Z,144.66,144.899,144.658,144.784,0
2024-09-26T22:00:00.000Z,144.775,144.831,144.725,144.773,0
2024-09-26T23:00:00.000Z,144.772,144.97,144.746,144.875,0
2024-09-27T00:00:00.000Z,144.875,145.142,144.871,145.082,0
2024-09-27T01:00:00.000Z,145.081,145.471,144.935,145.462,0
2024-09-27T02:00:00.000Z,145.461,145.576,145.268,145.306,0
2024-09-27T03:00:00.000Z,145.312,145.345,144.964,145.09,0
2024-09-27T04:00:00.000Z,145.09,145.263,144.981,145.251,0
2024-09-27T05:00:00.000Z,145.252,145.8,145.252,145.792,0
2024-09-27T06:00:00.000Z,145.791,146.491,145.754,146.251,0
2024-09-27T07:00:00.000Z,146.255,146.351,143.131,143.171,0
2024-09-27T08:00:00.000Z,143.171,143.467,142.778,143.193,0
2024-09-27T09:00:00.000Z,143.191,143.769,142.949,143.14,0
2024-09-27T10:00:00.000Z,143.138,143.492,143.065,143.13,0
2024-09-27T11:00:00.000Z,143.132,143.328,142.959,143.223,0
2024-09-27T12:00:00.000Z,143.224,143.365,143.086,143.107,0
2024-09-27T13:00:00.000Z,143.105,143.22,142.499,142.518,0
2024-09-27T14:00:00.000Z,142.521,142.994,142.496,142.539,0
2024-09-27T15:00:00.000Z,142.538,143.071,142.388,142.858,0
2024-09-27T16:00:00.000Z,142.857,143.085,142.557,142.599,0
2024-09-27T17:00:00.000Z,142.599,142.702,142.407,142.509,0
2024-09-27T18:00:00.000Z,142.507,142.602,142.282,142.327,0
2024-09-27T19:00:00.000Z,142.326,142.416,142.077,142.167,0
2024-09-27T20:00:00.000Z,142.168,142.265,142.066,142.154,0
2024-09-27T21:00:00.000Z,142.161,142.282,142.13,142.15,0
2024-09-29T22:00:00.000Z,142.129,142.303,142.094,142.244,0
2024-09-29T23:00:00.000Z,142.249,142.709,142.243,142.674,0
2024-09-30T00:00:00.000Z,142.675,142.952,142.58,142.786,0
2024-09-30T01:00:00.000Z,142.786,142.841,142.456,142.685,0
2024-09-30T02:00:00.000Z,142.686,142.842,142.414,142.468,0
2024-09-30T03:00:00.000Z,142.465,142.549,142.267,142.521,0
2024-09-30T04:00:00.000Z,142.52,142.526,142.332,142.45,0
2024-09-30T05:00:00.000Z,142.449,142.501,142.081,142.126,0
2024-09-30T06:00:00.000Z,142.125,142.156,141.655,141.703,0
2024-09-30T07:00:00.000Z,141.701,142.079,141.642,142.053,0
2024-09-30T08:00:00.000Z,142.053,142.428,141.918,142.367,0
2024-09-30T09:00:00.000Z,142.369,142.578,142.342,142.532,0
2024-09-30T10:00:00.000Z,142.532,142.6,142.45,142.53,0
2024-09-30T11:00:00.000Z,142.53,142.798,142.53,142.602,0
2024-09-30T12:00:00.000Z,142.602,142.611,142.404,142.556,0
2024-09-30T13:00:00.000Z,142.555,142.998,142.542,142.944,0
2024-09-30T14:00:00.000Z,142.947,143.142,142.744,143.124,0
2024-09-30T15:00:00.000Z,143.122,143.19,142.821,143.032,0
2024-09-30T16:00:00.000Z,143.033,143.368,142.993,143.262,0
2024-09-30T17:00:00.000Z,143.256,143.318,143.076,143.116,0
2024-09-30T18:00:00.000Z,143.113,143.127,142.924,143.093,0
2024-09-30T19:00:00.000Z,143.096,143.915,143.088,143.684,0
2024-09-30T20:00:00.000Z,143.683,143.909,143.641,143.729,0
2024-09-30T21:00:00.000Z,143.729,143.745,143.601,143.626,0
2024-09-30T22:00:00.000Z,143.615,143.628,143.523,143.545,0
2024-09-30T23:00:00.000Z,143.545,143.7,143.536,143.556,0
2024-10-01T00:00:00.000Z,143.556,143.734,143.37,143.714,0
2024-10-01T01:00:00.000Z,143.714,144.119,143.684,143.963,0
2024-10-01T02:00:00.000Z,143.964,144.129,143.683,143.715,0
2024-10-01T03:00:00.000Z,143.712,144.022,143.657,144.004,0
2024-10-01T04:00:00.000Z,144.005,144.331,143.952,144.276,0
2024-10-01T05:00:00.000Z,144.278,144.396,144.222,144.275,0
2024-10-01T06:00:00.000Z,144.274,144.412,144.222,144.26,0
2024-10-01T07:00:00.000Z,144.263,144.529,144.182,144.334,0
2024-10-01T08:00:00.000Z,144.337,144.348,143.879,144.173,0
2024-10-01T09:00:00.000Z,144.172,144.225,143.697,143.806,0
2024-10-01T10:00:00.000Z,143.805,143.835,143.622,143.731,0
2024-10-01T11:00:00.000Z,143.733,143.796,143.674,143.737,0
2024-10-01T12:00:00.000Z,143.738,143.786,143.56,143.753,0
2024-10-01T13:00:00.000Z,143.755,144.067,143.678,144.037,0
2024-10-01T14:00:00.000Z,144.038,144.071,143.186,143.513,0
2024-10-01T15:00:00.000Z,143.512,143.84,142.969,143.603,0
2024-10-01T16:00:00.000Z,143.604,143.917,143.529,143.673,0
2024-10-01T17:00:00.000Z,143.672,143.718,143.271,143.632,0
2024-10-01T18:00:00.000Z,143.633,143.853,143.32,143.819,0
2024-10-01T19:00:00.000Z,143.819,143.919,143.598,143.667,0
2024-10-01T20:00:00.000Z,143.666,143.743,143.509,143.558,0
2024-10-01T21:00:00.000Z,143.56,143.588,143.499,143.549,0
2024-10-01T22:00:00.000Z,143.538,143.581,143.518,143.581,0
2024-10-01T23:00:00.000Z,143.608,143.621,143.421,143.511,0
2024-10-02T00:00:00.000Z,143.512,143.76,143.505,143.723,0
2024-10-02T01:00:00.000Z,143.724,143.883,143.648,143.816,0
2024-10-02T02:00:00.000Z,143.814,143.912,143.559,143.899,0
2024-10-02T03:00:00.000Z,143.901,144.024,143.858,144,0
2024-10-02T04:00:00.000Z,144.002,144.185,143.88,144.132,0
2024-10-02T05:00:00.000Z,144.132,144.148,143.574,143.73,0
2024-10-02T06:00:00.000Z,143.729,143.852,143.53,143.708,0
2024-10-02T07:00:00.000Z,143.706,144.023,143.656,143.895,0
2024-10-02T08:00:00.000Z,143.899,144.186,143.899,144.066,0
2024-10-02T09:00:00.000Z,144.066,144.324,143.948,144.322,0
2024-10-02T10:00:00.000Z,144.326,144.41,144.202,144.262,0
2024-10-02T11:00:00.000Z,144.261,144.855,144.073,144.791,0
2024-10-02T12:00:00.000Z,144.793,144.889,144.62,144.698,0
2024-10-02T13:00:00.000Z,144.698,145.444,144.674,145.368,0
2024-10-02T14:00:00.000Z,145.369,145.752,145.296,145.742,0
2024-10-02T15:00:00.000Z,145.742,146.265,145.578,146.192,0
2024-10-02T16:00:00.000Z,146.189,146.254,146.027,146.046,0
2024-10-02T17:00:00.000Z,146.046,146.163,145.91,146.03,0
2024-10-02T18:00:00.000Z,146.027,146.191,145.965,146.17,0
2024-10-02T19:00:00.000Z,146.169,146.373,146.167,146.33,0
2024-10-02T20:00:00.000Z,146.328,146.478,146.295,146.442,0
2024-10-02T21:00:00.000Z,146.443,146.516,146.374,146.449,0
2024-10-02T22:00:00.000Z,146.447,146.451,146.284,146.351,0
2024-10-02T23:00:00.000Z,146.35,146.91,146.282,146.593,0
2024-10-03T00:00:00.000Z,146.593,146.794,146.43,146.575,0
2024-10-03T01:00:00.000Z,146.577,147.06,146.462,146.988,0
2024-10-03T02:00:00.000Z,146.99,147.239,146.797,146.8,0
2024-10-03T03:00:00.000Z,146.797,146.922,146.681,146.78,0
2024-10-03T04:00:00.000Z,146.781,146.964,146.775,146.85,0
2024-10-03T05:00:00.000Z,146.852,146.932,146.675,146.721,0
2024-10-03T06:00:00.000Z,146.718,146.811,146.531,146.557,0
2024-10-03T07:00:00.000Z,146.557,146.775,146.475,146.727,0
2024-10-03T08:00:00.000Z,146.726,146.858,146.301,146.45,0
2024-10-03T09:00:00.000Z,146.452,146.79,146.391,146.75,0
2024-10-03T10:00:00.000Z,146.749,146.988,146.744,146.922,0
2024-10-03T11:00:00.000Z,146.922,146.945,146.818,146.833,0
2024-10-03T12:00:00.000Z,146.835,146.992,146.584,146.664,0
2024-10-03T13:00:00.000Z,146.665,146.86,146.491,146.769,0
2024-10-03T14:00:00.000Z,146.771,146.787,146.472,146.59,0
2024-10-03T15:00:00.000Z,146.622,147.179,146.62,146.774,0
2024-10-03T16:00:00.000Z,146.773,146.846,146.601,146.829,0
2024-10-03T17:00:00.000Z,146.83,146.927,146.706,146.716,0
2024-10-03T18:00:00.000Z,146.716,146.716,146.577,146.653,0
2024-10-03T19:00:00.000Z,146.654,146.885,146.652,146.869,0
2024-10-03T20:00:00.000Z,146.869,146.883,146.759,146.859,0
2024-10-03T21:00:00.000Z,146.858,146.967,146.854,146.915,0
2024-10-03T22:00:00.000Z,146.915,146.915,146.762,146.859,0
2024-10-03T23:00:00.000Z,146.859,146.891,146.787,146.854,0
2024-10-04T00:00:00.000Z,146.853,146.857,146.719,146.842,0
2024-10-04T01:00:00.000Z,146.841,146.929,146.613,146.644,0
2024-10-04T02:00:00.000Z,146.642,146.675,146.524,146.548,0
2024-10-04T03:00:00.000Z,146.549,146.564,146.389,146.408,0
2024-10-04T04:00:00.000Z,146.405,146.498,146.352,146.374,0
2024-10-04T05:00:00.000Z,146.371,146.383,146.148,146.23,0
2024-10-04T06:00:00.000Z,146.228,146.309,145.918,146.084,0
2024-10-04T07:00:00.000Z,146.085,146.233,145.948,146.22,0
2024-10-04T08:00:00.000Z,146.22,146.341,146.177,146.304,0
2024-10-04T09:00:00.000Z,146.305,146.41,146.247,146.336,0
2024-10-04T10:00:00.000Z,146.337,146.477,146.336,146.473,0
2024-10-04T11:00:00.000Z,146.475,146.562,146.412,146.496,0
2024-10-04T12:00:00.000Z,146.496,146.63,146.442,146.589,0
2024-10-04T13:00:00.000Z,146.592,148.691,146.402,148.641,0
2024-10-04T14:00:00.000Z,148.648,148.805,148.319,148.403,0
2024-10-04T15:00:00.000Z,148.403,148.569,148.308,148.497,0
2024-10-04T16:00:00.000Z,148.5,148.761,148.427,148.696,0
2024-10-04T17:00:00.000Z,148.696,149.004,148.674,148.937,0
2024-10-04T18:00:00.000Z,148.935,148.952,148.789,148.793,0
2024-10-04T19:00:00.000Z,148.792,148.882,148.756,148.87,0
2024-10-04T20:00:00.000Z,148.866,148.895,148.766,148.767,0
2024-10-04T21:00:00.000Z,148.767,148.77,148.631,148.631,0
2024-10-06T22:00:00.000Z,148.653,148.856,148.653,148.772,0
2024-10-06T23:00:00.000Z,148.772,149.125,148.772,148.937,0
2024-10-07T00:00:00.000Z,148.936,149.111,148.773,148.794,0
2024-10-07T01:00:00.000Z,148.792,148.792,148.353,148.421,0
2024-10-07T02:00:00.000Z,148.423,148.566,148.323,148.383,0
2024-10-07T03:00:00.000Z,148.383,148.584,148.217,148.578,0
2024-10-07T04:00:00.000Z,148.579,148.646,148.356,148.404,0
2024-10-07T05:00:00.000Z,148.405,148.539,148.336,148.537,0
2024-10-07T06:00:00.000Z,148.54,148.616,148.4,148.43,0
2024-10-07T07:00:00.000Z,148.43,148.544,148.335,148.384,0
2024-10-07T08:00:00.000Z,148.384,148.447,148.152,148.272,0
2024-10-07T09:00:00.000Z,148.274,148.356,148.061,148.319,0
2024-10-07T10:00:00.000Z,148.317,148.486,148.211,148.343,0
2024-10-07T11:00:00.000Z,148.342,148.644,148.29,148.635,0
2024-10-07T12:00:00.000Z,148.635,148.685,148.162,148.271,0
2024-10-07T13:00:00.000Z,148.269,148.271,148.025,148.166,0
2024-10-07T14:00:00.000Z,148.168,148.235,147.83,147.918,0
2024-10-07T15:00:00.000Z,147.92,148.244,147.883,148.221,0
2024-10-07T16:00:00.000Z,148.22,148.275,148,148.126,0
2024-10-07T17:00:00.000Z,148.124,148.192,147.991,148.005,0
2024-10-07T18:00:00.000Z,148.005,148.047,147.885,148.019,0
2024-10-07T19:00:00.000Z,148.019,148.107,147.951,148.102,0
2024-10-07T20:00:00.000Z,148.101,148.159,148.024,148.077,0
2024-10-07T21:00:00.000Z,148.073,148.209,148.062,148.172,0
2024-10-07T22:00:00.000Z,148.168,148.168,148.099,148.116,0
2024-10-07T23:00:00.000Z,148.116,148.169,147.57,147.695,0
2024-10-08T00:00:00.000Z,147.689,148.159,147.68,148.127,0
2024-10-08T01:00:00.000Z,148.129,148.191,147.74,147.822,0
2024-10-08T02:00:00.000Z,147.823,147.94,147.749,147.843,0
2024-10-08T03:00:00.000Z,147.842,147.859,147.51,147.689,0
2024-10-08T04:00:00.000Z,147.691,147.959,147.687,147.914,0
2024-10-08T05:00:00.000Z,147.914,148.103,147.902,148.078,0
2024-10-08T06:00:00.000Z,148.078,148.162,147.837,147.972,0
2024-10-08T07:00:00.000Z,147.976,148.127,147.84,147.99,0
2024-10-08T08:00:00.000Z,147.991,148.06,147.343,147.591,0
2024-10-08T09:00:00.000Z,147.592,147.851,147.528,147.837,0
2024-10-08T10:00:00.000Z,147.838,147.955,147.721,147.825,0
2024-10-08T11:00:00.000Z,147.826,147.995,147.78,147.878,0
2024-10-08T12:00:00.000Z,147.879,147.999,147.811,147.853,0
2024-10-08T13:00:00.000Z,147.852,148.176,147.852,148.036,0
2024-10-08T14:00:00.000Z,148.037,148.286,147.951,148.251,0
2024-10-08T15:00:00.000Z,148.253,148.335,148.112,148.311,0
2024-10-08T16:00:00.000Z,148.312,148.362,148.175,148.226,0
2024-10-08T17:00:00.000Z,148.227,148.271,148.04,148.153,0
2024-10-08T18:00:00.000Z,148.151,148.293,148.151,148.246,0
2024-10-08T19:00:00.000Z,148.246,148.366,148.2,148.354,0
2024-10-08T20:00:00.000Z,148.353,148.382,148.263,148.283,0
2024-10-08T21:00:00.000Z,148.282,148.323,148.161,148.18,0
2024-10-08T22:00:00.000Z,148.179,148.215,148.141,148.213,0
2024-10-08T23:00:00.000Z,148.244,148.305,148.192,148.202,0
2024-10-09T00:00:00.000Z,148.201,148.311,148.112,148.141,0
2024-10-09T01:00:00.000Z,148.141,148.233,148.01,148.223,0
2024-10-09T02:00:00.000Z,148.225,148.431,148.159,148.175,0
2024-10-09T03:00:00.000Z,148.174,148.296,148.074,148.271,0
2024-10-09T04:00:00.000Z,148.271,148.348,148.182,148.319,0
2024-10-09T05:00:00.000Z,148.319,148.367,148.281,148.335,0
2024-10-09T06:00:00.000Z,148.336,148.612,148.312,148.594,0
2024-10-09T07:00:00.000Z,148.592,148.653,148.426,148.444,0
2024-10-09T08:00:00.000Z,148.442,148.562,148.264,148.541,0
2024-10-09T09:00:00.000Z,148.542,148.729,148.48,148.718,0
2024-10-09T10:00:00.000Z,148.72,148.755,148.56,148.617,0
2024-10-09T11:00:00.000Z,148.618,148.694,148.507,148.599,0
2024-10-09T12:00:00.000Z,148.6,148.737,148.508,148.721,0
2024-10-09T13:00:00.000Z,148.72,148.914,148.671,148.905,0
2024-10-09T14:00:00.000Z,148.907,149.121,148.813,149.111,0
2024-10-09T15:00:00.000Z,149.111,149.176,149.032,149.145,0
2024-10-09T16:00:00.000Z,149.144,149.265,149.071,149.198,0
2024-10-09T17:00:00.000Z,149.198,149.297,149.191,149.237,0
2024-10-09T18:00:00.000Z,149.235,149.292,149.171,149.185,0
2024-10-09T19:00:00.000Z,149.174,149.365,149.157,149.361,0
2024-10-09T20:00:00.000Z,149.358,149.358,149.235,149.319,0
2024-10-09T21:00:00.000Z,149.319,149.355,149.284,149.284,0
2024-10-09T22:00:00.000Z,149.284,149.284,149.008,149.158,0
2024-10-09T23:00:00.000Z,149.158,149.299,149.137,149.232,0
2024-10-10T00:00:00.000Z,149.23,149.291,149.137,149.16,0
2024-10-10T01:00:00.000Z,149.152,149.29,149.001,149.212,0
2024-10-10T02:00:00.000Z,149.213,149.213,149.065,149.092,0
2024-10-10T03:00:00.000Z,149.093,149.22,149.069,149.212,0
2024-10-10T04:00:00.000Z,149.21,149.225,149.142,149.221,0
2024-10-10T05:00:00.000Z,149.226,149.544,149.226,149.398,0
2024-10-10T06:00:00.000Z,149.398,149.472,149.204,149.259,0
2024-10-10T07:00:00.000Z,149.258,149.258,149.049,149.116,0
2024-10-10T08:00:00.000Z,149.117,149.183,148.902,149.018,0
2024-10-10T09:00:00.000Z,149.018,149.21,148.983,149.068,0
2024-10-10T10:00:00.000Z,149.067,149.097,148.83,148.881,0
2024-10-10T11:00:00.000Z,148.882,148.935,148.775,148.845,0
2024-10-10T12:00:00.000Z,148.845,149.091,148.845,148.953,0
2024-10-10T13:00:00.000Z,148.955,149.565,148.226,148.605,0
2024-10-10T14:00:00.000Z,148.604,148.765,148.395,148.563,0
2024-10-10T15:00:00.000Z,148.566,148.878,148.35,148.713,0
2024-10-10T16:00:00.000Z,148.712,148.824,148.442,148.567,0
2024-10-10T17:00:00.000Z,148.567,148.959,148.439,148.918,0
2024-10-10T18:00:00.000Z,148.916,149.08,148.73,148.812,0
2024-10-10T19:00:00.000Z,148.813,148.839,148.627,148.751,0
2024-10-10T20:00:00.000Z,148.749,148.754,148.494,148.565,0
2024-10-10T21:00:00.000Z,148.564,148.593,148.512,148.554,0
2024-10-10T22:00:00.000Z,148.555,148.555,148.496,148.516,0
2024-10-10T23:00:00.000Z,148.516,148.658,148.506,148.658,0
2024-10-11T00:00:00.000Z,148.652,148.746,148.561,148.707,0
2024-10-11T01:00:00.000Z,148.712,148.762,148.413,148.46,0
2024-10-11T02:00:00.000Z,148.456,148.796,148.401,148.759,0
2024-10-11T03:00:00.000Z,148.76,148.777,148.64,148.666,0
2024-10-11T04:00:00.000Z,148.662,148.732,148.581,148.711,0
2024-10-11T05:00:00.000Z,148.71,148.762,148.669,148.713,0
2024-10-11T06:00:00.000Z,148.71,148.731,148.603,148.69,0
2024-10-11T07:00:00.000Z,148.691,148.856,148.661,148.694,0
2024-10-11T08:00:00.000Z,148.692,148.809,148.661,148.773,0
2024-10-11T09:00:00.000Z,148.774,148.826,148.67,148.736,0
2024-10-11T10:00:00.000Z,148.737,148.956,148.725,148.94,0
2024-10-11T11:00:00.000Z,148.942,149.083,148.904,149.06,0
2024-10-11T12:00:00.000Z,149.059,149.14,148.998,149.003,0
2024-10-11T13:00:00.000Z,149.004,149.261,148.771,149.061,0
2024-10-11T14:00:00.000Z,149.06,149.177,148.974,149.112,0
2024-10-11T15:00:00.000Z,149.094,149.282,148.994,149.261,0
2024-10-11T16:00:00.000Z,149.259,149.27,149.066,149.123,0
2024-10-11T17:00:00.000Z,149.121,149.129,148.977,149.003,0
2024-10-11T18:00:00.000Z,149,149.105,148.955,149.032,0
2024-10-11T19:00:00.000Z,149.036,149.11,149.036,149.108,0
2024-10-11T20:00:00.000Z,149.107,149.15,149.084,149.138,0
2024-10-11T21:00:00.000Z,149.138,149.173,149.071,149.091,0
2024-10-13T22:00:00.000Z,149.029,149.186,148.987,149.102,0
2024-10-13T23:00:00.000Z,149.121,149.334,149.111,149.332,0
2024-10-14T00:00:00.000Z,149.331,149.391,149.229,149.305,0
2024-10-14T01:00:00.000Z,149.306,149.367,149.14,149.217,0
2024-10-14T02:00:00.000Z,149.216,149.278,149.144,149.212,0
2024-10-14T03:00:00.000Z,149.21,149.318,149.191,149.315,0
2024-10-14T04:00:00.000Z,149.316,149.353,149.257,149.327,0
2024-10-14T05:00:00.000Z,149.327,149.335,149.264,149.287,0
2024-10-14T06:00:00.000Z,149.287,149.321,149.167,149.221,0
2024-10-14T07:00:00.000Z,149.225,149.241,149.174,149.207,0
2024-10-14T08:00:00.000Z,149.209,149.393,149.183,149.357,0
2024-10-14T09:00:00.000Z,149.358,149.468,149.324,149.421,0
2024-10-14T10:00:00.000Z,149.423,149.428,149.344,149.398,0
2024-10-14T11:00:00.000Z,149.399,149.538,149.397,149.518,0
2024-10-14T12:00:00.000Z,149.518,149.726,149.509,149.639,0
2024-10-14T13:00:00.000Z,149.641,149.8,149.626,149.739,0
2024-10-14T14:00:00.000Z,149.742,149.881,149.693,149.78,0
2024-10-14T15:00:00.000Z,149.783,149.959,149.783,149.84,0
2024-10-14T16:00:00.000Z,149.838,149.895,149.802,149.825,0
2024-10-14T17:00:00.000Z,149.825,149.938,149.803,149.932,0
2024-10-14T18:00:00.000Z,149.934,149.936,149.85,149.871,0
2024-10-14T19:00:00.000Z,149.873,149.915,149.832,149.901,0
2024-10-14T20:00:00.000Z,149.903,149.981,149.707,149.76,0
2024-10-14T21:00:00.000Z,149.763,149.791,149.71,149.746,0
2024-10-14T22:00:00.000Z,149.746,149.781,149.697,149.757,0
2024-10-14T23:00:00.000Z,149.76,149.786,149.709,149.73,0
2024-10-15T00:00:00.000Z,149.729,149.837,149.666,149.715,0
2024-10-15T01:00:00.000Z,149.722,149.744,149.526,149.578,0
2024-10-15T02:00:00.000Z,149.577,149.598,149.441,149.523,0
2024-10-15T03:00:00.000Z,149.526,149.711,149.505,149.62,0
2024-10-15T04:00:00.000Z,149.621,149.715,149.572,149.708,0
2024-10-15T05:00:00.000Z,149.711,149.758,149.667,149.676,0
2024-10-15T06:00:00.000Z,149.679,149.699,149.439,149.636,0
2024-10-15T07:00:00.000Z,149.637,149.638,149.304,149.307,0
2024-10-15T08:00:00.000Z,149.306,149.335,149.168,149.233,0
2024-10-15T09:00:00.000Z,149.235,149.244,149.036,149.153,0
2024-10-15T10:00:00.000Z,149.154,149.165,148.848,148.904,0
2024-10-15T11:00:00.000Z,148.902,149.184,148.875,149.142,0
2024-10-15T12:00:00.000Z,149.142,149.369,149.141,149.35,0
2024-10-15T13:00:00.000Z,149.353,149.415,148.997,149.083,0
2024-10-15T14:00:00.000Z,149.084,149.246,149.072,149.186,0
2024-10-15T15:00:00.000Z,149.187,149.344,148.933,149.229,0
2024-10-15T16:00:00.000Z,149.23,149.316,149.168,149.22,0
2024-10-15T17:00:00.000Z,149.221,149.481,149.22,149.448,0
2024-10-15T18:00:00.000Z,149.449,149.539,149.422,149.431,0
2024-10-15T19:00:00.000Z,149.431,149.455,149.238,149.276,0
2024-10-15T20:00:00.000Z,149.276,149.289,149.165,149.239,0
2024-10-15T21:00:00.000Z,149.24,149.246,149.18,149.186,0
2024-10-15T22:00:00.000Z,149.185,149.199,149.151,149.178,0
2024-10-15T23:00:00.000Z,149.177,149.26,149.156,149.23,0
2024-10-16T00:00:00.000Z,149.229,149.336,149.072,149.088,0
2024-10-16T01:00:00.000Z,149.089,149.285,149.03,149.269,0
2024-10-16T02:00:00.000Z,149.269,149.299,148.861,149.028,0
2024-10-16T03:00:00.000Z,149.026,149.115,148.953,149.087,0
2024-10-16T04:00:00.000Z,149.087,149.199,149.035,149.171,0
2024-10-16T05:00:00.000Z,149.17,149.282,149.133,149.262,0
2024-10-16T06:00:00.000Z,149.262,149.373,149.184,149.359,0
2024-10-16T07:00:00.000Z,149.359,149.37,149.167,149.267,0
2024-10-16T08:00:00.000Z,149.267,149.486,149.166,149.451,0
2024-10-16T09:00:00.000Z,149.449,149.488,149.308,149.462,0
2024-10-16T10:00:00.000Z,149.466,149.47,149.179,149.273,0
2024-10-16T11:00:00.000Z,149.274,149.389,149.214,149.381,0
2024-10-16T12:00:00.000Z,149.38,149.422,149.146,149.172,0
2024-10-16T13:00:00.000Z,149.173,149.48,149.144,149.448,0
2024-10-16T14:00:00.000Z,149.448,149.535,149.205,149.311,0
2024-10-16T15:00:00.000Z,149.313,149.745,149.295,149.627,0
2024-10-16T16:00:00.000Z,149.628,149.742,149.544,149.717,0
2024-10-16T17:00:00.000Z,149.716,149.773,149.694,149.744,0
2024-10-16T18:00:00.000Z,149.744,149.792,149.721,149.753,0
2024-10-16T19:00:00.000Z,149.752,149.8,149.743,149.774,0
2024-10-16T20:00:00.000Z,149.774,149.805,149.716,149.718,0
2024-10-16T21:00:00.000Z,149.718,149.725,149.601,149.621,0
2024-10-16T22:00:00.000Z,149.619,149.619,149.562,149.574,0
2024-10-16T23:00:00.000Z,149.574,149.66,149.522,149.572,0
2024-10-17T00:00:00.000Z,149.573,149.663,149.525,149.562,0
2024-10-17T01:00:00.000Z,149.563,149.617,149.435,149.545,0
2024-10-17T02:00:00.000Z,149.551,149.565,149.294,149.377,0
2024-10-17T03:00:00.000Z,149.378,149.421,149.24,149.41,0
2024-10-17T04:00:00.000Z,149.408,149.568,149.408,149.553,0
2024-10-17T05:00:00.000Z,149.554,149.574,149.394,149.54,0
2024-10-17T06:00:00.000Z,149.54,149.562,149.452,149.51,0
2024-10-17T07:00:00.000Z,149.51,149.648,149.439,149.631,0
2024-10-17T08:00:00.000Z,149.635,149.792,149.631,149.773,0
2024-10-17T09:00:00.000Z,149.772,149.869,149.733,149.835,0
2024-10-17T10:00:00.000Z,149.834,149.834,149.61,149.638,0
2024-10-17T11:00:00.000Z,149.639,149.639,149.547,149.619,0
2024-10-17T12:00:00.000Z,149.62,149.648,149.486,149.524,0
2024-10-17T13:00:00.000Z,149.526,150.081,149.461,149.829,0
2024-10-17T14:00:00.000Z,149.83,149.953,149.636,149.787,0
2024-10-17T15:00:00.000Z,149.788,150.043,149.73,150.02,0
2024-10-17T16:00:00.000Z,150.02,150.152,149.924,150.126,0
2024-10-17T17:00:00.000Z,150.127,150.297,150.118,150.209,0
2024-10-17T18:00:00.000Z,150.209,150.256,150.142,150.249,0
2024-10-17T19:00:00.000Z,150.25,150.28,150.188,150.276,0
2024-10-17T20:00:00.000Z,150.277,150.321,150.196,150.22,0
2024-10-17T21:00:00.000Z,150.218,150.244,150.187,150.199,0
2024-10-17T22:00:00.000Z,150.199,150.199,150.126,150.156,0
2024-10-17T23:00:00.000Z,150.156,150.225,150.127,150.211,0
2024-10-18T00:00:00.000Z,150.211,150.284,150.068,150.101,0
2024-10-18T01:00:00.000Z,150.103,150.148,149.899,150.046,0
2024-10-18T02:00:00.000Z,150.048,150.062,149.871,150.013,0
2024-10-18T03:00:00.000Z,150.014,150.093,149.903,149.92,0
2024-10-18T04:00:00.000Z,149.92,149.973,149.854,149.889,0
2024-10-18T05:00:00.000Z,149.89,150.015,149.864,149.898,0
2024-10-18T06:00:00.000Z,149.896,149.914,149.769,149.879,0
2024-10-18T07:00:00.000Z,149.885,150.012,149.796,149.959,0
2024-10-18T08:00:00.000Z,149.958,150.135,149.921,150.093,0
2024-10-18T09:00:00.000Z,150.093,150.155,149.885,149.919,0
2024-10-18T10:00:00.000Z,149.919,149.943,149.835,149.921,0
2024-10-18T11:00:00.000Z,149.922,149.977,149.578,149.939,0
2024-10-18T12:00:00.000Z,149.94,150.099,149.915,150.004,0
2024-10-18T13:00:00.000Z,150.006,150.083,149.787,149.861,0
2024-10-18T14:00:00.000Z,149.861,149.923,149.693,149.736,0
2024-10-18T15:00:00.000Z,149.737,149.749,149.591,149.599,0
2024-10-18T16:00:00.000Z,149.6,149.65,149.513,149.58,0
2024-10-18T17:00:00.000Z,149.579,149.629,149.363,149.416,0
2024-10-18T18:00:00.000Z,149.418,149.646,149.411,149.593,0
2024-10-18T19:00:00.000Z,149.592,149.595,149.456,149.528,0
2024-10-18T20:00:00.000Z,149.527,149.568,149.461,149.52,0
2024-10-18T21:00:00.000Z,149.52,149.547,149.451,149.503,0
2024-10-20T22:00:00.000Z,149.439,149.551,149.412,149.515,0
2024-10-20T23:00:00.000Z,149.527,149.641,149.515,149.564,0
2024-10-21T00:00:00.000Z,149.564,149.624,149.477,149.602,0
2024-10-21T01:00:00.000Z,149.603,149.615,149.252,149.38,0
2024-10-21T02:00:00.000Z,149.383,149.409,149.094,149.201,0
2024-10-21T03:00:00.000Z,149.202,149.284,149.095,149.223,0
2024-10-21T04:00:00.000Z,149.221,149.242,149.086,149.223,0
2024-10-21T05:00:00.000Z,149.223,149.355,149.201,149.318,0
2024-10-21T06:00:00.000Z,149.317,149.371,149.199,149.361,0
2024-10-21T07:00:00.000Z,149.364,149.644,149.301,149.631,0
2024-10-21T08:00:00.000Z,149.629,149.855,149.62,149.835,0
2024-10-21T09:00:00.000Z,149.835,149.95,149.822,149.945,0
2024-10-21T10:00:00.000Z,149.947,150.09,149.821,150.06,0
2024-10-21T11:00:00.000Z,150.061,150.078,149.893,149.942,0
2024-10-21T12:00:00.000Z,149.937,149.957,149.859,149.923,0
2024-10-21T13:00:00.000Z,149.924,150.028,149.745,149.918,0
2024-10-21T14:00:00.000Z,149.919,150.144,149.918,150.127,0
2024-10-21T15:00:00.000Z,150.126,150.276,150.093,150.236,0
2024-10-21T16:00:00.000Z,150.236,150.485,150.193,150.469,0
2024-10-21T17:00:00.000Z,150.469,150.557,150.441,150.516,0
2024-10-21T18:00:00.000Z,150.515,150.796,150.503,150.749,0
2024-10-21T19:00:00.000Z,150.751,150.83,150.712,150.774,0
2024-10-21T20:00:00.000Z,150.775,150.838,150.729,150.772,0
2024-10-21T21:00:00.000Z,150.773,150.884,150.761,150.829,0
2024-10-21T22:00:00.000Z,150.829,150.832,150.668,150.719,0
2024-10-21T23:00:00.000Z,150.721,150.766,150.633,150.682,0
2024-10-22T00:00:00.000Z,150.681,150.799,150.598,150.62,0
2024-10-22T01:00:00.000Z,150.62,150.763,150.579,150.629,0
2024-10-22T02:00:00.000Z,150.629,150.706,150.494,150.661,0
2024-10-22T03:00:00.000Z,150.66,150.845,150.63,150.831,0
2024-10-22T04:00:00.000Z,150.831,150.983,150.809,150.922,0
2024-10-22T05:00:00.000Z,150.922,151.102,150.845,150.873,0
2024-10-22T06:00:00.000Z,150.872,150.992,150.783,150.845,0
2024-10-22T07:00:00.000Z,150.845,150.876,150.662,150.826,0
2024-10-22T08:00:00.000Z,150.826,151.059,150.693,151,0
2024-10-22T09:00:00.000Z,151.004,151.034,150.788,150.987,0
2024-10-22T10:00:00.000Z,150.987,151.024,150.802,150.884,0
2024-10-22T11:00:00.000Z,150.884,150.906,150.749,150.845,0
2024-10-22T12:00:00.000Z,150.844,150.936,150.781,150.863,0
2024-10-22T13:00:00.000Z,150.865,150.923,150.765,150.91,0
2024-10-22T14:00:00.000Z,150.911,150.95,150.602,150.92,0
2024-10-22T15:00:00.000Z,150.918,151.073,150.855,150.975,0
2024-10-22T16:00:00.000Z,150.978,151.144,150.899,151.106,0
2024-10-23T01:00:00.000Z,151.152,151.473,151.135,151.467,0
2024-10-23T02:00:00.000Z,151.466,151.805,151.429,151.644,0
2024-10-23T03:00:00.000Z,151.643,151.789,151.635,151.74,0
2024-10-23T04:00:00.000Z,151.739,151.83,151.719,151.749,0
2024-10-23T05:00:00.000Z,151.748,152.133,151.73,152.071,0
2024-10-23T06:00:00.000Z,152.07,152.268,152.021,152.165,0
2024-10-23T07:00:00.000Z,152.166,152.379,152.115,152.293,0
2024-10-23T08:00:00.000Z,152.29,152.557,152.27,152.369,0
2024-10-23T09:00:00.000Z,152.369,152.549,152.316,152.415,0
2024-10-23T10:00:00.000Z,152.412,152.759,152.405,152.724,0
2024-10-23T11:00:00.000Z,152.724,152.874,152.606,152.823,0
2024-10-23T12:00:00.000Z,152.82,153.073,152.762,153.052,0
2024-10-23T13:00:00.000Z,153.053,153.185,152.91,153.068,0
2024-10-23T14:00:00.000Z,153.067,153.083,152.839,153.066,0
2024-10-23T15:00:00.000Z,153.067,153.106,152.92,153.025,0
2024-10-23T16:00:00.000Z,153.024,153.051,152.76,152.82,0
2024-10-23T17:00:00.000Z,152.821,152.931,152.817,152.86,0
2024-10-23T18:00:00.000Z,152.856,152.905,152.765,152.771,0
2024-10-23T19:00:00.000Z,152.775,152.775,152.47,152.663,0
2024-10-23T20:00:00.000Z,152.664,152.693,152.553,152.591,0
2024-10-23T21:00:00.000Z,152.589,152.763,152.553,152.744,0
2024-10-23T22:00:00.000Z,152.744,152.744,152.629,152.658,0
2024-10-23T23:00:00.000Z,152.666,152.827,152.663,152.75,0
2024-10-24T00:00:00.000Z,152.749,152.799,152.605,152.769,0
2024-10-24T01:00:00.000Z,152.767,152.767,152.516,152.64,0
2024-10-24T02:00:00.000Z,152.637,152.792,152.605,152.677,0
2024-10-24T03:00:00.000Z,152.676,152.696,152.339,152.429,0
2024-10-24T04:00:00.000Z,152.43,152.518,152.352,152.398,0
2024-10-24T05:00:00.000Z,152.397,152.398,152.106,152.214,0
2024-10-24T06:00:00.000Z,152.215,152.387,152.199,152.382,0
2024-10-24T07:00:00.000Z,152.382,152.384,152.049,152.054,0
2024-10-24T08:00:00.000Z,152.057,152.315,152.025,152.127,0
2024-10-24T09:00:00.000Z,152.126,152.248,151.919,152.007,0
2024-10-24T10:00:00.000Z,152.008,152.075,151.829,151.988,0
2024-10-24T11:00:00.000Z,151.987,151.988,151.82,151.855,0
2024-10-24T12:00:00.000Z,151.854,152.071,151.766,152.05,0
2024-10-24T13:00:00.000Z,152.051,152.321,151.832,152.052,0
2024-10-24T14:00:00.000Z,152.052,152.325,151.941,152.2,0
2024-10-24T15:00:00.000Z,152.199,152.279,151.85,151.926,0
2024-10-24T16:00:00.000Z,151.927,151.977,151.782,151.869,0
2024-10-24T17:00:00.000Z,151.871,151.882,151.658,151.687,0
2024-10-24T18:00:00.000Z,151.688,151.782,151.552,151.623,0
2024-10-24T19:00:00.000Z,151.622,151.848,151.614,151.822,0
2024-10-24T20:00:00.000Z,151.821,151.901,151.821,151.836,0
2024-10-24T21:00:00.000Z,151.84,151.867,151.806,151.811,0
2024-10-24T22:00:00.000Z,151.798,151.835,151.695,151.805,0
2024-10-24T23:00:00.000Z,151.815,151.82,151.681,151.691,0
2024-10-25T00:00:00.000Z,151.69,151.815,151.582,151.789,0
2024-10-25T01:00:00.000Z,151.792,152.104,151.751,152.008,0
2024-10-25T02:00:00.000Z,152.007,152.063,151.794,151.845,0
2024-10-25T03:00:00.000Z,151.848,151.889,151.737,151.832,0
2024-10-25T04:00:00.000Z,151.833,151.903,151.815,151.846,0
2024-10-25T05:00:00.000Z,151.846,151.868,151.608,151.705,0
2024-10-25T06:00:00.000Z,151.705,151.745,151.452,151.73,0
2024-10-25T07:00:00.000Z,151.728,152.001,151.677,151.862,0
2024-10-25T08:00:00.000Z,151.861,152.037,151.821,151.955,0
2024-10-25T09:00:00.000Z,151.952,152.057,151.918,151.965,0
2024-10-25T10:00:00.000Z,151.964,152.095,151.911,152.001,0
2024-10-25T11:00:00.000Z,152,152.027,151.865,151.896,0
2024-10-25T12:00:00.000Z,151.896,151.937,151.697,151.794,0
2024-10-25T13:00:00.000Z,151.792,152.093,151.792,151.918,0
2024-10-25T14:00:00.000Z,151.92,152.161,151.835,152.001,0
2024-10-25T15:00:00.000Z,152.003,152.116,151.908,152.029,0
2024-10-25T16:00:00.000Z,152.03,152.141,151.922,152.082,0
2024-10-25T17:00:00.000Z,152.082,152.229,152.053,152.196,0
2024-10-25T18:00:00.000Z,152.196,152.296,152.098,152.164,0
2024-10-25T19:00:00.000Z,152.163,152.28,152.097,152.244,0
2024-10-25T20:00:00.000Z,152.244,152.378,152.239,152.255,0
2024-10-25T21:00:00.000Z,152.255,152.352,152.181,152.244,0
2024-10-27T21:00:00.000Z,153.176,153.188,152.652,152.905,0
2024-10-27T22:00:00.000Z,152.905,153.221,152.665,152.95,0
2024-10-27T23:00:00.000Z,152.95,153.037,152.77,152.955,0
2024-10-28T00:00:00.000Z,152.955,153.479,152.767,153.463,0
2024-10-28T01:00:00.000Z,153.464,153.879,153.437,153.847,0
2024-10-28T02:00:00.000Z,153.848,153.856,153.527,153.577,0
2024-10-28T03:00:00.000Z,153.578,153.696,153.497,153.629,0
2024-10-28T04:00:00.000Z,153.63,153.653,153.376,153.643,0
2024-10-28T05:00:00.000Z,153.642,153.744,153.493,153.538,0
2024-10-28T06:00:00.000Z,153.537,153.56,153.232,153.409,0
2024-10-28T07:00:00.000Z,153.411,153.529,153.159,153.332,0
2024-10-28T08:00:00.000Z,153.333,153.428,153.165,153.177,0
2024-10-28T09:00:00.000Z,153.178,153.19,152.902,152.927,0
2024-10-28T10:00:00.000Z,152.927,152.928,152.458,152.533,0
2024-10-28T11:00:00.000Z,152.532,152.734,152.469,152.731,0
2024-10-28T12:00:00.000Z,152.729,152.731,152.407,152.622,0
2024-10-28T13:00:00.000Z,152.621,152.764,152.577,152.756,0
2024-10-28T14:00:00.000Z,152.755,153.063,152.742,152.951,0
2024-10-28T15:00:00.000Z,152.953,153.233,152.84,153.213,0
2024-10-28T16:00:00.000Z,153.216,153.281,153.131,153.26,0
2024-10-28T17:00:00.000Z,153.258,153.305,153.203,153.276,0
2024-10-28T18:00:00.000Z,153.278,153.376,153.234,153.262,0
2024-10-28T19:00:00.000Z,153.261,153.267,153.201,153.228,0
2024-10-28T20:00:00.000Z,153.228,153.3,153.202,153.273,0
2024-10-28T21:00:00.000Z,153.271,153.272,153.228,153.239,0
2024-10-28T22:00:00.000Z,153.274,153.359,153.233,153.304,0
2024-10-28T23:00:00.000Z,153.304,153.323,153.14,153.142,0
2024-10-29T00:00:00.000Z,153.141,153.242,152.897,153.015,0
2024-10-29T01:00:00.000Z,153.015,153.133,152.863,152.941,0
2024-10-29T02:00:00.000Z,152.939,153.053,152.85,152.992,0
2024-10-29T03:00:00.000Z,152.992,153.163,152.945,153.041,0
2024-10-29T04:00:00.000Z,153.046,153.046,152.872,152.925,0
2024-10-29T05:00:00.000Z,152.929,152.955,152.754,152.833,0
2024-10-29T06:00:00.000Z,152.833,153.071,152.833,152.996,0
2024-10-29T07:00:00.000Z,152.997,153.277,152.997,153.165,0
2024-10-29T08:00:00.000Z,153.165,153.447,153.155,153.394,0
2024-10-29T09:00:00.000Z,153.398,153.44,153.326,153.41,0
2024-10-29T10:00:00.000Z,153.411,153.488,153.316,153.338,0
2024-10-29T11:00:00.000Z,153.338,153.673,153.32,153.673,0
2024-10-29T12:00:00.000Z,153.676,153.865,153.655,153.763,0
2024-10-29T13:00:00.000Z,153.764,153.808,153.624,153.63,0
2024-10-29T14:00:00.000Z,153.649,153.664,152.99,153.381,0
2024-10-29T15:00:00.000Z,153.382,153.749,153.373,153.494,0
2024-10-29T16:00:00.000Z,153.497,153.583,153.351,153.547,0
2024-10-29T17:00:00.000Z,153.55,153.596,153.308,153.414,0
2024-10-29T18:00:00.000Z,153.412,153.551,153.378,153.423,0
2024-10-29T19:00:00.000Z,153.422,153.506,153.376,153.424,0
2024-10-29T20:00:00.000Z,153.425,153.443,153.334,153.346,0
2024-10-29T21:00:00.000Z,153.344,153.415,153.268,153.34,0
2024-10-29T22:00:00.000Z,153.337,153.391,153.201,153.249,0
2024-10-29T23:00:00.000Z,153.248,153.352,153.161,153.262,0
2024-10-30T00:00:00.000Z,153.263,153.306,153.07,153.252,0
2024-10-30T01:00:00.000Z,153.252,153.313,153.109,153.217,0
2024-10-30T02:00:00.000Z,153.217,153.439,153.199,153.313,0
2024-10-30T03:00:00.000Z,153.314,153.397,153.284,153.339,0
2024-10-30T04:00:00.000Z,153.337,153.371,153.189,153.355,0
2024-10-30T05:00:00.000Z,153.356,153.365,153.194,153.226,0
2024-10-30T06:00:00.000Z,153.226,153.462,153.195,153.272,0
2024-10-30T07:00:00.000Z,153.275,153.379,153.26,153.329,0
2024-10-30T08:00:00.000Z,153.328,153.361,152.801,152.851,0
2024-10-30T09:00:00.000Z,152.851,153.193,152.835,153.058,0
2024-10-30T10:00:00.000Z,153.058,153.059,152.832,152.894,0
2024-10-30T11:00:00.000Z,152.893,153.043,152.778,153.031,0
2024-10-30T12:00:00.000Z,153.033,153.49,152.991,153.354,0
2024-10-30T13:00:00.000Z,153.354,153.432,152.869,152.937,0
2024-10-30T14:00:00.000Z,152.941,153.328,152.903,153.261,0
2024-10-30T15:00:00.000Z,153.261,153.386,153.152,153.155,0
2024-10-30T16:00:00.000Z,153.153,153.218,153.002,153.081,0
2024-10-30T17:00:00.000Z,153.08,153.258,153.08,153.23,0
2024-10-30T18:00:00.000Z,153.229,153.264,153.168,153.242,0
2024-10-30T19:00:00.000Z,153.242,153.431,153.237,153.299,0
2024-10-30T20:00:00.000Z,153.298,153.427,153.267,153.398,0
2024-10-30T21:00:00.000Z,153.398,153.399,153.229,153.31,0
2024-10-30T22:00:00.000Z,153.301,153.336,153.241,153.296,0
2024-10-30T23:00:00.000Z,153.299,153.356,153.203,153.239,0
2024-10-31T00:00:00.000Z,153.238,153.579,153.158,153.524,0
2024-10-31T01:00:00.000Z,153.525,153.557,153.394,153.49,0
2024-10-31T02:00:00.000Z,153.494,153.611,153.175,153.402,0
2024-10-31T03:00:00.000Z,153.404,153.409,152.941,153.051,0
2024-10-31T04:00:00.000Z,153.05,153.078,152.824,152.917,0
2024-10-31T05:00:00.000Z,152.918,153.084,152.833,152.84,0
2024-10-31T06:00:00.000Z,152.838,152.96,152.052,152.173,0
2024-10-31T07:00:00.000Z,152.177,152.581,152.05,152.248,0
2024-10-31T08:00:00.000Z,152.246,152.441,151.921,152.397,0
2024-10-31T09:00:00.000Z,152.399,152.567,152.301,152.554,0
2024-10-31T10:00:00.000Z,152.556,152.563,152.248,152.463,0
2024-10-31T11:00:00.000Z,152.465,152.847,152.465,152.719,0
2024-10-31T12:00:00.000Z,152.718,152.978,152.562,152.69,0
2024-10-31T13:00:00.000Z,152.693,152.987,152.561,152.965,0
2024-10-31T14:00:00.000Z,152.966,153.048,152.467,152.584,0
2024-10-31T15:00:00.000Z,152.583,152.709,152.079,152.356,0
2024-11-01T00:00:00.000Z,151.979,152.163,151.874,152.032,0
2024-11-01T01:00:00.000Z,152.029,152.291,151.92,152.116,0
2024-11-01T02:00:00.000Z,152.114,152.352,152.112,152.298,0
2024-11-01T03:00:00.000Z,152.297,152.422,152.244,152.414,0
2024-11-01T04:00:00.000Z,152.415,152.539,152.415,152.482,0
2024-11-01T05:00:00.000Z,152.481,152.652,152.402,152.541,0
2024-11-01T06:00:00.000Z,152.541,152.568,152.331,152.397,0
2024-11-01T07:00:00.000Z,152.398,152.579,152.202,152.545,0
2024-11-01T08:00:00.000Z,152.546,152.691,152.522,152.639,0
2024-11-01T09:00:00.000Z,152.638,152.832,152.562,152.776,0
2024-11-01T10:00:00.000Z,152.774,152.845,152.667,152.671,0
2024-11-01T11:00:00.000Z,152.669,152.798,152.588,152.675,0
2024-11-01T12:00:00.000Z,152.672,152.827,151.789,152.037,0
2024-11-01T13:00:00.000Z,152.036,152.488,151.97,152.414,0
2024-11-01T14:00:00.000Z,152.413,152.959,152.231,152.898,0
2024-11-01T15:00:00.000Z,152.896,153.065,152.801,152.942,0
2024-11-01T16:00:00.000Z,152.942,153.042,152.828,152.893,0
2024-11-01T17:00:00.000Z,152.894,153.067,152.86,152.911,0
2024-11-01T18:00:00.000Z,152.91,152.961,152.849,152.961,0
2024-11-01T19:00:00.000Z,152.962,153.021,152.939,152.968,0
2024-11-01T20:00:00.000Z,152.967,153.093,152.932,152.946,0
2024-11-03T22:00:00.000Z,152.26,152.551,152.258,152.426,0
2024-11-03T23:00:00.000Z,152.426,152.478,152.181,152.288,0
2024-11-04T00:00:00.000Z,152.288,152.288,152.001,152.072,0
2024-11-04T01:00:00.000Z,152.072,152.079,151.703,151.786,0
2024-11-04T02:00:00.000Z,151.786,151.964,151.773,151.811,0
2024-11-04T03:00:00.000Z,151.812,151.812,151.598,151.738,0
2024-11-04T04:00:00.000Z,151.739,151.856,151.69,151.818,0
2024-11-04T05:00:00.000Z,151.819,151.962,151.816,151.849,0
2024-11-04T06:00:00.000Z,151.849,152.155,151.799,152.146,0
2024-11-04T07:00:00.000Z,152.145,152.277,152.083,152.176,0
2024-11-04T08:00:00.000Z,152.18,152.227,151.965,152.087,0
2024-11-04T09:00:00.000Z,152.089,152.146,151.8,151.883,0
2024-11-04T10:00:00.000Z,151.883,152.01,151.751,151.806,0
2024-11-04T11:00:00.000Z,151.808,151.815,151.531,151.55,0
2024-11-04T12:00:00.000Z,151.553,151.822,151.544,151.807,0
2024-11-04T13:00:00.000Z,151.808,152.065,151.727,151.828,0
2024-11-04T14:00:00.000Z,151.828,151.969,151.623,151.819,0
2024-11-04T15:00:00.000Z,151.819,152.104,151.7,151.99,0
2024-11-04T16:00:00.000Z,151.991,152.156,151.927,152.021,0
2024-11-04T17:00:00.000Z,152.02,152.112,151.891,152.009,0
2024-11-04T18:00:00.000Z,152.008,152.196,151.985,152.06,0
2024-11-04T19:00:00.000Z,152.06,152.169,152.059,152.146,0
2024-11-04T20:00:00.000Z,152.148,152.178,152.1,152.149,0
2024-11-04T21:00:00.000Z,152.15,152.194,152.13,152.132,0
2024-11-04T22:00:00.000Z,152.121,152.156,152.054,152.113,0
2024-11-04T23:00:00.000Z,152.113,152.29,152.112,152.276,0
2024-11-05T00:00:00.000Z,152.276,152.399,152.113,152.279,0
2024-11-05T01:00:00.000Z,152.28,152.442,152.221,152.271,0
2024-11-05T02:00:00.000Z,152.27,152.294,152.163,152.254,0
2024-11-05T03:00:00.000Z,152.255,152.416,152.226,152.381,0
2024-11-05T04:00:00.000Z,152.382,152.497,152.382,152.464,0
2024-11-05T05:00:00.000Z,152.46,152.543,152.352,152.424,0
2024-11-05T06:00:00.000Z,152.425,152.445,152.263,152.349,0
2024-11-05T07:00:00.000Z,152.349,152.363,152.177,152.271,0
2024-11-05T08:00:00.000Z,152.27,152.383,152.169,152.188,0
2024-11-05T09:00:00.000Z,152.189,152.243,152.086,152.183,0
2024-11-05T10:00:00.000Z,152.183,152.27,152.14,152.255,0
2024-11-05T11:00:00.000Z,152.256,152.263,152.144,152.153,0
2024-11-05T12:00:00.000Z,152.153,152.337,152.084,152.293,0
2024-11-05T13:00:00.000Z,152.292,152.32,151.959,152.045,0
2024-11-05T14:00:00.000Z,152.046,152.115,151.77,151.802,0
2024-11-05T15:00:00.000Z,151.796,152.219,151.796,152.042,0
2024-11-05T16:00:00.000Z,152.043,152.095,151.899,151.959,0
2024-11-05T17:00:00.000Z,151.961,151.961,151.596,151.68,0
2024-11-05T18:00:00.000Z,151.683,151.697,151.369,151.554,0
2024-11-05T19:00:00.000Z,151.555,151.629,151.334,151.451,0
2024-11-05T20:00:00.000Z,151.451,151.543,151.391,151.527,0
2024-11-05T21:00:00.000Z,151.528,151.652,151.505,151.609,0
2024-11-05T22:00:00.000Z,151.609,151.647,151.442,151.591,0
2024-11-05T23:00:00.000Z,151.591,151.905,151.4,151.44,0
2024-11-06T00:00:00.000Z,151.439,152.917,151.283,152.916,0
2024-11-06T01:00:00.000Z,152.915,153.121,152.642,152.925,0
2024-11-06T02:00:00.000Z,152.925,154.109,152.869,154.051,0
2024-11-06T03:00:00.000Z,154.05,154.333,153.589,153.935,0
2024-11-06T04:00:00.000Z,153.934,154.088,153.444,153.556,0
2024-11-06T05:00:00.000Z,153.56,153.767,153.125,153.741,0
2024-11-06T06:00:00.000Z,153.741,154.38,153.661,154.047,0
2024-11-06T07:00:00.000Z,154.047,154.132,153.69,153.937,0
2024-11-06T08:00:00.000Z,153.937,154.14,153.811,153.899,0
2024-11-06T09:00:00.000Z,153.902,154.029,153.798,153.995,0
2024-11-06T10:00:00.000Z,154,154.181,153.873,153.997,0
2024-11-06T11:00:00.000Z,153.996,154.251,153.931,154.215,0
2024-11-06T12:00:00.000Z,154.216,154.457,154.117,154.406,0
2024-11-06T13:00:00.000Z,154.41,154.436,154.059,154.302,0
2024-11-06T14:00:00.000Z,154.301,154.474,154.208,154.286,0
2024-11-06T15:00:00.000Z,154.286,154.365,153.979,154.349,0
2024-11-06T16:00:00.000Z,154.349,154.664,154.209,154.583,0
2024-11-06T17:00:00.000Z,154.583,154.68,154.462,154.663,0
2024-11-06T18:00:00.000Z,154.666,154.697,154.354,154.423,0
2024-11-06T19:00:00.000Z,154.425,154.556,154.378,154.442,0
2024-11-06T20:00:00.000Z,154.444,154.572,154.404,154.558,0
2024-11-06T21:00:00.000Z,154.56,154.659,154.558,154.617,0
2024-11-06T22:00:00.000Z,154.613,154.613,154.49,154.532,0
2024-11-06T23:00:00.000Z,154.514,154.543,154.207,154.31,0
2024-11-07T00:00:00.000Z,154.307,154.708,154.22,154.574,0
2024-11-07T01:00:00.000Z,154.576,154.668,154.378,154.507,0
2024-11-07T02:00:00.000Z,154.507,154.525,154.327,154.437,0
2024-11-07T03:00:00.000Z,154.438,154.522,154.274,154.318,0
2024-11-07T04:00:00.000Z,154.32,154.374,153.931,154.171,0
2024-11-07T05:00:00.000Z,154.172,154.287,153.989,154.008,0
2024-11-07T06:00:00.000Z,154.006,154.2,153.93,153.931,0
2024-11-07T07:00:00.000Z,153.932,154.005,153.649,154,0
2024-11-07T08:00:00.000Z,154,154.07,153.815,154.041,0
2024-11-07T09:00:00.000Z,154.043,154.132,153.896,153.943,0
2024-11-07T10:00:00.000Z,153.944,154.038,153.877,154.013,0
2024-11-07T11:00:00.000Z,154.014,154.098,153.982,154.062,0
2024-11-07T12:00:00.000Z,154.061,154.108,153.739,153.761,0
2024-11-07T13:00:00.000Z,153.761,153.783,153.45,153.498,0
2024-11-07T14:00:00.000Z,153.499,153.556,153.084,153.224,0
2024-11-07T15:00:00.000Z,153.223,153.285,152.851,152.961,0
2024-11-07T16:00:00.000Z,152.962,153.226,152.926,153.134,0
2024-11-07T17:00:00.000Z,153.133,153.199,152.957,153.013,0
2024-11-07T18:00:00.000Z,153.013,153.026,152.861,152.962,0
2024-11-07T19:00:00.000Z,152.954,153.472,152.847,153.079,0
2024-11-07T20:00:00.000Z,153.081,153.143,152.689,152.85,0
2024-11-07T21:00:00.000Z,152.853,152.956,152.8,152.923,0
2024-11-07T22:00:00.000Z,152.918,152.927,152.796,152.925,0
2024-11-07T23:00:00.000Z,152.933,153.188,152.912,153.172,0
2024-11-08T00:00:00.000Z,153.173,153.237,152.97,153.131,0
2024-11-08T01:00:00.000Z,153.13,153.366,153.049,153.093,0
2024-11-08T02:00:00.000Z,153.092,153.185,152.959,153.125,0
2024-11-08T03:00:00.000Z,153.131,153.131,152.73,152.812,0
2024-11-08T04:00:00.000Z,152.811,152.837,152.548,152.734,0
2024-11-08T05:00:00.000Z,152.733,152.915,152.708,152.801,0
2024-11-08T06:00:00.000Z,152.801,152.954,152.663,152.763,0
2024-11-08T07:00:00.000Z,152.763,152.896,152.612,152.638,0
2024-11-08T08:00:00.000Z,152.639,152.745,152.323,152.348,0
2024-11-08T09:00:00.000Z,152.346,152.448,152.254,152.281,0
2024-11-08T10:00:00.000Z,152.281,152.396,152.139,152.177,0
2024-11-08T11:00:00.000Z,152.176,152.446,152.14,152.425,0
2024-11-08T12:00:00.000Z,152.423,152.545,152.358,152.372,0
2024-11-08T13:00:00.000Z,152.371,152.817,152.329,152.74,0
2024-11-08T14:00:00.000Z,152.74,152.857,152.533,152.701,0
2024-11-08T15:00:00.000Z,152.7,152.787,152.38,152.42,0
2024-11-08T16:00:00.000Z,152.42,152.716,152.406,152.589,0
2024-11-08T17:00:00.000Z,152.589,152.814,152.573,152.655,0
2024-11-08T18:00:00.000Z,152.654,152.814,152.544,152.692,0
2024-11-08T19:00:00.000Z,152.691,152.794,152.655,152.672,0
2024-11-08T20:00:00.000Z,152.674,152.753,152.494,152.511,0
2024-11-08T21:00:00.000Z,152.512,152.635,152.433,152.608,0
2024-11-10T22:00:00.000Z,152.631,152.764,152.602,152.641,0
2024-11-10T23:00:00.000Z,152.651,152.946,152.648,152.907,0
2024-11-11T00:00:00.000Z,152.91,153.147,152.87,153.143,0
2024-11-11T01:00:00.000Z,153.145,153.222,153.029,153.222,0
2024-11-11T02:00:00.000Z,153.222,153.431,153.133,153.387,0
2024-11-11T03:00:00.000Z,153.388,153.46,153.303,153.447,0
2024-11-11T04:00:00.000Z,153.447,153.642,153.444,153.57,0
2024-11-11T05:00:00.000Z,153.57,153.667,153.471,153.525,0
2024-11-11T06:00:00.000Z,153.526,153.585,153.394,153.395,0
2024-11-11T07:00:00.000Z,153.396,153.665,153.314,153.635,0
2024-11-11T08:00:00.000Z,153.639,153.853,153.612,153.761,0
2024-11-11T09:00:00.000Z,153.761,153.853,153.594,153.62,0
2024-11-11T10:00:00.000Z,153.621,153.75,153.551,153.69,0
2024-11-11T11:00:00.000Z,153.689,153.776,153.684,153.754,0
2024-11-11T12:00:00.000Z,153.754,153.849,153.736,153.792,0
2024-11-11T13:00:00.000Z,153.791,153.952,153.717,153.77,0
2024-11-11T14:00:00.000Z,153.77,153.91,153.643,153.844,0
2024-11-11T15:00:00.000Z,153.843,153.945,153.801,153.857,0
2024-11-11T16:00:00.000Z,153.858,153.907,153.77,153.822,0
2024-11-11T17:00:00.000Z,153.823,153.909,153.773,153.877,0
2024-11-11T18:00:00.000Z,153.877,153.878,153.746,153.804,0
2024-11-11T19:00:00.000Z,153.804,153.81,153.729,153.764,0
2024-11-11T20:00:00.000Z,153.765,153.767,153.626,153.647,0
2024-11-11T21:00:00.000Z,153.647,153.729,153.628,153.701,0
2024-11-11T22:00:00.000Z,153.701,153.723,153.651,153.723,0
2024-11-11T23:00:00.000Z,153.724,153.769,153.469,153.521,0
2024-11-12T00:00:00.000Z,153.52,153.811,153.483,153.765,0
2024-11-12T01:00:00.000Z,153.767,153.964,153.74,153.961,0
2024-11-12T02:00:00.000Z,153.957,154.061,153.738,153.807,0
2024-11-12T03:00:00.000Z,153.812,153.815,153.576,153.654,0
2024-11-12T04:00:00.000Z,153.654,153.654,153.483,153.5,0
2024-11-12T05:00:00.000Z,153.5,153.613,153.403,153.611,0
2024-11-12T06:00:00.000Z,153.615,153.829,153.61,153.781,0
2024-11-12T07:00:00.000Z,153.781,153.891,153.702,153.821,0
2024-11-12T08:00:00.000Z,153.82,153.945,153.704,153.935,0
2024-11-12T09:00:00.000Z,153.938,154.166,153.886,154.105,0
2024-11-12T10:00:00.000Z,154.106,154.122,153.978,154.049,0
2024-11-12T11:00:00.000Z,154.05,154.138,153.931,154.071,0
2024-11-12T12:00:00.000Z,154.072,154.189,153.999,154.073,0
2024-11-12T13:00:00.000Z,154.074,154.395,154.054,154.38,0
2024-11-12T14:00:00.000Z,154.379,154.494,154.288,154.414,0
2024-11-12T15:00:00.000Z,154.415,154.548,154.324,154.518,0
2024-11-12T16:00:00.000Z,154.52,154.766,154.459,154.741,0
2024-11-12T17:00:00.000Z,154.74,154.923,154.71,154.784,0
2024-11-12T18:00:00.000Z,154.784,154.856,154.722,154.728,0
2024-11-12T19:00:00.000Z,154.729,154.762,154.668,154.748,0
2024-11-12T20:00:00.000Z,154.748,154.783,154.545,154.578,0
2024-11-12T21:00:00.000Z,154.579,154.668,154.51,154.594,0
2024-11-12T22:00:00.000Z,154.593,154.649,154.514,154.522,0
2024-11-12T23:00:00.000Z,154.522,154.665,154.503,154.656,0
2024-11-13T00:00:00.000Z,154.656,154.931,154.651,154.931,0
2024-11-13T01:00:00.000Z,154.931,154.938,154.596,154.602,0
2024-11-13T02:00:00.000Z,154.602,154.806,154.539,154.738,0
2024-11-13T03:00:00.000Z,154.739,154.896,154.688,154.803,0
2024-11-13T04:00:00.000Z,154.803,154.889,154.748,154.847,0
2024-11-13T05:00:00.000Z,154.848,154.934,154.774,154.914,0
2024-11-13T06:00:00.000Z,154.912,155.154,154.894,155.04,0
2024-11-13T07:00:00.000Z,155.041,155.118,154.926,155.112,0
2024-11-13T08:00:00.000Z,155.113,155.236,154.964,155.007,0
2024-11-13T09:00:00.000Z,155.008,155.063,154.794,154.895,0
2024-11-13T10:00:00.000Z,154.895,154.997,154.872,154.991,0
2024-11-13T11:00:00.000Z,154.992,155.032,154.802,154.818,0
2024-11-13T12:00:00.000Z,154.818,154.96,154.749,154.922,0
2024-11-13T13:00:00.000Z,154.923,155.067,154.413,154.507,0
2024-11-13T14:00:00.000Z,154.51,154.883,154.338,154.834,0
2024-11-13T15:00:00.000Z,154.834,155.137,154.797,154.985,0
2024-11-13T16:00:00.000Z,154.985,155.299,154.981,155.282,0
2024-11-13T17:00:00.000Z,155.281,155.43,155.221,155.41,0
2024-11-13T18:00:00.000Z,155.41,155.614,155.403,155.595,0
2024-11-13T19:00:00.000Z,155.596,155.622,155.426,155.543,0
2024-11-13T20:00:00.000Z,155.544,155.596,155.5,155.59,0
2024-11-13T21:00:00.000Z,155.588,155.594,155.429,155.446,0
2024-11-13T22:00:00.000Z,155.424,155.456,155.259,155.383,0
2024-11-13T23:00:00.000Z,155.383,155.475,155.339,155.416,0
2024-11-14T00:00:00.000Z,155.416,155.772,155.404,155.716,0
2024-11-14T01:00:00.000Z,155.717,155.918,155.703,155.867,0
2024-11-14T02:00:00.000Z,155.867,156.06,155.833,156.004,0
2024-11-14T03:00:00.000Z,156.004,156.004,155.811,155.946,0
2024-11-14T04:00:00.000Z,155.945,156.133,155.941,156.053,0
2024-11-14T05:00:00.000Z,156.053,156.131,155.955,156.018,0
2024-11-14T06:00:00.000Z,156.021,156.04,155.816,155.919,0
2024-11-14T07:00:00.000Z,155.92,155.958,155.7,155.837,0
2024-11-14T08:00:00.000Z,155.836,155.957,155.741,155.945,0
2024-11-14T09:00:00.000Z,155.945,156.146,155.931,156.107,0
2024-11-14T10:00:00.000Z,156.108,156.24,156.051,156.055,0
2024-11-14T11:00:00.000Z,156.054,156.14,155.896,155.921,0
2024-11-14T12:00:00.000Z,155.922,156.028,155.858,155.993,0
2024-11-14T13:00:00.000Z,155.994,156.193,155.774,156.019,0
2024-11-14T15:00:00.000Z,155.798,156.074,155.651,155.952,0
2024-11-14T17:00:00.000Z,155.968,156.038,155.674,155.742,0
2024-11-14T18:00:00.000Z,155.742,155.942,155.697,155.892,0
2024-11-14T19:00:00.000Z,155.891,155.999,155.849,155.921,0
2024-11-14T20:00:00.000Z,155.921,156.415,155.886,156.295,0
2024-11-14T21:00:00.000Z,156.296,156.369,156.237,156.243,0
2024-11-14T22:00:00.000Z,156.238,156.286,156.2,156.281,0
2024-11-14T23:00:00.000Z,156.272,156.535,156.249,156.481,0
2024-11-15T00:00:00.000Z,156.48,156.746,156.433,156.629,0
2024-11-15T01:00:00.000Z,156.628,156.644,156.328,156.55,0
2024-11-15T02:00:00.000Z,156.549,156.554,156.324,156.391,0
2024-11-15T03:00:00.000Z,156.39,156.514,156.272,156.5,0
2024-11-15T04:00:00.000Z,156.5,156.548,156.303,156.354,0
2024-11-15T05:00:00.000Z,156.354,156.453,156.327,156.453,0
2024-11-15T06:00:00.000Z,156.455,156.503,156.035,156.097,0
2024-11-15T07:00:00.000Z,156.097,156.171,155.759,155.778,0
2024-11-15T08:00:00.000Z,155.777,155.777,155.387,155.516,0
2024-11-15T09:00:00.000Z,155.517,155.729,155.262,155.365,0
2024-11-15T10:00:00.000Z,155.364,155.458,155.218,155.304,0
2024-11-15T11:00:00.000Z,155.304,155.51,155.258,155.493,0
2024-11-15T12:00:00.000Z,155.493,155.626,155.37,155.392,0
2024-11-15T13:00:00.000Z,155.391,155.718,155.15,155.325,0
2024-11-15T14:00:00.000Z,155.325,155.779,155.119,155.546,0
2024-11-15T15:00:00.000Z,155.549,155.598,154.84,154.947,0
2024-11-15T16:00:00.000Z,154.948,155.014,154.529,154.597,0
2024-11-15T17:00:00.000Z,154.596,154.607,154.186,154.28,0
2024-11-15T18:00:00.000Z,154.281,154.304,153.858,153.925,0
2024-11-15T19:00:00.000Z,153.921,154.341,153.913,154.213,0
2024-11-15T20:00:00.000Z,154.217,154.418,154.173,154.289,0
2024-11-15T21:00:00.000Z,154.29,154.476,154.248,154.248,0
2024-11-17T22:00:00.000Z,154.349,154.55,154.222,154.531,0
2024-11-17T23:00:00.000Z,154.531,154.746,154.391,154.64,0
2024-11-18T00:00:00.000Z,154.639,154.659,153.838,154.269,0
2024-11-18T01:00:00.000Z,154.269,155.138,154.097,154.595,0
2024-11-18T02:00:00.000Z,154.595,154.922,154.584,154.734,0
2024-11-18T03:00:00.000Z,154.734,154.89,154.62,154.651,0
2024-11-18T04:00:00.000Z,154.652,154.692,154.413,154.645,0
2024-11-18T05:00:00.000Z,154.646,154.758,154.413,154.591,0
2024-11-18T06:00:00.000Z,154.593,154.627,154.296,154.582,0
2024-11-18T07:00:00.000Z,154.582,154.764,154.474,154.566,0
2024-11-18T08:00:00.000Z,154.567,154.953,154.501,154.95,0
2024-11-18T09:00:00.000Z,154.951,154.97,154.555,154.776,0
2024-11-18T10:00:00.000Z,154.775,155.05,154.774,154.999,0
2024-11-18T11:00:00.000Z,154.999,155.123,154.951,155.056,0
2024-11-18T12:00:00.000Z,155.057,155.279,155.029,155.266,0
2024-11-18T13:00:00.000Z,155.268,155.356,154.865,154.904,0
2024-11-18T14:00:00.000Z,154.904,154.983,154.583,154.798,0
2024-11-18T15:00:00.000Z,154.8,155.051,154.75,154.992,0
2024-11-18T16:00:00.000Z,154.992,155.068,154.789,154.797,0
2024-11-18T17:00:00.000Z,154.796,154.848,154.64,154.698,0
2024-11-18T18:00:00.000Z,154.698,154.786,154.591,154.628,0
2024-11-18T19:00:00.000Z,154.627,154.753,154.571,154.737,0
2024-11-18T20:00:00.000Z,154.736,154.739,154.589,154.59,0
2024-11-18T21:00:00.000Z,154.59,154.69,154.567,154.649,0
2024-11-18T22:00:00.000Z,154.645,154.645,154.588,154.628,0
2024-11-18T23:00:00.000Z,154.645,154.649,154.432,154.613,0
2024-11-19T00:00:00.000Z,154.614,154.614,154.297,154.376,0
2024-11-19T01:00:00.000Z,154.377,154.4,154.039,154.114,0
2024-11-19T02:00:00.000Z,154.114,154.247,153.971,154.155,0
2024-11-19T03:00:00.000Z,154.153,154.211,153.948,154.175,0
2024-11-19T04:00:00.000Z,154.17,154.469,154.112,154.419,0
2024-11-19T05:00:00.000Z,154.425,154.518,154.298,154.42,0
2024-11-19T06:00:00.000Z,154.42,154.58,154.343,154.508,0
2024-11-19T07:00:00.000Z,154.511,154.653,154.442,154.526,0
2024-11-19T08:00:00.000Z,154.527,154.573,153.279,153.745,0
2024-11-19T09:00:00.000Z,153.747,154.071,153.347,153.763,0
2024-11-19T10:00:00.000Z,153.76,153.824,153.438,153.774,0
2024-11-19T11:00:00.000Z,153.774,154.176,153.722,154.084,0
2024-11-19T12:00:00.000Z,154.083,154.206,153.966,153.976,0
2024-11-19T13:00:00.000Z,153.973,154.009,153.408,153.471,0
2024-11-19T14:00:00.000Z,153.472,154.133,153.442,154.051,0
2024-11-19T15:00:00.000Z,154.051,154.231,153.848,153.956,0
2024-11-19T16:00:00.000Z,153.957,154.493,153.915,154.346,0
2024-11-19T17:00:00.000Z,154.347,154.754,154.26,154.721,0
2024-11-19T18:00:00.000Z,154.722,154.797,154.578,154.587,0
2024-11-19T19:00:00.000Z,154.586,154.705,154.562,154.694,0
2024-11-19T20:00:00.000Z,154.693,154.731,154.633,154.683,0
2024-11-19T21:00:00.000Z,154.684,154.727,154.613,154.647,0
2024-11-19T22:00:00.000Z,154.647,154.651,154.527,154.571,0
2024-11-19T23:00:00.000Z,154.569,154.755,154.525,154.718,0
2024-11-20T00:00:00.000Z,154.72,154.937,154.584,154.919,0
2024-11-20T01:00:00.000Z,154.918,154.986,154.694,154.771,0
2024-11-20T02:00:00.000Z,154.77,154.906,154.723,154.867,0
2024-11-20T03:00:00.000Z,154.867,154.985,154.822,154.954,0
2024-11-20T04:00:00.000Z,154.953,155.137,154.942,155.051,0
2024-11-20T05:00:00.000Z,155.051,155.186,154.99,155.186,0
2024-11-20T06:00:00.000Z,155.187,155.459,155.157,155.357,0
2024-11-20T07:00:00.000Z,155.356,155.681,155.322,155.657,0
2024-11-20T08:00:00.000Z,155.658,155.747,155.58,155.631,0
2024-11-20T09:00:00.000Z,155.632,155.849,155.599,155.755,0
2024-11-20T10:00:00.000Z,155.757,155.847,155.667,155.75,0
2024-11-20T11:00:00.000Z,155.749,155.861,155.714,155.832,0
2024-11-20T12:00:00.000Z,155.834,155.886,155.685,155.688,0
2024-11-20T13:00:00.000Z,155.691,155.79,155.629,155.73,0
2024-11-20T14:00:00.000Z,155.73,155.838,155.383,155.6,0
2024-11-20T15:00:00.000Z,155.6,155.608,155.054,155.529,0
2024-11-20T16:00:00.000Z,155.528,155.61,155.233,155.38,0
2024-11-20T17:00:00.000Z,155.38,155.44,155.182,155.218,0
2024-11-20T18:00:00.000Z,155.218,155.422,155.198,155.339,0
2024-11-20T19:00:00.000Z,155.341,155.374,155.24,155.365,0
2024-11-20T20:00:00.000Z,155.368,155.518,155.365,155.475,0
2024-11-20T21:00:00.000Z,155.476,155.538,155.35,155.398,0
2024-11-20T22:00:00.000Z,155.288,155.395,155.288,155.32,0
2024-11-20T23:00:00.000Z,155.34,155.37,155.233,155.272,0
2024-11-21T00:00:00.000Z,155.271,155.299,154.921,155.076,0
2024-11-21T01:00:00.000Z,155.075,155.088,154.878,155.04,0
2024-11-21T02:00:00.000Z,155.039,155.083,154.874,154.961,0
2024-11-21T03:00:00.000Z,154.957,155.032,154.889,154.925,0
2024-11-21T04:00:00.000Z,154.925,155.108,154.86,155.055,0
2024-11-21T05:00:00.000Z,155.053,155.261,155.027,155.185,0
2024-11-21T06:00:00.000Z,155.18,155.18,154.554,154.76,0
2024-11-21T07:00:00.000Z,154.76,155.042,154.606,154.904,0
2024-11-21T08:00:00.000Z,154.903,155.034,154.404,154.438,0
2024-11-21T09:00:00.000Z,154.437,154.446,154.081,154.397,0
2024-11-21T10:00:00.000Z,154.396,154.433,154.2,154.398,0
2024-11-21T11:00:00.000Z,154.398,154.582,154.304,154.532,0
2024-11-21T12:00:00.000Z,154.532,154.714,154.299,154.439,0
2024-11-21T13:00:00.000Z,154.44,154.691,154.101,154.249,0
2024-11-21T14:00:00.000Z,154.249,154.541,153.962,154.096,0
2024-11-21T15:00:00.000Z,154.096,154.351,153.905,154.319,0
2024-11-21T16:00:00.000Z,154.32,154.665,154.307,154.654,0
2024-11-21T17:00:00.000Z,154.652,154.691,154.404,154.438,0
2024-11-21T18:00:00.000Z,154.439,154.697,154.432,154.547,0
2024-11-21T19:00:00.000Z,154.547,154.637,154.479,154.504,0
2024-11-21T20:00:00.000Z,154.504,154.59,154.452,154.502,0
2024-11-21T21:00:00.000Z,154.502,154.568,154.449,154.522,0
2024-11-21T22:00:00.000Z,154.52,154.525,154.378,154.464,0
2024-11-21T23:00:00.000Z,154.464,154.512,154.104,154.154,0
2024-11-22T00:00:00.000Z,154.155,154.413,153.963,154.33,0
2024-11-22T01:00:00.000Z,154.329,154.438,154.223,154.413,0
2024-11-22T02:00:00.000Z,154.414,154.493,154.347,154.392,0
2024-11-22T03:00:00.000Z,154.39,154.481,154.185,154.262,0
2024-11-22T04:00:00.000Z,154.263,154.444,154.263,154.421,0
2024-11-22T05:00:00.000Z,154.422,154.728,154.422,154.702,0
2024-11-22T06:00:00.000Z,154.703,154.954,154.679,154.9,0
2024-11-22T07:00:00.000Z,154.899,154.926,154.658,154.726,0
2024-11-22T08:00:00.000Z,154.728,154.867,154.399,154.511,0
2024-11-22T09:00:00.000Z,154.509,154.821,154.251,154.502,0
2024-11-22T10:00:00.000Z,154.499,154.552,154.252,154.324,0
2024-11-22T11:00:00.000Z,154.323,154.466,154.28,154.312,0
2024-11-22T12:00:00.000Z,154.312,154.546,154.289,154.499,0
2024-11-22T13:00:00.000Z,154.498,154.566,154.189,154.269,0
2024-11-22T14:00:00.000Z,154.271,155.022,154.27,154.872,0
2024-11-22T15:00:00.000Z,154.875,154.913,154.596,154.897,0
2024-11-22T16:00:00.000Z,154.898,154.92,154.712,154.733,0
2024-11-22T17:00:00.000Z,154.732,154.823,154.672,154.754,0
2024-11-22T18:00:00.000Z,154.755,154.806,154.704,154.74,0
2024-11-22T19:00:00.000Z,154.74,154.814,154.661,154.801,0
2024-11-22T20:00:00.000Z,154.802,154.886,154.739,154.834,0
2024-11-22T21:00:00.000Z,154.836,154.853,154.708,154.73,0
2024-11-24T22:00:00.000Z,154.117,154.375,154.109,154.251,0
2024-11-24T23:00:00.000Z,154.251,154.389,154.052,154.147,0
2024-11-25T00:00:00.000Z,154.148,154.203,153.817,154.202,0
2024-11-25T01:00:00.000Z,154.215,154.233,153.647,153.766,0
2024-11-25T02:00:00.000Z,153.765,153.803,153.548,153.761,0
2024-11-25T03:00:00.000Z,153.761,153.958,153.629,153.945,0
2024-11-25T04:00:00.000Z,153.944,154.168,153.937,154.095,0
2024-11-25T05:00:00.000Z,154.095,154.396,154.092,154.262,0
2024-11-25T06:00:00.000Z,154.262,154.48,154.181,154.295,0
2024-11-25T07:00:00.000Z,154.294,154.557,154.15,154.538,0
2024-11-25T08:00:00.000Z,154.536,154.722,154.48,154.692,0
2024-11-25T09:00:00.000Z,154.693,154.698,154.355,154.422,0
2024-11-25T10:00:00.000Z,154.423,154.48,154.345,154.419,0
2024-11-25T11:00:00.000Z,154.42,154.507,154.314,154.504,0
2024-11-25T12:00:00.000Z,154.504,154.561,154.132,154.197,0
2024-11-25T13:00:00.000Z,154.195,154.197,153.754,153.926,0
2024-11-25T14:00:00.000Z,153.926,154.018,153.627,153.748,0
2024-11-25T15:00:00.000Z,153.749,154.39,153.644,154.368,0
2024-11-25T16:00:00.000Z,154.371,154.517,154.279,154.292,0
2024-11-25T17:00:00.000Z,154.293,154.383,154.223,154.318,0
2024-11-25T18:00:00.000Z,154.318,154.339,154.097,154.108,0
2024-11-25T19:00:00.000Z,154.109,154.199,153.991,154.135,0
2024-11-25T20:00:00.000Z,154.135,154.178,154.077,154.139,0
2024-11-25T21:00:00.000Z,154.137,154.264,154.137,154.182,0
2024-11-25T22:00:00.000Z,154.182,154.215,154.027,154.094,0
2024-11-25T23:00:00.000Z,154.104,154.485,153.878,154.38,0
2024-11-26T00:00:00.000Z,154.38,154.413,153.933,154.01,0
2024-11-26T01:00:00.000Z,154.011,154.111,153.835,154.051,0
2024-11-26T02:00:00.000Z,154.052,154.221,153.898,153.981,0
2024-11-26T03:00:00.000Z,153.982,154.064,153.721,153.741,0
2024-11-26T04:00:00.000Z,153.741,153.911,153.666,153.838,0
2024-11-26T05:00:00.000Z,153.838,153.842,153.544,153.714,0
2024-11-26T06:00:00.000Z,153.712,154.061,153.601,154.052,0
2024-11-26T07:00:00.000Z,154.052,154.219,154.028,154.038,0
2024-11-26T08:00:00.000Z,154.036,154.054,153.789,153.967,0
2024-11-26T09:00:00.000Z,153.966,154.119,153.882,153.924,0
2024-11-26T10:00:00.000Z,153.925,153.982,153.707,153.765,0
2024-11-26T11:00:00.000Z,153.768,153.868,153.716,153.777,0
2024-11-26T12:00:00.000Z,153.777,153.802,153.067,153.255,0
2024-11-26T13:00:00.000Z,153.256,153.482,152.987,153.429,0
2024-11-26T14:00:00.000Z,153.429,153.678,153.397,153.508,0
2024-11-26T15:00:00.000Z,153.508,153.719,153.36,153.461,0
2024-11-26T16:00:00.000Z,153.463,153.681,153.413,153.488,0
2024-11-26T17:00:00.000Z,153.489,153.515,153.25,153.325,0
2024-11-26T18:00:00.000Z,153.325,153.486,153.267,153.369,0
2024-11-26T19:00:00.000Z,153.377,153.411,153.082,153.109,0
2024-11-26T20:00:00.000Z,153.109,153.14,153.024,153.059,0
2024-11-26T21:00:00.000Z,153.06,153.15,153.004,153.061,0
2024-11-26T22:00:00.000Z,153.042,153.091,152.993,153.048,0
2024-11-26T23:00:00.000Z,153.065,153.23,152.93,152.931,0
2024-11-27T00:00:00.000Z,152.93,153.012,152.759,152.91,0
2024-11-27T01:00:00.000Z,152.911,153.032,152.507,152.547,0
2024-11-27T02:00:00.000Z,152.549,152.748,152.526,152.64,0
2024-11-27T03:00:00.000Z,152.637,152.653,152.382,152.45,0
2024-11-27T04:00:00.000Z,152.449,152.467,152.249,152.31,0
2024-11-27T05:00:00.000Z,152.31,152.475,152.233,152.436,0
2024-11-27T06:00:00.000Z,152.436,152.464,152.067,152.079,0
2024-11-27T07:00:00.000Z,152.078,152.166,151.838,151.951,0
2024-11-27T08:00:00.000Z,151.951,151.956,151.429,151.824,0
2024-11-27T09:00:00.000Z,151.824,151.891,151.355,151.472,0
2024-11-27T10:00:00.000Z,151.472,151.491,151.222,151.395,0
2024-11-27T11:00:00.000Z,151.395,151.613,151.364,151.484,0
2024-11-27T12:00:00.000Z,151.485,151.589,151.305,151.482,0
2024-11-27T13:00:00.000Z,151.482,151.625,151.297,151.328,0
2024-11-27T14:00:00.000Z,151.329,151.488,150.996,151.367,0
2024-11-27T15:00:00.000Z,151.36,151.803,150.93,151.1,0
2024-11-27T16:00:00.000Z,151.102,151.373,150.453,150.704,0
2024-11-27T17:00:00.000Z,150.704,150.863,150.532,150.759,0
2024-11-27T18:00:00.000Z,150.758,150.881,150.677,150.854,0
2024-11-27T19:00:00.000Z,150.852,151.054,150.851,151.022,0
2024-11-27T20:00:00.000Z,151.021,151.188,151.02,151.091,0
2024-11-27T21:00:00.000Z,151.09,151.19,151.053,151.053,0
2024-11-27T22:00:00.000Z,151.056,151.104,150.855,150.913,0
2024-11-27T23:00:00.000Z,150.914,151.379,150.896,151.337,0
2024-11-28T00:00:00.000Z,151.338,151.708,151.281,151.681,0
2024-11-28T01:00:00.000Z,151.682,151.746,151.405,151.43,0
2024-11-28T02:00:00.000Z,151.429,151.615,151.343,151.444,0
2024-11-28T03:00:00.000Z,151.443,151.714,151.415,151.624,0
2024-11-28T04:00:00.000Z,151.624,151.654,151.531,151.623,0
2024-11-28T05:00:00.000Z,151.624,151.662,151.48,151.543,0
2024-11-28T06:00:00.000Z,151.542,151.65,151.36,151.544,0
2024-11-28T07:00:00.000Z,151.545,151.773,151.535,151.753,0
2024-11-28T08:00:00.000Z,151.754,151.917,151.694,151.831,0
2024-11-28T09:00:00.000Z,151.831,151.946,151.789,151.891,0
2024-11-28T10:00:00.000Z,151.891,151.948,151.84,151.85,0
2024-11-28T11:00:00.000Z,151.848,151.895,151.759,151.833,0
2024-11-28T12:00:00.000Z,151.833,151.845,151.638,151.761,0
2024-11-28T13:00:00.000Z,151.762,151.773,151.557,151.567,0
2024-11-28T14:00:00.000Z,151.569,151.602,151.478,151.522,0
2024-11-28T15:00:00.000Z,151.523,151.57,151.403,151.517,0
2024-11-28T16:00:00.000Z,151.518,151.569,151.464,151.478,0
2024-11-28T17:00:00.000Z,151.479,151.546,151.456,151.49,0
2024-11-28T18:00:00.000Z,151.492,151.554,151.454,151.531,0
2024-11-28T19:00:00.000Z,151.53,151.547,151.466,151.495,0
2024-11-28T20:00:00.000Z,151.493,151.517,151.475,151.478,0
2024-11-28T21:00:00.000Z,151.459,151.552,151.431,151.52,0
2024-11-28T22:00:00.000Z,151.517,151.54,151.513,151.517,0
2024-11-28T23:00:00.000Z,151.528,151.529,150.983,151.185,0
2024-11-29T00:00:00.000Z,151.182,151.206,150.526,150.579,0
2024-11-29T01:00:00.000Z,150.578,150.616,149.848,149.936,0
2024-11-29T02:00:00.000Z,149.936,150.395,149.935,150.159,0
2024-11-29T03:00:00.000Z,150.159,150.372,150.049,150.097,0
2024-11-29T04:00:00.000Z,150.096,150.134,149.758,150.008,0
2024-11-29T05:00:00.000Z,150.008,150.27,149.931,150.101,0
2024-11-29T06:00:00.000Z,150.102,150.203,149.962,150,0
2024-11-29T07:00:00.000Z,150,150.011,149.531,149.99,0
2024-11-29T08:00:00.000Z,149.993,150.27,149.986,150.187,0
2024-11-29T09:00:00.000Z,150.188,150.303,149.926,150.158,0
2024-11-29T10:00:00.000Z,150.157,150.363,149.939,149.961,0
2024-11-29T11:00:00.000Z,149.96,150.075,149.83,150.037,0
2024-11-29T12:00:00.000Z,150.036,150.258,150.001,150.152,0
2024-11-29T13:00:00.000Z,150.153,150.232,149.944,149.965,0
2024-11-29T14:00:00.000Z,149.963,150.155,149.875,149.937,0
2024-11-29T15:00:00.000Z,149.938,150.347,149.917,150.179,0
2024-11-29T16:00:00.000Z,150.178,150.529,150.151,150.416,0
2024-11-29T17:00:00.000Z,150.417,150.446,149.58,149.595,0
2024-11-29T18:00:00.000Z,149.598,149.683,149.464,149.646,0
2024-11-29T19:00:00.000Z,149.646,149.695,149.479,149.603,0
2024-11-29T20:00:00.000Z,149.602,149.667,149.536,149.64,0
2024-11-29T21:00:00.000Z,149.64,149.724,149.598,149.724,0
2024-12-01T22:00:00.000Z,149.514,149.688,149.486,149.565,0
2024-12-01T23:00:00.000Z,149.565,150.066,149.515,149.865,0
2024-12-02T00:00:00.000Z,149.865,150.288,149.802,150.2,0
2024-12-02T01:00:00.000Z,150.201,150.551,150.148,150.529,0
2024-12-02T02:00:00.000Z,150.529,150.686,150.47,150.594,0
2024-12-02T03:00:00.000Z,150.595,150.742,150.5,150.527,0
2024-12-02T04:00:00.000Z,150.525,150.678,150.434,150.575,0
2024-12-02T05:00:00.000Z,150.575,150.747,150.513,150.72,0
2024-12-02T06:00:00.000Z,150.721,150.725,150.254,150.326,0
2024-12-02T07:00:00.000Z,150.306,150.448,149.988,150.247,0
2024-12-02T08:00:00.000Z,150.247,150.375,150.074,150.214,0
2024-12-02T09:00:00.000Z,150.216,150.44,150.045,150.343,0
2024-12-02T10:00:00.000Z,150.344,150.385,150.161,150.173,0
2024-12-02T11:00:00.000Z,150.172,150.238,150.073,150.148,0
2024-12-02T12:00:00.000Z,150.148,150.166,149.917,150.131,0
2024-12-02T13:00:00.000Z,150.13,150.35,150.041,150.078,0
2024-12-02T14:00:00.000Z,150.077,150.09,149.83,149.971,0
2024-12-02T15:00:00.000Z,149.984,150.242,149.721,149.871,0
2024-12-02T16:00:00.000Z,149.871,149.948,149.077,149.263,0
2024-12-02T17:00:00.000Z,149.262,149.625,149.214,149.597,0
2024-12-02T18:00:00.000Z,149.598,149.789,149.541,149.651,0
2024-12-02T19:00:00.000Z,149.651,149.686,149.489,149.522,0
2024-12-02T20:00:00.000Z,149.522,149.646,149.224,149.542,0
2024-12-02T21:00:00.000Z,149.54,149.613,149.503,149.574,0
2024-12-02T22:00:00.000Z,149.573,149.573,149.516,149.52,0
2024-12-02T23:00:00.000Z,149.52,149.823,149.493,149.515,0
2024-12-03T00:00:00.000Z,149.516,149.931,149.497,149.87,0
2024-12-03T01:00:00.000Z,149.867,149.971,149.594,149.871,0
2024-12-03T02:00:00.000Z,149.872,149.996,149.787,149.859,0
2024-12-03T03:00:00.000Z,149.858,150.135,149.845,150.092,0
2024-12-03T04:00:00.000Z,150.093,150.217,150.046,150.144,0
2024-12-03T05:00:00.000Z,150.144,150.234,149.988,150.025,0
2024-12-03T06:00:00.000Z,150.026,150.164,149.963,150.11,0
2024-12-03T07:00:00.000Z,150.11,150.13,149.873,150.004,0
2024-12-03T08:00:00.000Z,150.006,150.182,149.823,149.916,0
2024-12-03T09:00:00.000Z,149.917,149.956,149.774,149.814,0
2024-12-03T10:00:00.000Z,149.812,150.079,149.765,150.046,0
2024-12-03T11:00:00.000Z,150.044,150.107,149.681,149.73,0
2024-12-03T12:00:00.000Z,149.731,149.872,149.597,149.683,0
2024-12-03T13:00:00.000Z,149.682,149.696,148.799,148.854,0
2024-12-03T14:00:00.000Z,148.855,149.072,148.646,148.816,0
2024-12-03T15:00:00.000Z,148.818,149.249,148.756,149.15,0
2024-12-03T16:00:00.000Z,149.152,149.517,149.081,149.118,0
2024-12-03T17:00:00.000Z,149.125,149.508,149.083,149.206,0
2024-12-03T18:00:00.000Z,149.205,149.21,148.981,149.039,0
2024-12-03T19:00:00.000Z,149.039,149.538,148.962,149.505,0
2024-12-03T20:00:00.000Z,149.505,149.521,149.402,149.454,0
2024-12-03T21:00:00.000Z,149.456,149.636,149.445,149.574,0
2024-12-03T22:00:00.000Z,149.571,149.601,149.564,149.566,0
2024-12-03T23:00:00.000Z,149.582,149.698,149.566,149.613,0
2024-12-04T00:00:00.000Z,149.613,149.911,149.52,149.87,0
2024-12-04T01:00:00.000Z,149.872,150.079,149.679,149.926,0
2024-12-04T02:00:00.000Z,149.927,149.952,149.689,149.774,0
2024-12-04T03:00:00.000Z,149.776,149.935,149.624,149.932,0
2024-12-04T04:00:00.000Z,149.933,150.167,149.877,149.967,0
2024-12-04T05:00:00.000Z,149.968,150.103,149.88,150.095,0
2024-12-04T06:00:00.000Z,150.094,150.167,149.856,150.006,0
2024-12-04T07:00:00.000Z,150.006,150.436,149.978,150.381,0
2024-12-04T08:00:00.000Z,150.382,150.542,150.297,150.435,0
2024-12-04T09:00:00.000Z,150.436,150.779,150.431,150.625,0
2024-12-04T10:00:00.000Z,150.623,150.891,150.614,150.864,0
2024-12-04T11:00:00.000Z,150.864,151.046,150.776,150.885,0
2024-12-04T12:00:00.000Z,150.886,151.224,150.858,151.17,0
2024-12-04T13:00:00.000Z,151.17,151.228,150.79,151.071,0
2024-12-04T14:00:00.000Z,151.07,151.128,150.808,150.848,0
2024-12-04T15:00:00.000Z,150.85,150.85,150.281,150.394,0
2024-12-04T16:00:00.000Z,150.395,150.443,150.053,150.184,0
2024-12-04T17:00:00.000Z,150.185,150.24,149.991,150.168,0
2024-12-04T18:00:00.000Z,150.167,150.421,150.038,150.408,0
2024-12-04T19:00:00.000Z,150.409,150.592,150.219,150.438,0
2024-12-04T20:00:00.000Z,150.438,150.67,150.436,150.521,0
2024-12-04T21:00:00.000Z,150.519,150.659,150.484,150.539,0
2024-12-04T22:00:00.000Z,150.525,150.555,150.445,150.505,0
2024-12-04T23:00:00.000Z,150.518,150.774,150.509,150.547,0
2024-12-05T00:00:00.000Z,150.547,150.547,150.191,150.221,0
2024-12-05T01:00:00.000Z,150.221,150.68,150.185,150.536,0
2024-12-05T02:00:00.000Z,150.536,150.561,150.215,150.333,0
2024-12-05T03:00:00.000Z,150.335,150.342,150.195,150.287,0
2024-12-05T04:00:00.000Z,150.285,150.424,150.234,150.387,0
2024-12-05T05:00:00.000Z,150.389,150.395,149.783,149.931,0
2024-12-05T06:00:00.000Z,149.927,149.928,149.659,149.778,0
2024-12-05T07:00:00.000Z,149.778,150.018,149.711,149.785,0
2024-12-05T08:00:00.000Z,149.783,150.211,149.654,150.189,0
2024-12-05T09:00:00.000Z,150.189,150.312,150.105,150.308,0
2024-12-05T10:00:00.000Z,150.306,150.348,150.09,150.117,0
2024-12-05T11:00:00.000Z,150.118,150.234,150.04,150.157,0
2024-12-05T12:00:00.000Z,150.155,150.503,150.144,150.4,0
2024-12-05T13:00:00.000Z,150.4,150.695,150.186,150.605,0
2024-12-05T14:00:00.000Z,150.605,150.615,150.274,150.483,0
2024-12-05T15:00:00.000Z,150.483,150.5,150.174,150.248,0
2024-12-05T16:00:00.000Z,150.249,150.337,150.098,150.201,0
2024-12-05T17:00:00.000Z,150.2,150.216,150.068,150.129,0
2024-12-05T18:00:00.000Z,150.134,150.349,150.119,150.154,0
2024-12-05T19:00:00.000Z,150.154,150.154,149.918,150.018,0
2024-12-05T20:00:00.000Z,150.02,150.105,149.95,150.08,0
2024-12-05T21:00:00.000Z,150.079,150.122,150.048,150.088,0
2024-12-05T22:00:00.000Z,150.012,150.084,149.929,150.05,0
2024-12-05T23:00:00.000Z,150.067,150.231,150.048,150.118,0
2024-12-06T00:00:00.000Z,150.121,150.272,149.861,150.099,0
2024-12-06T01:00:00.000Z,150.096,150.223,150.017,150.042,0
2024-12-06T02:00:00.000Z,150.041,150.042,149.814,149.83,0
2024-12-06T03:00:00.000Z,149.827,149.918,149.768,149.876,0
2024-12-06T04:00:00.000Z,149.878,150.02,149.829,149.977,0
2024-12-06T05:00:00.000Z,149.978,150.067,149.876,149.936,0
2024-12-06T06:00:00.000Z,149.935,150.02,149.77,149.863,0
2024-12-06T07:00:00.000Z,149.863,150.169,149.818,150.091,0
2024-12-06T08:00:00.000Z,150.094,150.416,150.09,150.366,0
2024-12-06T09:00:00.000Z,150.367,150.604,150.361,150.574,0
2024-12-06T10:00:00.000Z,150.575,150.698,150.5,150.571,0
2024-12-06T11:00:00.000Z,150.572,150.619,150.472,150.506,0
2024-12-06T12:00:00.000Z,150.507,150.656,150.368,150.405,0
2024-12-06T13:00:00.000Z,150.405,150.572,149.65,149.66,0
2024-12-06T14:00:00.000Z,149.662,149.884,149.36,149.65,0
2024-12-06T15:00:00.000Z,149.651,150.043,149.636,149.866,0
2024-12-06T16:00:00.000Z,149.868,150.112,149.674,149.788,0
2024-12-06T17:00:00.000Z,149.79,150.039,149.79,149.959,0
2024-12-06T18:00:00.000Z,149.961,150.044,149.88,149.99,0
2024-12-06T19:00:00.000Z,149.989,150.132,149.966,149.969,0
2024-12-06T20:00:00.000Z,149.969,150.053,149.952,149.958,0
2024-12-06T21:00:00.000Z,149.959,150.06,149.945,149.989,0
2024-12-08T22:00:00.000Z,149.864,150.072,149.84,149.978,0
2024-12-08T23:00:00.000Z,149.978,150.044,149.85,149.89,0
2024-12-09T00:00:00.000Z,149.89,149.968,149.689,149.84,0
2024-12-09T01:00:00.000Z,149.839,150.049,149.75,149.912,0
2024-12-09T02:00:00.000Z,149.911,149.993,149.859,149.906,0
2024-12-09T03:00:00.000Z,149.909,150.034,149.876,149.977,0
2024-12-09T04:00:00.000Z,149.977,149.994,149.838,149.891,0
2024-12-09T05:00:00.000Z,149.892,149.987,149.855,149.964,0
2024-12-09T06:00:00.000Z,149.962,150.191,149.943,150.141,0
2024-12-09T07:00:00.000Z,150.139,150.348,150.11,150.343,0
2024-12-09T08:00:00.000Z,150.347,150.52,150.314,150.419,0
2024-12-09T09:00:00.000Z,150.418,150.487,150.346,150.418,0
2024-12-09T10:00:00.000Z,150.416,150.481,150.351,150.457,0
2024-12-09T11:00:00.000Z,150.457,150.499,150.387,150.489,0
2024-12-09T12:00:00.000Z,150.491,150.841,150.438,150.765,0
2024-12-09T13:00:00.000Z,150.767,150.948,150.741,150.875,0
2024-12-09T14:00:00.000Z,150.874,150.946,150.699,150.931,0
2024-12-09T15:00:00.000Z,150.93,151.241,150.923,151.021,0
2024-12-09T16:00:00.000Z,151.026,151.246,150.968,151.238,0
2024-12-09T17:00:00.000Z,151.237,151.347,151.2,151.327,0
2024-12-09T18:00:00.000Z,151.327,151.337,151.233,151.269,0
2024-12-09T19:00:00.000Z,151.27,151.315,151.181,151.239,0
2024-12-09T20:00:00.000Z,151.239,151.295,151.165,151.215,0
2024-12-09T21:00:00.000Z,151.217,151.25,151.133,151.198,0
2024-12-09T22:00:00.000Z,151.13,151.282,151.13,151.223,0
2024-12-09T23:00:00.000Z,151.223,151.43,151.168,151.387,0
2024-12-10T00:00:00.000Z,151.387,151.488,151.226,151.437,0
2024-12-10T01:00:00.000Z,151.44,151.547,151.283,151.312,0
2024-12-10T02:00:00.000Z,151.311,151.311,151.035,151.201,0
2024-12-10T03:00:00.000Z,151.201,151.268,151.032,151.068,0
2024-12-10T04:00:00.000Z,151.068,151.143,150.951,151.126,0
2024-12-10T05:00:00.000Z,151.128,151.296,150.894,150.93,0
2024-12-10T06:00:00.000Z,150.929,151.272,150.899,151.22,0
2024-12-10T07:00:00.000Z,151.222,151.581,151.179,151.555,0
2024-12-10T08:00:00.000Z,151.554,151.783,151.504,151.632,0
2024-12-10T09:00:00.000Z,151.633,151.664,151.413,151.596,0
2024-12-10T10:00:00.000Z,151.599,151.61,151.469,151.586,0
2024-12-10T11:00:00.000Z,151.586,151.734,151.576,151.704,0
2024-12-10T12:00:00.000Z,151.705,151.797,151.551,151.782,0
2024-12-10T13:00:00.000Z,151.782,151.836,151.528,151.68,0
2024-12-10T14:00:00.000Z,151.681,151.826,151.587,151.824,0
2024-12-10T15:00:00.000Z,151.826,152.169,151.75,152.125,0
2024-12-10T16:00:00.000Z,152.125,152.18,151.974,152.048,0
2024-12-10T17:00:00.000Z,152.048,152.148,151.989,152.109,0
2024-12-10T18:00:00.000Z,152.11,152.12,151.879,151.92,0
2024-12-10T19:00:00.000Z,151.924,151.954,151.844,151.93,0
2024-12-10T20:00:00.000Z,151.93,151.948,151.829,151.93,0
2024-12-10T21:00:00.000Z,151.93,151.981,151.894,151.923,0
2024-12-10T22:00:00.000Z,151.92,151.937,151.914,151.934,0
2024-12-10T23:00:00.000Z,151.944,151.944,151.78,151.838,0
2024-12-11T00:00:00.000Z,151.839,151.869,151.704,151.728,0
2024-12-11T01:00:00.000Z,151.727,151.824,151.695,151.704,0
2024-12-11T02:00:00.000Z,151.704,151.719,151.44,151.441,0
2024-12-11T03:00:00.000Z,151.441,151.636,151.414,151.544,0
2024-12-11T04:00:00.000Z,151.545,151.612,151.461,151.543,0
2024-12-11T05:00:00.000Z,151.544,151.764,151.531,151.75,0
2024-12-11T06:00:00.000Z,151.752,151.789,151.622,151.761,0
2024-12-11T07:00:00.000Z,151.761,151.793,151.419,151.654,0
2024-12-11T08:00:00.000Z,151.653,151.714,151.464,151.624,0
2024-12-11T09:00:00.000Z,151.624,152.722,151.004,152.678,0
2024-12-11T10:00:00.000Z,152.678,152.791,152.487,152.591,0
2024-12-11T11:00:00.000Z,152.591,152.71,152.512,152.549,0
2024-12-11T12:00:00.000Z,152.549,152.702,152.525,152.649,0
2024-12-11T13:00:00.000Z,152.65,152.856,152.051,152.293,0
2024-12-11T14:00:00.000Z,152.292,152.329,151.918,152.133,0
2024-12-11T15:00:00.000Z,152.133,152.518,152.081,152.457,0
2024-12-11T16:00:00.000Z,152.456,152.555,152.242,152.339,0
2024-12-11T17:00:00.000Z,152.339,152.541,152.312,152.494,0
2024-12-11T18:00:00.000Z,152.495,152.688,152.318,152.674,0
2024-12-11T19:00:00.000Z,152.674,152.717,152.532,152.643,0
2024-12-11T20:00:00.000Z,152.64,152.646,152.523,152.591,0
2024-12-11T21:00:00.000Z,152.593,152.597,152.411,152.411,0
2024-12-11T22:00:00.000Z,152.412,152.425,152.262,152.397,0
2024-12-11T23:00:00.000Z,152.397,152.449,152.233,152.254,0
2024-12-12T00:00:00.000Z,152.242,152.337,152.101,152.225,0
2024-12-12T01:00:00.000Z,152.088,152.162,151.949,151.976,0
2024-12-12T02:00:00.000Z,151.975,152.316,151.952,152.315,0
2024-12-12T03:00:00.000Z,152.316,152.41,152.207,152.352,0
2024-12-12T04:00:00.000Z,152.351,152.389,152.182,152.189,0
2024-12-12T05:00:00.000Z,152.189,152.607,152.179,152.49,0
2024-12-12T06:00:00.000Z,152.491,152.771,152.454,152.479,0
2024-12-12T07:00:00.000Z,152.479,152.586,152.272,152.569,0
2024-12-12T08:00:00.000Z,152.57,152.659,152.365,152.5,0
2024-12-12T09:00:00.000Z,152.501,152.596,152.458,152.524,0
2024-12-12T10:00:00.000Z,152.525,152.537,152.2,152.315,0
2024-12-12T11:00:00.000Z,152.315,152.341,152.164,152.185,0
2024-12-12T12:00:00.000Z,152.184,152.36,152.117,152.272,0
2024-12-12T13:00:00.000Z,152.273,152.383,151.798,152.032,0
2024-12-12T14:00:00.000Z,152.032,152.397,151.875,152.242,0
2024-12-12T15:00:00.000Z,152.242,152.378,152.107,152.285,0
2024-12-12T16:00:00.000Z,152.284,152.312,152.042,152.075,0
2024-12-12T17:00:00.000Z,152.075,152.298,152.039,152.263,0
2024-12-12T18:00:00.000Z,152.263,152.522,152.236,152.479,0
2024-12-12T19:00:00.000Z,152.479,152.546,152.433,152.537,0
2024-12-12T20:00:00.000Z,152.537,152.674,152.524,152.659,0
2024-12-12T21:00:00.000Z,152.664,152.69,152.599,152.607,0
2024-12-12T22:00:00.000Z,152.603,152.619,152.524,152.565,0
2024-12-12T23:00:00.000Z,152.573,152.641,152.452,152.589,0
2024-12-13T00:00:00.000Z,152.595,152.951,152.553,152.821,0
2024-12-13T01:00:00.000Z,152.821,152.952,152.693,152.766,0
2024-12-13T02:00:00.000Z,152.764,152.914,152.643,152.903,0
2024-12-13T03:00:00.000Z,152.904,153.046,152.876,152.899,0
2024-12-13T04:00:00.000Z,152.9,153.086,152.886,152.951,0
2024-12-13T05:00:00.000Z,152.952,153.032,152.879,152.891,0
2024-12-13T06:00:00.000Z,152.892,152.999,152.671,152.708,0
2024-12-13T07:00:00.000Z,152.708,152.893,152.708,152.793,0
2024-12-13T08:00:00.000Z,152.792,153.184,152.792,153.161,0
2024-12-13T09:00:00.000Z,153.162,153.478,153.119,153.41,0
2024-12-13T10:00:00.000Z,153.411,153.496,153.368,153.468,0
2024-12-13T11:00:00.000Z,153.47,153.623,153.444,153.623,0
2024-12-13T12:00:00.000Z,153.622,153.666,153.319,153.454,0
2024-12-13T13:00:00.000Z,153.455,153.531,153.258,153.3,0
2024-12-13T14:00:00.000Z,153.299,153.627,153.298,153.596,0
2024-12-13T15:00:00.000Z,153.596,153.686,153.457,153.661,0
2024-12-13T16:00:00.000Z,153.662,153.775,153.555,153.753,0
2024-12-13T17:00:00.000Z,153.754,153.798,153.685,153.692,0
2024-12-13T18:00:00.000Z,153.691,153.741,153.661,153.699,0
2024-12-13T19:00:00.000Z,153.699,153.743,153.681,153.685,0
2024-12-13T20:00:00.000Z,153.685,153.727,153.647,153.656,0
2024-12-13T21:00:00.000Z,153.656,153.695,153.591,153.683,0
2024-12-15T22:00:00.000Z,153.573,153.697,153.438,153.592,0
2024-12-15T23:00:00.000Z,153.591,153.65,153.431,153.452,0
2024-12-16T00:00:00.000Z,153.454,153.898,153.322,153.811,0
2024-12-16T01:00:00.000Z,153.808,153.931,153.702,153.905,0
2024-12-16T02:00:00.000Z,153.904,153.969,153.842,153.872,0
2024-12-16T03:00:00.000Z,153.873,153.88,153.75,153.814,0
2024-12-16T04:00:00.000Z,153.814,153.89,153.728,153.741,0
2024-12-16T05:00:00.000Z,153.741,153.771,153.605,153.657,0
2024-12-16T06:00:00.000Z,153.657,153.766,153.544,153.649,0
2024-12-16T07:00:00.000Z,153.65,153.686,153.477,153.526,0
2024-12-16T08:00:00.000Z,153.526,153.721,153.442,153.694,0
2024-12-16T09:00:00.000Z,153.695,153.829,153.643,153.802,0
2024-12-16T10:00:00.000Z,153.803,153.843,153.649,153.83,0
2024-12-16T11:00:00.000Z,153.83,153.858,153.744,153.802,0
2024-12-16T12:00:00.000Z,153.802,154.097,153.78,154.083,0
2024-12-16T13:00:00.000Z,154.084,154.099,153.972,154.023,0
2024-12-16T14:00:00.000Z,154.024,154.358,154.01,154.303,0
2024-12-16T15:00:00.000Z,154.304,154.476,154.228,154.234,0
2024-12-16T16:00:00.000Z,154.234,154.311,154.128,154.174,0
2024-12-16T17:00:00.000Z,154.173,154.248,154.053,154.151,0
2024-12-16T18:00:00.000Z,154.151,154.2,154.047,154.057,0
2024-12-16T19:00:00.000Z,154.057,154.135,154.008,154.125,0
2024-12-16T20:00:00.000Z,154.125,154.161,154.088,154.151,0
2024-12-16T21:00:00.000Z,154.155,154.214,154.083,154.085,0
2024-12-16T22:00:00.000Z,154.072,154.143,154.029,154.113,0
2024-12-16T23:00:00.000Z,154.137,154.26,154.068,154.094,0
2024-12-17T00:00:00.000Z,154.091,154.342,154.01,154.147,0
2024-12-17T01:00:00.000Z,154.147,154.232,153.97,154.095,0
2024-12-17T02:00:00.000Z,154.1,154.109,153.798,154,0
2024-12-17T03:00:00.000Z,154.001,154.082,153.869,154.042,0
2024-12-17T04:00:00.000Z,154.042,154.204,154.001,154.061,0
2024-12-17T05:00:00.000Z,154.061,154.258,154.028,154.13,0
2024-12-17T06:00:00.000Z,154.13,154.169,154.029,154.137,0
2024-12-17T07:00:00.000Z,154.139,154.166,153.923,154.068,0
2024-12-17T08:00:00.000Z,154.067,154.165,153.808,153.859,0
2024-12-17T09:00:00.000Z,153.855,153.91,153.71,153.791,0
2024-12-17T10:00:00.000Z,153.793,153.882,153.712,153.838,0
2024-12-17T11:00:00.000Z,153.839,153.928,153.685,153.909,0
2024-12-17T12:00:00.000Z,153.909,153.936,153.811,153.817,0
2024-12-17T13:00:00.000Z,153.821,153.997,153.654,153.771,0
2024-12-17T14:00:00.000Z,153.773,153.773,153.553,153.559,0
2024-12-17T15:00:00.000Z,153.558,153.574,153.42,153.509,0
2024-12-17T16:00:00.000Z,153.509,153.64,153.399,153.417,0
2024-12-17T17:00:00.000Z,153.417,153.421,153.241,153.27,0
2024-12-17T18:00:00.000Z,153.269,153.389,153.159,153.275,0
2024-12-17T19:00:00.000Z,153.275,153.343,153.228,153.341,0
2024-12-17T20:00:00.000Z,153.34,153.561,153.329,153.516,0
2024-12-17T21:00:00.000Z,153.517,153.595,153.452,153.492,0
2024-12-17T22:00:00.000Z,153.271,153.496,153.271,153.415,0
2024-12-17T23:00:00.000Z,153.441,153.594,153.387,153.568,0
2024-12-18T00:00:00.000Z,153.569,153.763,153.544,153.688,0
2024-12-18T01:00:00.000Z,153.687,153.784,153.578,153.59,0
2024-12-18T02:00:00.000Z,153.589,153.746,153.574,153.686,0
2024-12-18T03:00:00.000Z,153.685,153.725,153.566,153.617,0
2024-12-18T04:00:00.000Z,153.615,153.652,153.353,153.44,0
2024-12-18T05:00:00.000Z,153.443,153.461,153.336,153.354,0
2024-12-18T06:00:00.000Z,153.352,153.491,153.332,153.47,0
2024-12-18T07:00:00.000Z,153.469,153.647,153.348,153.577,0
2024-12-18T08:00:00.000Z,153.578,153.621,153.52,153.564,0
2024-12-18T09:00:00.000Z,153.566,153.741,153.533,153.632,0
2024-12-18T10:00:00.000Z,153.633,153.695,153.55,153.576,0
2024-12-18T11:00:00.000Z,153.574,153.697,153.567,153.661,0
2024-12-18T12:00:00.000Z,153.66,153.828,153.634,153.824,0
2024-12-18T13:00:00.000Z,153.824,153.95,153.807,153.847,0
2024-12-18T14:00:00.000Z,153.846,153.902,153.703,153.778,0
2024-12-18T15:00:00.000Z,153.779,154.051,153.679,154.021,0
2024-12-18T16:00:00.000Z,154.021,154.087,153.964,154.001,0
2024-12-18T17:00:00.000Z,154.002,154.017,153.74,153.824,0
2024-12-18T18:00:00.000Z,153.823,153.836,153.719,153.725,0
2024-12-18T19:00:00.000Z,153.727,154.661,153.702,154.647,0
2024-12-18T20:00:00.000Z,154.646,154.775,154.327,154.686,0
2024-12-18T21:00:00.000Z,154.685,154.864,154.5,154.815,0
2024-12-18T22:00:00.000Z,154.741,154.805,154.731,154.735,0
2024-12-18T23:00:00.000Z,154.734,154.765,154.433,154.665,0
2024-12-19T00:00:00.000Z,154.663,154.889,154.535,154.822,0
2024-12-19T01:00:00.000Z,154.823,154.859,154.63,154.643,0
2024-12-19T02:00:00.000Z,154.643,155.274,154.463,155.085,0
2024-12-19T03:00:00.000Z,155.086,155.435,154.953,155.256,0
2024-12-19T04:00:00.000Z,155.257,155.348,155.141,155.303,0
2024-12-19T05:00:00.000Z,155.302,155.469,155.191,155.221,0
2024-12-19T06:00:00.000Z,155.22,156.144,154.911,156.1,0
2024-12-19T07:00:00.000Z,156.101,156.777,156.101,156.475,0
2024-12-19T08:00:00.000Z,156.475,157.066,156.434,156.874,0
2024-12-19T09:00:00.000Z,156.874,157.145,156.717,157.04,0
2024-12-19T10:00:00.000Z,157.039,157.06,156.82,156.949,0
2024-12-19T11:00:00.000Z,156.949,157.06,156.675,156.694,0
2024-12-19T12:00:00.000Z,156.693,156.976,156.687,156.939,0
2024-12-19T13:00:00.000Z,156.941,157.047,156.398,156.907,0
2024-12-19T14:00:00.000Z,156.909,157.346,156.872,157.171,0
2024-12-19T15:00:00.000Z,157.171,157.73,157.152,157.712,0
2024-12-19T16:00:00.000Z,157.71,157.804,157.591,157.728,0
2024-12-19T17:00:00.000Z,157.729,157.766,157.525,157.694,0
2024-12-19T18:00:00.000Z,157.695,157.73,157.526,157.538,0
2024-12-19T19:00:00.000Z,157.537,157.553,157.348,157.421,0
2024-12-19T20:00:00.000Z,157.42,157.434,157.306,157.328,0
2024-12-19T21:00:00.000Z,157.331,157.449,157.327,157.417,0
2024-12-19T22:00:00.000Z,157.415,157.44,157.317,157.421,0
2024-12-19T23:00:00.000Z,157.424,157.669,157.384,157.647,0
2024-12-20T00:00:00.000Z,157.647,157.924,157.6,157.737,0
2024-12-20T01:00:00.000Z,157.738,157.779,157.143,157.275,0
2024-12-20T02:00:00.000Z,157.275,157.375,156.879,156.967,0
2024-12-20T03:00:00.000Z,156.976,157.151,156.833,157.064,0
2024-12-20T04:00:00.000Z,157.064,157.307,157.054,157.296,0
2024-12-20T05:00:00.000Z,157.296,157.313,156.965,157.032,0
2024-12-20T06:00:00.000Z,157.035,157.129,156.865,156.978,0
2024-12-20T07:00:00.000Z,156.981,157.053,156.765,156.828,0
2024-12-20T08:00:00.000Z,156.828,156.963,156.733,156.882,0
2024-12-20T09:00:00.000Z,156.883,156.914,156.62,156.719,0
2024-12-20T10:00:00.000Z,156.717,156.771,156.638,156.74,0
2024-12-20T11:00:00.000Z,156.741,156.842,156.676,156.772,0
2024-12-20T12:00:00.000Z,156.77,156.813,156.595,156.733,0
2024-12-20T13:00:00.000Z,156.733,156.794,156.349,156.516,0
2024-12-20T14:00:00.000Z,156.515,156.659,156.317,156.59,0
2024-12-20T15:00:00.000Z,156.59,156.776,156.398,156.503,0
2024-12-20T16:00:00.000Z,156.501,156.584,156.098,156.106,0
2024-12-20T17:00:00.000Z,156.105,156.157,155.951,156.069,0
2024-12-20T18:00:00.000Z,156.069,156.209,156.024,156.083,0
2024-12-20T19:00:00.000Z,156.083,156.106,155.974,156.003,0
2024-12-20T20:00:00.000Z,156.003,156.357,155.997,156.357,0
2024-12-20T21:00:00.000Z,156.358,156.466,156.289,156.407,0
2024-12-22T22:00:00.000Z,156.249,156.535,156.238,156.512,0
2024-12-22T23:00:00.000Z,156.512,156.563,156.403,156.563,0
2024-12-23T00:00:00.000Z,156.563,156.651,156.424,156.606,0
2024-12-23T01:00:00.000Z,156.606,156.691,156.348,156.456,0
2024-12-23T02:00:00.000Z,156.453,156.558,156.337,156.553,0
2024-12-23T03:00:00.000Z,156.554,156.607,156.485,156.516,0
2024-12-23T04:00:00.000Z,156.517,156.626,156.484,156.577,0
2024-12-23T05:00:00.000Z,156.576,156.659,156.554,156.646,0
2024-12-23T06:00:00.000Z,156.647,156.658,156.518,156.611,0
2024-12-23T07:00:00.000Z,156.61,156.81,156.61,156.793,0
2024-12-23T08:00:00.000Z,156.794,156.799,156.461,156.567,0
2024-12-23T09:00:00.000Z,156.57,156.76,156.486,156.696,0
2024-12-23T10:00:00.000Z,156.695,156.828,156.655,156.818,0
2024-12-23T11:00:00.000Z,156.82,156.879,156.749,156.844,0
2024-12-23T12:00:00.000Z,156.846,157.184,156.845,157.139,0
2024-12-23T13:00:00.000Z,157.138,157.255,157.103,157.215,0
2024-12-23T14:00:00.000Z,157.213,157.23,157.045,157.174,0
2024-12-23T15:00:00.000Z,157.153,157.266,157.081,157.128,0
2024-12-23T16:00:00.000Z,157.129,157.211,157.027,157.028,0
2024-12-23T17:00:00.000Z,157.029,157.171,156.981,157.158,0
2024-12-23T18:00:00.000Z,157.159,157.207,157.071,157.13,0
2024-12-23T19:00:00.000Z,157.132,157.152,157.056,157.101,0
2024-12-23T20:00:00.000Z,157.099,157.153,157.048,157.143,0
2024-12-23T21:00:00.000Z,157.142,157.182,157.106,157.106,0
2024-12-23T22:00:00.000Z,157.038,157.155,157.027,157.133,0
2024-12-23T23:00:00.000Z,157.132,157.238,157.099,157.181,0
2024-12-24T00:00:00.000Z,157.181,157.393,157.161,157.311,0
2024-12-24T01:00:00.000Z,157.31,157.31,157.056,157.127,0
2024-12-24T02:00:00.000Z,157.128,157.178,157.056,157.119,0
2024-12-24T03:00:00.000Z,157.119,157.132,157.05,157.084,0
2024-12-24T04:00:00.000Z,157.082,157.09,156.934,157.011,0
2024-12-24T05:00:00.000Z,157.012,157.047,156.887,157.001,0
2024-12-24T06:00:00.000Z,157.001,157.14,156.905,157.084,0
2024-12-24T07:00:00.000Z,157.084,157.143,157.009,157.14,0
2024-12-24T08:00:00.000Z,157.139,157.177,156.983,157.056,0
2024-12-24T09:00:00.000Z,157.056,157.098,157.003,157.09,0
2024-12-24T10:00:00.000Z,157.091,157.097,157.021,157.089,0
2024-12-24T11:00:00.000Z,157.087,157.169,157.064,157.142,0
2024-12-24T12:00:00.000Z,157.141,157.156,157.075,157.134,0
2024-12-24T13:00:00.000Z,157.133,157.19,157.099,157.189,0
2024-12-24T14:00:00.000Z,157.188,157.294,157.185,157.277,0
2024-12-24T15:00:00.000Z,157.279,157.344,157.177,157.333,0
2024-12-24T16:00:00.000Z,157.333,157.374,157.272,157.296,0
2024-12-24T17:00:00.000Z,157.298,157.346,157.261,157.308,0
2024-12-24T18:00:00.000Z,157.308,157.35,157.23,157.317,0
2024-12-24T19:00:00.000Z,157.316,157.378,157.273,157.284,0
2024-12-24T20:00:00.000Z,157.285,157.301,157.119,157.131,0
2024-12-24T21:00:00.000Z,157.131,157.209,156.962,157.048,0
2024-12-24T22:00:00.000Z,156.998,157.049,156.989,157.024,0
2024-12-24T23:00:00.000Z,157.024,157.09,156.988,157.056,0
2024-12-25T00:00:00.000Z,157.056,157.319,157.05,157.211,0
2024-12-25T01:00:00.000Z,157.21,157.249,157.035,157.105,0
2024-12-25T02:00:00.000Z,157.101,157.109,157.002,157.072,0
2024-12-25T03:00:00.000Z,157.018,157.128,156.978,157.109,0
2024-12-25T04:00:00.000Z,157.116,157.346,156.96,157.308,0
2024-12-25T05:00:00.000Z,157.307,157.346,157.253,157.311,0
2024-12-25T06:00:00.000Z,157.33,157.34,157.224,157.27,0
2024-12-25T07:00:00.000Z,157.24,157.254,156.929,157.01,0
2024-12-25T22:00:00.000Z,157.176,157.285,157.165,157.215,0
2024-12-25T23:00:00.000Z,157.215,157.27,157.105,157.121,0
2024-12-26T00:00:00.000Z,157.121,157.371,157.069,157.324,0
2024-12-26T01:00:00.000Z,157.325,157.473,157.239,157.418,0
2024-12-26T02:00:00.000Z,157.417,157.474,157.359,157.421,0
2024-12-26T03:00:00.000Z,157.421,157.437,157.333,157.368,0
2024-12-26T04:00:00.000Z,157.368,157.461,157.353,157.426,0
2024-12-26T05:00:00.000Z,157.427,157.432,157.306,157.345,0
2024-12-26T06:00:00.000Z,157.347,157.418,157.329,157.371,0
2024-12-26T07:00:00.000Z,157.372,157.445,157.337,157.373,0
2024-12-26T08:00:00.000Z,157.372,157.415,157.341,157.342,0
2024-12-26T09:00:00.000Z,157.342,157.462,157.305,157.429,0
2024-12-26T10:00:00.000Z,157.43,157.452,157.399,157.441,0
2024-12-26T11:00:00.000Z,157.441,157.59,157.432,157.588,0
2024-12-26T12:00:00.000Z,157.592,157.663,157.581,157.651,0
2024-12-26T13:00:00.000Z,157.65,157.842,157.594,157.836,0
2024-12-26T14:00:00.000Z,157.836,157.944,157.831,157.93,0
2024-12-26T15:00:00.000Z,157.929,158.07,157.884,158.068,0
2024-12-26T16:00:00.000Z,158.068,158.083,157.985,158.013,0
2024-12-26T17:00:00.000Z,158.014,158.072,157.94,158.037,0
2024-12-26T18:00:00.000Z,158.036,158.069,157.869,157.93,0
2024-12-26T19:00:00.000Z,157.927,158.024,157.917,157.984,0
2024-12-26T20:00:00.000Z,157.985,157.985,157.886,157.965,0
2024-12-26T21:00:00.000Z,157.961,158.034,157.926,157.932,0
2024-12-26T22:00:00.000Z,157.931,157.931,157.859,157.87,0
2024-12-26T23:00:00.000Z,157.878,157.886,157.67,157.764,0
2024-12-27T00:00:00.000Z,157.763,157.948,157.654,157.911,0
2024-12-27T01:00:00.000Z,157.911,157.947,157.679,157.741,0
2024-12-27T02:00:00.000Z,157.741,157.76,157.504,157.597,0
2024-12-27T03:00:00.000Z,157.602,157.713,157.596,157.646,0
2024-12-27T04:00:00.000Z,157.645,157.668,157.549,157.57,0
2024-12-27T05:00:00.000Z,157.571,157.769,157.557,157.757,0
2024-12-27T06:00:00.000Z,157.757,157.815,157.659,157.752,0
2024-12-27T07:00:00.000Z,157.752,157.854,157.731,157.814,0
2024-12-27T08:00:00.000Z,157.814,157.914,157.782,157.846,0
2024-12-27T09:00:00.000Z,157.852,157.896,157.751,157.875,0
2024-12-27T10:00:00.000Z,157.877,157.877,157.705,157.754,0
2024-12-27T11:00:00.000Z,157.754,157.786,157.62,157.649,0
2024-12-27T12:00:00.000Z,157.651,157.794,157.58,157.793,0
2024-12-27T13:00:00.000Z,157.794,157.87,157.684,157.793,0
2024-12-27T14:00:00.000Z,157.793,157.894,157.685,157.814,0
2024-12-27T15:00:00.000Z,157.817,157.875,157.529,157.571,0
2024-12-27T16:00:00.000Z,157.569,157.736,157.35,157.731,0
2024-12-27T17:00:00.000Z,157.729,157.844,157.673,157.825,0
2024-12-27T18:00:00.000Z,157.825,157.851,157.765,157.831,0
2024-12-27T19:00:00.000Z,157.832,157.943,157.828,157.941,0
2024-12-27T20:00:00.000Z,157.941,157.942,157.85,157.904,0
2024-12-27T21:00:00.000Z,157.903,157.921,157.749,157.764,0
2024-12-29T22:00:00.000Z,157.679,157.768,157.652,157.67,0
2024-12-29T23:00:00.000Z,157.69,157.898,157.657,157.898,0
2024-12-30T00:00:00.000Z,157.897,157.988,157.699,157.943,0
2024-12-30T01:00:00.000Z,157.943,157.958,157.728,157.793,0
2024-12-30T02:00:00.000Z,157.792,157.826,157.697,157.805,0
2024-12-30T03:00:00.000Z,157.805,157.847,157.797,157.814,0
2024-12-30T04:00:00.000Z,157.814,157.821,157.756,157.789,0
2024-12-30T05:00:00.000Z,157.794,157.963,157.769,157.853,0
2024-12-30T06:00:00.000Z,157.858,158.071,157.816,157.867,0
2024-12-30T07:00:00.000Z,157.867,157.892,157.805,157.888,0
2024-12-30T08:00:00.000Z,157.887,157.929,157.81,157.897,0
2024-12-30T09:00:00.000Z,157.896,157.984,157.851,157.873,0
2024-12-30T10:00:00.000Z,157.875,157.88,157.757,157.779,0
2024-12-30T11:00:00.000Z,157.78,157.78,157.558,157.635,0
2024-12-30T12:00:00.000Z,157.636,157.647,157.484,157.553,0
2024-12-30T13:00:00.000Z,157.553,157.643,157.448,157.458,0
2024-12-30T14:00:00.000Z,157.458,157.549,157.066,157.086,0
2024-12-30T15:00:00.000Z,157.086,157.28,156.669,157.176,0
2024-12-30T16:00:00.000Z,157.174,157.291,157.005,157.259,0
2024-12-30T17:00:00.000Z,157.261,157.352,157.114,157.147,0
2024-12-30T18:00:00.000Z,157.148,157.15,156.941,156.97,0
2024-12-30T19:00:00.000Z,156.971,157.101,156.92,157.089,0
2024-12-30T20:00:00.000Z,157.09,157.114,156.801,156.823,0
2024-12-30T21:00:00.000Z,156.821,156.875,156.759,156.814,0
2024-12-30T22:00:00.000Z,156.807,156.905,156.804,156.862,0
2024-12-30T23:00:00.000Z,156.869,157.062,156.827,157.003,0
2024-12-31T00:00:00.000Z,157.005,157.045,156.69,156.692,0
2024-12-31T01:00:00.000Z,156.69,156.739,156.363,156.438,0
2024-12-31T02:00:00.000Z,156.439,156.506,156.369,156.387,0
2024-12-31T03:00:00.000Z,156.387,156.477,156.33,156.44,0
2024-12-31T04:00:00.000Z,156.441,156.46,156.143,156.229,0
2024-12-31T05:00:00.000Z,156.227,156.237,156.134,156.232,0
2024-12-31T06:00:00.000Z,156.232,156.377,156.146,156.356,0
2024-12-31T07:00:00.000Z,156.356,156.36,156.061,156.202,0
2024-12-31T08:00:00.000Z,156.202,156.253,156.02,156.149,0
2024-12-31T09:00:00.000Z,156.148,156.673,156.127,156.641,0
2024-12-31T10:00:00.000Z,156.642,156.96,156.609,156.835,0
2024-12-31T11:00:00.000Z,156.836,156.842,156.634,156.798,0
2024-12-31T12:00:00.000Z,156.798,156.89,156.552,156.89,0
2024-12-31T13:00:00.000Z,156.891,157.085,156.823,157.01,0
2024-12-31T14:00:00.000Z,157.007,157.061,156.682,156.771,0
2024-12-31T15:00:00.000Z,156.771,157.194,156.704,157.159,0
2024-12-31T16:00:00.000Z,157.156,157.422,157.103,157.368,0
2024-12-31T17:00:00.000Z,157.37,157.546,157.31,157.365,0
2024-12-31T18:00:00.000Z,157.368,157.393,157.234,157.295,0
2024-12-31T19:00:00.000Z,157.297,157.311,157.236,157.308,0
2024-12-31T20:00:00.000Z,157.308,157.376,157.293,157.344,0
