time,open,high,low,close,volume
2025-01-02T00:00:00.000Z,1.03519,1.03592,1.03496,1.03569,25
2025-01-02T01:00:00.000Z,1.03569,1.03628,1.03546,1.03605,25
2025-01-02T02:00:00.000Z,1.03605,1.03664,1.03582,1.03641,25
2025-01-02T03:00:00.000Z,1.03641,1.03685,1.03618,1.03662,25
2025-01-02T04:00:00.000Z,1.03662,1.03775,1.0345,1.03563,30
2025-01-02T05:00:00.000Z,1.03563,1.03676,1.03421,1.03534,30
2025-01-02T06:00:00.000Z,1.03534,1.03647,1.03392,1.03505,30
2025-01-02T07:00:00.000Z,1.03505,1.0366,1.03392,1.03547,30
2025-01-02T08:00:00.000Z,1.03547,1.03803,1.03478,1.03734,70
2025-01-02T09:00:00.000Z,1.03734,1.03947,1.03665,1.03878,70
2025-01-02T10:00:00.000Z,1.03878,1.0409,1.03809,1.04021,70
2025-01-02T11:00:00.000Z,1.04021,1.04191,1.03952,1.04122,70
2025-01-02T12:00:00.000Z,1.04122,1.04322,1.04076,1.04276,80
2025-01-02T13:00:00.000Z,1.04276,1.04448,1.0423,1.04402,80
2025-01-02T14:00:00.000Z,1.04402,1.04574,1.04356,1.04528,80
2025-01-02T15:00:00.000Z,1.04528,1.04671,1.04482,1.04625,80
2025-01-02T16:00:00.000Z,1.04625,1.04648,1.04552,1.04575,30
2025-01-02T17:00:00.000Z,1.04575,1.04598,1.04516,1.04539,30
2025-01-02T18:00:00.000Z,1.04539,1.04562,1.0448,1.04503,30
2025-01-02T19:00:00.000Z,1.04503,1.04526,1.04459,1.04482,30
2025-01-02T20:00:00.000Z,1.04482,1.04571,1.04097,1.04186,15
2025-01-02T21:00:00.000Z,1.04186,1.04275,1.03856,1.03945,15
2025-01-02T22:00:00.000Z,1.03945,1.04034,1.03615,1.03704,15
2025-01-02T23:00:00.000Z,1.03704,1.03793,1.0343,1.03519,15
2025-01-03T00:00:00.000Z,1.02682,1.02702,1.02676,1.02696,25
2025-01-03T01:00:00.000Z,1.02696,1.02712,1.0269,1.02706,25
2025-01-03T02:00:00.000Z,1.02706,1.02722,1.027,1.02716,25
2025-01-03T03:00:00.000Z,1.02716,1.02728,1.0271,1.02722,25
2025-01-03T04:00:00.000Z,1.02722,1.02729,1.02703,1.0271,30
2025-01-03T05:00:00.000Z,1.0271,1.02717,1.02695,1.02702,30
2025-01-03T06:00:00.000Z,1.02702,1.02709,1.02687,1.02694,30
2025-01-03T07:00:00.000Z,1.02694,1.02701,1.02683,1.0269,30
2025-01-03T08:00:00.000Z,1.0269,1.02761,1.02671,1.02742,70
2025-01-03T09:00:00.000Z,1.02742,1.02801,1.02723,1.02782,70
2025-01-03T10:00:00.000Z,1.02782,1.02841,1.02763,1.02822,70
2025-01-03T11:00:00.000Z,1.02822,1.02869,1.02803,1.0285,70
2025-01-03T12:00:00.000Z,1.0285,1.02914,1.02832,1.02896,80
2025-01-03T13:00:00.000Z,1.02896,1.02949,1.02878,1.02931,80
2025-01-03T14:00:00.000Z,1.02931,1.02983,1.02913,1.02965,80
2025-01-03T15:00:00.000Z,1.02965,1.03007,1.02947,1.02989,80
2025-01-03T16:00:00.000Z,1.02989,1.02995,1.02969,1.02975,30
2025-01-03T17:00:00.000Z,1.02975,1.02981,1.02959,1.02965,30
2025-01-03T18:00:00.000Z,1.02965,1.02971,1.02949,1.02955,30
2025-01-03T19:00:00.000Z,1.02955,1.02961,1.02943,1.02949,30
2025-01-03T20:00:00.000Z,1.02949,1.02974,1.02842,1.02867,15
2025-01-03T21:00:00.000Z,1.02867,1.02892,1.02775,1.028,15
2025-01-03T22:00:00.000Z,1.028,1.02825,1.02708,1.02733,15
2025-01-03T23:00:00.000Z,1.02733,1.02758,1.02657,1.02682,15
2025-01-06T00:00:00.000Z,1.03053,1.03124,1.03031,1.03102,25
2025-01-06T01:00:00.000Z,1.03102,1.03158,1.0308,1.03136,25
2025-01-06T02:00:00.000Z,1.03136,1.03193,1.03114,1.03171,25
2025-01-06T03:00:00.000Z,1.03171,1.03214,1.03149,1.03192,25
2025-01-06T04:00:00.000Z,1.03192,1.03216,1.03125,1.03149,30
2025-01-06T05:00:00.000Z,1.03149,1.03173,1.03098,1.03122,30
2025-01-06T06:00:00.000Z,1.03122,1.03146,1.0307,1.03094,30
2025-01-06T07:00:00.000Z,1.03094,1.03118,1.03057,1.03081,30
2025-01-06T08:00:00.000Z,1.03081,1.03328,1.03014,1.03261,70
2025-01-06T09:00:00.000Z,1.03261,1.03467,1.03194,1.034,70
2025-01-06T10:00:00.000Z,1.034,1.03606,1.03333,1.03539,70
2025-01-06T11:00:00.000Z,1.03539,1.03703,1.03472,1.03636,70
2025-01-06T12:00:00.000Z,1.03636,1.0386,1.03573,1.03797,80
2025-01-06T13:00:00.000Z,1.03797,1.03981,1.03734,1.03918,80
2025-01-06T14:00:00.000Z,1.03918,1.04103,1.03855,1.0404,80
2025-01-06T15:00:00.000Z,1.0404,1.04185,1.03977,1.04122,80
2025-01-06T16:00:00.000Z,1.04122,1.04144,1.04051,1.04073,30
2025-01-06T17:00:00.000Z,1.04073,1.04095,1.04017,1.04039,30
2025-01-06T18:00:00.000Z,1.04039,1.04061,1.03982,1.04004,30
2025-01-06T19:00:00.000Z,1.04004,1.04026,1.03961,1.03983,30
2025-01-06T20:00:00.000Z,1.03983,1.04068,1.03612,1.03697,15
2025-01-06T21:00:00.000Z,1.03697,1.03782,1.0338,1.03465,15
2025-01-06T22:00:00.000Z,1.03465,1.0355,1.03147,1.03232,15
2025-01-06T23:00:00.000Z,1.03232,1.03317,1.02968,1.03053,15
2025-01-07T00:00:00.000Z,1.03864,1.03903,1.03852,1.03891,25
2025-01-07T01:00:00.000Z,1.03891,1.03922,1.03879,1.0391,25
2025-01-07T02:00:00.000Z,1.0391,1.03941,1.03898,1.03929,25
2025-01-07T03:00:00.000Z,1.03929,1.03952,1.03917,1.0394,25
2025-01-07T04:00:00.000Z,1.0394,1.03971,1.03875,1.03906,30
2025-01-07T05:00:00.000Z,1.03906,1.03937,1.03859,1.0389,30
2025-01-07T06:00:00.000Z,1.0389,1.03921,1.03844,1.03875,30
2025-01-07T07:00:00.000Z,1.03875,1.0391,1.03844,1.03879,30
2025-01-07T08:00:00.000Z,1.03879,1.04016,1.03842,1.03979,70
2025-01-07T09:00:00.000Z,1.03979,1.04093,1.03942,1.04056,70
2025-01-07T10:00:00.000Z,1.04056,1.04169,1.04019,1.04132,70
2025-01-07T11:00:00.000Z,1.04132,1.04223,1.04095,1.04186,70
2025-01-07T12:00:00.000Z,1.04186,1.04294,1.04161,1.04269,80
2025-01-07T13:00:00.000Z,1.04269,1.04361,1.04244,1.04336,80
2025-01-07T14:00:00.000Z,1.04336,1.04428,1.04311,1.04403,80
2025-01-07T15:00:00.000Z,1.04403,1.0448,1.04378,1.04455,80
2025-01-07T16:00:00.000Z,1.04455,1.04467,1.04416,1.04428,30
2025-01-07T17:00:00.000Z,1.04428,1.0444,1.04397,1.04409,30
2025-01-07T18:00:00.000Z,1.04409,1.04421,1.04378,1.0439,30
2025-01-07T19:00:00.000Z,1.0439,1.04402,1.04366,1.04378,30
2025-01-07T20:00:00.000Z,1.04378,1.04425,1.04173,1.0422,15
2025-01-07T21:00:00.000Z,1.0422,1.04267,1.04044,1.04091,15
2025-01-07T22:00:00.000Z,1.04091,1.04138,1.03916,1.03963,15
2025-01-07T23:00:00.000Z,1.03963,1.0401,1.03817,1.03864,15
2025-01-08T00:00:00.000Z,1.03455,1.03497,1.03442,1.03484,25
2025-01-08T01:00:00.000Z,1.03484,1.03517,1.03471,1.03504,25
2025-01-08T02:00:00.000Z,1.03504,1.03538,1.03491,1.03525,25
2025-01-08T03:00:00.000Z,1.03525,1.0355,1.03512,1.03537,25
2025-01-08T04:00:00.000Z,1.03537,1.03602,1.03415,1.0348,30
2025-01-08T05:00:00.000Z,1.0348,1.03545,1.03399,1.03464,30
2025-01-08T06:00:00.000Z,1.03464,1.03529,1.03383,1.03448,30
2025-01-08T07:00:00.000Z,1.03448,1.03537,1.03383,1.03472,30
2025-01-08T08:00:00.000Z,1.03472,1.03617,1.03433,1.03578,70
2025-01-08T09:00:00.000Z,1.03578,1.03699,1.03539,1.0366,70
2025-01-08T10:00:00.000Z,1.0366,1.0378,1.03621,1.03741,70
2025-01-08T11:00:00.000Z,1.03741,1.03837,1.03702,1.03798,70
2025-01-08T12:00:00.000Z,1.03798,1.03912,1.03772,1.03886,80
2025-01-08T13:00:00.000Z,1.03886,1.03983,1.0386,1.03957,80
2025-01-08T14:00:00.000Z,1.03957,1.04055,1.03931,1.04029,80
2025-01-08T15:00:00.000Z,1.04029,1.0411,1.04003,1.04084,80
2025-01-08T16:00:00.000Z,1.04084,1.04097,1.04042,1.04055,30
2025-01-08T17:00:00.000Z,1.04055,1.04068,1.04022,1.04035,30
2025-01-08T18:00:00.000Z,1.04035,1.04048,1.04001,1.04014,30
2025-01-08T19:00:00.000Z,1.04014,1.04027,1.03989,1.04002,30
2025-01-08T20:00:00.000Z,1.04002,1.04052,1.03784,1.03834,15
2025-01-08T21:00:00.000Z,1.03834,1.03884,1.03647,1.03697,15
2025-01-08T22:00:00.000Z,1.03697,1.03747,1.0351,1.0356,15
2025-01-08T23:00:00.000Z,1.0356,1.0361,1.03405,1.03455,15
2025-01-09T00:00:00.000Z,1.03147,1.03166,1.03141,1.0316,25
2025-01-09T01:00:00.000Z,1.0316,1.03175,1.03154,1.03169,25
2025-01-09T02:00:00.000Z,1.03169,1.03184,1.03163,1.03178,25
2025-01-09T03:00:00.000Z,1.03178,1.0319,1.03172,1.03184,25
2025-01-09T04:00:00.000Z,1.03184,1.03211,1.03133,1.0316,30
2025-01-09T05:00:00.000Z,1.0316,1.03187,1.03125,1.03152,30
2025-01-09T06:00:00.000Z,1.03152,1.03179,1.03117,1.03144,30
2025-01-09T07:00:00.000Z,1.03144,1.03181,1.03117,1.03154,30
2025-01-09T08:00:00.000Z,1.03154,1.0322,1.03136,1.03202,70
2025-01-09T09:00:00.000Z,1.03202,1.03257,1.03184,1.03239,70
2025-01-09T10:00:00.000Z,1.03239,1.03294,1.03221,1.03276,70
2025-01-09T11:00:00.000Z,1.03276,1.0332,1.03258,1.03302,70
2025-01-09T12:00:00.000Z,1.03302,1.03354,1.0329,1.03342,80
2025-01-09T13:00:00.000Z,1.03342,1.03386,1.0333,1.03374,80
2025-01-09T14:00:00.000Z,1.03374,1.03419,1.03362,1.03407,80
2025-01-09T15:00:00.000Z,1.03407,1.03444,1.03395,1.03432,80
2025-01-09T16:00:00.000Z,1.03432,1.03438,1.03413,1.03419,30
2025-01-09T17:00:00.000Z,1.03419,1.03425,1.03404,1.0341,30
2025-01-09T18:00:00.000Z,1.0341,1.03416,1.03395,1.03401,30
2025-01-09T19:00:00.000Z,1.03401,1.03407,1.03389,1.03395,30
2025-01-09T20:00:00.000Z,1.03395,1.03418,1.03296,1.03319,15
2025-01-09T21:00:00.000Z,1.03319,1.03342,1.03234,1.03257,15
2025-01-09T22:00:00.000Z,1.03257,1.0328,1.03172,1.03195,15
2025-01-09T23:00:00.000Z,1.03195,1.03218,1.03124,1.03147,15
2025-01-10T00:00:00.000Z,1.02976,1.03022,1.02962,1.03008,25
2025-01-10T01:00:00.000Z,1.03008,1.03045,1.02994,1.03031,25
2025-01-10T02:00:00.000Z,1.03031,1.03067,1.03017,1.03053,25
2025-01-10T03:00:00.000Z,1.03053,1.03081,1.03039,1.03067,25
2025-01-10T04:00:00.000Z,1.03067,1.03139,1.02932,1.03004,30
2025-01-10T05:00:00.000Z,1.03004,1.03076,1.02913,1.02985,30
2025-01-10T06:00:00.000Z,1.02985,1.03057,1.02895,1.02967,30
2025-01-10T07:00:00.000Z,1.02967,1.03066,1.02895,1.02994,30
2025-01-10T08:00:00.000Z,1.02994,1.03156,1.0295,1.03112,70
2025-01-10T09:00:00.000Z,1.03112,1.03247,1.03068,1.03203,70
2025-01-10T10:00:00.000Z,1.03203,1.03338,1.03159,1.03294,70
2025-01-10T11:00:00.000Z,1.03294,1.03401,1.0325,1.03357,70
2025-01-10T12:00:00.000Z,1.03357,1.03484,1.03328,1.03455,80
2025-01-10T13:00:00.000Z,1.03455,1.03563,1.03426,1.03534,80
2025-01-10T14:00:00.000Z,1.03534,1.03643,1.03505,1.03614,80
2025-01-10T15:00:00.000Z,1.03614,1.03704,1.03585,1.03675,80
2025-01-10T16:00:00.000Z,1.03675,1.03689,1.03629,1.03643,30
2025-01-10T17:00:00.000Z,1.03643,1.03657,1.03606,1.0362,30
2025-01-10T18:00:00.000Z,1.0362,1.03634,1.03584,1.03598,30
2025-01-10T19:00:00.000Z,1.03598,1.03612,1.0357,1.03584,30
2025-01-10T20:00:00.000Z,1.03584,1.0364,1.03341,1.03397,15
2025-01-10T21:00:00.000Z,1.03397,1.03453,1.03189,1.03245,15
2025-01-10T22:00:00.000Z,1.03245,1.03301,1.03037,1.03093,15
2025-01-10T23:00:00.000Z,1.03093,1.03149,1.0292,1.02976,15
2025-01-13T00:00:00.000Z,1.02444,1.02478,1.02433,1.02467,25
2025-01-13T01:00:00.000Z,1.02467,1.02495,1.02456,1.02484,25
2025-01-13T02:00:00.000Z,1.02484,1.02512,1.02473,1.02501,25
2025-01-13T03:00:00.000Z,1.02501,1.02522,1.0249,1.02511,25
2025-01-13T04:00:00.000Z,1.02511,1.02567,1.02406,1.02462,30
2025-01-13T05:00:00.000Z,1.02462,1.02518,1.02393,1.02449,30
2025-01-13T06:00:00.000Z,1.02449,1.02505,1.0238,1.02436,30
2025-01-13T07:00:00.000Z,1.02436,1.02514,1.0238,1.02458,30
2025-01-13T08:00:00.000Z,1.02458,1.02576,1.02426,1.02544,70
2025-01-13T09:00:00.000Z,1.02544,1.02642,1.02512,1.0261,70
2025-01-13T10:00:00.000Z,1.0261,1.02709,1.02578,1.02677,70
2025-01-13T11:00:00.000Z,1.02677,1.02755,1.02645,1.02723,70
2025-01-13T12:00:00.000Z,1.02723,1.02816,1.02702,1.02795,80
2025-01-13T13:00:00.000Z,1.02795,1.02874,1.02774,1.02853,80
2025-01-13T14:00:00.000Z,1.02853,1.02932,1.02832,1.02911,80
2025-01-13T15:00:00.000Z,1.02911,1.02977,1.0289,1.02956,80
2025-01-13T16:00:00.000Z,1.02956,1.02967,1.02922,1.02933,30
2025-01-13T17:00:00.000Z,1.02933,1.02944,1.02905,1.02916,30
2025-01-13T18:00:00.000Z,1.02916,1.02927,1.02888,1.02899,30
2025-01-13T19:00:00.000Z,1.02899,1.0291,1.02878,1.02889,30
2025-01-13T20:00:00.000Z,1.02889,1.0293,1.02711,1.02752,15
2025-01-13T21:00:00.000Z,1.02752,1.02793,1.026,1.02641,15
2025-01-13T22:00:00.000Z,1.02641,1.02682,1.02489,1.0253,15
2025-01-13T23:00:00.000Z,1.0253,1.02571,1.02403,1.02444,15
2025-01-14T00:00:00.000Z,1.02653,1.02685,1.02643,1.02675,25
2025-01-14T01:00:00.000Z,1.02675,1.02701,1.02665,1.02691,25
2025-01-14T02:00:00.000Z,1.02691,1.02717,1.02681,1.02707,25
2025-01-14T03:00:00.000Z,1.02707,1.02727,1.02697,1.02717,25
2025-01-14T04:00:00.000Z,1.02717,1.02745,1.02658,1.02686,30
2025-01-14T05:00:00.000Z,1.02686,1.02714,1.02645,1.02673,30
2025-01-14T06:00:00.000Z,1.02673,1.02701,1.02632,1.0266,30
2025-01-14T07:00:00.000Z,1.0266,1.02693,1.02632,1.02665,30
2025-01-14T08:00:00.000Z,1.02665,1.0278,1.02634,1.02749,70
2025-01-14T09:00:00.000Z,1.02749,1.02844,1.02718,1.02813,70
2025-01-14T10:00:00.000Z,1.02813,1.02908,1.02782,1.02877,70
2025-01-14T11:00:00.000Z,1.02877,1.02953,1.02846,1.02922,70
2025-01-14T12:00:00.000Z,1.02922,1.03012,1.02901,1.02991,80
2025-01-14T13:00:00.000Z,1.02991,1.03068,1.0297,1.03047,80
2025-01-14T14:00:00.000Z,1.03047,1.03125,1.03026,1.03104,80
2025-01-14T15:00:00.000Z,1.03104,1.03168,1.03083,1.03147,80
2025-01-14T16:00:00.000Z,1.03147,1.03157,1.03115,1.03125,30
2025-01-14T17:00:00.000Z,1.03125,1.03135,1.03099,1.03109,30
2025-01-14T18:00:00.000Z,1.03109,1.03119,1.03083,1.03093,30
2025-01-14T19:00:00.000Z,1.03093,1.03103,1.03073,1.03083,30
2025-01-14T20:00:00.000Z,1.03083,1.03123,1.02911,1.02951,15
2025-01-14T21:00:00.000Z,1.02951,1.02991,1.02803,1.02843,15
2025-01-14T22:00:00.000Z,1.02843,1.02883,1.02696,1.02736,15
2025-01-14T23:00:00.000Z,1.02736,1.02776,1.02613,1.02653,15
2025-01-15T00:00:00.000Z,1.03068,1.03109,1.03055,1.03096,25
2025-01-15T01:00:00.000Z,1.03096,1.03129,1.03083,1.03116,25
2025-01-15T02:00:00.000Z,1.03116,1.03149,1.03103,1.03136,25
2025-01-15T03:00:00.000Z,1.03136,1.03161,1.03123,1.03148,25
2025-01-15T04:00:00.000Z,1.03148,1.03187,1.03069,1.03108,30
2025-01-15T05:00:00.000Z,1.03108,1.03147,1.03053,1.03092,30
2025-01-15T06:00:00.000Z,1.03092,1.03131,1.03037,1.03076,30
2025-01-15T07:00:00.000Z,1.03076,1.03123,1.03037,1.03084,30
2025-01-15T08:00:00.000Z,1.03084,1.03226,1.03046,1.03188,70
2025-01-15T09:00:00.000Z,1.03188,1.03305,1.0315,1.03267,70
2025-01-15T10:00:00.000Z,1.03267,1.03385,1.03229,1.03347,70
2025-01-15T11:00:00.000Z,1.03347,1.03441,1.03309,1.03403,70
2025-01-15T12:00:00.000Z,1.03403,1.03513,1.03378,1.03488,80
2025-01-15T13:00:00.000Z,1.03488,1.03583,1.03463,1.03558,80
2025-01-15T14:00:00.000Z,1.03558,1.03652,1.03533,1.03627,80
2025-01-15T15:00:00.000Z,1.03627,1.03706,1.03602,1.03681,80
2025-01-15T16:00:00.000Z,1.03681,1.03694,1.0364,1.03653,30
2025-01-15T17:00:00.000Z,1.03653,1.03666,1.03621,1.03634,30
2025-01-15T18:00:00.000Z,1.03634,1.03647,1.03601,1.03614,30
2025-01-15T19:00:00.000Z,1.03614,1.03627,1.03589,1.03602,30
2025-01-15T20:00:00.000Z,1.03602,1.03651,1.03389,1.03438,15
2025-01-15T21:00:00.000Z,1.03438,1.03487,1.03255,1.03304,15
2025-01-15T22:00:00.000Z,1.03304,1.03353,1.03122,1.03171,15
2025-01-15T23:00:00.000Z,1.03171,1.0322,1.03019,1.03068,15
2025-01-16T00:00:00.000Z,1.02953,1.02978,1.02945,1.0297,25
2025-01-16T01:00:00.000Z,1.0297,1.02989,1.02962,1.02981,25
2025-01-16T02:00:00.000Z,1.02981,1.03001,1.02973,1.02993,25
2025-01-16T03:00:00.000Z,1.02993,1.03008,1.02985,1.03,25
2025-01-16T04:00:00.000Z,1.03,1.03031,1.0294,1.02971,30
2025-01-16T05:00:00.000Z,1.02971,1.03002,1.02931,1.02962,30
2025-01-16T06:00:00.000Z,1.02962,1.02993,1.02921,1.02952,30
2025-01-16T07:00:00.000Z,1.02952,1.02993,1.02921,1.02962,30
2025-01-16T08:00:00.000Z,1.02962,1.03047,1.02939,1.03024,70
2025-01-16T09:00:00.000Z,1.03024,1.03095,1.03001,1.03072,70
2025-01-16T10:00:00.000Z,1.03072,1.03143,1.03049,1.0312,70
2025-01-16T11:00:00.000Z,1.0312,1.03176,1.03097,1.03153,70
2025-01-16T12:00:00.000Z,1.03153,1.03219,1.03138,1.03204,80
2025-01-16T13:00:00.000Z,1.03204,1.03261,1.03189,1.03246,80
2025-01-16T14:00:00.000Z,1.03246,1.03303,1.03231,1.03288,80
2025-01-16T15:00:00.000Z,1.03288,1.03335,1.03273,1.0332,80
2025-01-16T16:00:00.000Z,1.0332,1.03328,1.03295,1.03303,30
2025-01-16T17:00:00.000Z,1.03303,1.03311,1.03283,1.03291,30
2025-01-16T18:00:00.000Z,1.03291,1.03299,1.03271,1.03279,30
2025-01-16T19:00:00.000Z,1.03279,1.03287,1.03264,1.03272,30
2025-01-16T20:00:00.000Z,1.03272,1.03301,1.03145,1.03174,15
2025-01-16T21:00:00.000Z,1.03174,1.03203,1.03065,1.03094,15
2025-01-16T22:00:00.000Z,1.03094,1.03123,1.02985,1.03014,15
2025-01-16T23:00:00.000Z,1.03014,1.03043,1.02924,1.02953,15
2025-01-17T00:00:00.000Z,1.03019,1.03051,1.03009,1.03041,25
2025-01-17T01:00:00.000Z,1.03041,1.03067,1.03031,1.03057,25
2025-01-17T02:00:00.000Z,1.03057,1.03083,1.03047,1.03073,25
2025-01-17T03:00:00.000Z,1.03073,1.03093,1.03063,1.03083,25
2025-01-17T04:00:00.000Z,1.03083,1.03119,1.03012,1.03048,30
2025-01-17T05:00:00.000Z,1.03048,1.03084,1.02999,1.03035,30
2025-01-17T06:00:00.000Z,1.03035,1.03071,1.02986,1.03022,30
2025-01-17T07:00:00.000Z,1.03022,1.03068,1.02986,1.03032,30
2025-01-17T08:00:00.000Z,1.03032,1.03144,1.03002,1.03114,70
2025-01-17T09:00:00.000Z,1.03114,1.03207,1.03084,1.03177,70
2025-01-17T10:00:00.000Z,1.03177,1.03271,1.03147,1.03241,70
2025-01-17T11:00:00.000Z,1.03241,1.03315,1.03211,1.03285,70
2025-01-17T12:00:00.000Z,1.03285,1.03373,1.03265,1.03353,80
2025-01-17T13:00:00.000Z,1.03353,1.03428,1.03333,1.03408,80
2025-01-17T14:00:00.000Z,1.03408,1.03483,1.03388,1.03463,80
2025-01-17T15:00:00.000Z,1.03463,1.03526,1.03443,1.03506,80
2025-01-17T16:00:00.000Z,1.03506,1.03516,1.03474,1.03484,30
2025-01-17T17:00:00.000Z,1.03484,1.03494,1.03458,1.03468,30
2025-01-17T18:00:00.000Z,1.03468,1.03478,1.03442,1.03452,30
2025-01-17T19:00:00.000Z,1.03452,1.03462,1.03433,1.03443,30
2025-01-17T20:00:00.000Z,1.03443,1.03482,1.03274,1.03313,15
2025-01-17T21:00:00.000Z,1.03313,1.03352,1.03168,1.03207,15
2025-01-17T22:00:00.000Z,1.03207,1.03246,1.03062,1.03101,15
2025-01-17T23:00:00.000Z,1.03101,1.0314,1.0298,1.03019,15
2025-01-20T00:00:00.000Z,1.02774,1.0285,1.0275,1.02826,25
2025-01-20T01:00:00.000Z,1.02826,1.02887,1.02802,1.02863,25
2025-01-20T02:00:00.000Z,1.02863,1.02924,1.02839,1.029,25
2025-01-20T03:00:00.000Z,1.029,1.02946,1.02876,1.02922,25
2025-01-20T04:00:00.000Z,1.02922,1.02938,1.02866,1.02882,30
2025-01-20T05:00:00.000Z,1.02882,1.02898,1.02836,1.02852,30
2025-01-20T06:00:00.000Z,1.02852,1.02868,1.02807,1.02823,30
2025-01-20T07:00:00.000Z,1.02823,1.02839,1.02787,1.02803,30
2025-01-20T08:00:00.000Z,1.02803,1.03066,1.02732,1.02995,70
2025-01-20T09:00:00.000Z,1.02995,1.03214,1.02924,1.03143,70
2025-01-20T10:00:00.000Z,1.03143,1.03362,1.03072,1.03291,70
2025-01-20T11:00:00.000Z,1.03291,1.03466,1.0322,1.03395,70
2025-01-20T12:00:00.000Z,1.03395,1.03648,1.03319,1.03572,80
2025-01-20T13:00:00.000Z,1.03572,1.03778,1.03496,1.03702,80
2025-01-20T14:00:00.000Z,1.03702,1.03907,1.03626,1.03831,80
2025-01-20T15:00:00.000Z,1.03831,1.03989,1.03755,1.03913,80
2025-01-20T16:00:00.000Z,1.03913,1.03937,1.03837,1.03861,30
2025-01-20T17:00:00.000Z,1.03861,1.03885,1.038,1.03824,30
2025-01-20T18:00:00.000Z,1.03824,1.03848,1.03763,1.03787,30
2025-01-20T19:00:00.000Z,1.03787,1.03811,1.03741,1.03765,30
2025-01-20T20:00:00.000Z,1.03765,1.03856,1.03369,1.0346,15
2025-01-20T21:00:00.000Z,1.0346,1.03551,1.03122,1.03213,15
2025-01-20T22:00:00.000Z,1.03213,1.03304,1.02874,1.02965,15
2025-01-20T23:00:00.000Z,1.02965,1.03056,1.02683,1.02774,15
2025-01-21T00:00:00.000Z,1.04207,1.04252,1.04193,1.04238,25
2025-01-21T01:00:00.000Z,1.04238,1.04274,1.04224,1.0426,25
2025-01-21T02:00:00.000Z,1.0426,1.04297,1.04246,1.04283,25
2025-01-21T03:00:00.000Z,1.04283,1.0431,1.04269,1.04296,25
2025-01-21T04:00:00.000Z,1.04296,1.04368,1.04162,1.04234,30
2025-01-21T05:00:00.000Z,1.04234,1.04306,1.04144,1.04216,30
2025-01-21T06:00:00.000Z,1.04216,1.04288,1.04126,1.04198,30
2025-01-21T07:00:00.000Z,1.04198,1.04297,1.04126,1.04225,30
2025-01-21T08:00:00.000Z,1.04225,1.04384,1.04182,1.04341,70
2025-01-21T09:00:00.000Z,1.04341,1.04474,1.04298,1.04431,70
2025-01-21T10:00:00.000Z,1.04431,1.04563,1.04388,1.0452,70
2025-01-21T11:00:00.000Z,1.0452,1.04626,1.04477,1.04583,70
2025-01-21T12:00:00.000Z,1.04583,1.04708,1.04554,1.04679,80
2025-01-21T13:00:00.000Z,1.04679,1.04786,1.0465,1.04757,80
2025-01-21T14:00:00.000Z,1.04757,1.04865,1.04728,1.04836,80
2025-01-21T15:00:00.000Z,1.04836,1.04925,1.04807,1.04896,80
2025-01-21T16:00:00.000Z,1.04896,1.0491,1.04851,1.04865,30
2025-01-21T17:00:00.000Z,1.04865,1.04879,1.04828,1.04842,30
2025-01-21T18:00:00.000Z,1.04842,1.04856,1.04806,1.0482,30
2025-01-21T19:00:00.000Z,1.0482,1.04834,1.04792,1.04806,30
2025-01-21T20:00:00.000Z,1.04806,1.04861,1.04567,1.04622,15
2025-01-21T21:00:00.000Z,1.04622,1.04677,1.04417,1.04472,15
2025-01-21T22:00:00.000Z,1.04472,1.04527,1.04267,1.04322,15
2025-01-21T23:00:00.000Z,1.04322,1.04377,1.04152,1.04207,15
2025-01-22T00:00:00.000Z,1.04059,1.04088,1.0405,1.04079,25
2025-01-22T01:00:00.000Z,1.04079,1.04103,1.0407,1.04094,25
2025-01-22T02:00:00.000Z,1.04094,1.04117,1.04085,1.04108,25
2025-01-22T03:00:00.000Z,1.04108,1.04126,1.04099,1.04117,25
2025-01-22T04:00:00.000Z,1.04117,1.04128,1.04088,1.04099,30
2025-01-22T05:00:00.000Z,1.04099,1.0411,1.04076,1.04087,30
2025-01-22T06:00:00.000Z,1.04087,1.04098,1.04065,1.04076,30
2025-01-22T07:00:00.000Z,1.04076,1.04087,1.0406,1.04071,30
2025-01-22T08:00:00.000Z,1.04071,1.04173,1.04043,1.04145,70
2025-01-22T09:00:00.000Z,1.04145,1.04231,1.04117,1.04203,70
2025-01-22T10:00:00.000Z,1.04203,1.04288,1.04175,1.0426,70
2025-01-22T11:00:00.000Z,1.0426,1.04328,1.04232,1.043,70
2025-01-22T12:00:00.000Z,1.043,1.04391,1.04275,1.04366,80
2025-01-22T13:00:00.000Z,1.04366,1.04441,1.04341,1.04416,80
2025-01-22T14:00:00.000Z,1.04416,1.04491,1.04391,1.04466,80
2025-01-22T15:00:00.000Z,1.04466,1.04526,1.04441,1.04501,80
2025-01-22T16:00:00.000Z,1.04501,1.0451,1.04472,1.04481,30
2025-01-22T17:00:00.000Z,1.04481,1.0449,1.04457,1.04466,30
2025-01-22T18:00:00.000Z,1.04466,1.04475,1.04443,1.04452,30
2025-01-22T19:00:00.000Z,1.04452,1.04461,1.04434,1.04443,30
2025-01-22T20:00:00.000Z,1.04443,1.04478,1.0429,1.04325,15
2025-01-22T21:00:00.000Z,1.04325,1.0436,1.04194,1.04229,15
2025-01-22T22:00:00.000Z,1.04229,1.04264,1.04098,1.04133,15
2025-01-22T23:00:00.000Z,1.04133,1.04168,1.04024,1.04059,15
2025-01-23T00:00:00.000Z,1.04102,1.04122,1.04096,1.04116,25
2025-01-23T01:00:00.000Z,1.04116,1.04131,1.0411,1.04125,25
2025-01-23T02:00:00.000Z,1.04125,1.04141,1.04119,1.04135,25
2025-01-23T03:00:00.000Z,1.04135,1.04147,1.04129,1.04141,25
2025-01-23T04:00:00.000Z,1.04141,1.04165,1.04094,1.04118,30
2025-01-23T05:00:00.000Z,1.04118,1.04142,1.04086,1.0411,30
2025-01-23T06:00:00.000Z,1.0411,1.04134,1.04078,1.04102,30
2025-01-23T07:00:00.000Z,1.04102,1.04134,1.04078,1.0411,30
2025-01-23T08:00:00.000Z,1.0411,1.04181,1.04091,1.04162,70
2025-01-23T09:00:00.000Z,1.04162,1.0422,1.04143,1.04201,70
2025-01-23T10:00:00.000Z,1.04201,1.0426,1.04182,1.04241,70
2025-01-23T11:00:00.000Z,1.04241,1.04288,1.04222,1.04269,70
2025-01-23T12:00:00.000Z,1.04269,1.04325,1.04256,1.04312,80
2025-01-23T13:00:00.000Z,1.04312,1.04359,1.04299,1.04346,80
2025-01-23T14:00:00.000Z,1.04346,1.04394,1.04333,1.04381,80
2025-01-23T15:00:00.000Z,1.04381,1.04421,1.04368,1.04408,80
2025-01-23T16:00:00.000Z,1.04408,1.04414,1.04388,1.04394,30
2025-01-23T17:00:00.000Z,1.04394,1.044,1.04379,1.04385,30
2025-01-23T18:00:00.000Z,1.04385,1.04391,1.04369,1.04375,30
2025-01-23T19:00:00.000Z,1.04375,1.04381,1.04363,1.04369,30
2025-01-23T20:00:00.000Z,1.04369,1.04393,1.04263,1.04287,15
2025-01-23T21:00:00.000Z,1.04287,1.04311,1.04196,1.0422,15
2025-01-23T22:00:00.000Z,1.0422,1.04244,1.04129,1.04153,15
2025-01-23T23:00:00.000Z,1.04153,1.04177,1.04078,1.04102,15
2025-01-24T00:00:00.000Z,1.0416,1.04214,1.04143,1.04197,25
2025-01-24T01:00:00.000Z,1.04197,1.04241,1.0418,1.04224,25
2025-01-24T02:00:00.000Z,1.04224,1.04267,1.04207,1.0425,25
2025-01-24T03:00:00.000Z,1.0425,1.04283,1.04233,1.04266,25
2025-01-24T04:00:00.000Z,1.04266,1.04281,1.0422,1.04235,30
2025-01-24T05:00:00.000Z,1.04235,1.0425,1.04199,1.04214,30
2025-01-24T06:00:00.000Z,1.04214,1.04229,1.04178,1.04193,30
2025-01-24T07:00:00.000Z,1.04193,1.04208,1.04166,1.04181,30
2025-01-24T08:00:00.000Z,1.04181,1.0437,1.0413,1.04319,70
2025-01-24T09:00:00.000Z,1.04319,1.04476,1.04268,1.04425,70
2025-01-24T10:00:00.000Z,1.04425,1.04583,1.04374,1.04532,70
2025-01-24T11:00:00.000Z,1.04532,1.04657,1.04481,1.04606,70
2025-01-24T12:00:00.000Z,1.04606,1.04782,1.04555,1.04731,80
2025-01-24T13:00:00.000Z,1.04731,1.04875,1.0468,1.04824,80
2025-01-24T14:00:00.000Z,1.04824,1.04967,1.04773,1.04916,80
2025-01-24T15:00:00.000Z,1.04916,1.05028,1.04865,1.04977,80
2025-01-24T16:00:00.000Z,1.04977,1.04994,1.04923,1.0494,30
2025-01-24T17:00:00.000Z,1.0494,1.04957,1.04896,1.04913,30
2025-01-24T18:00:00.000Z,1.04913,1.0493,1.0487,1.04887,30
2025-01-24T19:00:00.000Z,1.04887,1.04904,1.04854,1.04871,30
2025-01-24T20:00:00.000Z,1.04871,1.04936,1.04587,1.04652,15
2025-01-24T21:00:00.000Z,1.04652,1.04717,1.0441,1.04475,15
2025-01-24T22:00:00.000Z,1.04475,1.0454,1.04232,1.04297,15
2025-01-24T23:00:00.000Z,1.04297,1.04362,1.04095,1.0416,15
2025-01-27T00:00:00.000Z,1.04676,1.04717,1.04663,1.04704,25
2025-01-27T01:00:00.000Z,1.04704,1.04736,1.04691,1.04723,25
2025-01-27T02:00:00.000Z,1.04723,1.04756,1.0471,1.04743,25
2025-01-27T03:00:00.000Z,1.04743,1.04768,1.0473,1.04755,25
2025-01-27T04:00:00.000Z,1.04755,1.04775,1.04707,1.04727,30
2025-01-27T05:00:00.000Z,1.04727,1.04747,1.04691,1.04711,30
2025-01-27T06:00:00.000Z,1.04711,1.04731,1.04675,1.04695,30
2025-01-27T07:00:00.000Z,1.04695,1.04715,1.04672,1.04692,30
2025-01-27T08:00:00.000Z,1.04692,1.04833,1.04654,1.04795,70
2025-01-27T09:00:00.000Z,1.04795,1.04912,1.04757,1.04874,70
2025-01-27T10:00:00.000Z,1.04874,1.04992,1.04836,1.04954,70
2025-01-27T11:00:00.000Z,1.04954,1.05047,1.04916,1.05009,70
2025-01-27T12:00:00.000Z,1.05009,1.05126,1.0498,1.05097,80
2025-01-27T13:00:00.000Z,1.05097,1.05195,1.05068,1.05166,80
2025-01-27T14:00:00.000Z,1.05166,1.05265,1.05137,1.05236,80
2025-01-27T15:00:00.000Z,1.05236,1.05316,1.05207,1.05287,80
2025-01-27T16:00:00.000Z,1.05287,1.053,1.05246,1.05259,30
2025-01-27T17:00:00.000Z,1.05259,1.05272,1.05227,1.0524,30
2025-01-27T18:00:00.000Z,1.0524,1.05253,1.05207,1.0522,30
2025-01-27T19:00:00.000Z,1.0522,1.05233,1.05195,1.05208,30
2025-01-27T20:00:00.000Z,1.05208,1.05257,1.04995,1.05044,15
2025-01-27T21:00:00.000Z,1.05044,1.05093,1.04862,1.04911,15
2025-01-27T22:00:00.000Z,1.04911,1.0496,1.04729,1.04778,15
2025-01-27T23:00:00.000Z,1.04778,1.04827,1.04627,1.04676,15
2025-01-28T00:00:00.000Z,1.04451,1.04471,1.04445,1.04465,25
2025-01-28T01:00:00.000Z,1.04465,1.04481,1.04459,1.04475,25
2025-01-28T02:00:00.000Z,1.04475,1.04491,1.04469,1.04485,25
2025-01-28T03:00:00.000Z,1.04485,1.04497,1.04479,1.04491,25
2025-01-28T04:00:00.000Z,1.04491,1.0452,1.04436,1.04465,30
2025-01-28T05:00:00.000Z,1.04465,1.04494,1.04428,1.04457,30
2025-01-28T06:00:00.000Z,1.04457,1.04486,1.0442,1.04449,30
2025-01-28T07:00:00.000Z,1.04449,1.04488,1.0442,1.04459,30
2025-01-28T08:00:00.000Z,1.04459,1.04531,1.0444,1.04512,70
2025-01-28T09:00:00.000Z,1.04512,1.04571,1.04493,1.04552,70
2025-01-28T10:00:00.000Z,1.04552,1.04612,1.04533,1.04593,70
2025-01-28T11:00:00.000Z,1.04593,1.0464,1.04574,1.04621,70
2025-01-28T12:00:00.000Z,1.04621,1.04678,1.04608,1.04665,80
2025-01-28T13:00:00.000Z,1.04665,1.04713,1.04652,1.047,80
2025-01-28T14:00:00.000Z,1.047,1.04749,1.04687,1.04736,80
2025-01-28T15:00:00.000Z,1.04736,1.04776,1.04723,1.04763,80
2025-01-28T16:00:00.000Z,1.04763,1.04769,1.04743,1.04749,30
2025-01-28T17:00:00.000Z,1.04749,1.04755,1.04732,1.04738,30
2025-01-28T18:00:00.000Z,1.04738,1.04744,1.04722,1.04728,30
2025-01-28T19:00:00.000Z,1.04728,1.04734,1.04716,1.04722,30
2025-01-28T20:00:00.000Z,1.04722,1.04747,1.04614,1.04639,15
2025-01-28T21:00:00.000Z,1.04639,1.04664,1.04546,1.04571,15
2025-01-28T22:00:00.000Z,1.04571,1.04596,1.04478,1.04503,15
2025-01-28T23:00:00.000Z,1.04503,1.04528,1.04426,1.04451,15
2025-01-29T00:00:00.000Z,1.04291,1.04322,1.04281,1.04312,25
2025-01-29T01:00:00.000Z,1.04312,1.04338,1.04302,1.04328,25
2025-01-29T02:00:00.000Z,1.04328,1.04353,1.04318,1.04343,25
2025-01-29T03:00:00.000Z,1.04343,1.04362,1.04333,1.04352,25
2025-01-29T04:00:00.000Z,1.04352,1.04396,1.04268,1.04312,30
2025-01-29T05:00:00.000Z,1.04312,1.04356,1.04256,1.043,30
2025-01-29T06:00:00.000Z,1.043,1.04344,1.04244,1.04288,30
2025-01-29T07:00:00.000Z,1.04288,1.04347,1.04244,1.04303,30
2025-01-29T08:00:00.000Z,1.04303,1.04413,1.04273,1.04383,70
2025-01-29T09:00:00.000Z,1.04383,1.04474,1.04353,1.04444,70
2025-01-29T10:00:00.000Z,1.04444,1.04536,1.04414,1.04506,70
2025-01-29T11:00:00.000Z,1.04506,1.04579,1.04476,1.04549,70
2025-01-29T12:00:00.000Z,1.04549,1.04635,1.04529,1.04615,80
2025-01-29T13:00:00.000Z,1.04615,1.04689,1.04595,1.04669,80
2025-01-29T14:00:00.000Z,1.04669,1.04743,1.04649,1.04723,80
2025-01-29T15:00:00.000Z,1.04723,1.04784,1.04703,1.04764,80
2025-01-29T16:00:00.000Z,1.04764,1.04774,1.04733,1.04743,30
2025-01-29T17:00:00.000Z,1.04743,1.04753,1.04717,1.04727,30
2025-01-29T18:00:00.000Z,1.04727,1.04737,1.04702,1.04712,30
2025-01-29T19:00:00.000Z,1.04712,1.04722,1.04693,1.04703,30
2025-01-29T20:00:00.000Z,1.04703,1.04741,1.04538,1.04576,15
2025-01-29T21:00:00.000Z,1.04576,1.04614,1.04435,1.04473,15
2025-01-29T22:00:00.000Z,1.04473,1.04511,1.04332,1.0437,15
2025-01-29T23:00:00.000Z,1.0437,1.04408,1.04253,1.04291,15
2025-01-30T00:00:00.000Z,1.04252,1.0429,1.0424,1.04278,25
2025-01-30T01:00:00.000Z,1.04278,1.04309,1.04266,1.04297,25
2025-01-30T02:00:00.000Z,1.04297,1.04328,1.04285,1.04316,25
2025-01-30T03:00:00.000Z,1.04316,1.04339,1.04304,1.04327,25
2025-01-30T04:00:00.000Z,1.04327,1.04363,1.04253,1.04289,30
2025-01-30T05:00:00.000Z,1.04289,1.04325,1.04238,1.04274,30
2025-01-30T06:00:00.000Z,1.04274,1.0431,1.04223,1.04259,30
2025-01-30T07:00:00.000Z,1.04259,1.04303,1.04223,1.04267,30
2025-01-30T08:00:00.000Z,1.04267,1.044,1.04231,1.04364,70
2025-01-30T09:00:00.000Z,1.04364,1.04474,1.04328,1.04438,70
2025-01-30T10:00:00.000Z,1.04438,1.04548,1.04402,1.04512,70
2025-01-30T11:00:00.000Z,1.04512,1.046,1.04476,1.04564,70
2025-01-30T12:00:00.000Z,1.04564,1.04668,1.0454,1.04644,80
2025-01-30T13:00:00.000Z,1.04644,1.04733,1.0462,1.04709,80
2025-01-30T14:00:00.000Z,1.04709,1.04798,1.04685,1.04774,80
2025-01-30T15:00:00.000Z,1.04774,1.04848,1.0475,1.04824,80
2025-01-30T16:00:00.000Z,1.04824,1.04836,1.04786,1.04798,30
2025-01-30T17:00:00.000Z,1.04798,1.0481,1.04767,1.04779,30
2025-01-30T18:00:00.000Z,1.04779,1.04791,1.04748,1.0476,30
2025-01-30T19:00:00.000Z,1.0476,1.04772,1.04737,1.04749,30
2025-01-30T20:00:00.000Z,1.04749,1.04795,1.0455,1.04596,15
2025-01-30T21:00:00.000Z,1.04596,1.04642,1.04426,1.04472,15
2025-01-30T22:00:00.000Z,1.04472,1.04518,1.04302,1.04348,15
2025-01-30T23:00:00.000Z,1.04348,1.04394,1.04206,1.04252,15
2025-01-31T00:00:00.000Z,1.03973,1.03999,1.03965,1.03991,25
2025-01-31T01:00:00.000Z,1.03991,1.04011,1.03983,1.04003,25
2025-01-31T02:00:00.000Z,1.04003,1.04024,1.03995,1.04016,25
2025-01-31T03:00:00.000Z,1.04016,1.04031,1.04008,1.04023,25
2025-01-31T04:00:00.000Z,1.04023,1.04057,1.03958,1.03992,30
2025-01-31T05:00:00.000Z,1.03992,1.04026,1.03948,1.03982,30
2025-01-31T06:00:00.000Z,1.03982,1.04016,1.03938,1.03972,30
2025-01-31T07:00:00.000Z,1.03972,1.04017,1.03938,1.03983,30
2025-01-31T08:00:00.000Z,1.03983,1.04072,1.03959,1.04048,70
2025-01-31T09:00:00.000Z,1.04048,1.04123,1.04024,1.04099,70
2025-01-31T10:00:00.000Z,1.04099,1.04173,1.04075,1.04149,70
2025-01-31T11:00:00.000Z,1.04149,1.04208,1.04125,1.04184,70
2025-01-31T12:00:00.000Z,1.04184,1.04254,1.04168,1.04238,80
2025-01-31T13:00:00.000Z,1.04238,1.04298,1.04222,1.04282,80
2025-01-31T14:00:00.000Z,1.04282,1.04342,1.04266,1.04326,80
2025-01-31T15:00:00.000Z,1.04326,1.04376,1.0431,1.0436,80
2025-01-31T16:00:00.000Z,1.0436,1.04368,1.04335,1.04343,30
2025-01-31T17:00:00.000Z,1.04343,1.04351,1.04322,1.0433,30
2025-01-31T18:00:00.000Z,1.0433,1.04338,1.0431,1.04318,30
2025-01-31T19:00:00.000Z,1.04318,1.04326,1.04302,1.0431,30
2025-01-31T20:00:00.000Z,1.0431,1.04341,1.04175,1.04206,15
2025-01-31T21:00:00.000Z,1.04206,1.04237,1.04091,1.04122,15
2025-01-31T22:00:00.000Z,1.04122,1.04153,1.04007,1.04038,15
2025-01-31T23:00:00.000Z,1.04038,1.04069,1.03942,1.03973,15
2025-02-03T00:00:00.000Z,1.02478,1.02536,1.0246,1.02518,25
2025-02-03T01:00:00.000Z,1.02518,1.02564,1.025,1.02546,25
2025-02-03T02:00:00.000Z,1.02546,1.02592,1.02528,1.02574,25
2025-02-03T03:00:00.000Z,1.02574,1.02609,1.02556,1.02591,25
2025-02-03T04:00:00.000Z,1.02591,1.02632,1.02502,1.02543,30
2025-02-03T05:00:00.000Z,1.02543,1.02584,1.02479,1.0252,30
2025-02-03T06:00:00.000Z,1.0252,1.02561,1.02457,1.02498,30
2025-02-03T07:00:00.000Z,1.02498,1.02542,1.02457,1.02501,30
2025-02-03T08:00:00.000Z,1.02501,1.02703,1.02447,1.02649,70
2025-02-03T09:00:00.000Z,1.02649,1.02816,1.02595,1.02762,70
2025-02-03T10:00:00.000Z,1.02762,1.0293,1.02708,1.02876,70
2025-02-03T11:00:00.000Z,1.02876,1.03009,1.02822,1.02955,70
2025-02-03T12:00:00.000Z,1.02955,1.03113,1.02919,1.03077,80
2025-02-03T13:00:00.000Z,1.03077,1.03212,1.03041,1.03176,80
2025-02-03T14:00:00.000Z,1.03176,1.03311,1.0314,1.03275,80
2025-02-03T15:00:00.000Z,1.03275,1.03388,1.03239,1.03352,80
2025-02-03T16:00:00.000Z,1.03352,1.0337,1.03294,1.03312,30
2025-02-03T17:00:00.000Z,1.03312,1.0333,1.03266,1.03284,30
2025-02-03T18:00:00.000Z,1.03284,1.03302,1.03237,1.03255,30
2025-02-03T19:00:00.000Z,1.03255,1.03273,1.0322,1.03238,30
2025-02-03T20:00:00.000Z,1.03238,1.03308,1.02934,1.03004,15
2025-02-03T21:00:00.000Z,1.03004,1.03074,1.02744,1.02814,15
2025-02-03T22:00:00.000Z,1.02814,1.02884,1.02554,1.02624,15
2025-02-03T23:00:00.000Z,1.02624,1.02694,1.02408,1.02478,15
2025-02-04T00:00:00.000Z,1.03274,1.03331,1.03256,1.03313,25
2025-02-04T01:00:00.000Z,1.03313,1.03358,1.03295,1.0334,25
2025-02-04T02:00:00.000Z,1.0334,1.03386,1.03322,1.03368,25
2025-02-04T03:00:00.000Z,1.03368,1.03402,1.0335,1.03384,25
2025-02-04T04:00:00.000Z,1.03384,1.03438,1.03274,1.03328,30
2025-02-04T05:00:00.000Z,1.03328,1.03382,1.03252,1.03306,30
2025-02-04T06:00:00.000Z,1.03306,1.0336,1.0323,1.03284,30
2025-02-04T07:00:00.000Z,1.03284,1.0335,1.0323,1.03296,30
2025-02-04T08:00:00.000Z,1.03296,1.03492,1.03243,1.03439,70
2025-02-04T09:00:00.000Z,1.03439,1.03603,1.03386,1.0355,70
2025-02-04T10:00:00.000Z,1.0355,1.03713,1.03497,1.0366,70
2025-02-04T11:00:00.000Z,1.0366,1.0379,1.03607,1.03737,70
2025-02-04T12:00:00.000Z,1.03737,1.03891,1.03702,1.03856,80
2025-02-04T13:00:00.000Z,1.03856,1.03987,1.03821,1.03952,80
2025-02-04T14:00:00.000Z,1.03952,1.04084,1.03917,1.04049,80
2025-02-04T15:00:00.000Z,1.04049,1.04158,1.04014,1.04123,80
2025-02-04T16:00:00.000Z,1.04123,1.04141,1.04066,1.04084,30
2025-02-04T17:00:00.000Z,1.04084,1.04102,1.04039,1.04057,30
2025-02-04T18:00:00.000Z,1.04057,1.04075,1.04011,1.04029,30
2025-02-04T19:00:00.000Z,1.04029,1.04047,1.03995,1.04013,30
2025-02-04T20:00:00.000Z,1.04013,1.04081,1.03718,1.03786,15
2025-02-04T21:00:00.000Z,1.03786,1.03854,1.03533,1.03601,15
2025-02-04T22:00:00.000Z,1.03601,1.03669,1.03348,1.03416,15
2025-02-04T23:00:00.000Z,1.03416,1.03484,1.03206,1.03274,15
2025-02-05T00:00:00.000Z,1.03728,1.03762,1.03717,1.03751,25
2025-02-05T01:00:00.000Z,1.03751,1.03779,1.0374,1.03768,25
2025-02-05T02:00:00.000Z,1.03768,1.03795,1.03757,1.03784,25
2025-02-05T03:00:00.000Z,1.03784,1.03805,1.03773,1.03794,25
2025-02-05T04:00:00.000Z,1.03794,1.03804,1.03765,1.03775,30
2025-02-05T05:00:00.000Z,1.03775,1.03785,1.03751,1.03761,30
2025-02-05T06:00:00.000Z,1.03761,1.03771,1.03738,1.03748,30
2025-02-05T07:00:00.000Z,1.03748,1.03758,1.03731,1.03741,30
2025-02-05T08:00:00.000Z,1.03741,1.03859,1.03709,1.03827,70
2025-02-05T09:00:00.000Z,1.03827,1.03925,1.03795,1.03893,70
2025-02-05T10:00:00.000Z,1.03893,1.03991,1.03861,1.03959,70
2025-02-05T11:00:00.000Z,1.03959,1.04037,1.03927,1.04005,70
2025-02-05T12:00:00.000Z,1.04005,1.04113,1.03974,1.04082,80
2025-02-05T13:00:00.000Z,1.04082,1.04171,1.04051,1.0414,80
2025-02-05T14:00:00.000Z,1.0414,1.04229,1.04109,1.04198,80
2025-02-05T15:00:00.000Z,1.04198,1.04267,1.04167,1.04236,80
2025-02-05T16:00:00.000Z,1.04236,1.04247,1.04202,1.04213,30
2025-02-05T17:00:00.000Z,1.04213,1.04224,1.04185,1.04196,30
2025-02-05T18:00:00.000Z,1.04196,1.04207,1.04169,1.0418,30
2025-02-05T19:00:00.000Z,1.0418,1.04191,1.04159,1.0417,30
2025-02-05T20:00:00.000Z,1.0417,1.04211,1.03993,1.04034,15
2025-02-05T21:00:00.000Z,1.04034,1.04075,1.03883,1.03924,15
2025-02-05T22:00:00.000Z,1.03924,1.03965,1.03772,1.03813,15
2025-02-05T23:00:00.000Z,1.03813,1.03854,1.03687,1.03728,15
2025-02-06T00:00:00.000Z,1.04008,1.04034,1.04,1.04026,25
2025-02-06T01:00:00.000Z,1.04026,1.04047,1.04018,1.04039,25
2025-02-06T02:00:00.000Z,1.04039,1.04059,1.04031,1.04051,25
2025-02-06T03:00:00.000Z,1.04051,1.04067,1.04043,1.04059,25
2025-02-06T04:00:00.000Z,1.04059,1.04102,1.03979,1.04022,30
2025-02-06T05:00:00.000Z,1.04022,1.04065,1.03969,1.04012,30
2025-02-06T06:00:00.000Z,1.04012,1.04055,1.03959,1.04002,30
2025-02-06T07:00:00.000Z,1.04002,1.04062,1.03959,1.04019,30
2025-02-06T08:00:00.000Z,1.04019,1.04109,1.03995,1.04085,70
2025-02-06T09:00:00.000Z,1.04085,1.0416,1.04061,1.04136,70
2025-02-06T10:00:00.000Z,1.04136,1.0421,1.04112,1.04186,70
2025-02-06T11:00:00.000Z,1.04186,1.04246,1.04162,1.04222,70
2025-02-06T12:00:00.000Z,1.04222,1.04292,1.04206,1.04276,80
2025-02-06T13:00:00.000Z,1.04276,1.04337,1.0426,1.04321,80
2025-02-06T14:00:00.000Z,1.04321,1.04381,1.04305,1.04365,80
2025-02-06T15:00:00.000Z,1.04365,1.04415,1.04349,1.04399,80
2025-02-06T16:00:00.000Z,1.04399,1.04407,1.04373,1.04381,30
2025-02-06T17:00:00.000Z,1.04381,1.04389,1.0436,1.04368,30
2025-02-06T18:00:00.000Z,1.04368,1.04376,1.04348,1.04356,30
2025-02-06T19:00:00.000Z,1.04356,1.04364,1.0434,1.04348,30
2025-02-06T20:00:00.000Z,1.04348,1.04379,1.04212,1.04243,15
2025-02-06T21:00:00.000Z,1.04243,1.04274,1.04127,1.04158,15
2025-02-06T22:00:00.000Z,1.04158,1.04189,1.04042,1.04073,15
2025-02-06T23:00:00.000Z,1.04073,1.04104,1.03977,1.04008,15
2025-02-07T00:00:00.000Z,1.03857,1.03899,1.03844,1.03886,25
2025-02-07T01:00:00.000Z,1.03886,1.03919,1.03873,1.03906,25
2025-02-07T02:00:00.000Z,1.03906,1.0394,1.03893,1.03927,25
2025-02-07T03:00:00.000Z,1.03927,1.03952,1.03914,1.03939,25
2025-02-07T04:00:00.000Z,1.03939,1.03998,1.03827,1.03886,30
2025-02-07T05:00:00.000Z,1.03886,1.03945,1.03811,1.0387,30
2025-02-07T06:00:00.000Z,1.0387,1.03929,1.03795,1.03854,30
2025-02-07T07:00:00.000Z,1.03854,1.03933,1.03795,1.03874,30
2025-02-07T08:00:00.000Z,1.03874,1.04019,1.03835,1.0398,70
2025-02-07T09:00:00.000Z,1.0398,1.041,1.03941,1.04061,70
2025-02-07T10:00:00.000Z,1.04061,1.04181,1.04022,1.04142,70
2025-02-07T11:00:00.000Z,1.04142,1.04238,1.04103,1.04199,70
2025-02-07T12:00:00.000Z,1.04199,1.04312,1.04173,1.04286,80
2025-02-07T13:00:00.000Z,1.04286,1.04383,1.0426,1.04357,80
2025-02-07T14:00:00.000Z,1.04357,1.04454,1.04331,1.04428,80
2025-02-07T15:00:00.000Z,1.04428,1.04509,1.04402,1.04483,80
2025-02-07T16:00:00.000Z,1.04483,1.04496,1.04442,1.04455,30
2025-02-07T17:00:00.000Z,1.04455,1.04468,1.04421,1.04434,30
2025-02-07T18:00:00.000Z,1.04434,1.04447,1.04401,1.04414,30
2025-02-07T19:00:00.000Z,1.04414,1.04427,1.04389,1.04402,30
2025-02-07T20:00:00.000Z,1.04402,1.04452,1.04184,1.04234,15
2025-02-07T21:00:00.000Z,1.04234,1.04284,1.04048,1.04098,15
2025-02-07T22:00:00.000Z,1.04098,1.04148,1.03912,1.03962,15
2025-02-07T23:00:00.000Z,1.03962,1.04012,1.03807,1.03857,15
2025-02-10T00:00:00.000Z,1.03116,1.03135,1.0311,1.03129,25
2025-02-10T01:00:00.000Z,1.03129,1.03144,1.03123,1.03138,25
2025-02-10T02:00:00.000Z,1.03138,1.03153,1.03132,1.03147,25
2025-02-10T03:00:00.000Z,1.03147,1.03159,1.03141,1.03153,25
2025-02-10T04:00:00.000Z,1.03153,1.03167,1.03123,1.03137,30
2025-02-10T05:00:00.000Z,1.03137,1.03151,1.03115,1.03129,30
2025-02-10T06:00:00.000Z,1.03129,1.03143,1.03108,1.03122,30
2025-02-10T07:00:00.000Z,1.03122,1.03137,1.03108,1.03123,30
2025-02-10T08:00:00.000Z,1.03123,1.03189,1.03105,1.03171,70
2025-02-10T09:00:00.000Z,1.03171,1.03225,1.03153,1.03207,70
2025-02-10T10:00:00.000Z,1.03207,1.03262,1.03189,1.03244,70
2025-02-10T11:00:00.000Z,1.03244,1.03288,1.03226,1.0327,70
2025-02-10T12:00:00.000Z,1.0327,1.03321,1.03258,1.03309,80
2025-02-10T13:00:00.000Z,1.03309,1.03353,1.03297,1.03341,80
2025-02-10T14:00:00.000Z,1.03341,1.03385,1.03329,1.03373,80
2025-02-10T15:00:00.000Z,1.03373,1.03409,1.03361,1.03397,80
2025-02-10T16:00:00.000Z,1.03397,1.03403,1.03378,1.03384,30
2025-02-10T17:00:00.000Z,1.03384,1.0339,1.03369,1.03375,30
2025-02-10T18:00:00.000Z,1.03375,1.03381,1.0336,1.03366,30
2025-02-10T19:00:00.000Z,1.03366,1.03372,1.03355,1.03361,30
2025-02-10T20:00:00.000Z,1.03361,1.03383,1.03264,1.03286,15
2025-02-10T21:00:00.000Z,1.03286,1.03308,1.03202,1.03224,15
2025-02-10T22:00:00.000Z,1.03224,1.03246,1.03141,1.03163,15
2025-02-10T23:00:00.000Z,1.03163,1.03185,1.03094,1.03116,15
2025-02-11T00:00:00.000Z,1.03015,1.03045,1.03006,1.03036,25
2025-02-11T01:00:00.000Z,1.03036,1.03059,1.03027,1.0305,25
2025-02-11T02:00:00.000Z,1.0305,1.03074,1.03041,1.03065,25
2025-02-11T03:00:00.000Z,1.03065,1.03083,1.03056,1.03074,25
2025-02-11T04:00:00.000Z,1.03074,1.03088,1.03039,1.03053,30
2025-02-11T05:00:00.000Z,1.03053,1.03067,1.03028,1.03042,30
2025-02-11T06:00:00.000Z,1.03042,1.03056,1.03016,1.0303,30
2025-02-11T07:00:00.000Z,1.0303,1.03044,1.03013,1.03027,30
2025-02-11T08:00:00.000Z,1.03027,1.03132,1.02999,1.03104,70
2025-02-11T09:00:00.000Z,1.03104,1.03191,1.03076,1.03163,70
2025-02-11T10:00:00.000Z,1.03163,1.0325,1.03135,1.03222,70
2025-02-11T11:00:00.000Z,1.03222,1.03292,1.03194,1.03264,70
2025-02-11T12:00:00.000Z,1.03264,1.03353,1.03241,1.0333,80
2025-02-11T13:00:00.000Z,1.0333,1.03405,1.03307,1.03382,80
2025-02-11T14:00:00.000Z,1.03382,1.03457,1.03359,1.03434,80
2025-02-11T15:00:00.000Z,1.03434,1.03494,1.03411,1.03471,80
2025-02-11T16:00:00.000Z,1.03471,1.0348,1.03441,1.0345,30
2025-02-11T17:00:00.000Z,1.0345,1.03459,1.03427,1.03436,30
2025-02-11T18:00:00.000Z,1.03436,1.03445,1.03412,1.03421,30
2025-02-11T19:00:00.000Z,1.03421,1.0343,1.03403,1.03412,30
2025-02-11T20:00:00.000Z,1.03412,1.03448,1.03254,1.0329,15
2025-02-11T21:00:00.000Z,1.0329,1.03326,1.03155,1.03191,15
2025-02-11T22:00:00.000Z,1.03191,1.03227,1.03055,1.03091,15
2025-02-11T23:00:00.000Z,1.03091,1.03127,1.02979,1.03015,15
2025-02-12T00:00:00.000Z,1.03649,1.03688,1.03637,1.03676,25
2025-02-12T01:00:00.000Z,1.03676,1.03708,1.03664,1.03696,25
2025-02-12T02:00:00.000Z,1.03696,1.03727,1.03684,1.03715,25
2025-02-12T03:00:00.000Z,1.03715,1.03739,1.03703,1.03727,25
2025-02-12T04:00:00.000Z,1.03727,1.03774,1.03635,1.03682,30
2025-02-12T05:00:00.000Z,1.03682,1.03729,1.0362,1.03667,30
2025-02-12T06:00:00.000Z,1.03667,1.03714,1.03604,1.03651,30
2025-02-12T07:00:00.000Z,1.03651,1.03712,1.03604,1.03665,30
2025-02-12T08:00:00.000Z,1.03665,1.03803,1.03628,1.03766,70
2025-02-12T09:00:00.000Z,1.03766,1.0388,1.03729,1.03843,70
2025-02-12T10:00:00.000Z,1.03843,1.03958,1.03806,1.03921,70
2025-02-12T11:00:00.000Z,1.03921,1.04012,1.03884,1.03975,70
2025-02-12T12:00:00.000Z,1.03975,1.04083,1.0395,1.04058,80
2025-02-12T13:00:00.000Z,1.04058,1.04151,1.04033,1.04126,80
2025-02-12T14:00:00.000Z,1.04126,1.04219,1.04101,1.04194,80
2025-02-12T15:00:00.000Z,1.04194,1.04271,1.04169,1.04246,80
2025-02-12T16:00:00.000Z,1.04246,1.04258,1.04207,1.04219,30
2025-02-12T17:00:00.000Z,1.04219,1.04231,1.04187,1.04199,30
2025-02-12T18:00:00.000Z,1.04199,1.04211,1.04168,1.0418,30
2025-02-12T19:00:00.000Z,1.0418,1.04192,1.04156,1.04168,30
2025-02-12T20:00:00.000Z,1.04168,1.04216,1.0396,1.04008,15
2025-02-12T21:00:00.000Z,1.04008,1.04056,1.03831,1.03879,15
2025-02-12T22:00:00.000Z,1.03879,1.03927,1.03701,1.03749,15
2025-02-12T23:00:00.000Z,1.03749,1.03797,1.03601,1.03649,15
2025-02-13T00:00:00.000Z,1.0392,1.03954,1.03909,1.03943,25
2025-02-13T01:00:00.000Z,1.03943,1.03971,1.03932,1.0396,25
2025-02-13T02:00:00.000Z,1.0396,1.03987,1.03949,1.03976,25
2025-02-13T03:00:00.000Z,1.03976,1.03997,1.03965,1.03986,25
2025-02-13T04:00:00.000Z,1.03986,1.04004,1.03943,1.03961,30
2025-02-13T05:00:00.000Z,1.03961,1.03979,1.0393,1.03948,30
2025-02-13T06:00:00.000Z,1.03948,1.03966,1.03917,1.03935,30
2025-02-13T07:00:00.000Z,1.03935,1.03953,1.03915,1.03933,30
2025-02-13T08:00:00.000Z,1.03933,1.04051,1.03901,1.04019,70
2025-02-13T09:00:00.000Z,1.04019,1.04118,1.03987,1.04086,70
2025-02-13T10:00:00.000Z,1.04086,1.04184,1.04054,1.04152,70
2025-02-13T11:00:00.000Z,1.04152,1.04231,1.0412,1.04199,70
2025-02-13T12:00:00.000Z,1.04199,1.04295,1.04176,1.04272,80
2025-02-13T13:00:00.000Z,1.04272,1.04353,1.04249,1.0433,80
2025-02-13T14:00:00.000Z,1.0433,1.04411,1.04307,1.04388,80
2025-02-13T15:00:00.000Z,1.04388,1.04455,1.04365,1.04432,80
2025-02-13T16:00:00.000Z,1.04432,1.04443,1.04398,1.04409,30
2025-02-13T17:00:00.000Z,1.04409,1.0442,1.04381,1.04392,30
2025-02-13T18:00:00.000Z,1.04392,1.04403,1.04364,1.04375,30
2025-02-13T19:00:00.000Z,1.04375,1.04386,1.04354,1.04365,30
2025-02-13T20:00:00.000Z,1.04365,1.04406,1.04187,1.04228,15
2025-02-13T21:00:00.000Z,1.04228,1.04269,1.04076,1.04117,15
2025-02-13T22:00:00.000Z,1.04117,1.04158,1.03965,1.04006,15
2025-02-13T23:00:00.000Z,1.04006,1.04047,1.03879,1.0392,15
2025-02-14T00:00:00.000Z,1.04617,1.0465,1.04607,1.0464,25
2025-02-14T01:00:00.000Z,1.0464,1.04666,1.0463,1.04656,25
2025-02-14T02:00:00.000Z,1.04656,1.04682,1.04646,1.04672,25
2025-02-14T03:00:00.000Z,1.04672,1.04692,1.04662,1.04682,25
2025-02-14T04:00:00.000Z,1.04682,1.04701,1.04638,1.04657,30
2025-02-14T05:00:00.000Z,1.04657,1.04676,1.04625,1.04644,30
2025-02-14T06:00:00.000Z,1.04644,1.04663,1.04612,1.04631,30
2025-02-14T07:00:00.000Z,1.04631,1.0465,1.04611,1.0463,30
2025-02-14T08:00:00.000Z,1.0463,1.04747,1.04598,1.04715,70
2025-02-14T09:00:00.000Z,1.04715,1.04813,1.04683,1.04781,70
2025-02-14T10:00:00.000Z,1.04781,1.04878,1.04749,1.04846,70
2025-02-14T11:00:00.000Z,1.04846,1.04924,1.04814,1.04892,70
2025-02-14T12:00:00.000Z,1.04892,1.04985,1.0487,1.04963,80
2025-02-14T13:00:00.000Z,1.04963,1.05043,1.04941,1.05021,80
2025-02-14T14:00:00.000Z,1.05021,1.051,1.04999,1.05078,80
2025-02-14T15:00:00.000Z,1.05078,1.05144,1.05056,1.05122,80
2025-02-14T16:00:00.000Z,1.05122,1.05132,1.05089,1.05099,30
2025-02-14T17:00:00.000Z,1.05099,1.05109,1.05072,1.05082,30
2025-02-14T18:00:00.000Z,1.05082,1.05092,1.05056,1.05066,30
2025-02-14T19:00:00.000Z,1.05066,1.05076,1.05046,1.05056,30
2025-02-14T20:00:00.000Z,1.05056,1.05096,1.04881,1.04921,15
2025-02-14T21:00:00.000Z,1.04921,1.04961,1.04771,1.04811,15
2025-02-14T22:00:00.000Z,1.04811,1.04851,1.04662,1.04702,15
2025-02-14T23:00:00.000Z,1.04702,1.04742,1.04577,1.04617,15
2025-02-17T00:00:00.000Z,1.04892,1.04912,1.04886,1.04906,25
2025-02-17T01:00:00.000Z,1.04906,1.04922,1.049,1.04916,25
2025-02-17T02:00:00.000Z,1.04916,1.04932,1.0491,1.04926,25
2025-02-17T03:00:00.000Z,1.04926,1.04938,1.0492,1.04932,25
2025-02-17T04:00:00.000Z,1.04932,1.04954,1.04888,1.0491,30
2025-02-17T05:00:00.000Z,1.0491,1.04932,1.0488,1.04902,30
2025-02-17T06:00:00.000Z,1.04902,1.04924,1.04872,1.04894,30
2025-02-17T07:00:00.000Z,1.04894,1.04922,1.04872,1.049,30
2025-02-17T08:00:00.000Z,1.049,1.04971,1.04881,1.04952,70
2025-02-17T09:00:00.000Z,1.04952,1.0501,1.04933,1.04991,70
2025-02-17T10:00:00.000Z,1.04991,1.0505,1.04972,1.05031,70
2025-02-17T11:00:00.000Z,1.05031,1.05078,1.05012,1.05059,70
2025-02-17T12:00:00.000Z,1.05059,1.05115,1.05046,1.05102,80
2025-02-17T13:00:00.000Z,1.05102,1.05149,1.05089,1.05136,80
2025-02-17T14:00:00.000Z,1.05136,1.05184,1.05123,1.05171,80
2025-02-17T15:00:00.000Z,1.05171,1.05211,1.05158,1.05198,80
2025-02-17T16:00:00.000Z,1.05198,1.05204,1.05178,1.05184,30
2025-02-17T17:00:00.000Z,1.05184,1.0519,1.05168,1.05174,30
2025-02-17T18:00:00.000Z,1.05174,1.0518,1.05158,1.05164,30
2025-02-17T19:00:00.000Z,1.05164,1.0517,1.05152,1.05158,30
2025-02-17T20:00:00.000Z,1.05158,1.05182,1.05052,1.05076,15
2025-02-17T21:00:00.000Z,1.05076,1.051,1.04986,1.0501,15
2025-02-17T22:00:00.000Z,1.0501,1.05034,1.04919,1.04943,15
2025-02-17T23:00:00.000Z,1.04943,1.04967,1.04868,1.04892,15
2025-02-18T00:00:00.000Z,1.04854,1.04876,1.04847,1.04869,25
2025-02-18T01:00:00.000Z,1.04869,1.04887,1.04862,1.0488,25
2025-02-18T02:00:00.000Z,1.0488,1.04898,1.04873,1.04891,25
2025-02-18T03:00:00.000Z,1.04891,1.04904,1.04884,1.04897,25
2025-02-18T04:00:00.000Z,1.04897,1.04936,1.04825,1.04864,30
2025-02-18T05:00:00.000Z,1.04864,1.04903,1.04816,1.04855,30
2025-02-18T06:00:00.000Z,1.04855,1.04894,1.04807,1.04846,30
2025-02-18T07:00:00.000Z,1.04846,1.04901,1.04807,1.04862,30
2025-02-18T08:00:00.000Z,1.04862,1.0494,1.04841,1.04919,70
2025-02-18T09:00:00.000Z,1.04919,1.04984,1.04898,1.04963,70
2025-02-18T10:00:00.000Z,1.04963,1.05027,1.04942,1.05006,70
2025-02-18T11:00:00.000Z,1.05006,1.05058,1.04985,1.05037,70
2025-02-18T12:00:00.000Z,1.05037,1.05098,1.05023,1.05084,80
2025-02-18T13:00:00.000Z,1.05084,1.05136,1.0507,1.05122,80
2025-02-18T14:00:00.000Z,1.05122,1.05175,1.05108,1.05161,80
2025-02-18T15:00:00.000Z,1.05161,1.05204,1.05147,1.0519,80
2025-02-18T16:00:00.000Z,1.0519,1.05197,1.05168,1.05175,30
2025-02-18T17:00:00.000Z,1.05175,1.05182,1.05157,1.05164,30
2025-02-18T18:00:00.000Z,1.05164,1.05171,1.05146,1.05153,30
2025-02-18T19:00:00.000Z,1.05153,1.0516,1.05139,1.05146,30
2025-02-18T20:00:00.000Z,1.05146,1.05173,1.05029,1.05056,15
2025-02-18T21:00:00.000Z,1.05056,1.05083,1.04956,1.04983,15
2025-02-18T22:00:00.000Z,1.04983,1.0501,1.04883,1.0491,15
2025-02-18T23:00:00.000Z,1.0491,1.04937,1.04827,1.04854,15
2025-02-19T00:00:00.000Z,1.04483,1.04512,1.04474,1.04503,25
2025-02-19T01:00:00.000Z,1.04503,1.04527,1.04494,1.04518,25
2025-02-19T02:00:00.000Z,1.04518,1.04541,1.04509,1.04532,25
2025-02-19T03:00:00.000Z,1.04532,1.0455,1.04523,1.04541,25
2025-02-19T04:00:00.000Z,1.04541,1.04582,1.04463,1.04504,30
2025-02-19T05:00:00.000Z,1.04504,1.04545,1.04451,1.04492,30
2025-02-19T06:00:00.000Z,1.04492,1.04533,1.0444,1.04481,30
2025-02-19T07:00:00.000Z,1.04481,1.04536,1.0444,1.04495,30
2025-02-19T08:00:00.000Z,1.04495,1.04598,1.04467,1.0457,70
2025-02-19T09:00:00.000Z,1.0457,1.04655,1.04542,1.04627,70
2025-02-19T10:00:00.000Z,1.04627,1.04712,1.04599,1.04684,70
2025-02-19T11:00:00.000Z,1.04684,1.04752,1.04656,1.04724,70
2025-02-19T12:00:00.000Z,1.04724,1.04804,1.04706,1.04786,80
2025-02-19T13:00:00.000Z,1.04786,1.04854,1.04768,1.04836,80
2025-02-19T14:00:00.000Z,1.04836,1.04904,1.04818,1.04886,80
2025-02-19T15:00:00.000Z,1.04886,1.04943,1.04868,1.04925,80
2025-02-19T16:00:00.000Z,1.04925,1.04934,1.04896,1.04905,30
2025-02-19T17:00:00.000Z,1.04905,1.04914,1.04882,1.04891,30
2025-02-19T18:00:00.000Z,1.04891,1.049,1.04867,1.04876,30
2025-02-19T19:00:00.000Z,1.04876,1.04885,1.04859,1.04868,30
2025-02-19T20:00:00.000Z,1.04868,1.04903,1.04715,1.0475,15
2025-02-19T21:00:00.000Z,1.0475,1.04785,1.04618,1.04653,15
2025-02-19T22:00:00.000Z,1.04653,1.04688,1.04522,1.04557,15
2025-02-19T23:00:00.000Z,1.04557,1.04592,1.04448,1.04483,15
2025-02-20T00:00:00.000Z,1.0421,1.0424,1.04201,1.04231,25
2025-02-20T01:00:00.000Z,1.04231,1.04254,1.04222,1.04245,25
2025-02-20T02:00:00.000Z,1.04245,1.04269,1.04236,1.0426,25
2025-02-20T03:00:00.000Z,1.0426,1.04278,1.04251,1.04269,25
2025-02-20T04:00:00.000Z,1.04269,1.04277,1.04244,1.04252,30
2025-02-20T05:00:00.000Z,1.04252,1.0426,1.04232,1.0424,30
2025-02-20T06:00:00.000Z,1.0424,1.04248,1.04221,1.04229,30
2025-02-20T07:00:00.000Z,1.04229,1.04237,1.04214,1.04222,30
2025-02-20T08:00:00.000Z,1.04222,1.04327,1.04194,1.04299,70
2025-02-20T09:00:00.000Z,1.04299,1.04386,1.04271,1.04358,70
2025-02-20T10:00:00.000Z,1.04358,1.04445,1.0433,1.04417,70
2025-02-20T11:00:00.000Z,1.04417,1.04486,1.04389,1.04458,70
2025-02-20T12:00:00.000Z,1.04458,1.04557,1.04429,1.04528,80
2025-02-20T13:00:00.000Z,1.04528,1.04608,1.04499,1.04579,80
2025-02-20T14:00:00.000Z,1.04579,1.0466,1.0455,1.04631,80
2025-02-20T15:00:00.000Z,1.04631,1.04694,1.04602,1.04665,80
2025-02-20T16:00:00.000Z,1.04665,1.04674,1.04635,1.04644,30
2025-02-20T17:00:00.000Z,1.04644,1.04653,1.04621,1.0463,30
2025-02-20T18:00:00.000Z,1.0463,1.04639,1.04606,1.04615,30
2025-02-20T19:00:00.000Z,1.04615,1.04624,1.04597,1.04606,30
2025-02-20T20:00:00.000Z,1.04606,1.04642,1.04448,1.04484,15
2025-02-20T21:00:00.000Z,1.04484,1.0452,1.04349,1.04385,15
2025-02-20T22:00:00.000Z,1.04385,1.04421,1.0425,1.04286,15
2025-02-20T23:00:00.000Z,1.04286,1.04322,1.04174,1.0421,15
2025-02-21T00:00:00.000Z,1.05006,1.05035,1.04997,1.05026,25
2025-02-21T01:00:00.000Z,1.05026,1.05049,1.05017,1.0504,25
2025-02-21T02:00:00.000Z,1.0504,1.05064,1.05031,1.05055,25
2025-02-21T03:00:00.000Z,1.05055,1.05072,1.05046,1.05063,25
2025-02-21T04:00:00.000Z,1.05063,1.0511,1.04975,1.05022,30
2025-02-21T05:00:00.000Z,1.05022,1.05069,1.04963,1.0501,30
2025-02-21T06:00:00.000Z,1.0501,1.05057,1.04952,1.04999,30
2025-02-21T07:00:00.000Z,1.04999,1.05064,1.04952,1.05017,30
2025-02-21T08:00:00.000Z,1.05017,1.0512,1.04989,1.05092,70
2025-02-21T09:00:00.000Z,1.05092,1.05177,1.05064,1.05149,70
2025-02-21T10:00:00.000Z,1.05149,1.05235,1.05121,1.05207,70
2025-02-21T11:00:00.000Z,1.05207,1.05275,1.05179,1.05247,70
2025-02-21T12:00:00.000Z,1.05247,1.05327,1.05229,1.05309,80
2025-02-21T13:00:00.000Z,1.05309,1.05378,1.05291,1.0536,80
2025-02-21T14:00:00.000Z,1.0536,1.05428,1.05342,1.0541,80
2025-02-21T15:00:00.000Z,1.0541,1.05467,1.05392,1.05449,80
2025-02-21T16:00:00.000Z,1.05449,1.05458,1.0542,1.05429,30
2025-02-21T17:00:00.000Z,1.05429,1.05438,1.05405,1.05414,30
2025-02-21T18:00:00.000Z,1.05414,1.05423,1.05391,1.054,30
2025-02-21T19:00:00.000Z,1.054,1.05409,1.05382,1.05391,30
2025-02-21T20:00:00.000Z,1.05391,1.05426,1.05238,1.05273,15
2025-02-21T21:00:00.000Z,1.05273,1.05308,1.05141,1.05176,15
2025-02-21T22:00:00.000Z,1.05176,1.05211,1.05045,1.0508,15
2025-02-21T23:00:00.000Z,1.0508,1.05115,1.04971,1.05006,15
2025-02-24T00:00:00.000Z,1.04748,1.04786,1.04736,1.04774,25
2025-02-24T01:00:00.000Z,1.04774,1.04805,1.04762,1.04793,25
2025-02-24T02:00:00.000Z,1.04793,1.04824,1.04781,1.04812,25
2025-02-24T03:00:00.000Z,1.04812,1.04835,1.048,1.04823,25
2025-02-24T04:00:00.000Z,1.04823,1.04848,1.04767,1.04792,30
2025-02-24T05:00:00.000Z,1.04792,1.04817,1.04752,1.04777,30
2025-02-24T06:00:00.000Z,1.04777,1.04802,1.04737,1.04762,30
2025-02-24T07:00:00.000Z,1.04762,1.04788,1.04737,1.04763,30
2025-02-24T08:00:00.000Z,1.04763,1.04896,1.04727,1.0486,70
2025-02-24T09:00:00.000Z,1.0486,1.0497,1.04824,1.04934,70
2025-02-24T10:00:00.000Z,1.04934,1.05044,1.04898,1.05008,70
2025-02-24T11:00:00.000Z,1.05008,1.05096,1.04972,1.0506,70
2025-02-24T12:00:00.000Z,1.0506,1.05164,1.05036,1.0514,80
2025-02-24T13:00:00.000Z,1.0514,1.05229,1.05116,1.05205,80
2025-02-24T14:00:00.000Z,1.05205,1.05294,1.05181,1.0527,80
2025-02-24T15:00:00.000Z,1.0527,1.05344,1.05246,1.0532,80
2025-02-24T16:00:00.000Z,1.0532,1.05332,1.05282,1.05294,30
2025-02-24T17:00:00.000Z,1.05294,1.05306,1.05264,1.05276,30
2025-02-24T18:00:00.000Z,1.05276,1.05288,1.05245,1.05257,30
2025-02-24T19:00:00.000Z,1.05257,1.05269,1.05234,1.05246,30
2025-02-24T20:00:00.000Z,1.05246,1.05292,1.05047,1.05093,15
2025-02-24T21:00:00.000Z,1.05093,1.05139,1.04922,1.04968,15
2025-02-24T22:00:00.000Z,1.04968,1.05014,1.04798,1.04844,15
2025-02-24T23:00:00.000Z,1.04844,1.0489,1.04702,1.04748,15
2025-02-25T00:00:00.000Z,1.04613,1.04644,1.04603,1.04634,25
2025-02-25T01:00:00.000Z,1.04634,1.0466,1.04624,1.0465,25
2025-02-25T02:00:00.000Z,1.0465,1.04675,1.0464,1.04665,25
2025-02-25T03:00:00.000Z,1.04665,1.04684,1.04655,1.04674,25
2025-02-25T04:00:00.000Z,1.04674,1.04684,1.04646,1.04656,30
2025-02-25T05:00:00.000Z,1.04656,1.04666,1.04634,1.04644,30
2025-02-25T06:00:00.000Z,1.04644,1.04654,1.04622,1.04632,30
2025-02-25T07:00:00.000Z,1.04632,1.04642,1.04616,1.04626,30
2025-02-25T08:00:00.000Z,1.04626,1.04734,1.04597,1.04705,70
2025-02-25T09:00:00.000Z,1.04705,1.04794,1.04676,1.04765,70
2025-02-25T10:00:00.000Z,1.04765,1.04855,1.04736,1.04826,70
2025-02-25T11:00:00.000Z,1.04826,1.04897,1.04797,1.04868,70
2025-02-25T12:00:00.000Z,1.04868,1.04966,1.0484,1.04938,80
2025-02-25T13:00:00.000Z,1.04938,1.05019,1.0491,1.04991,80
2025-02-25T14:00:00.000Z,1.04991,1.05072,1.04963,1.05044,80
2025-02-25T15:00:00.000Z,1.05044,1.05107,1.05016,1.05079,80
2025-02-25T16:00:00.000Z,1.05079,1.05089,1.05048,1.05058,30
2025-02-25T17:00:00.000Z,1.05058,1.05068,1.05033,1.05043,30
2025-02-25T18:00:00.000Z,1.05043,1.05053,1.05018,1.05028,30
2025-02-25T19:00:00.000Z,1.05028,1.05038,1.05009,1.05019,30
2025-02-25T20:00:00.000Z,1.05019,1.05056,1.04857,1.04894,15
2025-02-25T21:00:00.000Z,1.04894,1.04931,1.04756,1.04793,15
2025-02-25T22:00:00.000Z,1.04793,1.0483,1.04654,1.04691,15
2025-02-25T23:00:00.000Z,1.04691,1.04728,1.04576,1.04613,15
2025-02-26T00:00:00.000Z,1.05241,1.05267,1.05233,1.05259,25
2025-02-26T01:00:00.000Z,1.05259,1.0528,1.05251,1.05272,25
2025-02-26T02:00:00.000Z,1.05272,1.05292,1.05264,1.05284,25
2025-02-26T03:00:00.000Z,1.05284,1.053,1.05276,1.05292,25
2025-02-26T04:00:00.000Z,1.05292,1.05336,1.0521,1.05254,30
2025-02-26T05:00:00.000Z,1.05254,1.05298,1.052,1.05244,30
2025-02-26T06:00:00.000Z,1.05244,1.05288,1.0519,1.05234,30
2025-02-26T07:00:00.000Z,1.05234,1.05295,1.0519,1.05251,30
2025-02-26T08:00:00.000Z,1.05251,1.05341,1.05227,1.05317,70
2025-02-26T09:00:00.000Z,1.05317,1.05392,1.05293,1.05368,70
2025-02-26T10:00:00.000Z,1.05368,1.05443,1.05344,1.05419,70
2025-02-26T11:00:00.000Z,1.05419,1.05479,1.05395,1.05455,70
2025-02-26T12:00:00.000Z,1.05455,1.05526,1.05439,1.0551,80
2025-02-26T13:00:00.000Z,1.0551,1.0557,1.05494,1.05554,80
2025-02-26T14:00:00.000Z,1.05554,1.05615,1.05538,1.05599,80
2025-02-26T15:00:00.000Z,1.05599,1.05649,1.05583,1.05633,80
2025-02-26T16:00:00.000Z,1.05633,1.05641,1.05607,1.05615,30
2025-02-26T17:00:00.000Z,1.05615,1.05623,1.05594,1.05602,30
2025-02-26T18:00:00.000Z,1.05602,1.0561,1.05582,1.0559,30
2025-02-26T19:00:00.000Z,1.0559,1.05598,1.05574,1.05582,30
2025-02-26T20:00:00.000Z,1.05582,1.05613,1.05446,1.05477,15
2025-02-26T21:00:00.000Z,1.05477,1.05508,1.05361,1.05392,15
2025-02-26T22:00:00.000Z,1.05392,1.05423,1.05276,1.05307,15
2025-02-26T23:00:00.000Z,1.05307,1.05338,1.0521,1.05241,15
2025-02-27T00:00:00.000Z,1.04888,1.04932,1.04874,1.04918,25
2025-02-27T01:00:00.000Z,1.04918,1.04953,1.04904,1.04939,25
2025-02-27T02:00:00.000Z,1.04939,1.04974,1.04925,1.0496,25
2025-02-27T03:00:00.000Z,1.0496,1.04987,1.04946,1.04973,25
2025-02-27T04:00:00.000Z,1.04973,1.0505,1.04831,1.04908,30
2025-02-27T05:00:00.000Z,1.04908,1.04985,1.04814,1.04891,30
2025-02-27T06:00:00.000Z,1.04891,1.04968,1.04797,1.04874,30
2025-02-27T07:00:00.000Z,1.04874,1.04982,1.04797,1.04905,30
2025-02-27T08:00:00.000Z,1.04905,1.05056,1.04864,1.05015,70
2025-02-27T09:00:00.000Z,1.05015,1.05141,1.04974,1.051,70
2025-02-27T10:00:00.000Z,1.051,1.05226,1.05059,1.05185,70
2025-02-27T11:00:00.000Z,1.05185,1.05286,1.05144,1.05245,70
2025-02-27T12:00:00.000Z,1.05245,1.05363,1.05218,1.05336,80
2025-02-27T13:00:00.000Z,1.05336,1.05438,1.05309,1.05411,80
2025-02-27T14:00:00.000Z,1.05411,1.05512,1.05384,1.05485,80
2025-02-27T15:00:00.000Z,1.05485,1.05569,1.05458,1.05542,80
2025-02-27T16:00:00.000Z,1.05542,1.05556,1.05498,1.05512,30
2025-02-27T17:00:00.000Z,1.05512,1.05526,1.05477,1.05491,30
2025-02-27T18:00:00.000Z,1.05491,1.05505,1.05456,1.0547,30
2025-02-27T19:00:00.000Z,1.0547,1.05484,1.05443,1.05457,30
2025-02-27T20:00:00.000Z,1.05457,1.05509,1.0523,1.05282,15
2025-02-27T21:00:00.000Z,1.05282,1.05334,1.05088,1.0514,15
2025-02-27T22:00:00.000Z,1.0514,1.05192,1.04945,1.04997,15
2025-02-27T23:00:00.000Z,1.04997,1.05049,1.04836,1.04888,15
2025-02-28T00:00:00.000Z,1.03951,1.03971,1.03945,1.03965,25
2025-02-28T01:00:00.000Z,1.03965,1.0398,1.03959,1.03974,25
2025-02-28T02:00:00.000Z,1.03974,1.0399,1.03968,1.03984,25
2025-02-28T03:00:00.000Z,1.03984,1.03996,1.03978,1.0399,25
2025-02-28T04:00:00.000Z,1.0399,1.04005,1.03958,1.03973,30
2025-02-28T05:00:00.000Z,1.03973,1.03988,1.0395,1.03965,30
2025-02-28T06:00:00.000Z,1.03965,1.0398,1.03942,1.03957,30
2025-02-28T07:00:00.000Z,1.03957,1.03974,1.03942,1.03959,30
2025-02-28T08:00:00.000Z,1.03959,1.04029,1.0394,1.0401,70
2025-02-28T09:00:00.000Z,1.0401,1.04068,1.03991,1.04049,70
2025-02-28T10:00:00.000Z,1.04049,1.04108,1.0403,1.04089,70
2025-02-28T11:00:00.000Z,1.04089,1.04135,1.0407,1.04116,70
2025-02-28T12:00:00.000Z,1.04116,1.04171,1.04103,1.04158,80
2025-02-28T13:00:00.000Z,1.04158,1.04205,1.04145,1.04192,80
2025-02-28T14:00:00.000Z,1.04192,1.0424,1.04179,1.04227,80
2025-02-28T15:00:00.000Z,1.04227,1.04266,1.04214,1.04253,80
2025-02-28T16:00:00.000Z,1.04253,1.04259,1.04233,1.04239,30
2025-02-28T17:00:00.000Z,1.04239,1.04245,1.04224,1.0423,30
2025-02-28T18:00:00.000Z,1.0423,1.04236,1.04214,1.0422,30
2025-02-28T19:00:00.000Z,1.0422,1.04226,1.04208,1.04214,30
2025-02-28T20:00:00.000Z,1.04214,1.04238,1.04109,1.04133,15
2025-02-28T21:00:00.000Z,1.04133,1.04157,1.04043,1.04067,15
2025-02-28T22:00:00.000Z,1.04067,1.04091,1.03978,1.04002,15
2025-02-28T23:00:00.000Z,1.04002,1.04026,1.03927,1.03951,15
2025-03-03T00:00:00.000Z,1.04138,1.04194,1.0412,1.04176,25
2025-03-03T01:00:00.000Z,1.04176,1.04222,1.04158,1.04204,25
2025-03-03T02:00:00.000Z,1.04204,1.04249,1.04186,1.04231,25
2025-03-03T03:00:00.000Z,1.04231,1.04266,1.04213,1.04248,25
2025-03-03T04:00:00.000Z,1.04248,1.0428,1.04174,1.04206,30
2025-03-03T05:00:00.000Z,1.04206,1.04238,1.04152,1.04184,30
2025-03-03T06:00:00.000Z,1.04184,1.04216,1.0413,1.04162,30
2025-03-03T07:00:00.000Z,1.04162,1.04194,1.04128,1.0416,30
2025-03-03T08:00:00.000Z,1.0416,1.04356,1.04107,1.04303,70
2025-03-03T09:00:00.000Z,1.04303,1.04465,1.0425,1.04412,70
2025-03-03T10:00:00.000Z,1.04412,1.04575,1.04359,1.04522,70
2025-03-03T11:00:00.000Z,1.04522,1.04652,1.04469,1.04599,70
2025-03-03T12:00:00.000Z,1.04599,1.04755,1.04562,1.04718,80
2025-03-03T13:00:00.000Z,1.04718,1.04851,1.04681,1.04814,80
2025-03-03T14:00:00.000Z,1.04814,1.04948,1.04777,1.04911,80
2025-03-03T15:00:00.000Z,1.04911,1.05021,1.04874,1.04984,80
2025-03-03T16:00:00.000Z,1.04984,1.05002,1.04928,1.04946,30
2025-03-03T17:00:00.000Z,1.04946,1.04964,1.049,1.04918,30
2025-03-03T18:00:00.000Z,1.04918,1.04936,1.04873,1.04891,30
2025-03-03T19:00:00.000Z,1.04891,1.04909,1.04856,1.04874,30
2025-03-03T20:00:00.000Z,1.04874,1.04942,1.0458,1.04648,15
2025-03-03T21:00:00.000Z,1.04648,1.04716,1.04396,1.04464,15
2025-03-03T22:00:00.000Z,1.04464,1.04532,1.04212,1.0428,15
2025-03-03T23:00:00.000Z,1.0428,1.04348,1.0407,1.04138,15
2025-03-04T00:00:00.000Z,1.0485,1.04895,1.04836,1.04881,25
2025-03-04T01:00:00.000Z,1.04881,1.04917,1.04867,1.04903,25
2025-03-04T02:00:00.000Z,1.04903,1.04939,1.04889,1.04925,25
2025-03-04T03:00:00.000Z,1.04925,1.04952,1.04911,1.04938,25
2025-03-04T04:00:00.000Z,1.04938,1.04959,1.04886,1.04907,30
2025-03-04T05:00:00.000Z,1.04907,1.04928,1.04869,1.0489,30
2025-03-04T06:00:00.000Z,1.0489,1.04911,1.04851,1.04872,30
2025-03-04T07:00:00.000Z,1.04872,1.04893,1.04847,1.04868,30
2025-03-04T08:00:00.000Z,1.04868,1.05024,1.04826,1.04982,70
2025-03-04T09:00:00.000Z,1.04982,1.05112,1.0494,1.0507,70
2025-03-04T10:00:00.000Z,1.0507,1.052,1.05028,1.05158,70
2025-03-04T11:00:00.000Z,1.05158,1.05261,1.05116,1.05219,70
2025-03-04T12:00:00.000Z,1.05219,1.05351,1.05185,1.05317,80
2025-03-04T13:00:00.000Z,1.05317,1.05428,1.05283,1.05394,80
2025-03-04T14:00:00.000Z,1.05394,1.05504,1.0536,1.0547,80
2025-03-04T15:00:00.000Z,1.0547,1.0556,1.05436,1.05526,80
2025-03-04T16:00:00.000Z,1.05526,1.0554,1.05482,1.05496,30
2025-03-04T17:00:00.000Z,1.05496,1.0551,1.0546,1.05474,30
2025-03-04T18:00:00.000Z,1.05474,1.05488,1.05438,1.05452,30
2025-03-04T19:00:00.000Z,1.05452,1.05466,1.05425,1.05439,30
2025-03-04T20:00:00.000Z,1.05439,1.05493,1.05204,1.05258,15
2025-03-04T21:00:00.000Z,1.05258,1.05312,1.05057,1.05111,15
2025-03-04T22:00:00.000Z,1.05111,1.05165,1.04909,1.04963,15
2025-03-04T23:00:00.000Z,1.04963,1.05017,1.04796,1.0485,15
2025-03-05T00:00:00.000Z,1.0627,1.06363,1.06241,1.06334,25
2025-03-05T01:00:00.000Z,1.06334,1.06409,1.06305,1.0638,25
2025-03-05T02:00:00.000Z,1.0638,1.06455,1.06351,1.06426,25
2025-03-05T03:00:00.000Z,1.06426,1.06482,1.06397,1.06453,25
2025-03-05T04:00:00.000Z,1.06453,1.06494,1.0635,1.06391,30
2025-03-05T05:00:00.000Z,1.06391,1.06432,1.06313,1.06354,30
2025-03-05T06:00:00.000Z,1.06354,1.06395,1.06277,1.06318,30
2025-03-05T07:00:00.000Z,1.06318,1.06359,1.06266,1.06307,30
2025-03-05T08:00:00.000Z,1.06307,1.06633,1.06219,1.06545,70
2025-03-05T09:00:00.000Z,1.06545,1.06815,1.06457,1.06727,70
2025-03-05T10:00:00.000Z,1.06727,1.06998,1.06639,1.0691,70
2025-03-05T11:00:00.000Z,1.0691,1.07126,1.06822,1.07038,70
2025-03-05T12:00:00.000Z,1.07038,1.07317,1.06965,1.07244,80
2025-03-05T13:00:00.000Z,1.07244,1.07477,1.07171,1.07404,80
2025-03-05T14:00:00.000Z,1.07404,1.07637,1.07331,1.07564,80
2025-03-05T15:00:00.000Z,1.07564,1.07752,1.07491,1.07679,80
2025-03-05T16:00:00.000Z,1.07679,1.07708,1.07586,1.07615,30
2025-03-05T17:00:00.000Z,1.07615,1.07644,1.0754,1.07569,30
2025-03-05T18:00:00.000Z,1.07569,1.07598,1.07494,1.07523,30
2025-03-05T19:00:00.000Z,1.07523,1.07552,1.07467,1.07496,30
2025-03-05T20:00:00.000Z,1.07496,1.07609,1.07006,1.07119,15
2025-03-05T21:00:00.000Z,1.07119,1.07232,1.067,1.06813,15
2025-03-05T22:00:00.000Z,1.06813,1.06926,1.06393,1.06506,15
2025-03-05T23:00:00.000Z,1.06506,1.06619,1.06157,1.0627,15
2025-03-06T00:00:00.000Z,1.07949,1.07984,1.07938,1.07973,25
2025-03-06T01:00:00.000Z,1.07973,1.08001,1.07962,1.0799,25
2025-03-06T02:00:00.000Z,1.0799,1.08019,1.07979,1.08008,25
2025-03-06T03:00:00.000Z,1.08008,1.08029,1.07997,1.08018,25
2025-03-06T04:00:00.000Z,1.08018,1.08036,1.07975,1.07993,30
2025-03-06T05:00:00.000Z,1.07993,1.08011,1.07961,1.07979,30
2025-03-06T06:00:00.000Z,1.07979,1.07997,1.07947,1.07965,30
2025-03-06T07:00:00.000Z,1.07965,1.07983,1.07945,1.07963,30
2025-03-06T08:00:00.000Z,1.07963,1.08085,1.0793,1.08052,70
2025-03-06T09:00:00.000Z,1.08052,1.08154,1.08019,1.08121,70
2025-03-06T10:00:00.000Z,1.08121,1.08222,1.08088,1.08189,70
2025-03-06T11:00:00.000Z,1.08189,1.0827,1.08156,1.08237,70
2025-03-06T12:00:00.000Z,1.08237,1.08337,1.08212,1.08312,80
2025-03-06T13:00:00.000Z,1.08312,1.08397,1.08287,1.08372,80
2025-03-06T14:00:00.000Z,1.08372,1.08457,1.08347,1.08432,80
2025-03-06T15:00:00.000Z,1.08432,1.08502,1.08407,1.08477,80
2025-03-06T16:00:00.000Z,1.08477,1.08488,1.08442,1.08453,30
2025-03-06T17:00:00.000Z,1.08453,1.08464,1.08425,1.08436,30
2025-03-06T18:00:00.000Z,1.08436,1.08447,1.08408,1.08419,30
2025-03-06T19:00:00.000Z,1.08419,1.0843,1.08398,1.08409,30
2025-03-06T20:00:00.000Z,1.08409,1.08451,1.08226,1.08268,15
2025-03-06T21:00:00.000Z,1.08268,1.0831,1.08111,1.08153,15
2025-03-06T22:00:00.000Z,1.08153,1.08195,1.07996,1.08038,15
2025-03-06T23:00:00.000Z,1.08038,1.0808,1.07907,1.07949,15
2025-03-07T00:00:00.000Z,1.0788,1.07933,1.07863,1.07916,25
2025-03-07T01:00:00.000Z,1.07916,1.07959,1.07899,1.07942,25
2025-03-07T02:00:00.000Z,1.07942,1.07985,1.07925,1.07968,25
2025-03-07T03:00:00.000Z,1.07968,1.08,1.07951,1.07983,25
2025-03-07T04:00:00.000Z,1.07983,1.08,1.07935,1.07952,30
2025-03-07T05:00:00.000Z,1.07952,1.07969,1.07914,1.07931,30
2025-03-07T06:00:00.000Z,1.07931,1.07948,1.07893,1.0791,30
2025-03-07T07:00:00.000Z,1.0791,1.07927,1.07883,1.079,30
2025-03-07T08:00:00.000Z,1.079,1.08085,1.0785,1.08035,70
2025-03-07T09:00:00.000Z,1.08035,1.08188,1.07985,1.08138,70
2025-03-07T10:00:00.000Z,1.08138,1.08292,1.08088,1.08242,70
2025-03-07T11:00:00.000Z,1.08242,1.08364,1.08192,1.08314,70
2025-03-07T12:00:00.000Z,1.08314,1.08482,1.08266,1.08434,80
2025-03-07T13:00:00.000Z,1.08434,1.08573,1.08386,1.08525,80
2025-03-07T14:00:00.000Z,1.08525,1.08664,1.08477,1.08616,80
2025-03-07T15:00:00.000Z,1.08616,1.08725,1.08568,1.08677,80
2025-03-07T16:00:00.000Z,1.08677,1.08694,1.08624,1.08641,30
2025-03-07T17:00:00.000Z,1.08641,1.08658,1.08598,1.08615,30
2025-03-07T18:00:00.000Z,1.08615,1.08632,1.08572,1.08589,30
2025-03-07T19:00:00.000Z,1.08589,1.08606,1.08556,1.08573,30
2025-03-07T20:00:00.000Z,1.08573,1.08637,1.08296,1.0836,15
2025-03-07T21:00:00.000Z,1.0836,1.08424,1.08123,1.08187,15
2025-03-07T22:00:00.000Z,1.08187,1.08251,1.07949,1.08013,15
2025-03-07T23:00:00.000Z,1.08013,1.08077,1.07816,1.0788,15
2025-03-10T00:00:00.000Z,1.08606,1.08641,1.08595,1.0863,25
2025-03-10T01:00:00.000Z,1.0863,1.08657,1.08619,1.08646,25
2025-03-10T02:00:00.000Z,1.08646,1.08674,1.08635,1.08663,25
2025-03-10T03:00:00.000Z,1.08663,1.08684,1.08652,1.08673,25
2025-03-10T04:00:00.000Z,1.08673,1.08725,1.08575,1.08627,30
2025-03-10T05:00:00.000Z,1.08627,1.08679,1.08562,1.08614,30
2025-03-10T06:00:00.000Z,1.08614,1.08666,1.08548,1.086,30
2025-03-10T07:00:00.000Z,1.086,1.08671,1.08548,1.08619,30
2025-03-10T08:00:00.000Z,1.08619,1.08738,1.08587,1.08706,70
2025-03-10T09:00:00.000Z,1.08706,1.08806,1.08674,1.08774,70
2025-03-10T10:00:00.000Z,1.08774,1.08873,1.08742,1.08841,70
2025-03-10T11:00:00.000Z,1.08841,1.0892,1.08809,1.08888,70
2025-03-10T12:00:00.000Z,1.08888,1.08981,1.08867,1.0896,80
2025-03-10T13:00:00.000Z,1.0896,1.0904,1.08939,1.09019,80
2025-03-10T14:00:00.000Z,1.09019,1.09099,1.08998,1.09078,80
2025-03-10T15:00:00.000Z,1.09078,1.09144,1.09057,1.09123,80
2025-03-10T16:00:00.000Z,1.09123,1.09134,1.09089,1.091,30
2025-03-10T17:00:00.000Z,1.091,1.09111,1.09072,1.09083,30
2025-03-10T18:00:00.000Z,1.09083,1.09094,1.09055,1.09066,30
2025-03-10T19:00:00.000Z,1.09066,1.09077,1.09045,1.09056,30
2025-03-10T20:00:00.000Z,1.09056,1.09097,1.08877,1.08918,15
2025-03-10T21:00:00.000Z,1.08918,1.08959,1.08764,1.08805,15
2025-03-10T22:00:00.000Z,1.08805,1.08846,1.08652,1.08693,15
2025-03-10T23:00:00.000Z,1.08693,1.08734,1.08565,1.08606,15
2025-03-11T00:00:00.000Z,1.08394,1.08442,1.08379,1.08427,25
2025-03-11T01:00:00.000Z,1.08427,1.08465,1.08412,1.0845,25
2025-03-11T02:00:00.000Z,1.0845,1.08488,1.08435,1.08473,25
2025-03-11T03:00:00.000Z,1.08473,1.08502,1.08458,1.08487,25
2025-03-11T04:00:00.000Z,1.08487,1.085,1.08447,1.0846,30
2025-03-11T05:00:00.000Z,1.0846,1.08473,1.08429,1.08442,30
2025-03-11T06:00:00.000Z,1.08442,1.08455,1.0841,1.08423,30
2025-03-11T07:00:00.000Z,1.08423,1.08436,1.084,1.08413,30
2025-03-11T08:00:00.000Z,1.08413,1.0858,1.08368,1.08535,70
2025-03-11T09:00:00.000Z,1.08535,1.08673,1.0849,1.08628,70
2025-03-11T10:00:00.000Z,1.08628,1.08767,1.08583,1.08722,70
2025-03-11T11:00:00.000Z,1.08722,1.08832,1.08677,1.08787,70
2025-03-11T12:00:00.000Z,1.08787,1.08942,1.08742,1.08897,80
2025-03-11T13:00:00.000Z,1.08897,1.09024,1.08852,1.08979,80
2025-03-11T14:00:00.000Z,1.08979,1.09105,1.08934,1.0906,80
2025-03-11T15:00:00.000Z,1.0906,1.09159,1.09015,1.09114,80
2025-03-11T16:00:00.000Z,1.09114,1.09129,1.09066,1.09081,30
2025-03-11T17:00:00.000Z,1.09081,1.09096,1.09043,1.09058,30
2025-03-11T18:00:00.000Z,1.09058,1.09073,1.09019,1.09034,30
2025-03-11T19:00:00.000Z,1.09034,1.09049,1.09005,1.0902,30
2025-03-11T20:00:00.000Z,1.0902,1.09078,1.0877,1.08828,15
2025-03-11T21:00:00.000Z,1.08828,1.08886,1.08613,1.08671,15
2025-03-11T22:00:00.000Z,1.08671,1.08729,1.08457,1.08515,15
2025-03-11T23:00:00.000Z,1.08515,1.08573,1.08336,1.08394,15
2025-03-12T00:00:00.000Z,1.09142,1.09171,1.09133,1.09162,25
2025-03-12T01:00:00.000Z,1.09162,1.09185,1.09153,1.09176,25
2025-03-12T02:00:00.000Z,1.09176,1.092,1.09167,1.09191,25
2025-03-12T03:00:00.000Z,1.09191,1.09208,1.09182,1.09199,25
2025-03-12T04:00:00.000Z,1.09199,1.09235,1.09129,1.09165,30
2025-03-12T05:00:00.000Z,1.09165,1.09201,1.09117,1.09153,30
2025-03-12T06:00:00.000Z,1.09153,1.09189,1.09106,1.09142,30
2025-03-12T07:00:00.000Z,1.09142,1.09189,1.09106,1.09153,30
2025-03-12T08:00:00.000Z,1.09153,1.09255,1.09125,1.09227,70
2025-03-12T09:00:00.000Z,1.09227,1.09313,1.09199,1.09285,70
2025-03-12T10:00:00.000Z,1.09285,1.0937,1.09257,1.09342,70
2025-03-12T11:00:00.000Z,1.09342,1.0941,1.09314,1.09382,70
2025-03-12T12:00:00.000Z,1.09382,1.09462,1.09364,1.09444,80
2025-03-12T13:00:00.000Z,1.09444,1.09512,1.09426,1.09494,80
2025-03-12T14:00:00.000Z,1.09494,1.09562,1.09476,1.09544,80
2025-03-12T15:00:00.000Z,1.09544,1.09601,1.09526,1.09583,80
2025-03-12T16:00:00.000Z,1.09583,1.09592,1.09554,1.09563,30
2025-03-12T17:00:00.000Z,1.09563,1.09572,1.0954,1.09549,30
2025-03-12T18:00:00.000Z,1.09549,1.09558,1.09526,1.09535,30
2025-03-12T19:00:00.000Z,1.09535,1.09544,1.09517,1.09526,30
2025-03-12T20:00:00.000Z,1.09526,1.09561,1.09373,1.09408,15
2025-03-12T21:00:00.000Z,1.09408,1.09443,1.09277,1.09312,15
2025-03-12T22:00:00.000Z,1.09312,1.09347,1.09181,1.09216,15
2025-03-12T23:00:00.000Z,1.09216,1.09251,1.09107,1.09142,15
2025-03-13T00:00:00.000Z,1.08862,1.08901,1.0885,1.08889,25
2025-03-13T01:00:00.000Z,1.08889,1.0892,1.08877,1.08908,25
2025-03-13T02:00:00.000Z,1.08908,1.08939,1.08896,1.08927,25
2025-03-13T03:00:00.000Z,1.08927,1.08951,1.08915,1.08939,25
2025-03-13T04:00:00.000Z,1.08939,1.08999,1.08826,1.08886,30
2025-03-13T05:00:00.000Z,1.08886,1.08946,1.08811,1.08871,30
2025-03-13T06:00:00.000Z,1.08871,1.08931,1.08796,1.08856,30
2025-03-13T07:00:00.000Z,1.08856,1.08938,1.08796,1.08878,30
2025-03-13T08:00:00.000Z,1.08878,1.09014,1.08841,1.08977,70
2025-03-13T09:00:00.000Z,1.08977,1.0909,1.0894,1.09053,70
2025-03-13T10:00:00.000Z,1.09053,1.09167,1.09016,1.0913,70
2025-03-13T11:00:00.000Z,1.0913,1.0922,1.09093,1.09183,70
2025-03-13T12:00:00.000Z,1.09183,1.09289,1.09159,1.09265,80
2025-03-13T13:00:00.000Z,1.09265,1.09355,1.09241,1.09331,80
2025-03-13T14:00:00.000Z,1.09331,1.09422,1.09307,1.09398,80
2025-03-13T15:00:00.000Z,1.09398,1.09473,1.09374,1.09449,80
2025-03-13T16:00:00.000Z,1.09449,1.09461,1.0941,1.09422,30
2025-03-13T17:00:00.000Z,1.09422,1.09434,1.09391,1.09403,30
2025-03-13T18:00:00.000Z,1.09403,1.09415,1.09372,1.09384,30
2025-03-13T19:00:00.000Z,1.09384,1.09396,1.09361,1.09373,30
2025-03-13T20:00:00.000Z,1.09373,1.0942,1.09169,1.09216,15
2025-03-13T21:00:00.000Z,1.09216,1.09263,1.09041,1.09088,15
2025-03-13T22:00:00.000Z,1.09088,1.09135,1.08913,1.0896,15
2025-03-13T23:00:00.000Z,1.0896,1.09007,1.08815,1.08862,15
2025-03-14T00:00:00.000Z,1.08556,1.08597,1.08543,1.08584,25
2025-03-14T01:00:00.000Z,1.08584,1.08616,1.08571,1.08603,25
2025-03-14T02:00:00.000Z,1.08603,1.08636,1.0859,1.08623,25
2025-03-14T03:00:00.000Z,1.08623,1.08648,1.0861,1.08635,25
2025-03-14T04:00:00.000Z,1.08635,1.08664,1.08572,1.08601,30
2025-03-14T05:00:00.000Z,1.08601,1.0863,1.08556,1.08585,30
2025-03-14T06:00:00.000Z,1.08585,1.08614,1.08541,1.0857,30
2025-03-14T07:00:00.000Z,1.0857,1.08601,1.08541,1.08572,30
2025-03-14T08:00:00.000Z,1.08572,1.08712,1.08534,1.08674,70
2025-03-14T09:00:00.000Z,1.08674,1.08791,1.08636,1.08753,70
2025-03-14T10:00:00.000Z,1.08753,1.0887,1.08715,1.08832,70
2025-03-14T11:00:00.000Z,1.08832,1.08925,1.08794,1.08887,70
2025-03-14T12:00:00.000Z,1.08887,1.08997,1.08862,1.08972,80
2025-03-14T13:00:00.000Z,1.08972,1.09066,1.08947,1.09041,80
2025-03-14T14:00:00.000Z,1.09041,1.09135,1.09016,1.0911,80
2025-03-14T15:00:00.000Z,1.0911,1.09188,1.09085,1.09163,80
2025-03-14T16:00:00.000Z,1.09163,1.09176,1.09123,1.09136,30
2025-03-14T17:00:00.000Z,1.09136,1.09149,1.09103,1.09116,30
2025-03-14T18:00:00.000Z,1.09116,1.09129,1.09084,1.09097,30
2025-03-14T19:00:00.000Z,1.09097,1.0911,1.09072,1.09085,30
2025-03-14T20:00:00.000Z,1.09085,1.09134,1.08873,1.08922,15
2025-03-14T21:00:00.000Z,1.08922,1.08971,1.08741,1.0879,15
2025-03-14T22:00:00.000Z,1.0879,1.08839,1.08609,1.08658,15
2025-03-14T23:00:00.000Z,1.08658,1.08707,1.08507,1.08556,15
2025-03-17T00:00:00.000Z,1.08813,1.08844,1.08803,1.08834,25
2025-03-17T01:00:00.000Z,1.08834,1.08858,1.08824,1.08848,25
2025-03-17T02:00:00.000Z,1.08848,1.08873,1.08838,1.08863,25
2025-03-17T03:00:00.000Z,1.08863,1.08882,1.08853,1.08872,25
2025-03-17T04:00:00.000Z,1.08872,1.08889,1.08833,1.0885,30
2025-03-17T05:00:00.000Z,1.0885,1.08867,1.08821,1.08838,30
2025-03-17T06:00:00.000Z,1.08838,1.08855,1.08809,1.08826,30
2025-03-17T07:00:00.000Z,1.08826,1.08843,1.08808,1.08825,30
2025-03-17T08:00:00.000Z,1.08825,1.08932,1.08796,1.08903,70
2025-03-17T09:00:00.000Z,1.08903,1.08991,1.08874,1.08962,70
2025-03-17T10:00:00.000Z,1.08962,1.09051,1.08933,1.09022,70
2025-03-17T11:00:00.000Z,1.09022,1.09093,1.08993,1.09064,70
2025-03-17T12:00:00.000Z,1.09064,1.09149,1.09044,1.09129,80
2025-03-17T13:00:00.000Z,1.09129,1.09201,1.09109,1.09181,80
2025-03-17T14:00:00.000Z,1.09181,1.09254,1.09161,1.09234,80
2025-03-17T15:00:00.000Z,1.09234,1.09293,1.09214,1.09273,80
2025-03-17T16:00:00.000Z,1.09273,1.09283,1.09242,1.09252,30
2025-03-17T17:00:00.000Z,1.09252,1.09262,1.09227,1.09237,30
2025-03-17T18:00:00.000Z,1.09237,1.09247,1.09212,1.09222,30
2025-03-17T19:00:00.000Z,1.09222,1.09232,1.09203,1.09213,30
2025-03-17T20:00:00.000Z,1.09213,1.0925,1.09053,1.0909,15
2025-03-17T21:00:00.000Z,1.0909,1.09127,1.08953,1.0899,15
2025-03-17T22:00:00.000Z,1.0899,1.09027,1.08853,1.0889,15
2025-03-17T23:00:00.000Z,1.0889,1.08927,1.08776,1.08813,15
2025-03-18T00:00:00.000Z,1.09192,1.09221,1.09183,1.09212,25
2025-03-18T01:00:00.000Z,1.09212,1.09235,1.09203,1.09226,25
2025-03-18T02:00:00.000Z,1.09226,1.0925,1.09217,1.09241,25
2025-03-18T03:00:00.000Z,1.09241,1.09258,1.09232,1.09249,25
2025-03-18T04:00:00.000Z,1.09249,1.09274,1.09197,1.09222,30
2025-03-18T05:00:00.000Z,1.09222,1.09247,1.09186,1.09211,30
2025-03-18T06:00:00.000Z,1.09211,1.09236,1.09174,1.09199,30
2025-03-18T07:00:00.000Z,1.09199,1.09228,1.09174,1.09203,30
2025-03-18T08:00:00.000Z,1.09203,1.09306,1.09175,1.09278,70
2025-03-18T09:00:00.000Z,1.09278,1.09363,1.0925,1.09335,70
2025-03-18T10:00:00.000Z,1.09335,1.09421,1.09307,1.09393,70
2025-03-18T11:00:00.000Z,1.09393,1.09461,1.09365,1.09433,70
2025-03-18T12:00:00.000Z,1.09433,1.09513,1.09415,1.09495,80
2025-03-18T13:00:00.000Z,1.09495,1.09563,1.09477,1.09545,80
2025-03-18T14:00:00.000Z,1.09545,1.09613,1.09527,1.09595,80
2025-03-18T15:00:00.000Z,1.09595,1.09652,1.09577,1.09634,80
2025-03-18T16:00:00.000Z,1.09634,1.09643,1.09605,1.09614,30
2025-03-18T17:00:00.000Z,1.09614,1.09623,1.0959,1.09599,30
2025-03-18T18:00:00.000Z,1.09599,1.09608,1.09576,1.09585,30
2025-03-18T19:00:00.000Z,1.09585,1.09594,1.09567,1.09576,30
2025-03-18T20:00:00.000Z,1.09576,1.09611,1.09423,1.09458,15
2025-03-18T21:00:00.000Z,1.09458,1.09493,1.09327,1.09362,15
2025-03-18T22:00:00.000Z,1.09362,1.09397,1.09231,1.09266,15
2025-03-18T23:00:00.000Z,1.09266,1.09301,1.09157,1.09192,15
2025-03-19T00:00:00.000Z,1.09395,1.0943,1.09384,1.09419,25
2025-03-19T01:00:00.000Z,1.09419,1.09448,1.09408,1.09437,25
2025-03-19T02:00:00.000Z,1.09437,1.09465,1.09426,1.09454,25
2025-03-19T03:00:00.000Z,1.09454,1.09476,1.09443,1.09465,25
2025-03-19T04:00:00.000Z,1.09465,1.09524,1.09355,1.09414,30
2025-03-19T05:00:00.000Z,1.09414,1.09473,1.09341,1.094,30
2025-03-19T06:00:00.000Z,1.094,1.09459,1.09327,1.09386,30
2025-03-19T07:00:00.000Z,1.09386,1.09468,1.09327,1.09409,30
2025-03-19T08:00:00.000Z,1.09409,1.09534,1.09375,1.095,70
2025-03-19T09:00:00.000Z,1.095,1.09603,1.09466,1.09569,70
2025-03-19T10:00:00.000Z,1.09569,1.09673,1.09535,1.09639,70
2025-03-19T11:00:00.000Z,1.09639,1.09722,1.09605,1.09688,70
2025-03-19T12:00:00.000Z,1.09688,1.09785,1.09666,1.09763,80
2025-03-19T13:00:00.000Z,1.09763,1.09846,1.09741,1.09824,80
2025-03-19T14:00:00.000Z,1.09824,1.09907,1.09802,1.09885,80
2025-03-19T15:00:00.000Z,1.09885,1.09954,1.09863,1.09932,80
2025-03-19T16:00:00.000Z,1.09932,1.09943,1.09897,1.09908,30
2025-03-19T17:00:00.000Z,1.09908,1.09919,1.09879,1.0989,30
2025-03-19T18:00:00.000Z,1.0989,1.09901,1.09861,1.09872,30
2025-03-19T19:00:00.000Z,1.09872,1.09883,1.09851,1.09862,30
2025-03-19T20:00:00.000Z,1.09862,1.09905,1.09675,1.09718,15
2025-03-19T21:00:00.000Z,1.09718,1.09761,1.09559,1.09602,15
2025-03-19T22:00:00.000Z,1.09602,1.09645,1.09442,1.09485,15
2025-03-19T23:00:00.000Z,1.09485,1.09528,1.09352,1.09395,15
2025-03-20T00:00:00.000Z,1.09119,1.0917,1.09103,1.09154,25
2025-03-20T01:00:00.000Z,1.09154,1.09194,1.09138,1.09178,25
2025-03-20T02:00:00.000Z,1.09178,1.09219,1.09162,1.09203,25
2025-03-20T03:00:00.000Z,1.09203,1.09234,1.09187,1.09218,25
2025-03-20T04:00:00.000Z,1.09218,1.09305,1.09057,1.09144,30
2025-03-20T05:00:00.000Z,1.09144,1.09231,1.09037,1.09124,30
2025-03-20T06:00:00.000Z,1.09124,1.09211,1.09018,1.09105,30
2025-03-20T07:00:00.000Z,1.09105,1.09226,1.09018,1.09139,30
2025-03-20T08:00:00.000Z,1.09139,1.09316,1.09091,1.09268,70
2025-03-20T09:00:00.000Z,1.09268,1.09415,1.0922,1.09367,70
2025-03-20T10:00:00.000Z,1.09367,1.09514,1.09319,1.09466,70
2025-03-20T11:00:00.000Z,1.09466,1.09584,1.09418,1.09536,70
2025-03-20T12:00:00.000Z,1.09536,1.09675,1.09504,1.09643,80
2025-03-20T13:00:00.000Z,1.09643,1.09761,1.09611,1.09729,80
2025-03-20T14:00:00.000Z,1.09729,1.09848,1.09697,1.09816,80
2025-03-20T15:00:00.000Z,1.09816,1.09915,1.09784,1.09883,80
2025-03-20T16:00:00.000Z,1.09883,1.09899,1.09832,1.09848,30
2025-03-20T17:00:00.000Z,1.09848,1.09864,1.09808,1.09824,30
2025-03-20T18:00:00.000Z,1.09824,1.0984,1.09783,1.09799,30
2025-03-20T19:00:00.000Z,1.09799,1.09815,1.09768,1.09784,30
2025-03-20T20:00:00.000Z,1.09784,1.09845,1.09519,1.0958,15
2025-03-20T21:00:00.000Z,1.0958,1.09641,1.09352,1.09413,15
2025-03-20T22:00:00.000Z,1.09413,1.09474,1.09186,1.09247,15
2025-03-20T23:00:00.000Z,1.09247,1.09308,1.09058,1.09119,15
2025-03-21T00:00:00.000Z,1.08567,1.08596,1.08558,1.08587,25
2025-03-21T01:00:00.000Z,1.08587,1.0861,1.08578,1.08601,25
2025-03-21T02:00:00.000Z,1.08601,1.08624,1.08592,1.08615,25
2025-03-21T03:00:00.000Z,1.08615,1.08632,1.08606,1.08623,25
2025-03-21T04:00:00.000Z,1.08623,1.0867,1.08535,1.08582,30
2025-03-21T05:00:00.000Z,1.08582,1.08629,1.08524,1.08571,30
2025-03-21T06:00:00.000Z,1.08571,1.08618,1.08513,1.0856,30
2025-03-21T07:00:00.000Z,1.0856,1.08625,1.08513,1.08578,30
2025-03-21T08:00:00.000Z,1.08578,1.08677,1.08551,1.0865,70
2025-03-21T09:00:00.000Z,1.0865,1.08733,1.08623,1.08706,70
2025-03-21T10:00:00.000Z,1.08706,1.08789,1.08679,1.08762,70
2025-03-21T11:00:00.000Z,1.08762,1.08828,1.08735,1.08801,70
2025-03-21T12:00:00.000Z,1.08801,1.08879,1.08783,1.08861,80
2025-03-21T13:00:00.000Z,1.08861,1.08927,1.08843,1.08909,80
2025-03-21T14:00:00.000Z,1.08909,1.08976,1.08891,1.08958,80
2025-03-21T15:00:00.000Z,1.08958,1.09013,1.0894,1.08995,80
2025-03-21T16:00:00.000Z,1.08995,1.09004,1.08967,1.08976,30
2025-03-21T17:00:00.000Z,1.08976,1.08985,1.08953,1.08962,30
2025-03-21T18:00:00.000Z,1.08962,1.08971,1.08939,1.08948,30
2025-03-21T19:00:00.000Z,1.08948,1.08957,1.08931,1.0894,30
2025-03-21T20:00:00.000Z,1.0894,1.08974,1.08791,1.08825,15
2025-03-21T21:00:00.000Z,1.08825,1.08859,1.08698,1.08732,15
2025-03-21T22:00:00.000Z,1.08732,1.08766,1.08605,1.08639,15
2025-03-21T23:00:00.000Z,1.08639,1.08673,1.08533,1.08567,15
2025-03-24T00:00:00.000Z,1.08358,1.08392,1.08347,1.08381,25
2025-03-24T01:00:00.000Z,1.08381,1.08409,1.0837,1.08398,25
2025-03-24T02:00:00.000Z,1.08398,1.08425,1.08387,1.08414,25
2025-03-24T03:00:00.000Z,1.08414,1.08435,1.08403,1.08424,25
2025-03-24T04:00:00.000Z,1.08424,1.08468,1.08339,1.08383,30
2025-03-24T05:00:00.000Z,1.08383,1.08427,1.08326,1.0837,30
2025-03-24T06:00:00.000Z,1.0837,1.08414,1.08313,1.08357,30
2025-03-24T07:00:00.000Z,1.08357,1.08415,1.08313,1.08371,30
2025-03-24T08:00:00.000Z,1.08371,1.08489,1.08339,1.08457,70
2025-03-24T09:00:00.000Z,1.08457,1.08555,1.08425,1.08523,70
2025-03-24T10:00:00.000Z,1.08523,1.08622,1.08491,1.0859,70
2025-03-24T11:00:00.000Z,1.0859,1.08668,1.08558,1.08636,70
2025-03-24T12:00:00.000Z,1.08636,1.08728,1.08615,1.08707,80
2025-03-24T13:00:00.000Z,1.08707,1.08786,1.08686,1.08765,80
2025-03-24T14:00:00.000Z,1.08765,1.08843,1.08744,1.08822,80
2025-03-24T15:00:00.000Z,1.08822,1.08888,1.08801,1.08867,80
2025-03-24T16:00:00.000Z,1.08867,1.08878,1.08833,1.08844,30
2025-03-24T17:00:00.000Z,1.08844,1.08855,1.08816,1.08827,30
2025-03-24T18:00:00.000Z,1.08827,1.08838,1.088,1.08811,30
2025-03-24T19:00:00.000Z,1.08811,1.08822,1.0879,1.08801,30
2025-03-24T20:00:00.000Z,1.08801,1.08842,1.08624,1.08665,15
2025-03-24T21:00:00.000Z,1.08665,1.08706,1.08513,1.08554,15
2025-03-24T22:00:00.000Z,1.08554,1.08595,1.08402,1.08443,15
2025-03-24T23:00:00.000Z,1.08443,1.08484,1.08317,1.08358,15
2025-03-25T00:00:00.000Z,1.08036,1.08062,1.08028,1.08054,25
2025-03-25T01:00:00.000Z,1.08054,1.08075,1.08046,1.08067,25
2025-03-25T02:00:00.000Z,1.08067,1.08088,1.08059,1.0808,25
2025-03-25T03:00:00.000Z,1.0808,1.08096,1.08072,1.08088,25
2025-03-25T04:00:00.000Z,1.08088,1.08114,1.08035,1.08061,30
2025-03-25T05:00:00.000Z,1.08061,1.08087,1.08025,1.08051,30
2025-03-25T06:00:00.000Z,1.08051,1.08077,1.08014,1.0804,30
2025-03-25T07:00:00.000Z,1.0804,1.08072,1.08014,1.08046,30
2025-03-25T08:00:00.000Z,1.08046,1.08139,1.08021,1.08114,70
2025-03-25T09:00:00.000Z,1.08114,1.08191,1.08089,1.08166,70
2025-03-25T10:00:00.000Z,1.08166,1.08243,1.08141,1.08218,70
2025-03-25T11:00:00.000Z,1.08218,1.08279,1.08193,1.08254,70
2025-03-25T12:00:00.000Z,1.08254,1.08327,1.08237,1.0831,80
2025-03-25T13:00:00.000Z,1.0831,1.08373,1.08293,1.08356,80
2025-03-25T14:00:00.000Z,1.08356,1.08419,1.08339,1.08402,80
2025-03-25T15:00:00.000Z,1.08402,1.08454,1.08385,1.08437,80
2025-03-25T16:00:00.000Z,1.08437,1.08445,1.08411,1.08419,30
2025-03-25T17:00:00.000Z,1.08419,1.08427,1.08398,1.08406,30
2025-03-25T18:00:00.000Z,1.08406,1.08414,1.08385,1.08393,30
2025-03-25T19:00:00.000Z,1.08393,1.08401,1.08377,1.08385,30
2025-03-25T20:00:00.000Z,1.08385,1.08417,1.08246,1.08278,15
2025-03-25T21:00:00.000Z,1.08278,1.0831,1.08158,1.0819,15
2025-03-25T22:00:00.000Z,1.0819,1.08222,1.08071,1.08103,15
2025-03-25T23:00:00.000Z,1.08103,1.08135,1.08004,1.08036,15
2025-03-26T00:00:00.000Z,1.07875,1.07892,1.0787,1.07887,25
2025-03-26T01:00:00.000Z,1.07887,1.079,1.07882,1.07895,25
2025-03-26T02:00:00.000Z,1.07895,1.07908,1.0789,1.07903,25
2025-03-26T03:00:00.000Z,1.07903,1.07913,1.07898,1.07908,25
2025-03-26T04:00:00.000Z,1.07908,1.07927,1.07871,1.0789,30
2025-03-26T05:00:00.000Z,1.0789,1.07909,1.07864,1.07883,30
2025-03-26T06:00:00.000Z,1.07883,1.07902,1.07858,1.07877,30
2025-03-26T07:00:00.000Z,1.07877,1.07901,1.07858,1.07882,30
2025-03-26T08:00:00.000Z,1.07882,1.07942,1.07866,1.07926,70
2025-03-26T09:00:00.000Z,1.07926,1.07975,1.0791,1.07959,70
2025-03-26T10:00:00.000Z,1.07959,1.08009,1.07943,1.07993,70
2025-03-26T11:00:00.000Z,1.07993,1.08032,1.07977,1.08016,70
2025-03-26T12:00:00.000Z,1.08016,1.08063,1.08005,1.08052,80
2025-03-26T13:00:00.000Z,1.08052,1.08092,1.08041,1.08081,80
2025-03-26T14:00:00.000Z,1.08081,1.08121,1.0807,1.0811,80
2025-03-26T15:00:00.000Z,1.0811,1.08144,1.08099,1.08133,80
2025-03-26T16:00:00.000Z,1.08133,1.08138,1.08116,1.08121,30
2025-03-26T17:00:00.000Z,1.08121,1.08126,1.08108,1.08113,30
2025-03-26T18:00:00.000Z,1.08113,1.08118,1.08099,1.08104,30
2025-03-26T19:00:00.000Z,1.08104,1.08109,1.08094,1.08099,30
2025-03-26T20:00:00.000Z,1.08099,1.0812,1.08009,1.0803,15
2025-03-26T21:00:00.000Z,1.0803,1.08051,1.07953,1.07974,15
2025-03-26T22:00:00.000Z,1.07974,1.07995,1.07897,1.07918,15
2025-03-26T23:00:00.000Z,1.07918,1.07939,1.07854,1.07875,15
2025-03-27T00:00:00.000Z,1.07421,1.0746,1.07409,1.07448,25
2025-03-27T01:00:00.000Z,1.07448,1.07479,1.07436,1.07467,25
2025-03-27T02:00:00.000Z,1.07467,1.07498,1.07455,1.07486,25
2025-03-27T03:00:00.000Z,1.07486,1.07509,1.07474,1.07497,25
2025-03-27T04:00:00.000Z,1.07497,1.07506,1.07467,1.07476,30
2025-03-27T05:00:00.000Z,1.07476,1.07485,1.07452,1.07461,30
2025-03-27T06:00:00.000Z,1.07461,1.0747,1.07436,1.07445,30
2025-03-27T07:00:00.000Z,1.07445,1.07454,1.07427,1.07436,30
2025-03-27T08:00:00.000Z,1.07436,1.07573,1.07399,1.07536,70
2025-03-27T09:00:00.000Z,1.07536,1.07649,1.07499,1.07612,70
2025-03-27T10:00:00.000Z,1.07612,1.07726,1.07575,1.07689,70
2025-03-27T11:00:00.000Z,1.07689,1.0778,1.07652,1.07743,70
2025-03-27T12:00:00.000Z,1.07743,1.07873,1.07704,1.07834,80
2025-03-27T13:00:00.000Z,1.07834,1.0794,1.07795,1.07901,80
2025-03-27T14:00:00.000Z,1.07901,1.08007,1.07862,1.07968,80
2025-03-27T15:00:00.000Z,1.07968,1.0805,1.07929,1.08011,80
2025-03-27T16:00:00.000Z,1.08011,1.08023,1.07972,1.07984,30
2025-03-27T17:00:00.000Z,1.07984,1.07996,1.07953,1.07965,30
2025-03-27T18:00:00.000Z,1.07965,1.07977,1.07934,1.07946,30
2025-03-27T19:00:00.000Z,1.07946,1.07958,1.07923,1.07935,30
2025-03-27T20:00:00.000Z,1.07935,1.07982,1.0773,1.07777,15
2025-03-27T21:00:00.000Z,1.07777,1.07824,1.07601,1.07648,15
2025-03-27T22:00:00.000Z,1.07648,1.07695,1.07473,1.0752,15
2025-03-27T23:00:00.000Z,1.0752,1.07567,1.07374,1.07421,15
2025-03-28T00:00:00.000Z,1.0801,1.08051,1.07997,1.08038,25
2025-03-28T01:00:00.000Z,1.08038,1.0807,1.08025,1.08057,25
2025-03-28T02:00:00.000Z,1.08057,1.0809,1.08044,1.08077,25
2025-03-28T03:00:00.000Z,1.08077,1.08102,1.08064,1.08089,25
2025-03-28T04:00:00.000Z,1.08089,1.08127,1.08012,1.0805,30
2025-03-28T05:00:00.000Z,1.0805,1.08088,1.07996,1.08034,30
2025-03-28T06:00:00.000Z,1.08034,1.08072,1.0798,1.08018,30
2025-03-28T07:00:00.000Z,1.08018,1.08064,1.0798,1.08026,30
2025-03-28T08:00:00.000Z,1.08026,1.08167,1.07988,1.08129,70
2025-03-28T09:00:00.000Z,1.08129,1.08246,1.08091,1.08208,70
2025-03-28T10:00:00.000Z,1.08208,1.08326,1.0817,1.08288,70
2025-03-28T11:00:00.000Z,1.08288,1.08381,1.0825,1.08343,70
2025-03-28T12:00:00.000Z,1.08343,1.08453,1.08318,1.08428,80
2025-03-28T13:00:00.000Z,1.08428,1.08523,1.08403,1.08498,80
2025-03-28T14:00:00.000Z,1.08498,1.08592,1.08473,1.08567,80
2025-03-28T15:00:00.000Z,1.08567,1.08646,1.08542,1.08621,80
2025-03-28T16:00:00.000Z,1.08621,1.08634,1.0858,1.08593,30
2025-03-28T17:00:00.000Z,1.08593,1.08606,1.08561,1.08574,30
2025-03-28T18:00:00.000Z,1.08574,1.08587,1.08541,1.08554,30
2025-03-28T19:00:00.000Z,1.08554,1.08567,1.08529,1.08542,30
2025-03-28T20:00:00.000Z,1.08542,1.08591,1.08329,1.08378,15
2025-03-28T21:00:00.000Z,1.08378,1.08427,1.08196,1.08245,15
2025-03-28T22:00:00.000Z,1.08245,1.08294,1.08063,1.08112,15
2025-03-28T23:00:00.000Z,1.08112,1.08161,1.07961,1.0801,15
2025-03-30T00:00:00.000Z,1.08239,1.08271,1.08229,1.08261,25
2025-03-30T01:00:00.000Z,1.08261,1.08287,1.08251,1.08277,25
2025-03-30T02:00:00.000Z,1.08277,1.08303,1.08267,1.08293,25
2025-03-30T03:00:00.000Z,1.08293,1.08312,1.08283,1.08302,25
2025-03-30T04:00:00.000Z,1.08302,1.0834,1.08228,1.08266,30
2025-03-30T05:00:00.000Z,1.08266,1.08304,1.08215,1.08253,30
2025-03-30T06:00:00.000Z,1.08253,1.08291,1.08203,1.08241,30
2025-03-30T07:00:00.000Z,1.08241,1.0829,1.08203,1.08252,30
2025-03-30T08:00:00.000Z,1.08252,1.08364,1.08222,1.08334,70
2025-03-30T09:00:00.000Z,1.08334,1.08426,1.08304,1.08396,70
2025-03-30T10:00:00.000Z,1.08396,1.08489,1.08366,1.08459,70
2025-03-30T11:00:00.000Z,1.08459,1.08533,1.08429,1.08503,70
2025-03-30T12:00:00.000Z,1.08503,1.0859,1.08483,1.0857,80
2025-03-30T13:00:00.000Z,1.0857,1.08645,1.0855,1.08625,80
2025-03-30T14:00:00.000Z,1.08625,1.087,1.08605,1.0868,80
2025-03-30T15:00:00.000Z,1.0868,1.08742,1.0866,1.08722,80
2025-03-30T16:00:00.000Z,1.08722,1.08732,1.0869,1.087,30
2025-03-30T17:00:00.000Z,1.087,1.0871,1.08674,1.08684,30
2025-03-30T18:00:00.000Z,1.08684,1.08694,1.08658,1.08668,30
2025-03-30T19:00:00.000Z,1.08668,1.08678,1.08649,1.08659,30
2025-03-30T20:00:00.000Z,1.08659,1.08698,1.08491,1.0853,15
2025-03-30T21:00:00.000Z,1.0853,1.08569,1.08386,1.08425,15
2025-03-30T22:00:00.000Z,1.08425,1.08464,1.08281,1.0832,15
2025-03-30T23:00:00.000Z,1.0832,1.08359,1.082,1.08239,15
2025-03-31T00:00:00.000Z,1.08189,1.08215,1.08181,1.08207,25
2025-03-31T01:00:00.000Z,1.08207,1.08228,1.08199,1.0822,25
2025-03-31T02:00:00.000Z,1.0822,1.0824,1.08212,1.08232,25
2025-03-31T03:00:00.000Z,1.08232,1.08248,1.08224,1.0824,25
2025-03-31T04:00:00.000Z,1.0824,1.08278,1.08168,1.08206,30
2025-03-31T05:00:00.000Z,1.08206,1.08244,1.08158,1.08196,30
2025-03-31T06:00:00.000Z,1.08196,1.08234,1.08148,1.08186,30
2025-03-31T07:00:00.000Z,1.08186,1.08237,1.08148,1.08199,30
2025-03-31T08:00:00.000Z,1.08199,1.08291,1.08174,1.08266,70
2025-03-31T09:00:00.000Z,1.08266,1.08342,1.08241,1.08317,70
2025-03-31T10:00:00.000Z,1.08317,1.08393,1.08292,1.08368,70
2025-03-31T11:00:00.000Z,1.08368,1.08429,1.08343,1.08404,70
2025-03-31T12:00:00.000Z,1.08404,1.08475,1.08388,1.08459,80
2025-03-31T13:00:00.000Z,1.08459,1.0852,1.08443,1.08504,80
2025-03-31T14:00:00.000Z,1.08504,1.08565,1.08488,1.08549,80
2025-03-31T15:00:00.000Z,1.08549,1.08599,1.08533,1.08583,80
2025-03-31T16:00:00.000Z,1.08583,1.08591,1.08557,1.08565,30
2025-03-31T17:00:00.000Z,1.08565,1.08573,1.08544,1.08552,30
2025-03-31T18:00:00.000Z,1.08552,1.0856,1.08531,1.08539,30
2025-03-31T19:00:00.000Z,1.08539,1.08547,1.08523,1.08531,30
2025-03-31T20:00:00.000Z,1.08531,1.08563,1.08394,1.08426,15
2025-03-31T21:00:00.000Z,1.08426,1.08458,1.08308,1.0834,15
2025-03-31T22:00:00.000Z,1.0834,1.08372,1.08223,1.08255,15
2025-03-31T23:00:00.000Z,1.08255,1.08287,1.08157,1.08189,15
2025-04-01T00:00:00.000Z,1.0796,1.08006,1.07946,1.07992,25
2025-04-01T01:00:00.000Z,1.07992,1.08028,1.07978,1.08014,25
2025-04-01T02:00:00.000Z,1.08014,1.08051,1.08,1.08037,25
2025-04-01T03:00:00.000Z,1.08037,1.08064,1.08023,1.0805,25
2025-04-01T04:00:00.000Z,1.0805,1.08072,1.07996,1.08018,30
2025-04-01T05:00:00.000Z,1.08018,1.0804,1.07978,1.08,30
2025-04-01T06:00:00.000Z,1.08,1.08022,1.0796,1.07982,30
2025-04-01T07:00:00.000Z,1.07982,1.08004,1.07956,1.07978,30
2025-04-01T08:00:00.000Z,1.07978,1.0814,1.07934,1.08096,70
2025-04-01T09:00:00.000Z,1.08096,1.0823,1.08052,1.08186,70
2025-04-01T10:00:00.000Z,1.08186,1.08321,1.08142,1.08277,70
2025-04-01T11:00:00.000Z,1.08277,1.08384,1.08233,1.0834,70
2025-04-01T12:00:00.000Z,1.0834,1.08475,1.08306,1.08441,80
2025-04-01T13:00:00.000Z,1.08441,1.08555,1.08407,1.08521,80
2025-04-01T14:00:00.000Z,1.08521,1.08634,1.08487,1.086,80
2025-04-01T15:00:00.000Z,1.086,1.08692,1.08566,1.08658,80
2025-04-01T16:00:00.000Z,1.08658,1.08672,1.08612,1.08626,30
2025-04-01T17:00:00.000Z,1.08626,1.0864,1.08589,1.08603,30
2025-04-01T18:00:00.000Z,1.08603,1.08617,1.08567,1.08581,30
2025-04-01T19:00:00.000Z,1.08581,1.08595,1.08553,1.08567,30
2025-04-01T20:00:00.000Z,1.08567,1.08623,1.08324,1.0838,15
2025-04-01T21:00:00.000Z,1.0838,1.08436,1.08173,1.08229,15
2025-04-01T22:00:00.000Z,1.08229,1.08285,1.08021,1.08077,15
2025-04-01T23:00:00.000Z,1.08077,1.08133,1.07904,1.0796,15
2025-04-02T00:00:00.000Z,1.09087,1.09215,1.09047,1.09175,25
2025-04-02T01:00:00.000Z,1.09175,1.09278,1.09135,1.09238,25
2025-04-02T02:00:00.000Z,1.09238,1.0934,1.09198,1.093,25
2025-04-02T03:00:00.000Z,1.093,1.09378,1.0926,1.09338,25
2025-04-02T04:00:00.000Z,1.09338,1.09389,1.09205,1.09256,30
2025-04-02T05:00:00.000Z,1.09256,1.09307,1.09155,1.09206,30
2025-04-02T06:00:00.000Z,1.09206,1.09257,1.09104,1.09155,30
2025-04-02T07:00:00.000Z,1.09155,1.09206,1.09086,1.09137,30
2025-04-02T08:00:00.000Z,1.09137,1.09583,1.09017,1.09463,70
2025-04-02T09:00:00.000Z,1.09463,1.09834,1.09343,1.09714,70
2025-04-02T10:00:00.000Z,1.09714,1.10085,1.09594,1.09965,70
2025-04-02T11:00:00.000Z,1.09965,1.10261,1.09845,1.10141,70
2025-04-02T12:00:00.000Z,1.10141,1.10532,1.10035,1.10426,80
2025-04-02T13:00:00.000Z,1.10426,1.10752,1.1032,1.10646,80
2025-04-02T14:00:00.000Z,1.10646,1.10971,1.1054,1.10865,80
2025-04-02T15:00:00.000Z,1.10865,1.11125,1.10759,1.11019,80
2025-04-02T16:00:00.000Z,1.11019,1.11059,1.10891,1.10931,30
2025-04-02T17:00:00.000Z,1.10931,1.10971,1.10828,1.10868,30
2025-04-02T18:00:00.000Z,1.10868,1.10908,1.10766,1.10806,30
2025-04-02T19:00:00.000Z,1.10806,1.10846,1.10728,1.10768,30
2025-04-02T20:00:00.000Z,1.10768,1.10923,1.10096,1.10251,15
2025-04-02T21:00:00.000Z,1.10251,1.10406,1.09676,1.09831,15
2025-04-02T22:00:00.000Z,1.09831,1.09986,1.09256,1.09411,15
2025-04-02T23:00:00.000Z,1.09411,1.09566,1.08932,1.09087,15
2025-04-03T00:00:00.000Z,1.10437,1.1051,1.10414,1.10487,25
2025-04-03T01:00:00.000Z,1.10487,1.10546,1.10464,1.10523,25
2025-04-03T02:00:00.000Z,1.10523,1.10582,1.105,1.10559,25
2025-04-03T03:00:00.000Z,1.10559,1.10603,1.10536,1.1058,25
2025-04-03T04:00:00.000Z,1.1058,1.1066,1.10421,1.10501,30
2025-04-03T05:00:00.000Z,1.10501,1.10581,1.10393,1.10473,30
2025-04-03T06:00:00.000Z,1.10473,1.10553,1.10364,1.10444,30
2025-04-03T07:00:00.000Z,1.10444,1.10546,1.10364,1.10466,30
2025-04-03T08:00:00.000Z,1.10466,1.10721,1.10397,1.10652,70
2025-04-03T09:00:00.000Z,1.10652,1.10863,1.10583,1.10794,70
2025-04-03T10:00:00.000Z,1.10794,1.11006,1.10725,1.10937,70
2025-04-03T11:00:00.000Z,1.10937,1.11106,1.10868,1.11037,70
2025-04-03T12:00:00.000Z,1.11037,1.11237,1.10991,1.11191,80
2025-04-03T13:00:00.000Z,1.11191,1.11362,1.11145,1.11316,80
2025-04-03T14:00:00.000Z,1.11316,1.11487,1.1127,1.11441,80
2025-04-03T15:00:00.000Z,1.11441,1.11583,1.11395,1.11537,80
2025-04-03T16:00:00.000Z,1.11537,1.1156,1.11464,1.11487,30
2025-04-03T17:00:00.000Z,1.11487,1.1151,1.11428,1.11451,30
2025-04-03T18:00:00.000Z,1.11451,1.11474,1.11392,1.11415,30
2025-04-03T19:00:00.000Z,1.11415,1.11438,1.11371,1.11394,30
2025-04-03T20:00:00.000Z,1.11394,1.11482,1.11012,1.111,15
2025-04-03T21:00:00.000Z,1.111,1.11188,1.10773,1.10861,15
2025-04-03T22:00:00.000Z,1.10861,1.10949,1.10533,1.10621,15
2025-04-03T23:00:00.000Z,1.10621,1.10709,1.10349,1.10437,15
2025-04-06T00:00:00.000Z,1.09845,1.09919,1.09822,1.09896,25
2025-04-06T01:00:00.000Z,1.09896,1.09956,1.09873,1.09933,25
2025-04-06T02:00:00.000Z,1.09933,1.09993,1.0991,1.0997,25
2025-04-06T03:00:00.000Z,1.0997,1.10015,1.09947,1.09992,25
2025-04-06T04:00:00.000Z,1.09992,1.10075,1.09828,1.09911,30
2025-04-06T05:00:00.000Z,1.09911,1.09994,1.09799,1.09882,30
2025-04-06T06:00:00.000Z,1.09882,1.09965,1.0977,1.09853,30
2025-04-06T07:00:00.000Z,1.09853,1.09958,1.0977,1.09875,30
2025-04-06T08:00:00.000Z,1.09875,1.10135,1.09805,1.10065,70
2025-04-06T09:00:00.000Z,1.10065,1.10282,1.09995,1.10212,70
2025-04-06T10:00:00.000Z,1.10212,1.10429,1.10142,1.10359,70
2025-04-06T11:00:00.000Z,1.10359,1.10531,1.10289,1.10461,70
2025-04-06T12:00:00.000Z,1.10461,1.10666,1.10414,1.10619,80
2025-04-06T13:00:00.000Z,1.10619,1.10794,1.10572,1.10747,80
2025-04-06T14:00:00.000Z,1.10747,1.10922,1.107,1.10875,80
2025-04-06T15:00:00.000Z,1.10875,1.11021,1.10828,1.10974,80
2025-04-06T16:00:00.000Z,1.10974,1.10997,1.109,1.10923,30
2025-04-06T17:00:00.000Z,1.10923,1.10946,1.10863,1.10886,30
2025-04-06T18:00:00.000Z,1.10886,1.10909,1.10827,1.1085,30
2025-04-06T19:00:00.000Z,1.1085,1.10873,1.10805,1.10828,30
2025-04-06T20:00:00.000Z,1.10828,1.10918,1.10436,1.10526,15
2025-04-06T21:00:00.000Z,1.10526,1.10616,1.1019,1.1028,15
2025-04-06T22:00:00.000Z,1.1028,1.1037,1.09944,1.10034,15
2025-04-06T23:00:00.000Z,1.10034,1.10124,1.09755,1.09845,15
2025-04-07T00:00:00.000Z,1.09154,1.09205,1.09138,1.09189,25
2025-04-07T01:00:00.000Z,1.09189,1.0923,1.09173,1.09214,25
2025-04-07T02:00:00.000Z,1.09214,1.09255,1.09198,1.09239,25
2025-04-07T03:00:00.000Z,1.09239,1.0927,1.09223,1.09254,25
2025-04-07T04:00:00.000Z,1.09254,1.09285,1.09184,1.09215,30
2025-04-07T05:00:00.000Z,1.09215,1.09246,1.09164,1.09195,30
2025-04-07T06:00:00.000Z,1.09195,1.09226,1.09144,1.09175,30
2025-04-07T07:00:00.000Z,1.09175,1.09206,1.09143,1.09174,30
2025-04-07T08:00:00.000Z,1.09174,1.09352,1.09126,1.09304,70
2025-04-07T09:00:00.000Z,1.09304,1.09451,1.09256,1.09403,70
2025-04-07T10:00:00.000Z,1.09403,1.09551,1.09355,1.09503,70
2025-04-07T11:00:00.000Z,1.09503,1.09621,1.09455,1.09573,70
2025-04-07T12:00:00.000Z,1.09573,1.09712,1.09541,1.0968,80
2025-04-07T13:00:00.000Z,1.0968,1.098,1.09648,1.09768,80
2025-04-07T14:00:00.000Z,1.09768,1.09887,1.09736,1.09855,80
2025-04-07T15:00:00.000Z,1.09855,1.09955,1.09823,1.09923,80
2025-04-07T16:00:00.000Z,1.09923,1.09939,1.09872,1.09888,30
2025-04-07T17:00:00.000Z,1.09888,1.09904,1.09847,1.09863,30
2025-04-07T18:00:00.000Z,1.09863,1.09879,1.09822,1.09838,30
2025-04-07T19:00:00.000Z,1.09838,1.09854,1.09807,1.09823,30
2025-04-07T20:00:00.000Z,1.09823,1.09885,1.09555,1.09617,15
2025-04-07T21:00:00.000Z,1.09617,1.09679,1.09388,1.0945,15
2025-04-07T22:00:00.000Z,1.0945,1.09512,1.09221,1.09283,15
2025-04-07T23:00:00.000Z,1.09283,1.09345,1.09092,1.09154,15
2025-04-08T00:00:00.000Z,1.09804,1.09867,1.09784,1.09847,25
2025-04-08T01:00:00.000Z,1.09847,1.09898,1.09827,1.09878,25
2025-04-08T02:00:00.000Z,1.09878,1.09928,1.09858,1.09908,25
2025-04-08T03:00:00.000Z,1.09908,1.09947,1.09888,1.09927,25
2025-04-08T04:00:00.000Z,1.09927,1.09948,1.09868,1.09889,30
2025-04-08T05:00:00.000Z,1.09889,1.0991,1.09844,1.09865,30
2025-04-08T06:00:00.000Z,1.09865,1.09886,1.09819,1.0984,30
2025-04-08T07:00:00.000Z,1.0984,1.09861,1.09808,1.09829,30
2025-04-08T08:00:00.000Z,1.09829,1.10047,1.0977,1.09988,70
2025-04-08T09:00:00.000Z,1.09988,1.1017,1.09929,1.10111,70
2025-04-08T10:00:00.000Z,1.10111,1.10292,1.10052,1.10233,70
2025-04-08T11:00:00.000Z,1.10233,1.10378,1.10174,1.10319,70
2025-04-08T12:00:00.000Z,1.10319,1.10516,1.10264,1.10461,80
2025-04-08T13:00:00.000Z,1.10461,1.10623,1.10406,1.10568,80
2025-04-08T14:00:00.000Z,1.10568,1.1073,1.10513,1.10675,80
2025-04-08T15:00:00.000Z,1.10675,1.10803,1.1062,1.10748,80
2025-04-08T16:00:00.000Z,1.10748,1.10768,1.10685,1.10705,30
2025-04-08T17:00:00.000Z,1.10705,1.10725,1.10655,1.10675,30
2025-04-08T18:00:00.000Z,1.10675,1.10695,1.10624,1.10644,30
2025-04-08T19:00:00.000Z,1.10644,1.10664,1.10606,1.10626,30
2025-04-08T20:00:00.000Z,1.10626,1.10702,1.10297,1.10373,15
2025-04-08T21:00:00.000Z,1.10373,1.10449,1.10092,1.10168,15
2025-04-08T22:00:00.000Z,1.10168,1.10244,1.09886,1.09962,15
2025-04-08T23:00:00.000Z,1.09962,1.10038,1.09728,1.09804,15
2025-04-09T00:00:00.000Z,1.09521,1.0966,1.09477,1.09616,25
2025-04-09T01:00:00.000Z,1.09616,1.09728,1.09572,1.09684,25
2025-04-09T02:00:00.000Z,1.09684,1.09796,1.0964,1.09752,25
2025-04-09T03:00:00.000Z,1.09752,1.09837,1.09708,1.09793,25
2025-04-09T04:00:00.000Z,1.09793,1.09825,1.09687,1.09719,30
2025-04-09T05:00:00.000Z,1.09719,1.09751,1.09632,1.09664,30
2025-04-09T06:00:00.000Z,1.09664,1.09696,1.09578,1.0961,30
2025-04-09T07:00:00.000Z,1.0961,1.09642,1.09543,1.09575,30
2025-04-09T08:00:00.000Z,1.09575,1.1006,1.09444,1.09929,70
2025-04-09T09:00:00.000Z,1.09929,1.10332,1.09798,1.10201,70
2025-04-09T10:00:00.000Z,1.10201,1.10604,1.1007,1.10473,70
2025-04-09T11:00:00.000Z,1.10473,1.10795,1.10342,1.10664,70
2025-04-09T12:00:00.000Z,1.10664,1.11127,1.10526,1.10989,80
2025-04-09T13:00:00.000Z,1.10989,1.11365,1.10851,1.11227,80
2025-04-09T14:00:00.000Z,1.11227,1.11603,1.11089,1.11465,80
2025-04-09T15:00:00.000Z,1.11465,1.11755,1.11327,1.11617,80
2025-04-09T16:00:00.000Z,1.11617,1.11661,1.11478,1.11522,30
2025-04-09T17:00:00.000Z,1.11522,1.11566,1.11409,1.11453,30
2025-04-09T18:00:00.000Z,1.11453,1.11497,1.11341,1.11385,30
2025-04-09T19:00:00.000Z,1.11385,1.11429,1.113,1.11344,30
2025-04-09T20:00:00.000Z,1.11344,1.11512,1.10615,1.10783,15
2025-04-09T21:00:00.000Z,1.10783,1.10951,1.1016,1.10328,15
2025-04-09T22:00:00.000Z,1.10328,1.10496,1.09704,1.09872,15
2025-04-09T23:00:00.000Z,1.09872,1.1004,1.09353,1.09521,15
2025-04-10T00:00:00.000Z,1.12578,1.1269,1.12543,1.12655,25
2025-04-10T01:00:00.000Z,1.12655,1.12746,1.1262,1.12711,25
2025-04-10T02:00:00.000Z,1.12711,1.12801,1.12676,1.12766,25
2025-04-10T03:00:00.000Z,1.12766,1.12834,1.12731,1.12799,25
2025-04-10T04:00:00.000Z,1.12799,1.12831,1.12703,1.12735,30
2025-04-10T05:00:00.000Z,1.12735,1.12767,1.12659,1.12691,30
2025-04-10T06:00:00.000Z,1.12691,1.12723,1.12615,1.12647,30
2025-04-10T07:00:00.000Z,1.12647,1.12679,1.12591,1.12623,30
2025-04-10T08:00:00.000Z,1.12623,1.13016,1.12517,1.1291,70
2025-04-10T09:00:00.000Z,1.1291,1.13237,1.12804,1.13131,70
2025-04-10T10:00:00.000Z,1.13131,1.13458,1.13025,1.13352,70
2025-04-10T11:00:00.000Z,1.13352,1.13612,1.13246,1.13506,70
2025-04-10T12:00:00.000Z,1.13506,1.13872,1.134,1.13766,80
2025-04-10T13:00:00.000Z,1.13766,1.14065,1.1366,1.13959,80
2025-04-10T14:00:00.000Z,1.13959,1.14259,1.13853,1.14153,80
2025-04-10T15:00:00.000Z,1.14153,1.14386,1.14047,1.1428,80
2025-04-10T16:00:00.000Z,1.1428,1.14315,1.14168,1.14203,30
2025-04-10T17:00:00.000Z,1.14203,1.14238,1.14112,1.14147,30
2025-04-10T18:00:00.000Z,1.14147,1.14182,1.14057,1.14092,30
2025-04-10T19:00:00.000Z,1.14092,1.14127,1.14024,1.14059,30
2025-04-10T20:00:00.000Z,1.14059,1.14195,1.13468,1.13604,15
2025-04-10T21:00:00.000Z,1.13604,1.1374,1.13097,1.13233,15
2025-04-10T22:00:00.000Z,1.13233,1.13369,1.12727,1.12863,15
2025-04-10T23:00:00.000Z,1.12863,1.12999,1.12442,1.12578,15
2025-04-13T00:00:00.000Z,1.13431,1.13495,1.13411,1.13475,25
2025-04-13T01:00:00.000Z,1.13475,1.13526,1.13455,1.13506,25
2025-04-13T02:00:00.000Z,1.13506,1.13558,1.13486,1.13538,25
2025-04-13T03:00:00.000Z,1.13538,1.13577,1.13518,1.13557,25
2025-04-13T04:00:00.000Z,1.13557,1.13607,1.13451,1.13501,30
2025-04-13T05:00:00.000Z,1.13501,1.13551,1.13425,1.13475,30
2025-04-13T06:00:00.000Z,1.13475,1.13525,1.134,1.1345,30
2025-04-13T07:00:00.000Z,1.1345,1.13506,1.134,1.13456,30
2025-04-13T08:00:00.000Z,1.13456,1.13679,1.13396,1.13619,70
2025-04-13T09:00:00.000Z,1.13619,1.13804,1.13559,1.13744,70
2025-04-13T10:00:00.000Z,1.13744,1.13929,1.13684,1.13869,70
2025-04-13T11:00:00.000Z,1.13869,1.14017,1.13809,1.13957,70
2025-04-13T12:00:00.000Z,1.13957,1.14132,1.13917,1.14092,80
2025-04-13T13:00:00.000Z,1.14092,1.14241,1.14052,1.14201,80
2025-04-13T14:00:00.000Z,1.14201,1.14351,1.14161,1.14311,80
2025-04-13T15:00:00.000Z,1.14311,1.14435,1.14271,1.14395,80
2025-04-13T16:00:00.000Z,1.14395,1.14415,1.14331,1.14351,30
2025-04-13T17:00:00.000Z,1.14351,1.14371,1.143,1.1432,30
2025-04-13T18:00:00.000Z,1.1432,1.1434,1.14269,1.14289,30
2025-04-13T19:00:00.000Z,1.14289,1.14309,1.1425,1.1427,30
2025-04-13T20:00:00.000Z,1.1427,1.14347,1.13935,1.14012,15
2025-04-13T21:00:00.000Z,1.14012,1.14089,1.13725,1.13802,15
2025-04-13T22:00:00.000Z,1.13802,1.13879,1.13516,1.13593,15
2025-04-13T23:00:00.000Z,1.13593,1.1367,1.13354,1.13431,15
2025-04-14T00:00:00.000Z,1.13397,1.13444,1.13382,1.13429,25
2025-04-14T01:00:00.000Z,1.13429,1.13467,1.13414,1.13452,25
2025-04-14T02:00:00.000Z,1.13452,1.1349,1.13437,1.13475,25
2025-04-14T03:00:00.000Z,1.13475,1.13504,1.1346,1.13489,25
2025-04-14T04:00:00.000Z,1.13489,1.13543,1.13383,1.13437,30
2025-04-14T05:00:00.000Z,1.13437,1.13491,1.13364,1.13418,30
2025-04-14T06:00:00.000Z,1.13418,1.13472,1.13346,1.134,30
2025-04-14T07:00:00.000Z,1.134,1.13469,1.13346,1.13415,30
2025-04-14T08:00:00.000Z,1.13415,1.13579,1.13371,1.13535,70
2025-04-14T09:00:00.000Z,1.13535,1.13671,1.13491,1.13627,70
2025-04-14T10:00:00.000Z,1.13627,1.13763,1.13583,1.13719,70
2025-04-14T11:00:00.000Z,1.13719,1.13828,1.13675,1.13784,70
2025-04-14T12:00:00.000Z,1.13784,1.13913,1.13754,1.13883,80
2025-04-14T13:00:00.000Z,1.13883,1.13994,1.13853,1.13964,80
2025-04-14T14:00:00.000Z,1.13964,1.14075,1.13934,1.14045,80
2025-04-14T15:00:00.000Z,1.14045,1.14137,1.14015,1.14107,80
2025-04-14T16:00:00.000Z,1.14107,1.14122,1.14059,1.14074,30
2025-04-14T17:00:00.000Z,1.14074,1.14089,1.14036,1.14051,30
2025-04-14T18:00:00.000Z,1.14051,1.14066,1.14013,1.14028,30
2025-04-14T19:00:00.000Z,1.14028,1.14043,1.13999,1.14014,30
2025-04-14T20:00:00.000Z,1.14014,1.14071,1.13767,1.13824,15
2025-04-14T21:00:00.000Z,1.13824,1.13881,1.13613,1.1367,15
2025-04-14T22:00:00.000Z,1.1367,1.13727,1.13459,1.13516,15
2025-04-14T23:00:00.000Z,1.13516,1.13573,1.1334,1.13397,15
2025-04-15T00:00:00.000Z,1.12927,1.12976,1.12912,1.12961,25
2025-04-15T01:00:00.000Z,1.12961,1.13,1.12946,1.12985,25
2025-04-15T02:00:00.000Z,1.12985,1.13024,1.1297,1.13009,25
2025-04-15T03:00:00.000Z,1.13009,1.13038,1.12994,1.13023,25
2025-04-15T04:00:00.000Z,1.13023,1.13033,1.12987,1.12997,30
2025-04-15T05:00:00.000Z,1.12997,1.13007,1.12968,1.12978,30
2025-04-15T06:00:00.000Z,1.12978,1.12988,1.12949,1.12959,30
2025-04-15T07:00:00.000Z,1.12959,1.12969,1.12936,1.12946,30
2025-04-15T08:00:00.000Z,1.12946,1.13117,1.129,1.13071,70
2025-04-15T09:00:00.000Z,1.13071,1.13213,1.13025,1.13167,70
2025-04-15T10:00:00.000Z,1.13167,1.13309,1.13121,1.13263,70
2025-04-15T11:00:00.000Z,1.13263,1.13376,1.13217,1.1333,70
2025-04-15T12:00:00.000Z,1.1333,1.13495,1.1328,1.13445,80
2025-04-15T13:00:00.000Z,1.13445,1.13579,1.13395,1.13529,80
2025-04-15T14:00:00.000Z,1.13529,1.13663,1.13479,1.13613,80
2025-04-15T15:00:00.000Z,1.13613,1.13716,1.13563,1.13666,80
2025-04-15T16:00:00.000Z,1.13666,1.13681,1.13617,1.13632,30
2025-04-15T17:00:00.000Z,1.13632,1.13647,1.13593,1.13608,30
2025-04-15T18:00:00.000Z,1.13608,1.13623,1.13569,1.13584,30
2025-04-15T19:00:00.000Z,1.13584,1.13599,1.13555,1.1357,30
2025-04-15T20:00:00.000Z,1.1357,1.13629,1.13313,1.13372,15
2025-04-15T21:00:00.000Z,1.13372,1.13431,1.13153,1.13212,15
2025-04-15T22:00:00.000Z,1.13212,1.13271,1.12992,1.13051,15
2025-04-15T23:00:00.000Z,1.13051,1.1311,1.12868,1.12927,15
2025-04-16T00:00:00.000Z,1.13968,1.13996,1.13959,1.13987,25
2025-04-16T01:00:00.000Z,1.13987,1.1401,1.13978,1.14001,25
2025-04-16T02:00:00.000Z,1.14001,1.14024,1.13992,1.14015,25
2025-04-16T03:00:00.000Z,1.14015,1.14032,1.14006,1.14023,25
2025-04-16T04:00:00.000Z,1.14023,1.14074,1.13929,1.1398,30
2025-04-16T05:00:00.000Z,1.1398,1.14031,1.13918,1.13969,30
2025-04-16T06:00:00.000Z,1.13969,1.1402,1.13907,1.13958,30
2025-04-16T07:00:00.000Z,1.13958,1.1403,1.13907,1.13979,30
2025-04-16T08:00:00.000Z,1.13979,1.14077,1.13953,1.14051,70
2025-04-16T09:00:00.000Z,1.14051,1.14132,1.14025,1.14106,70
2025-04-16T10:00:00.000Z,1.14106,1.14186,1.1408,1.1416,70
2025-04-16T11:00:00.000Z,1.1416,1.14225,1.14134,1.14199,70
2025-04-16T12:00:00.000Z,1.14199,1.14276,1.14181,1.14258,80
2025-04-16T13:00:00.000Z,1.14258,1.14325,1.1424,1.14307,80
2025-04-16T14:00:00.000Z,1.14307,1.14373,1.14289,1.14355,80
2025-04-16T15:00:00.000Z,1.14355,1.1441,1.14337,1.14392,80
2025-04-16T16:00:00.000Z,1.14392,1.14401,1.14364,1.14373,30
2025-04-16T17:00:00.000Z,1.14373,1.14382,1.1435,1.14359,30
2025-04-16T18:00:00.000Z,1.14359,1.14368,1.14336,1.14345,30
2025-04-16T19:00:00.000Z,1.14345,1.14354,1.14328,1.14337,30
2025-04-16T20:00:00.000Z,1.14337,1.14371,1.1419,1.14224,15
2025-04-16T21:00:00.000Z,1.14224,1.14258,1.14097,1.14131,15
2025-04-16T22:00:00.000Z,1.14131,1.14165,1.14005,1.14039,15
2025-04-16T23:00:00.000Z,1.14039,1.14073,1.13934,1.13968,15
2025-04-21T00:00:00.000Z,1.15128,1.15175,1.15113,1.1516,25
2025-04-21T01:00:00.000Z,1.1516,1.15198,1.15145,1.15183,25
2025-04-21T02:00:00.000Z,1.15183,1.15221,1.15168,1.15206,25
2025-04-21T03:00:00.000Z,1.15206,1.15235,1.15191,1.1522,25
2025-04-21T04:00:00.000Z,1.1522,1.15278,1.15107,1.15165,30
2025-04-21T05:00:00.000Z,1.15165,1.15223,1.15089,1.15147,30
2025-04-21T06:00:00.000Z,1.15147,1.15205,1.1507,1.15128,30
2025-04-21T07:00:00.000Z,1.15128,1.15204,1.1507,1.15146,30
2025-04-21T08:00:00.000Z,1.15146,1.1531,1.15102,1.15266,70
2025-04-21T09:00:00.000Z,1.15266,1.15403,1.15222,1.15359,70
2025-04-21T10:00:00.000Z,1.15359,1.15496,1.15315,1.15452,70
2025-04-21T11:00:00.000Z,1.15452,1.15561,1.15408,1.15517,70
2025-04-21T12:00:00.000Z,1.15517,1.15647,1.15487,1.15617,80
2025-04-21T13:00:00.000Z,1.15617,1.15728,1.15587,1.15698,80
2025-04-21T14:00:00.000Z,1.15698,1.15809,1.15668,1.15779,80
2025-04-21T15:00:00.000Z,1.15779,1.15871,1.15749,1.15841,80
2025-04-21T16:00:00.000Z,1.15841,1.15856,1.15793,1.15808,30
2025-04-21T17:00:00.000Z,1.15808,1.15823,1.1577,1.15785,30
2025-04-21T18:00:00.000Z,1.15785,1.158,1.15747,1.15762,30
2025-04-21T19:00:00.000Z,1.15762,1.15777,1.15733,1.15748,30
2025-04-21T20:00:00.000Z,1.15748,1.15805,1.155,1.15557,15
2025-04-21T21:00:00.000Z,1.15557,1.15614,1.15345,1.15402,15
2025-04-21T22:00:00.000Z,1.15402,1.15459,1.1519,1.15247,15
2025-04-21T23:00:00.000Z,1.15247,1.15304,1.15071,1.15128,15
2025-04-22T00:00:00.000Z,1.13513,1.13565,1.13497,1.13549,25
2025-04-22T01:00:00.000Z,1.13549,1.1359,1.13533,1.13574,25
2025-04-22T02:00:00.000Z,1.13574,1.13616,1.13558,1.136,25
2025-04-22T03:00:00.000Z,1.136,1.13631,1.13584,1.13615,25
2025-04-22T04:00:00.000Z,1.13615,1.13638,1.13557,1.1358,30
2025-04-22T05:00:00.000Z,1.1358,1.13603,1.13537,1.1356,30
2025-04-22T06:00:00.000Z,1.1356,1.13583,1.13516,1.13539,30
2025-04-22T07:00:00.000Z,1.13539,1.13562,1.1351,1.13533,30
2025-04-22T08:00:00.000Z,1.13533,1.13715,1.13484,1.13666,70
2025-04-22T09:00:00.000Z,1.13666,1.13817,1.13617,1.13768,70
2025-04-22T10:00:00.000Z,1.13768,1.13919,1.13719,1.1387,70
2025-04-22T11:00:00.000Z,1.1387,1.1399,1.13821,1.13941,70
2025-04-22T12:00:00.000Z,1.13941,1.14097,1.139,1.14056,80
2025-04-22T13:00:00.000Z,1.14056,1.14187,1.14015,1.14146,80
2025-04-22T14:00:00.000Z,1.14146,1.14276,1.14105,1.14235,80
2025-04-22T15:00:00.000Z,1.14235,1.1434,1.14194,1.14299,80
2025-04-22T16:00:00.000Z,1.14299,1.14315,1.14247,1.14263,30
2025-04-22T17:00:00.000Z,1.14263,1.14279,1.14221,1.14237,30
2025-04-22T18:00:00.000Z,1.14237,1.14253,1.14196,1.14212,30
2025-04-22T19:00:00.000Z,1.14212,1.14228,1.1418,1.14196,30
2025-04-22T20:00:00.000Z,1.14196,1.14259,1.13923,1.13986,15
2025-04-22T21:00:00.000Z,1.13986,1.14049,1.13752,1.13815,15
2025-04-22T22:00:00.000Z,1.13815,1.13878,1.13581,1.13644,15
2025-04-22T23:00:00.000Z,1.13644,1.13707,1.1345,1.13513,15
2025-04-23T00:00:00.000Z,1.13273,1.1331,1.13261,1.13298,25
2025-04-23T01:00:00.000Z,1.13298,1.13328,1.13286,1.13316,25
2025-04-23T02:00:00.000Z,1.13316,1.13346,1.13304,1.13334,25
2025-04-23T03:00:00.000Z,1.13334,1.13357,1.13322,1.13345,25
2025-04-23T04:00:00.000Z,1.13345,1.13358,1.1331,1.13323,30
2025-04-23T05:00:00.000Z,1.13323,1.13336,1.13296,1.13309,30
2025-04-23T06:00:00.000Z,1.13309,1.13322,1.13281,1.13294,30
2025-04-23T07:00:00.000Z,1.13294,1.13307,1.13275,1.13288,30
2025-04-23T08:00:00.000Z,1.13288,1.13417,1.13253,1.13382,70
2025-04-23T09:00:00.000Z,1.13382,1.13489,1.13347,1.13454,70
2025-04-23T10:00:00.000Z,1.13454,1.13561,1.13419,1.13526,70
2025-04-23T11:00:00.000Z,1.13526,1.13611,1.13491,1.13576,70
2025-04-23T12:00:00.000Z,1.13576,1.13691,1.13544,1.13659,80
2025-04-23T13:00:00.000Z,1.13659,1.13754,1.13627,1.13722,80
2025-04-23T14:00:00.000Z,1.13722,1.13817,1.1369,1.13785,80
2025-04-23T15:00:00.000Z,1.13785,1.1386,1.13753,1.13828,80
2025-04-23T16:00:00.000Z,1.13828,1.1384,1.13791,1.13803,30
2025-04-23T17:00:00.000Z,1.13803,1.13815,1.13773,1.13785,30
2025-04-23T18:00:00.000Z,1.13785,1.13797,1.13755,1.13767,30
2025-04-23T19:00:00.000Z,1.13767,1.13779,1.13744,1.13756,30
2025-04-23T20:00:00.000Z,1.13756,1.138,1.13563,1.13607,15
2025-04-23T21:00:00.000Z,1.13607,1.13651,1.13443,1.13487,15
2025-04-23T22:00:00.000Z,1.13487,1.13531,1.13322,1.13366,15
2025-04-23T23:00:00.000Z,1.13366,1.1341,1.13229,1.13273,15
2025-04-24T00:00:00.000Z,1.13719,1.13754,1.13708,1.13743,25
2025-04-24T01:00:00.000Z,1.13743,1.13771,1.13732,1.1376,25
2025-04-24T02:00:00.000Z,1.1376,1.13788,1.13749,1.13777,25
2025-04-24T03:00:00.000Z,1.13777,1.13798,1.13766,1.13787,25
2025-04-24T04:00:00.000Z,1.13787,1.1384,1.13688,1.13741,30
2025-04-24T05:00:00.000Z,1.13741,1.13794,1.13674,1.13727,30
2025-04-24T06:00:00.000Z,1.13727,1.1378,1.13661,1.13714,30
2025-04-24T07:00:00.000Z,1.13714,1.13786,1.13661,1.13733,30
2025-04-24T08:00:00.000Z,1.13733,1.13854,1.137,1.13821,70
2025-04-24T09:00:00.000Z,1.13821,1.13922,1.13788,1.13889,70
2025-04-24T10:00:00.000Z,1.13889,1.1399,1.13856,1.13957,70
2025-04-24T11:00:00.000Z,1.13957,1.14038,1.13924,1.14005,70
2025-04-24T12:00:00.000Z,1.14005,1.141,1.13983,1.14078,80
2025-04-24T13:00:00.000Z,1.14078,1.1416,1.14056,1.14138,80
2025-04-24T14:00:00.000Z,1.14138,1.1422,1.14116,1.14198,80
2025-04-24T15:00:00.000Z,1.14198,1.14266,1.14176,1.14244,80
2025-04-24T16:00:00.000Z,1.14244,1.14255,1.14209,1.1422,30
2025-04-24T17:00:00.000Z,1.1422,1.14231,1.14192,1.14203,30
2025-04-24T18:00:00.000Z,1.14203,1.14214,1.14175,1.14186,30
2025-04-24T19:00:00.000Z,1.14186,1.14197,1.14165,1.14176,30
2025-04-24T20:00:00.000Z,1.14176,1.14218,1.13994,1.14036,15
2025-04-24T21:00:00.000Z,1.14036,1.14078,1.13879,1.13921,15
2025-04-24T22:00:00.000Z,1.13921,1.13963,1.13765,1.13807,15
2025-04-24T23:00:00.000Z,1.13807,1.13849,1.13677,1.13719,15
2025-04-27T00:00:00.000Z,1.13431,1.1347,1.13419,1.13458,25
2025-04-27T01:00:00.000Z,1.13458,1.1349,1.13446,1.13478,25
2025-04-27T02:00:00.000Z,1.13478,1.13509,1.13466,1.13497,25
2025-04-27T03:00:00.000Z,1.13497,1.13521,1.13485,1.13509,25
2025-04-27T04:00:00.000Z,1.13509,1.13528,1.13463,1.13482,30
2025-04-27T05:00:00.000Z,1.13482,1.13501,1.13447,1.13466,30
2025-04-27T06:00:00.000Z,1.13466,1.13485,1.13432,1.13451,30
2025-04-27T07:00:00.000Z,1.13451,1.1347,1.13428,1.13447,30
2025-04-27T08:00:00.000Z,1.13447,1.13584,1.1341,1.13547,70
2025-04-27T09:00:00.000Z,1.13547,1.13662,1.1351,1.13625,70
2025-04-27T10:00:00.000Z,1.13625,1.13739,1.13588,1.13702,70
2025-04-27T11:00:00.000Z,1.13702,1.13793,1.13665,1.13756,70
2025-04-27T12:00:00.000Z,1.13756,1.13871,1.13727,1.13842,80
2025-04-27T13:00:00.000Z,1.13842,1.13938,1.13813,1.13909,80
2025-04-27T14:00:00.000Z,1.13909,1.14006,1.1388,1.13977,80
2025-04-27T15:00:00.000Z,1.13977,1.14055,1.13948,1.14026,80
2025-04-27T16:00:00.000Z,1.14026,1.14038,1.13987,1.13999,30
2025-04-27T17:00:00.000Z,1.13999,1.14011,1.13967,1.13979,30
2025-04-27T18:00:00.000Z,1.13979,1.13991,1.13948,1.1396,30
2025-04-27T19:00:00.000Z,1.1396,1.13972,1.13936,1.13948,30
2025-04-27T20:00:00.000Z,1.13948,1.13996,1.13741,1.13789,15
2025-04-27T21:00:00.000Z,1.13789,1.13837,1.13612,1.1366,15
2025-04-27T22:00:00.000Z,1.1366,1.13708,1.13483,1.13531,15
2025-04-27T23:00:00.000Z,1.13531,1.13579,1.13383,1.13431,15
2025-04-28T00:00:00.000Z,1.14091,1.14116,1.14083,1.14108,25
2025-04-28T01:00:00.000Z,1.14108,1.14128,1.141,1.1412,25
2025-04-28T02:00:00.000Z,1.1412,1.14141,1.14112,1.14133,25
2025-04-28T03:00:00.000Z,1.14133,1.14148,1.14125,1.1414,25
2025-04-28T04:00:00.000Z,1.1414,1.14176,1.14072,1.14108,30
2025-04-28T05:00:00.000Z,1.14108,1.14144,1.14062,1.14098,30
2025-04-28T06:00:00.000Z,1.14098,1.14134,1.14052,1.14088,30
2025-04-28T07:00:00.000Z,1.14088,1.14137,1.14052,1.14101,30
2025-04-28T08:00:00.000Z,1.14101,1.14187,1.14078,1.14164,70
2025-04-28T09:00:00.000Z,1.14164,1.14235,1.14141,1.14212,70
2025-04-28T10:00:00.000Z,1.14212,1.14283,1.14189,1.1426,70
2025-04-28T11:00:00.000Z,1.1426,1.14317,1.14237,1.14294,70
2025-04-28T12:00:00.000Z,1.14294,1.14361,1.14279,1.14346,80
2025-04-28T13:00:00.000Z,1.14346,1.14403,1.14331,1.14388,80
2025-04-28T14:00:00.000Z,1.14388,1.14445,1.14373,1.1443,80
2025-04-28T15:00:00.000Z,1.1443,1.14477,1.14415,1.14462,80
2025-04-28T16:00:00.000Z,1.14462,1.1447,1.14437,1.14445,30
2025-04-28T17:00:00.000Z,1.14445,1.14453,1.14425,1.14433,30
2025-04-28T18:00:00.000Z,1.14433,1.14441,1.14413,1.14421,30
2025-04-28T19:00:00.000Z,1.14421,1.14429,1.14406,1.14414,30
2025-04-28T20:00:00.000Z,1.14414,1.14444,1.14285,1.14315,15
2025-04-28T21:00:00.000Z,1.14315,1.14345,1.14204,1.14234,15
2025-04-28T22:00:00.000Z,1.14234,1.14264,1.14123,1.14153,15
2025-04-28T23:00:00.000Z,1.14153,1.14183,1.14061,1.14091,15
2025-04-29T00:00:00.000Z,1.13893,1.13929,1.13882,1.13918,25
2025-04-29T01:00:00.000Z,1.13918,1.13947,1.13907,1.13936,25
2025-04-29T02:00:00.000Z,1.13936,1.13964,1.13925,1.13953,25
2025-04-29T03:00:00.000Z,1.13953,1.13975,1.13942,1.13964,25
2025-04-29T04:00:00.000Z,1.13964,1.14022,1.13855,1.13913,30
2025-04-29T05:00:00.000Z,1.13913,1.13971,1.13841,1.13899,30
2025-04-29T06:00:00.000Z,1.13899,1.13957,1.13827,1.13885,30
2025-04-29T07:00:00.000Z,1.13885,1.13965,1.13827,1.13907,30
2025-04-29T08:00:00.000Z,1.13907,1.14034,1.13873,1.14,70
2025-04-29T09:00:00.000Z,1.14,1.14106,1.13966,1.14072,70
2025-04-29T10:00:00.000Z,1.14072,1.14178,1.14038,1.14144,70
2025-04-29T11:00:00.000Z,1.14144,1.14228,1.1411,1.14194,70
2025-04-29T12:00:00.000Z,1.14194,1.14294,1.14171,1.14271,80
2025-04-29T13:00:00.000Z,1.14271,1.14357,1.14248,1.14334,80
2025-04-29T14:00:00.000Z,1.14334,1.1442,1.14311,1.14397,80
2025-04-29T15:00:00.000Z,1.14397,1.14468,1.14374,1.14445,80
2025-04-29T16:00:00.000Z,1.14445,1.14456,1.14409,1.1442,30
2025-04-29T17:00:00.000Z,1.1442,1.14431,1.14391,1.14402,30
2025-04-29T18:00:00.000Z,1.14402,1.14413,1.14374,1.14385,30
2025-04-29T19:00:00.000Z,1.14385,1.14396,1.14363,1.14374,30
2025-04-29T20:00:00.000Z,1.14374,1.14418,1.14182,1.14226,15
2025-04-29T21:00:00.000Z,1.14226,1.1427,1.14062,1.14106,15
2025-04-29T22:00:00.000Z,1.14106,1.1415,1.13942,1.13986,15
2025-04-29T23:00:00.000Z,1.13986,1.1403,1.13849,1.13893,15
2025-04-30T00:00:00.000Z,1.13249,1.13287,1.13237,1.13275,25
2025-04-30T01:00:00.000Z,1.13275,1.13305,1.13263,1.13293,25
2025-04-30T02:00:00.000Z,1.13293,1.13324,1.13281,1.13312,25
2025-04-30T03:00:00.000Z,1.13312,1.13335,1.133,1.13323,25
2025-04-30T04:00:00.000Z,1.13323,1.13378,1.13219,1.13274,30
2025-04-30T05:00:00.000Z,1.13274,1.13329,1.13204,1.13259,30
2025-04-30T06:00:00.000Z,1.13259,1.13314,1.13189,1.13244,30
2025-04-30T07:00:00.000Z,1.13244,1.13319,1.13189,1.13264,30
2025-04-30T08:00:00.000Z,1.13264,1.13396,1.13228,1.1336,70
2025-04-30T09:00:00.000Z,1.1336,1.1347,1.13324,1.13434,70
2025-04-30T10:00:00.000Z,1.13434,1.13544,1.13398,1.13508,70
2025-04-30T11:00:00.000Z,1.13508,1.13596,1.13472,1.1356,70
2025-04-30T12:00:00.000Z,1.1356,1.13664,1.13536,1.1364,80
2025-04-30T13:00:00.000Z,1.1364,1.13728,1.13616,1.13704,80
2025-04-30T14:00:00.000Z,1.13704,1.13793,1.1368,1.13769,80
2025-04-30T15:00:00.000Z,1.13769,1.13843,1.13745,1.13819,80
2025-04-30T16:00:00.000Z,1.13819,1.13831,1.13781,1.13793,30
2025-04-30T17:00:00.000Z,1.13793,1.13805,1.13763,1.13775,30
2025-04-30T18:00:00.000Z,1.13775,1.13787,1.13744,1.13756,30
2025-04-30T19:00:00.000Z,1.13756,1.13768,1.13733,1.13745,30
2025-04-30T20:00:00.000Z,1.13745,1.13791,1.13547,1.13593,15
2025-04-30T21:00:00.000Z,1.13593,1.13639,1.13422,1.13468,15
2025-04-30T22:00:00.000Z,1.13468,1.13514,1.13298,1.13344,15
2025-04-30T23:00:00.000Z,1.13344,1.1339,1.13203,1.13249,15
2025-05-01T00:00:00.000Z,1.12965,1.13018,1.12948,1.13001,25
2025-05-01T01:00:00.000Z,1.13001,1.13044,1.12984,1.13027,25
2025-05-01T02:00:00.000Z,1.13027,1.1307,1.1301,1.13053,25
2025-05-01T03:00:00.000Z,1.13053,1.13085,1.13036,1.13068,25
2025-05-01T04:00:00.000Z,1.13068,1.13097,1.13,1.13029,30
2025-05-01T05:00:00.000Z,1.13029,1.13058,1.1298,1.13009,30
2025-05-01T06:00:00.000Z,1.13009,1.13038,1.12959,1.12988,30
2025-05-01T07:00:00.000Z,1.12988,1.13017,1.12957,1.12986,30
2025-05-01T08:00:00.000Z,1.12986,1.1317,1.12936,1.1312,70
2025-05-01T09:00:00.000Z,1.1312,1.13274,1.1307,1.13224,70
2025-05-01T10:00:00.000Z,1.13224,1.13377,1.13174,1.13327,70
2025-05-01T11:00:00.000Z,1.13327,1.13449,1.13277,1.13399,70
2025-05-01T12:00:00.000Z,1.13399,1.13546,1.13364,1.13511,80
2025-05-01T13:00:00.000Z,1.13511,1.13637,1.13476,1.13602,80
2025-05-01T14:00:00.000Z,1.13602,1.13727,1.13567,1.13692,80
2025-05-01T15:00:00.000Z,1.13692,1.13796,1.13657,1.13761,80
2025-05-01T16:00:00.000Z,1.13761,1.13778,1.13708,1.13725,30
2025-05-01T17:00:00.000Z,1.13725,1.13742,1.13682,1.13699,30
2025-05-01T18:00:00.000Z,1.13699,1.13716,1.13656,1.13673,30
2025-05-01T19:00:00.000Z,1.13673,1.1369,1.13641,1.13658,30
2025-05-01T20:00:00.000Z,1.13658,1.13722,1.13381,1.13445,15
2025-05-01T21:00:00.000Z,1.13445,1.13509,1.13208,1.13272,15
2025-05-01T22:00:00.000Z,1.13272,1.13336,1.13034,1.13098,15
2025-05-01T23:00:00.000Z,1.13098,1.13162,1.12901,1.12965,15
2025-05-04T00:00:00.000Z,1.13232,1.13258,1.13224,1.1325,25
2025-05-04T01:00:00.000Z,1.1325,1.13271,1.13242,1.13263,25
2025-05-04T02:00:00.000Z,1.13263,1.13284,1.13255,1.13276,25
2025-05-04T03:00:00.000Z,1.13276,1.13292,1.13268,1.13284,25
2025-05-04T04:00:00.000Z,1.13284,1.13298,1.13251,1.13265,30
2025-05-04T05:00:00.000Z,1.13265,1.13279,1.1324,1.13254,30
2025-05-04T06:00:00.000Z,1.13254,1.13268,1.1323,1.13244,30
2025-05-04T07:00:00.000Z,1.13244,1.13258,1.13229,1.13243,30
2025-05-04T08:00:00.000Z,1.13243,1.13335,1.13218,1.1331,70
2025-05-04T09:00:00.000Z,1.1331,1.13386,1.13285,1.13361,70
2025-05-04T10:00:00.000Z,1.13361,1.13438,1.13336,1.13413,70
2025-05-04T11:00:00.000Z,1.13413,1.13474,1.13388,1.13449,70
2025-05-04T12:00:00.000Z,1.13449,1.13523,1.13431,1.13505,80
2025-05-04T13:00:00.000Z,1.13505,1.13569,1.13487,1.13551,80
2025-05-04T14:00:00.000Z,1.13551,1.13614,1.13533,1.13596,80
2025-05-04T15:00:00.000Z,1.13596,1.13648,1.13578,1.1363,80
2025-05-04T16:00:00.000Z,1.1363,1.13638,1.13604,1.13612,30
2025-05-04T17:00:00.000Z,1.13612,1.1362,1.13591,1.13599,30
2025-05-04T18:00:00.000Z,1.13599,1.13607,1.13579,1.13587,30
2025-05-04T19:00:00.000Z,1.13587,1.13595,1.13571,1.13579,30
2025-05-04T20:00:00.000Z,1.13579,1.13611,1.1344,1.13472,15
2025-05-04T21:00:00.000Z,1.13472,1.13504,1.13354,1.13386,15
2025-05-04T22:00:00.000Z,1.13386,1.13418,1.13267,1.13299,15
2025-05-04T23:00:00.000Z,1.13299,1.13331,1.132,1.13232,15
2025-05-05T00:00:00.000Z,1.13134,1.13175,1.13121,1.13162,25
2025-05-05T01:00:00.000Z,1.13162,1.13195,1.13149,1.13182,25
2025-05-05T02:00:00.000Z,1.13182,1.13215,1.13169,1.13202,25
2025-05-05T03:00:00.000Z,1.13202,1.13227,1.13189,1.13214,25
2025-05-05T04:00:00.000Z,1.13214,1.13249,1.13141,1.13176,30
2025-05-05T05:00:00.000Z,1.13176,1.13211,1.13125,1.1316,30
2025-05-05T06:00:00.000Z,1.1316,1.13195,1.13109,1.13144,30
2025-05-05T07:00:00.000Z,1.13144,1.13185,1.13109,1.1315,30
2025-05-05T08:00:00.000Z,1.1315,1.13292,1.13112,1.13254,70
2025-05-05T09:00:00.000Z,1.13254,1.13372,1.13216,1.13334,70
2025-05-05T10:00:00.000Z,1.13334,1.13452,1.13296,1.13414,70
2025-05-05T11:00:00.000Z,1.13414,1.13508,1.13376,1.1347,70
2025-05-05T12:00:00.000Z,1.1347,1.13582,1.13444,1.13556,80
2025-05-05T13:00:00.000Z,1.13556,1.13652,1.1353,1.13626,80
2025-05-05T14:00:00.000Z,1.13626,1.13722,1.136,1.13696,80
2025-05-05T15:00:00.000Z,1.13696,1.13776,1.1367,1.1375,80
2025-05-05T16:00:00.000Z,1.1375,1.13763,1.13709,1.13722,30
2025-05-05T17:00:00.000Z,1.13722,1.13735,1.13689,1.13702,30
2025-05-05T18:00:00.000Z,1.13702,1.13715,1.13669,1.13682,30
2025-05-05T19:00:00.000Z,1.13682,1.13695,1.13657,1.1367,30
2025-05-05T20:00:00.000Z,1.1367,1.13719,1.13456,1.13505,15
2025-05-05T21:00:00.000Z,1.13505,1.13554,1.13322,1.13371,15
2025-05-05T22:00:00.000Z,1.13371,1.1342,1.13188,1.13237,15
2025-05-05T23:00:00.000Z,1.13237,1.13286,1.13085,1.13134,15
2025-05-06T00:00:00.000Z,1.13428,1.13454,1.1342,1.13446,25
2025-05-06T01:00:00.000Z,1.13446,1.13466,1.13438,1.13458,25
2025-05-06T02:00:00.000Z,1.13458,1.13479,1.1345,1.13471,25
2025-05-06T03:00:00.000Z,1.13471,1.13486,1.13463,1.13478,25
2025-05-06T04:00:00.000Z,1.13478,1.13497,1.13437,1.13456,30
2025-05-06T05:00:00.000Z,1.13456,1.13475,1.13427,1.13446,30
2025-05-06T06:00:00.000Z,1.13446,1.13465,1.13417,1.13436,30
2025-05-06T07:00:00.000Z,1.13436,1.13457,1.13417,1.13438,30
2025-05-06T08:00:00.000Z,1.13438,1.13528,1.13414,1.13504,70
2025-05-06T09:00:00.000Z,1.13504,1.13578,1.1348,1.13554,70
2025-05-06T10:00:00.000Z,1.13554,1.13629,1.1353,1.13605,70
2025-05-06T11:00:00.000Z,1.13605,1.13664,1.13581,1.1364,70
2025-05-06T12:00:00.000Z,1.1364,1.13711,1.13624,1.13695,80
2025-05-06T13:00:00.000Z,1.13695,1.13755,1.13679,1.13739,80
2025-05-06T14:00:00.000Z,1.13739,1.138,1.13723,1.13784,80
2025-05-06T15:00:00.000Z,1.13784,1.13834,1.13768,1.13818,80
2025-05-06T16:00:00.000Z,1.13818,1.13826,1.13792,1.138,30
2025-05-06T17:00:00.000Z,1.138,1.13808,1.13779,1.13787,30
2025-05-06T18:00:00.000Z,1.13787,1.13795,1.13767,1.13775,30
2025-05-06T19:00:00.000Z,1.13775,1.13783,1.13759,1.13767,30
2025-05-06T20:00:00.000Z,1.13767,1.13798,1.13632,1.13663,15
2025-05-06T21:00:00.000Z,1.13663,1.13694,1.13547,1.13578,15
2025-05-06T22:00:00.000Z,1.13578,1.13609,1.13462,1.13493,15
2025-05-06T23:00:00.000Z,1.13493,1.13524,1.13397,1.13428,15
2025-05-07T00:00:00.000Z,1.13062,1.13113,1.13046,1.13097,25
2025-05-07T01:00:00.000Z,1.13097,1.13139,1.13081,1.13123,25
2025-05-07T02:00:00.000Z,1.13123,1.13164,1.13107,1.13148,25
2025-05-07T03:00:00.000Z,1.13148,1.13179,1.13132,1.13163,25
2025-05-07T04:00:00.000Z,1.13163,1.13231,1.13032,1.131,30
2025-05-07T05:00:00.000Z,1.131,1.13168,1.13012,1.1308,30
2025-05-07T06:00:00.000Z,1.1308,1.13148,1.12992,1.1306,30
2025-05-07T07:00:00.000Z,1.1306,1.1315,1.12992,1.13082,30
2025-05-07T08:00:00.000Z,1.13082,1.13261,1.13034,1.13213,70
2025-05-07T09:00:00.000Z,1.13213,1.13362,1.13165,1.13314,70
2025-05-07T10:00:00.000Z,1.13314,1.13462,1.13266,1.13414,70
2025-05-07T11:00:00.000Z,1.13414,1.13533,1.13366,1.13485,70
2025-05-07T12:00:00.000Z,1.13485,1.13625,1.13453,1.13593,80
2025-05-07T13:00:00.000Z,1.13593,1.13713,1.13561,1.13681,80
2025-05-07T14:00:00.000Z,1.13681,1.13801,1.13649,1.13769,80
2025-05-07T15:00:00.000Z,1.13769,1.13869,1.13737,1.13837,80
2025-05-07T16:00:00.000Z,1.13837,1.13853,1.13786,1.13802,30
2025-05-07T17:00:00.000Z,1.13802,1.13818,1.1376,1.13776,30
2025-05-07T18:00:00.000Z,1.13776,1.13792,1.13735,1.13751,30
2025-05-07T19:00:00.000Z,1.13751,1.13767,1.1372,1.13736,30
2025-05-07T20:00:00.000Z,1.13736,1.13798,1.13467,1.13529,15
2025-05-07T21:00:00.000Z,1.13529,1.13591,1.13298,1.1336,15
2025-05-07T22:00:00.000Z,1.1336,1.13422,1.1313,1.13192,15
2025-05-07T23:00:00.000Z,1.13192,1.13254,1.13,1.13062,15
2025-05-08T00:00:00.000Z,1.12242,1.12289,1.12227,1.12274,25
2025-05-08T01:00:00.000Z,1.12274,1.12312,1.12259,1.12297,25
2025-05-08T02:00:00.000Z,1.12297,1.12335,1.12282,1.1232,25
2025-05-08T03:00:00.000Z,1.1232,1.12349,1.12305,1.12334,25
2025-05-08T04:00:00.000Z,1.12334,1.12364,1.12267,1.12297,30
2025-05-08T05:00:00.000Z,1.12297,1.12327,1.12248,1.12278,30
2025-05-08T06:00:00.000Z,1.12278,1.12308,1.1223,1.1226,30
2025-05-08T07:00:00.000Z,1.1226,1.12291,1.1223,1.12261,30
2025-05-08T08:00:00.000Z,1.12261,1.12424,1.12217,1.1238,70
2025-05-08T09:00:00.000Z,1.1238,1.12515,1.12336,1.12471,70
2025-05-08T10:00:00.000Z,1.12471,1.12606,1.12427,1.12562,70
2025-05-08T11:00:00.000Z,1.12562,1.1267,1.12518,1.12626,70
2025-05-08T12:00:00.000Z,1.12626,1.12753,1.12597,1.12724,80
2025-05-08T13:00:00.000Z,1.12724,1.12833,1.12695,1.12804,80
2025-05-08T14:00:00.000Z,1.12804,1.12913,1.12775,1.12884,80
2025-05-08T15:00:00.000Z,1.12884,1.12974,1.12855,1.12945,80
2025-05-08T16:00:00.000Z,1.12945,1.1296,1.12898,1.12913,30
2025-05-08T17:00:00.000Z,1.12913,1.12928,1.12875,1.1289,30
2025-05-08T18:00:00.000Z,1.1289,1.12905,1.12853,1.12868,30
2025-05-08T19:00:00.000Z,1.12868,1.12883,1.12839,1.12854,30
2025-05-08T20:00:00.000Z,1.12854,1.1291,1.1261,1.12666,15
2025-05-08T21:00:00.000Z,1.12666,1.12722,1.12457,1.12513,15
2025-05-08T22:00:00.000Z,1.12513,1.12569,1.12304,1.1236,15
2025-05-08T23:00:00.000Z,1.1236,1.12416,1.12186,1.12242,15
2025-05-11T00:00:00.000Z,1.12296,1.12382,1.12269,1.12355,25
2025-05-11T01:00:00.000Z,1.12355,1.12424,1.12328,1.12397,25
2025-05-11T02:00:00.000Z,1.12397,1.12466,1.1237,1.12439,25
2025-05-11T03:00:00.000Z,1.12439,1.12491,1.12412,1.12464,25
2025-05-11T04:00:00.000Z,1.12464,1.12608,1.12197,1.12341,30
2025-05-11T05:00:00.000Z,1.12341,1.12485,1.12163,1.12307,30
2025-05-11T06:00:00.000Z,1.12307,1.12451,1.1213,1.12274,30
2025-05-11T07:00:00.000Z,1.12274,1.12474,1.1213,1.1233,30
2025-05-11T08:00:00.000Z,1.1233,1.12629,1.12249,1.12548,70
2025-05-11T09:00:00.000Z,1.12548,1.12797,1.12467,1.12716,70
2025-05-11T10:00:00.000Z,1.12716,1.12965,1.12635,1.12884,70
2025-05-11T11:00:00.000Z,1.12884,1.13082,1.12803,1.13001,70
2025-05-11T12:00:00.000Z,1.13001,1.13236,1.12947,1.13182,80
2025-05-11T13:00:00.000Z,1.13182,1.13383,1.13128,1.13329,80
2025-05-11T14:00:00.000Z,1.13329,1.1353,1.13275,1.13476,80
2025-05-11T15:00:00.000Z,1.13476,1.13643,1.13422,1.13589,80
2025-05-11T16:00:00.000Z,1.13589,1.13616,1.13503,1.1353,30
2025-05-11T17:00:00.000Z,1.1353,1.13557,1.13461,1.13488,30
2025-05-11T18:00:00.000Z,1.13488,1.13515,1.13419,1.13446,30
2025-05-11T19:00:00.000Z,1.13446,1.13473,1.13394,1.13421,30
2025-05-11T20:00:00.000Z,1.13421,1.13524,1.12972,1.13075,15
2025-05-11T21:00:00.000Z,1.13075,1.13178,1.12691,1.12794,15
2025-05-11T22:00:00.000Z,1.12794,1.12897,1.1241,1.12513,15
2025-05-11T23:00:00.000Z,1.12513,1.12616,1.12193,1.12296,15
2025-05-12T00:00:00.000Z,1.10956,1.10997,1.10943,1.10984,25
2025-05-12T01:00:00.000Z,1.10984,1.11018,1.10971,1.11005,25
2025-05-12T02:00:00.000Z,1.11005,1.11038,1.10992,1.11025,25
2025-05-12T03:00:00.000Z,1.11025,1.1105,1.11012,1.11037,25
2025-05-12T04:00:00.000Z,1.11037,1.11046,1.11006,1.11015,30
2025-05-12T05:00:00.000Z,1.11015,1.11024,1.1099,1.10999,30
2025-05-12T06:00:00.000Z,1.10999,1.11008,1.10974,1.10983,30
2025-05-12T07:00:00.000Z,1.10983,1.10992,1.10963,1.10972,30
2025-05-12T08:00:00.000Z,1.10972,1.11116,1.10933,1.11077,70
2025-05-12T09:00:00.000Z,1.11077,1.11197,1.11038,1.11158,70
2025-05-12T10:00:00.000Z,1.11158,1.11277,1.11119,1.11238,70
2025-05-12T11:00:00.000Z,1.11238,1.11334,1.11199,1.11295,70
2025-05-12T12:00:00.000Z,1.11295,1.11434,1.11253,1.11392,80
2025-05-12T13:00:00.000Z,1.11392,1.11504,1.1135,1.11462,80
2025-05-12T14:00:00.000Z,1.11462,1.11575,1.1142,1.11533,80
2025-05-12T15:00:00.000Z,1.11533,1.1162,1.11491,1.11578,80
2025-05-12T16:00:00.000Z,1.11578,1.11591,1.11537,1.1155,30
2025-05-12T17:00:00.000Z,1.1155,1.11563,1.11516,1.11529,30
2025-05-12T18:00:00.000Z,1.11529,1.11542,1.11496,1.11509,30
2025-05-12T19:00:00.000Z,1.11509,1.11522,1.11484,1.11497,30
2025-05-12T20:00:00.000Z,1.11497,1.11547,1.11281,1.11331,15
2025-05-12T21:00:00.000Z,1.11331,1.11381,1.11145,1.11195,15
2025-05-12T22:00:00.000Z,1.11195,1.11245,1.1101,1.1106,15
2025-05-12T23:00:00.000Z,1.1106,1.1111,1.10906,1.10956,15
2025-05-13T00:00:00.000Z,1.11856,1.11898,1.11843,1.11885,25
2025-05-13T01:00:00.000Z,1.11885,1.11918,1.11872,1.11905,25
2025-05-13T02:00:00.000Z,1.11905,1.11939,1.11892,1.11926,25
2025-05-13T03:00:00.000Z,1.11926,1.11951,1.11913,1.11938,25
2025-05-13T04:00:00.000Z,1.11938,1.1195,1.11902,1.11914,30
2025-05-13T05:00:00.000Z,1.11914,1.11926,1.11885,1.11897,30
2025-05-13T06:00:00.000Z,1.11897,1.11909,1.11869,1.11881,30
2025-05-13T07:00:00.000Z,1.11881,1.11893,1.1186,1.11872,30
2025-05-13T08:00:00.000Z,1.11872,1.12018,1.11833,1.11979,70
2025-05-13T09:00:00.000Z,1.11979,1.121,1.1194,1.12061,70
2025-05-13T10:00:00.000Z,1.12061,1.12182,1.12022,1.12143,70
2025-05-13T11:00:00.000Z,1.12143,1.1224,1.12104,1.12201,70
2025-05-13T12:00:00.000Z,1.12201,1.12336,1.12162,1.12297,80
2025-05-13T13:00:00.000Z,1.12297,1.12408,1.12258,1.12369,80
2025-05-13T14:00:00.000Z,1.12369,1.1248,1.1233,1.12441,80
2025-05-13T15:00:00.000Z,1.12441,1.12527,1.12402,1.12488,80
2025-05-13T16:00:00.000Z,1.12488,1.12501,1.12446,1.12459,30
2025-05-13T17:00:00.000Z,1.12459,1.12472,1.12426,1.12439,30
2025-05-13T18:00:00.000Z,1.12439,1.12452,1.12405,1.12418,30
2025-05-13T19:00:00.000Z,1.12418,1.12431,1.12393,1.12406,30
2025-05-13T20:00:00.000Z,1.12406,1.12457,1.12186,1.12237,15
2025-05-13T21:00:00.000Z,1.12237,1.12288,1.12048,1.12099,15
2025-05-13T22:00:00.000Z,1.12099,1.1215,1.11911,1.11962,15
2025-05-13T23:00:00.000Z,1.11962,1.12013,1.11805,1.11856,15
2025-05-14T00:00:00.000Z,1.11819,1.11846,1.11811,1.11838,25
2025-05-14T01:00:00.000Z,1.11838,1.11859,1.1183,1.11851,25
2025-05-14T02:00:00.000Z,1.11851,1.11872,1.11843,1.11864,25
2025-05-14T03:00:00.000Z,1.11864,1.1188,1.11856,1.11872,25
2025-05-14T04:00:00.000Z,1.11872,1.11884,1.11842,1.11854,30
2025-05-14T05:00:00.000Z,1.11854,1.11866,1.11831,1.11843,30
2025-05-14T06:00:00.000Z,1.11843,1.11855,1.11821,1.11833,30
2025-05-14T07:00:00.000Z,1.11833,1.11845,1.11818,1.1183,30
2025-05-14T08:00:00.000Z,1.1183,1.11924,1.11805,1.11899,70
2025-05-14T09:00:00.000Z,1.11899,1.11977,1.11874,1.11952,70
2025-05-14T10:00:00.000Z,1.11952,1.1203,1.11927,1.12005,70
2025-05-14T11:00:00.000Z,1.12005,1.12067,1.1198,1.12042,70
2025-05-14T12:00:00.000Z,1.12042,1.12122,1.12021,1.12101,80
2025-05-14T13:00:00.000Z,1.12101,1.12169,1.1208,1.12148,80
2025-05-14T14:00:00.000Z,1.12148,1.12215,1.12127,1.12194,80
2025-05-14T15:00:00.000Z,1.12194,1.12248,1.12173,1.12227,80
2025-05-14T16:00:00.000Z,1.12227,1.12235,1.122,1.12208,30
2025-05-14T17:00:00.000Z,1.12208,1.12216,1.12187,1.12195,30
2025-05-14T18:00:00.000Z,1.12195,1.12203,1.12174,1.12182,30
2025-05-14T19:00:00.000Z,1.12182,1.1219,1.12166,1.12174,30
2025-05-14T20:00:00.000Z,1.12174,1.12207,1.12032,1.12065,15
2025-05-14T21:00:00.000Z,1.12065,1.12098,1.11943,1.11976,15
2025-05-14T22:00:00.000Z,1.11976,1.12009,1.11854,1.11887,15
2025-05-14T23:00:00.000Z,1.11887,1.1192,1.11786,1.11819,15
2025-05-15T00:00:00.000Z,1.11927,1.11967,1.11914,1.11954,25
2025-05-15T01:00:00.000Z,1.11954,1.11987,1.11941,1.11974,25
2025-05-15T02:00:00.000Z,1.11974,1.12006,1.11961,1.11993,25
2025-05-15T03:00:00.000Z,1.11993,1.12018,1.1198,1.12005,25
2025-05-15T04:00:00.000Z,1.12005,1.12055,1.11908,1.11958,30
2025-05-15T05:00:00.000Z,1.11958,1.12008,1.11892,1.11942,30
2025-05-15T06:00:00.000Z,1.11942,1.11992,1.11877,1.11927,30
2025-05-15T07:00:00.000Z,1.11927,1.11993,1.11877,1.11943,30
2025-05-15T08:00:00.000Z,1.11943,1.12083,1.11905,1.12045,70
2025-05-15T09:00:00.000Z,1.12045,1.12162,1.12007,1.12124,70
2025-05-15T10:00:00.000Z,1.12124,1.1224,1.12086,1.12202,70
2025-05-15T11:00:00.000Z,1.12202,1.12295,1.12164,1.12257,70
2025-05-15T12:00:00.000Z,1.12257,1.12366,1.12232,1.12341,80
2025-05-15T13:00:00.000Z,1.12341,1.12435,1.12316,1.1241,80
2025-05-15T14:00:00.000Z,1.1241,1.12503,1.12385,1.12478,80
2025-05-15T15:00:00.000Z,1.12478,1.12556,1.12453,1.12531,80
2025-05-15T16:00:00.000Z,1.12531,1.12544,1.12491,1.12504,30
2025-05-15T17:00:00.000Z,1.12504,1.12517,1.12471,1.12484,30
2025-05-15T18:00:00.000Z,1.12484,1.12497,1.12452,1.12465,30
2025-05-15T19:00:00.000Z,1.12465,1.12478,1.1244,1.12453,30
2025-05-15T20:00:00.000Z,1.12453,1.12501,1.12243,1.12291,15
2025-05-15T21:00:00.000Z,1.12291,1.12339,1.12112,1.1216,15
2025-05-15T22:00:00.000Z,1.1216,1.12208,1.1198,1.12028,15
2025-05-15T23:00:00.000Z,1.12028,1.12076,1.11879,1.11927,15
2025-05-18T00:00:00.000Z,1.11876,1.11933,1.11858,1.11915,25
2025-05-18T01:00:00.000Z,1.11915,1.11961,1.11897,1.11943,25
2025-05-18T02:00:00.000Z,1.11943,1.11989,1.11925,1.11971,25
2025-05-18T03:00:00.000Z,1.11971,1.12006,1.11953,1.11988,25
2025-05-18T04:00:00.000Z,1.11988,1.12013,1.11925,1.1195,30
2025-05-18T05:00:00.000Z,1.1195,1.11975,1.11903,1.11928,30
2025-05-18T06:00:00.000Z,1.11928,1.11953,1.1188,1.11905,30
2025-05-18T07:00:00.000Z,1.11905,1.1193,1.11873,1.11898,30
2025-05-18T08:00:00.000Z,1.11898,1.12098,1.11844,1.12044,70
2025-05-18T09:00:00.000Z,1.12044,1.12211,1.1199,1.12157,70
2025-05-18T10:00:00.000Z,1.12157,1.12323,1.12103,1.12269,70
2025-05-18T11:00:00.000Z,1.12269,1.12402,1.12215,1.12348,70
2025-05-18T12:00:00.000Z,1.12348,1.1252,1.12303,1.12475,80
2025-05-18T13:00:00.000Z,1.12475,1.12618,1.1243,1.12573,80
2025-05-18T14:00:00.000Z,1.12573,1.12717,1.12528,1.12672,80
2025-05-18T15:00:00.000Z,1.12672,1.12787,1.12627,1.12742,80
2025-05-18T16:00:00.000Z,1.12742,1.1276,1.12685,1.12703,30
2025-05-18T17:00:00.000Z,1.12703,1.12721,1.12656,1.12674,30
2025-05-18T18:00:00.000Z,1.12674,1.12692,1.12628,1.12646,30
2025-05-18T19:00:00.000Z,1.12646,1.12664,1.12611,1.12629,30
2025-05-18T20:00:00.000Z,1.12629,1.12698,1.12328,1.12397,15
2025-05-18T21:00:00.000Z,1.12397,1.12466,1.1214,1.12209,15
2025-05-18T22:00:00.000Z,1.12209,1.12278,1.11952,1.12021,15
2025-05-18T23:00:00.000Z,1.12021,1.1209,1.11807,1.11876,15
2025-05-19T00:00:00.000Z,1.12334,1.12364,1.12325,1.12355,25
2025-05-19T01:00:00.000Z,1.12355,1.12378,1.12346,1.12369,25
2025-05-19T02:00:00.000Z,1.12369,1.12393,1.1236,1.12384,25
2025-05-19T03:00:00.000Z,1.12384,1.12402,1.12375,1.12393,25
2025-05-19T04:00:00.000Z,1.12393,1.12412,1.12351,1.1237,30
2025-05-19T05:00:00.000Z,1.1237,1.12389,1.12339,1.12358,30
2025-05-19T06:00:00.000Z,1.12358,1.12377,1.12327,1.12346,30
2025-05-19T07:00:00.000Z,1.12346,1.12365,1.12327,1.12346,30
2025-05-19T08:00:00.000Z,1.12346,1.1245,1.12318,1.12422,70
2025-05-19T09:00:00.000Z,1.12422,1.12509,1.12394,1.12481,70
2025-05-19T10:00:00.000Z,1.12481,1.12567,1.12453,1.12539,70
2025-05-19T11:00:00.000Z,1.12539,1.12608,1.12511,1.1258,70
2025-05-19T12:00:00.000Z,1.1258,1.12662,1.12561,1.12643,80
2025-05-19T13:00:00.000Z,1.12643,1.12713,1.12624,1.12694,80
2025-05-19T14:00:00.000Z,1.12694,1.12764,1.12675,1.12745,80
2025-05-19T15:00:00.000Z,1.12745,1.12804,1.12726,1.12785,80
2025-05-19T16:00:00.000Z,1.12785,1.12794,1.12756,1.12765,30
2025-05-19T17:00:00.000Z,1.12765,1.12774,1.12741,1.1275,30
2025-05-19T18:00:00.000Z,1.1275,1.12759,1.12727,1.12736,30
2025-05-19T19:00:00.000Z,1.12736,1.12745,1.12718,1.12727,30
2025-05-19T20:00:00.000Z,1.12727,1.12763,1.1257,1.12606,15
2025-05-19T21:00:00.000Z,1.12606,1.12642,1.12472,1.12508,15
2025-05-19T22:00:00.000Z,1.12508,1.12544,1.12374,1.1241,15
2025-05-19T23:00:00.000Z,1.1241,1.12446,1.12298,1.12334,15
2025-05-20T00:00:00.000Z,1.1288,1.12918,1.12868,1.12906,25
2025-05-20T01:00:00.000Z,1.12906,1.12937,1.12894,1.12925,25
2025-05-20T02:00:00.000Z,1.12925,1.12955,1.12913,1.12943,25
2025-05-20T03:00:00.000Z,1.12943,1.12966,1.12931,1.12954,25
2025-05-20T04:00:00.000Z,1.12954,1.12963,1.12924,1.12933,30
2025-05-20T05:00:00.000Z,1.12933,1.12942,1.1291,1.12919,30
2025-05-20T06:00:00.000Z,1.12919,1.12928,1.12895,1.12904,30
2025-05-20T07:00:00.000Z,1.12904,1.12913,1.12886,1.12895,30
2025-05-20T08:00:00.000Z,1.12895,1.13028,1.12859,1.12992,70
2025-05-20T09:00:00.000Z,1.12992,1.13103,1.12956,1.13067,70
2025-05-20T10:00:00.000Z,1.13067,1.13178,1.13031,1.13142,70
2025-05-20T11:00:00.000Z,1.13142,1.1323,1.13106,1.13194,70
2025-05-20T12:00:00.000Z,1.13194,1.1332,1.13157,1.13283,80
2025-05-20T13:00:00.000Z,1.13283,1.13385,1.13246,1.13348,80
2025-05-20T14:00:00.000Z,1.13348,1.13451,1.13311,1.13414,80
2025-05-20T15:00:00.000Z,1.13414,1.13493,1.13377,1.13456,80
2025-05-20T16:00:00.000Z,1.13456,1.13468,1.13418,1.1343,30
2025-05-20T17:00:00.000Z,1.1343,1.13442,1.13399,1.13411,30
2025-05-20T18:00:00.000Z,1.13411,1.13423,1.1338,1.13392,30
2025-05-20T19:00:00.000Z,1.13392,1.13404,1.13369,1.13381,30
2025-05-20T20:00:00.000Z,1.13381,1.13427,1.13181,1.13227,15
2025-05-20T21:00:00.000Z,1.13227,1.13273,1.13056,1.13102,15
2025-05-20T22:00:00.000Z,1.13102,1.13148,1.1293,1.12976,15
2025-05-20T23:00:00.000Z,1.12976,1.13022,1.12834,1.1288,15
2025-05-21T00:00:00.000Z,1.13312,1.13351,1.133,1.13339,25
2025-05-21T01:00:00.000Z,1.13339,1.1337,1.13327,1.13358,25
2025-05-21T02:00:00.000Z,1.13358,1.13389,1.13346,1.13377,25
2025-05-21T03:00:00.000Z,1.13377,1.13401,1.13365,1.13389,25
2025-05-21T04:00:00.000Z,1.13389,1.1345,1.13275,1.13336,30
2025-05-21T05:00:00.000Z,1.13336,1.13397,1.13259,1.1332,30
2025-05-21T06:00:00.000Z,1.1332,1.13381,1.13244,1.13305,30
2025-05-21T07:00:00.000Z,1.13305,1.13388,1.13244,1.13327,30
2025-05-21T08:00:00.000Z,1.13327,1.13465,1.1329,1.13428,70
2025-05-21T09:00:00.000Z,1.13428,1.13542,1.13391,1.13505,70
2025-05-21T10:00:00.000Z,1.13505,1.1362,1.13468,1.13583,70
2025-05-21T11:00:00.000Z,1.13583,1.13674,1.13546,1.13637,70
2025-05-21T12:00:00.000Z,1.13637,1.13745,1.13612,1.1372,80
2025-05-21T13:00:00.000Z,1.1372,1.13813,1.13695,1.13788,80
2025-05-21T14:00:00.000Z,1.13788,1.13881,1.13763,1.13856,80
2025-05-21T15:00:00.000Z,1.13856,1.13933,1.13831,1.13908,80
2025-05-21T16:00:00.000Z,1.13908,1.1392,1.13869,1.13881,30
2025-05-21T17:00:00.000Z,1.13881,1.13893,1.1385,1.13862,30
2025-05-21T18:00:00.000Z,1.13862,1.13874,1.13831,1.13843,30
2025-05-21T19:00:00.000Z,1.13843,1.13855,1.13819,1.13831,30
2025-05-21T20:00:00.000Z,1.13831,1.13879,1.13623,1.13671,15
2025-05-21T21:00:00.000Z,1.13671,1.13719,1.13494,1.13542,15
2025-05-21T22:00:00.000Z,1.13542,1.1359,1.13364,1.13412,15
2025-05-21T23:00:00.000Z,1.13412,1.1346,1.13264,1.13312,15
2025-05-22T00:00:00.000Z,1.12818,1.12867,1.12803,1.12852,25
2025-05-22T01:00:00.000Z,1.12852,1.12891,1.12837,1.12876,25
2025-05-22T02:00:00.000Z,1.12876,1.12915,1.12861,1.129,25
2025-05-22T03:00:00.000Z,1.129,1.1293,1.12885,1.12915,25
2025-05-22T04:00:00.000Z,1.12915,1.12928,1.12875,1.12888,30
2025-05-22T05:00:00.000Z,1.12888,1.12901,1.12855,1.12868,30
2025-05-22T06:00:00.000Z,1.12868,1.12881,1.12836,1.12849,30
2025-05-22T07:00:00.000Z,1.12849,1.12862,1.12825,1.12838,30
2025-05-22T08:00:00.000Z,1.12838,1.13009,1.12792,1.12963,70
2025-05-22T09:00:00.000Z,1.12963,1.13106,1.12917,1.1306,70
2025-05-22T10:00:00.000Z,1.1306,1.13202,1.13014,1.13156,70
2025-05-22T11:00:00.000Z,1.13156,1.1327,1.1311,1.13224,70
2025-05-22T12:00:00.000Z,1.13224,1.13385,1.13177,1.13338,80
2025-05-22T13:00:00.000Z,1.13338,1.13469,1.13291,1.13422,80
2025-05-22T14:00:00.000Z,1.13422,1.13554,1.13375,1.13507,80
2025-05-22T15:00:00.000Z,1.13507,1.13609,1.1346,1.13562,80
2025-05-22T16:00:00.000Z,1.13562,1.13577,1.13513,1.13528,30
2025-05-22T17:00:00.000Z,1.13528,1.13543,1.13489,1.13504,30
2025-05-22T18:00:00.000Z,1.13504,1.13519,1.13465,1.1348,30
2025-05-22T19:00:00.000Z,1.1348,1.13495,1.13451,1.13466,30
2025-05-22T20:00:00.000Z,1.13466,1.13526,1.13207,1.13267,15
2025-05-22T21:00:00.000Z,1.13267,1.13327,1.13045,1.13105,15
2025-05-22T22:00:00.000Z,1.13105,1.13165,1.12883,1.12943,15
2025-05-22T23:00:00.000Z,1.12943,1.13003,1.12758,1.12818,15
2025-05-25T00:00:00.000Z,1.13728,1.13754,1.1372,1.13746,25
2025-05-25T01:00:00.000Z,1.13746,1.13766,1.13738,1.13758,25
2025-05-25T02:00:00.000Z,1.13758,1.13779,1.1375,1.13771,25
2025-05-25T03:00:00.000Z,1.13771,1.13786,1.13763,1.13778,25
2025-05-25T04:00:00.000Z,1.13778,1.13787,1.13754,1.13763,30
2025-05-25T05:00:00.000Z,1.13763,1.13772,1.13744,1.13753,30
2025-05-25T06:00:00.000Z,1.13753,1.13762,1.13734,1.13743,30
2025-05-25T07:00:00.000Z,1.13743,1.13752,1.13729,1.13738,30
2025-05-25T08:00:00.000Z,1.13738,1.13826,1.13714,1.13802,70
2025-05-25T09:00:00.000Z,1.13802,1.13876,1.13778,1.13852,70
2025-05-25T10:00:00.000Z,1.13852,1.13925,1.13828,1.13901,70
2025-05-25T11:00:00.000Z,1.13901,1.1396,1.13877,1.13936,70
2025-05-25T12:00:00.000Z,1.13936,1.14015,1.13914,1.13993,80
2025-05-25T13:00:00.000Z,1.13993,1.14059,1.13971,1.14037,80
2025-05-25T14:00:00.000Z,1.14037,1.14102,1.14015,1.1408,80
2025-05-25T15:00:00.000Z,1.1408,1.14132,1.14058,1.1411,80
2025-05-25T16:00:00.000Z,1.1411,1.14118,1.14085,1.14093,30
2025-05-25T17:00:00.000Z,1.14093,1.14101,1.14072,1.1408,30
2025-05-25T18:00:00.000Z,1.1408,1.14088,1.1406,1.14068,30
2025-05-25T19:00:00.000Z,1.14068,1.14076,1.14052,1.1406,30
2025-05-25T20:00:00.000Z,1.1406,1.14091,1.13927,1.13958,15
2025-05-25T21:00:00.000Z,1.13958,1.13989,1.13844,1.13875,15
2025-05-25T22:00:00.000Z,1.13875,1.13906,1.13761,1.13792,15
2025-05-25T23:00:00.000Z,1.13792,1.13823,1.13697,1.13728,15
2025-05-26T00:00:00.000Z,1.13885,1.13927,1.13872,1.13914,25
2025-05-26T01:00:00.000Z,1.13914,1.13948,1.13901,1.13935,25
2025-05-26T02:00:00.000Z,1.13935,1.13969,1.13922,1.13956,25
2025-05-26T03:00:00.000Z,1.13956,1.13982,1.13943,1.13969,25
2025-05-26T04:00:00.000Z,1.13969,1.1403,1.13853,1.13914,30
2025-05-26T05:00:00.000Z,1.13914,1.13975,1.13837,1.13898,30
2025-05-26T06:00:00.000Z,1.13898,1.13959,1.1382,1.13881,30
2025-05-26T07:00:00.000Z,1.13881,1.13963,1.1382,1.13902,30
2025-05-26T08:00:00.000Z,1.13902,1.14051,1.13862,1.14011,70
2025-05-26T09:00:00.000Z,1.14011,1.14135,1.13971,1.14095,70
2025-05-26T10:00:00.000Z,1.14095,1.14218,1.14055,1.14178,70
2025-05-26T11:00:00.000Z,1.14178,1.14277,1.14138,1.14237,70
2025-05-26T12:00:00.000Z,1.14237,1.14354,1.1421,1.14327,80
2025-05-26T13:00:00.000Z,1.14327,1.14428,1.143,1.14401,80
2025-05-26T14:00:00.000Z,1.14401,1.14501,1.14374,1.14474,80
2025-05-26T15:00:00.000Z,1.14474,1.14558,1.14447,1.14531,80
2025-05-26T16:00:00.000Z,1.14531,1.14544,1.14489,1.14502,30
2025-05-26T17:00:00.000Z,1.14502,1.14515,1.14468,1.14481,30
2025-05-26T18:00:00.000Z,1.14481,1.14494,1.14447,1.1446,30
2025-05-26T19:00:00.000Z,1.1446,1.14473,1.14434,1.14447,30
2025-05-26T20:00:00.000Z,1.14447,1.14499,1.14222,1.14274,15
2025-05-26T21:00:00.000Z,1.14274,1.14326,1.14082,1.14134,15
2025-05-26T22:00:00.000Z,1.14134,1.14186,1.13941,1.13993,15
2025-05-26T23:00:00.000Z,1.13993,1.14045,1.13833,1.13885,15
2025-05-27T00:00:00.000Z,1.13371,1.13402,1.13361,1.13392,25
2025-05-27T01:00:00.000Z,1.13392,1.13418,1.13382,1.13408,25
2025-05-27T02:00:00.000Z,1.13408,1.13433,1.13398,1.13423,25
2025-05-27T03:00:00.000Z,1.13423,1.13442,1.13413,1.13432,25
2025-05-27T04:00:00.000Z,1.13432,1.13482,1.13339,1.13389,30
2025-05-27T05:00:00.000Z,1.13389,1.13439,1.13326,1.13376,30
2025-05-27T06:00:00.000Z,1.13376,1.13426,1.13314,1.13364,30
2025-05-27T07:00:00.000Z,1.13364,1.13433,1.13314,1.13383,30
2025-05-27T08:00:00.000Z,1.13383,1.13492,1.13354,1.13463,70
2025-05-27T09:00:00.000Z,1.13463,1.13553,1.13434,1.13524,70
2025-05-27T10:00:00.000Z,1.13524,1.13615,1.13495,1.13586,70
2025-05-27T11:00:00.000Z,1.13586,1.13658,1.13557,1.13629,70
2025-05-27T12:00:00.000Z,1.13629,1.13715,1.13609,1.13695,80
2025-05-27T13:00:00.000Z,1.13695,1.13768,1.13675,1.13748,80
2025-05-27T14:00:00.000Z,1.13748,1.13822,1.13728,1.13802,80
2025-05-27T15:00:00.000Z,1.13802,1.13863,1.13782,1.13843,80
2025-05-27T16:00:00.000Z,1.13843,1.13853,1.13812,1.13822,30
2025-05-27T17:00:00.000Z,1.13822,1.13832,1.13796,1.13806,30
2025-05-27T18:00:00.000Z,1.13806,1.13816,1.13781,1.13791,30
2025-05-27T19:00:00.000Z,1.13791,1.13801,1.13772,1.13782,30
2025-05-27T20:00:00.000Z,1.13782,1.1382,1.13618,1.13656,15
2025-05-27T21:00:00.000Z,1.13656,1.13694,1.13515,1.13553,15
2025-05-27T22:00:00.000Z,1.13553,1.13591,1.13412,1.1345,15
2025-05-27T23:00:00.000Z,1.1345,1.13488,1.13333,1.13371,15
2025-05-28T00:00:00.000Z,1.12337,1.1241,1.12314,1.12387,25
2025-05-28T01:00:00.000Z,1.12387,1.12445,1.12364,1.12422,25
2025-05-28T02:00:00.000Z,1.12422,1.12481,1.12399,1.12458,25
2025-05-28T03:00:00.000Z,1.12458,1.12502,1.12435,1.12479,25
2025-05-28T04:00:00.000Z,1.12479,1.12501,1.12415,1.12437,30
2025-05-28T05:00:00.000Z,1.12437,1.12459,1.12386,1.12408,30
2025-05-28T06:00:00.000Z,1.12408,1.1243,1.12358,1.1238,30
2025-05-28T07:00:00.000Z,1.1238,1.12402,1.12343,1.12365,30
2025-05-28T08:00:00.000Z,1.12365,1.12618,1.12297,1.1255,70
2025-05-28T09:00:00.000Z,1.1255,1.12761,1.12482,1.12693,70
2025-05-28T10:00:00.000Z,1.12693,1.12903,1.12625,1.12835,70
2025-05-28T11:00:00.000Z,1.12835,1.13003,1.12767,1.12935,70
2025-05-28T12:00:00.000Z,1.12935,1.13168,1.12868,1.13101,80
2025-05-28T13:00:00.000Z,1.13101,1.13293,1.13034,1.13226,80
2025-05-28T14:00:00.000Z,1.13226,1.13417,1.13159,1.1335,80
2025-05-28T15:00:00.000Z,1.1335,1.135,1.13283,1.13433,80
2025-05-28T16:00:00.000Z,1.13433,1.13456,1.1336,1.13383,30
2025-05-28T17:00:00.000Z,1.13383,1.13406,1.13324,1.13347,30
2025-05-28T18:00:00.000Z,1.13347,1.1337,1.13289,1.13312,30
2025-05-28T19:00:00.000Z,1.13312,1.13335,1.13267,1.1329,30
2025-05-28T20:00:00.000Z,1.1329,1.13378,1.12909,1.12997,15
2025-05-28T21:00:00.000Z,1.12997,1.13085,1.12671,1.12759,15
2025-05-28T22:00:00.000Z,1.12759,1.12847,1.12432,1.1252,15
2025-05-28T23:00:00.000Z,1.1252,1.12608,1.12249,1.12337,15
2025-05-29T00:00:00.000Z,1.13784,1.13823,1.13772,1.13811,25
2025-05-29T01:00:00.000Z,1.13811,1.13842,1.13799,1.1383,25
2025-05-29T02:00:00.000Z,1.1383,1.13861,1.13818,1.13849,25
2025-05-29T03:00:00.000Z,1.13849,1.13872,1.13837,1.1386,25
2025-05-29T04:00:00.000Z,1.1386,1.1392,1.13747,1.13807,30
2025-05-29T05:00:00.000Z,1.13807,1.13867,1.13732,1.13792,30
2025-05-29T06:00:00.000Z,1.13792,1.13852,1.13717,1.13777,30
2025-05-29T07:00:00.000Z,1.13777,1.13859,1.13717,1.13799,30
2025-05-29T08:00:00.000Z,1.13799,1.13934,1.13763,1.13898,70
2025-05-29T09:00:00.000Z,1.13898,1.1401,1.13862,1.13974,70
2025-05-29T10:00:00.000Z,1.13974,1.14086,1.13938,1.1405,70
2025-05-29T11:00:00.000Z,1.1405,1.14139,1.14014,1.14103,70
2025-05-29T12:00:00.000Z,1.14103,1.14209,1.14079,1.14185,80
2025-05-29T13:00:00.000Z,1.14185,1.14275,1.14161,1.14251,80
2025-05-29T14:00:00.000Z,1.14251,1.14342,1.14227,1.14318,80
2025-05-29T15:00:00.000Z,1.14318,1.14393,1.14294,1.14369,80
2025-05-29T16:00:00.000Z,1.14369,1.14381,1.1433,1.14342,30
2025-05-29T17:00:00.000Z,1.14342,1.14354,1.14311,1.14323,30
2025-05-29T18:00:00.000Z,1.14323,1.14335,1.14292,1.14304,30
2025-05-29T19:00:00.000Z,1.14304,1.14316,1.14281,1.14293,30
2025-05-29T20:00:00.000Z,1.14293,1.1434,1.14089,1.14136,15
2025-05-29T21:00:00.000Z,1.14136,1.14183,1.13962,1.14009,15
2025-05-29T22:00:00.000Z,1.14009,1.14056,1.13835,1.13882,15
2025-05-29T23:00:00.000Z,1.13882,1.13929,1.13737,1.13784,15
2025-06-01T00:00:00.000Z,1.13533,1.13581,1.13518,1.13566,25
2025-06-01T01:00:00.000Z,1.13566,1.13604,1.13551,1.13589,25
2025-06-01T02:00:00.000Z,1.13589,1.13627,1.13574,1.13612,25
2025-06-01T03:00:00.000Z,1.13612,1.13641,1.13597,1.13626,25
2025-06-01T04:00:00.000Z,1.13626,1.13636,1.13591,1.13601,30
2025-06-01T05:00:00.000Z,1.13601,1.13611,1.13573,1.13583,30
2025-06-01T06:00:00.000Z,1.13583,1.13593,1.13554,1.13564,30
2025-06-01T07:00:00.000Z,1.13564,1.13574,1.13542,1.13552,30
2025-06-01T08:00:00.000Z,1.13552,1.13718,1.13507,1.13673,70
2025-06-01T09:00:00.000Z,1.13673,1.13811,1.13628,1.13766,70
2025-06-01T10:00:00.000Z,1.13766,1.13905,1.13721,1.1386,70
2025-06-01T11:00:00.000Z,1.1386,1.1397,1.13815,1.13925,70
2025-06-01T12:00:00.000Z,1.13925,1.14086,1.13876,1.14037,80
2025-06-01T13:00:00.000Z,1.14037,1.14168,1.13988,1.14119,80
2025-06-01T14:00:00.000Z,1.14119,1.14249,1.1407,1.142,80
2025-06-01T15:00:00.000Z,1.142,1.143,1.14151,1.14251,80
2025-06-01T16:00:00.000Z,1.14251,1.14266,1.14203,1.14218,30
2025-06-01T17:00:00.000Z,1.14218,1.14233,1.1418,1.14195,30
2025-06-01T18:00:00.000Z,1.14195,1.1421,1.14157,1.14172,30
2025-06-01T19:00:00.000Z,1.14172,1.14187,1.14143,1.14158,30
2025-06-01T20:00:00.000Z,1.14158,1.14215,1.13909,1.13966,15
2025-06-01T21:00:00.000Z,1.13966,1.14023,1.13753,1.1381,15
2025-06-01T22:00:00.000Z,1.1381,1.13867,1.13596,1.13653,15
2025-06-01T23:00:00.000Z,1.13653,1.1371,1.13476,1.13533,15
2025-06-02T00:00:00.000Z,1.14534,1.14579,1.1452,1.14565,25
2025-06-02T01:00:00.000Z,1.14565,1.14601,1.14551,1.14587,25
2025-06-02T02:00:00.000Z,1.14587,1.14623,1.14573,1.14609,25
2025-06-02T03:00:00.000Z,1.14609,1.14636,1.14595,1.14622,25
2025-06-02T04:00:00.000Z,1.14622,1.14701,1.14476,1.14555,30
2025-06-02T05:00:00.000Z,1.14555,1.14634,1.14459,1.14538,30
2025-06-02T06:00:00.000Z,1.14538,1.14617,1.14441,1.1452,30
2025-06-02T07:00:00.000Z,1.1452,1.14631,1.14441,1.14552,30
2025-06-02T08:00:00.000Z,1.14552,1.14708,1.1451,1.14666,70
2025-06-02T09:00:00.000Z,1.14666,1.14795,1.14624,1.14753,70
2025-06-02T10:00:00.000Z,1.14753,1.14883,1.14711,1.14841,70
2025-06-02T11:00:00.000Z,1.14841,1.14944,1.14799,1.14902,70
2025-06-02T12:00:00.000Z,1.14902,1.15024,1.14874,1.14996,80
2025-06-02T13:00:00.000Z,1.14996,1.151,1.14968,1.15072,80
2025-06-02T14:00:00.000Z,1.15072,1.15177,1.15044,1.15149,80
2025-06-02T15:00:00.000Z,1.15149,1.15236,1.15121,1.15208,80
2025-06-02T16:00:00.000Z,1.15208,1.15222,1.15163,1.15177,30
2025-06-02T17:00:00.000Z,1.15177,1.15191,1.15142,1.15156,30
2025-06-02T18:00:00.000Z,1.15156,1.1517,1.1512,1.15134,30
2025-06-02T19:00:00.000Z,1.15134,1.15148,1.15107,1.15121,30
2025-06-02T20:00:00.000Z,1.15121,1.15175,1.14887,1.14941,15
2025-06-02T21:00:00.000Z,1.14941,1.14995,1.1474,1.14794,15
2025-06-02T22:00:00.000Z,1.14794,1.14848,1.14593,1.14647,15
2025-06-02T23:00:00.000Z,1.14647,1.14701,1.1448,1.14534,15
2025-06-03T00:00:00.000Z,1.13845,1.13883,1.13833,1.13871,25
2025-06-03T01:00:00.000Z,1.13871,1.13902,1.13859,1.1389,25
2025-06-03T02:00:00.000Z,1.1389,1.13921,1.13878,1.13909,25
2025-06-03T03:00:00.000Z,1.13909,1.13932,1.13897,1.1392,25
2025-06-03T04:00:00.000Z,1.1392,1.13949,1.13858,1.13887,30
2025-06-03T05:00:00.000Z,1.13887,1.13916,1.13843,1.13872,30
2025-06-03T06:00:00.000Z,1.13872,1.13901,1.13828,1.13857,30
2025-06-03T07:00:00.000Z,1.13857,1.13889,1.13828,1.1386,30
2025-06-03T08:00:00.000Z,1.1386,1.13994,1.13824,1.13958,70
2025-06-03T09:00:00.000Z,1.13958,1.14069,1.13922,1.14033,70
2025-06-03T10:00:00.000Z,1.14033,1.14144,1.13997,1.14108,70
2025-06-03T11:00:00.000Z,1.14108,1.14197,1.14072,1.14161,70
2025-06-03T12:00:00.000Z,1.14161,1.14266,1.14137,1.14242,80
2025-06-03T13:00:00.000Z,1.14242,1.14332,1.14218,1.14308,80
2025-06-03T14:00:00.000Z,1.14308,1.14397,1.14284,1.14373,80
2025-06-03T15:00:00.000Z,1.14373,1.14448,1.14349,1.14424,80
2025-06-03T16:00:00.000Z,1.14424,1.14436,1.14386,1.14398,30
2025-06-03T17:00:00.000Z,1.14398,1.1441,1.14367,1.14379,30
2025-06-03T18:00:00.000Z,1.14379,1.14391,1.14348,1.1436,30
2025-06-03T19:00:00.000Z,1.1436,1.14372,1.14337,1.14349,30
2025-06-03T20:00:00.000Z,1.14349,1.14395,1.14148,1.14194,15
2025-06-03T21:00:00.000Z,1.14194,1.1424,1.14022,1.14068,15
2025-06-03T22:00:00.000Z,1.14068,1.14114,1.13896,1.13942,15
2025-06-03T23:00:00.000Z,1.13942,1.13988,1.13799,1.13845,15
2025-06-04T00:00:00.000Z,1.1422,1.14265,1.14206,1.14251,25
2025-06-04T01:00:00.000Z,1.14251,1.14287,1.14237,1.14273,25
2025-06-04T02:00:00.000Z,1.14273,1.1431,1.14259,1.14296,25
2025-06-04T03:00:00.000Z,1.14296,1.14323,1.14282,1.14309,25
2025-06-04T04:00:00.000Z,1.14309,1.14332,1.14254,1.14277,30
2025-06-04T05:00:00.000Z,1.14277,1.143,1.14236,1.14259,30
2025-06-04T06:00:00.000Z,1.14259,1.14282,1.14218,1.14241,30
2025-06-04T07:00:00.000Z,1.14241,1.14264,1.14215,1.14238,30
2025-06-04T08:00:00.000Z,1.14238,1.14394,1.14196,1.14352,70
2025-06-04T09:00:00.000Z,1.14352,1.14482,1.1431,1.1444,70
2025-06-04T10:00:00.000Z,1.1444,1.1457,1.14398,1.14528,70
2025-06-04T11:00:00.000Z,1.14528,1.14632,1.14486,1.1459,70
2025-06-04T12:00:00.000Z,1.1459,1.14719,1.14558,1.14687,80
2025-06-04T13:00:00.000Z,1.14687,1.14796,1.14655,1.14764,80
2025-06-04T14:00:00.000Z,1.14764,1.14874,1.14732,1.14842,80
2025-06-04T15:00:00.000Z,1.14842,1.14931,1.1481,1.14899,80
2025-06-04T16:00:00.000Z,1.14899,1.14913,1.14854,1.14868,30
2025-06-04T17:00:00.000Z,1.14868,1.14882,1.14832,1.14846,30
2025-06-04T18:00:00.000Z,1.14846,1.1486,1.1481,1.14824,30
2025-06-04T19:00:00.000Z,1.14824,1.14838,1.14797,1.14811,30
2025-06-04T20:00:00.000Z,1.14811,1.14865,1.14575,1.14629,15
2025-06-04T21:00:00.000Z,1.14629,1.14683,1.14428,1.14482,15
2025-06-04T22:00:00.000Z,1.14482,1.14536,1.1428,1.14334,15
2025-06-04T23:00:00.000Z,1.14334,1.14388,1.14166,1.1422,15
2025-06-05T00:00:00.000Z,1.14538,1.14582,1.14524,1.14568,25
2025-06-05T01:00:00.000Z,1.14568,1.14604,1.14554,1.1459,25
2025-06-05T02:00:00.000Z,1.1459,1.14626,1.14576,1.14612,25
2025-06-05T03:00:00.000Z,1.14612,1.14639,1.14598,1.14625,25
2025-06-05T04:00:00.000Z,1.14625,1.14701,1.14484,1.1456,30
2025-06-05T05:00:00.000Z,1.1456,1.14636,1.14467,1.14543,30
2025-06-05T06:00:00.000Z,1.14543,1.14619,1.1445,1.14526,30
2025-06-05T07:00:00.000Z,1.14526,1.14632,1.1445,1.14556,30
2025-06-05T08:00:00.000Z,1.14556,1.1471,1.14514,1.14668,70
2025-06-05T09:00:00.000Z,1.14668,1.14796,1.14626,1.14754,70
2025-06-05T10:00:00.000Z,1.14754,1.14883,1.14712,1.14841,70
2025-06-05T11:00:00.000Z,1.14841,1.14943,1.14799,1.14901,70
2025-06-05T12:00:00.000Z,1.14901,1.15022,1.14873,1.14994,80
2025-06-05T13:00:00.000Z,1.14994,1.15098,1.14966,1.1507,80
2025-06-05T14:00:00.000Z,1.1507,1.15174,1.15042,1.15146,80
2025-06-05T15:00:00.000Z,1.15146,1.15232,1.15118,1.15204,80
2025-06-05T16:00:00.000Z,1.15204,1.15218,1.1516,1.15174,30
2025-06-05T17:00:00.000Z,1.15174,1.15188,1.15138,1.15152,30
2025-06-05T18:00:00.000Z,1.15152,1.15166,1.15116,1.1513,30
2025-06-05T19:00:00.000Z,1.1513,1.15144,1.15103,1.15117,30
2025-06-05T20:00:00.000Z,1.15117,1.1517,1.14886,1.14939,15
2025-06-05T21:00:00.000Z,1.14939,1.14992,1.14741,1.14794,15
2025-06-05T22:00:00.000Z,1.14794,1.14847,1.14597,1.1465,15
2025-06-05T23:00:00.000Z,1.1465,1.14703,1.14485,1.14538,15
2025-06-08T00:00:00.000Z,1.14078,1.14105,1.1407,1.14097,25
2025-06-08T01:00:00.000Z,1.14097,1.14118,1.14089,1.1411,25
2025-06-08T02:00:00.000Z,1.1411,1.14131,1.14102,1.14123,25
2025-06-08T03:00:00.000Z,1.14123,1.14139,1.14115,1.14131,25
2025-06-08T04:00:00.000Z,1.14131,1.14154,1.14083,1.14106,30
2025-06-08T05:00:00.000Z,1.14106,1.14129,1.14073,1.14096,30
2025-06-08T06:00:00.000Z,1.14096,1.14119,1.14062,1.14085,30
2025-06-08T07:00:00.000Z,1.14085,1.14112,1.14062,1.14089,30
2025-06-08T08:00:00.000Z,1.14089,1.14183,1.14064,1.14158,70
2025-06-08T09:00:00.000Z,1.14158,1.14235,1.14133,1.1421,70
2025-06-08T10:00:00.000Z,1.1421,1.14288,1.14185,1.14263,70
2025-06-08T11:00:00.000Z,1.14263,1.14325,1.14238,1.143,70
2025-06-08T12:00:00.000Z,1.143,1.14374,1.14283,1.14357,80
2025-06-08T13:00:00.000Z,1.14357,1.1442,1.1434,1.14403,80
2025-06-08T14:00:00.000Z,1.14403,1.14466,1.14386,1.14449,80
2025-06-08T15:00:00.000Z,1.14449,1.14502,1.14432,1.14485,80
2025-06-08T16:00:00.000Z,1.14485,1.14493,1.14459,1.14467,30
2025-06-08T17:00:00.000Z,1.14467,1.14475,1.14445,1.14453,30
2025-06-08T18:00:00.000Z,1.14453,1.14461,1.14432,1.1444,30
2025-06-08T19:00:00.000Z,1.1444,1.14448,1.14424,1.14432,30
2025-06-08T20:00:00.000Z,1.14432,1.14464,1.14291,1.14323,15
2025-06-08T21:00:00.000Z,1.14323,1.14355,1.14203,1.14235,15
2025-06-08T22:00:00.000Z,1.14235,1.14267,1.14114,1.14146,15
2025-06-08T23:00:00.000Z,1.14146,1.14178,1.14046,1.14078,15
2025-06-09T00:00:00.000Z,1.1428,1.14318,1.14268,1.14306,25
2025-06-09T01:00:00.000Z,1.14306,1.14336,1.14294,1.14324,25
2025-06-09T02:00:00.000Z,1.14324,1.14355,1.14312,1.14343,25
2025-06-09T03:00:00.000Z,1.14343,1.14366,1.14331,1.14354,25
2025-06-09T04:00:00.000Z,1.14354,1.14406,1.14255,1.14307,30
2025-06-09T05:00:00.000Z,1.14307,1.14359,1.1424,1.14292,30
2025-06-09T06:00:00.000Z,1.14292,1.14344,1.14225,1.14277,30
2025-06-09T07:00:00.000Z,1.14277,1.14347,1.14225,1.14295,30
2025-06-09T08:00:00.000Z,1.14295,1.14426,1.1426,1.14391,70
2025-06-09T09:00:00.000Z,1.14391,1.145,1.14356,1.14465,70
2025-06-09T10:00:00.000Z,1.14465,1.14573,1.1443,1.14538,70
2025-06-09T11:00:00.000Z,1.14538,1.14625,1.14503,1.1459,70
2025-06-09T12:00:00.000Z,1.1459,1.14693,1.14566,1.14669,80
2025-06-09T13:00:00.000Z,1.14669,1.14758,1.14645,1.14734,80
2025-06-09T14:00:00.000Z,1.14734,1.14822,1.1471,1.14798,80
2025-06-09T15:00:00.000Z,1.14798,1.14872,1.14774,1.14848,80
2025-06-09T16:00:00.000Z,1.14848,1.1486,1.1481,1.14822,30
2025-06-09T17:00:00.000Z,1.14822,1.14834,1.14792,1.14804,30
2025-06-09T18:00:00.000Z,1.14804,1.14816,1.14773,1.14785,30
2025-06-09T19:00:00.000Z,1.14785,1.14797,1.14762,1.14774,30
2025-06-09T20:00:00.000Z,1.14774,1.14819,1.14577,1.14622,15
2025-06-09T21:00:00.000Z,1.14622,1.14667,1.14454,1.14499,15
2025-06-09T22:00:00.000Z,1.14499,1.14544,1.1433,1.14375,15
2025-06-09T23:00:00.000Z,1.14375,1.1442,1.14235,1.1428,15
2025-06-10T00:00:00.000Z,1.14375,1.14419,1.14361,1.14405,25
2025-06-10T01:00:00.000Z,1.14405,1.1444,1.14391,1.14426,25
2025-06-10T02:00:00.000Z,1.14426,1.14461,1.14412,1.14447,25
2025-06-10T03:00:00.000Z,1.14447,1.14474,1.14433,1.1446,25
2025-06-10T04:00:00.000Z,1.1446,1.14495,1.14386,1.14421,30
2025-06-10T05:00:00.000Z,1.14421,1.14456,1.14369,1.14404,30
2025-06-10T06:00:00.000Z,1.14404,1.14439,1.14352,1.14387,30
2025-06-10T07:00:00.000Z,1.14387,1.14427,1.14352,1.14392,30
2025-06-10T08:00:00.000Z,1.14392,1.14543,1.14351,1.14502,70
2025-06-10T09:00:00.000Z,1.14502,1.14628,1.14461,1.14587,70
2025-06-10T10:00:00.000Z,1.14587,1.14713,1.14546,1.14672,70
2025-06-10T11:00:00.000Z,1.14672,1.14772,1.14631,1.14731,70
2025-06-10T12:00:00.000Z,1.14731,1.1485,1.14704,1.14823,80
2025-06-10T13:00:00.000Z,1.14823,1.14924,1.14796,1.14897,80
2025-06-10T14:00:00.000Z,1.14897,1.14999,1.1487,1.14972,80
2025-06-10T15:00:00.000Z,1.14972,1.15056,1.14945,1.15029,80
2025-06-10T16:00:00.000Z,1.15029,1.15043,1.14985,1.14999,30
2025-06-10T17:00:00.000Z,1.14999,1.15013,1.14964,1.14978,30
2025-06-10T18:00:00.000Z,1.14978,1.14992,1.14943,1.14957,30
2025-06-10T19:00:00.000Z,1.14957,1.14971,1.1493,1.14944,30
2025-06-10T20:00:00.000Z,1.14944,1.14996,1.14717,1.14769,15
2025-06-10T21:00:00.000Z,1.14769,1.14821,1.14575,1.14627,15
2025-06-10T22:00:00.000Z,1.14627,1.14679,1.14433,1.14485,15
2025-06-10T23:00:00.000Z,1.14485,1.14537,1.14323,1.14375,15
2025-06-11T00:00:00.000Z,1.15093,1.15157,1.15073,1.15137,25
2025-06-11T01:00:00.000Z,1.15137,1.15189,1.15117,1.15169,25
2025-06-11T02:00:00.000Z,1.15169,1.1522,1.15149,1.152,25
2025-06-11T03:00:00.000Z,1.152,1.15239,1.1518,1.15219,25
2025-06-11T04:00:00.000Z,1.15219,1.15239,1.15161,1.15181,30
2025-06-11T05:00:00.000Z,1.15181,1.15201,1.15136,1.15156,30
2025-06-11T06:00:00.000Z,1.15156,1.15176,1.15111,1.15131,30
2025-06-11T07:00:00.000Z,1.15131,1.15151,1.15099,1.15119,30
2025-06-11T08:00:00.000Z,1.15119,1.15342,1.15059,1.15282,70
2025-06-11T09:00:00.000Z,1.15282,1.15468,1.15222,1.15408,70
2025-06-11T10:00:00.000Z,1.15408,1.15594,1.15348,1.15534,70
2025-06-11T11:00:00.000Z,1.15534,1.15682,1.15474,1.15622,70
2025-06-11T12:00:00.000Z,1.15622,1.15827,1.15564,1.15769,80
2025-06-11T13:00:00.000Z,1.15769,1.15937,1.15711,1.15879,80
2025-06-11T14:00:00.000Z,1.15879,1.16047,1.15821,1.15989,80
2025-06-11T15:00:00.000Z,1.15989,1.16121,1.15931,1.16063,80
2025-06-11T16:00:00.000Z,1.16063,1.16083,1.15999,1.16019,30
2025-06-11T17:00:00.000Z,1.16019,1.16039,1.15967,1.15987,30
2025-06-11T18:00:00.000Z,1.15987,1.16007,1.15936,1.15956,30
2025-06-11T19:00:00.000Z,1.15956,1.15976,1.15917,1.15937,30
2025-06-11T20:00:00.000Z,1.15937,1.16015,1.15599,1.15677,15
2025-06-11T21:00:00.000Z,1.15677,1.15755,1.15388,1.15466,15
2025-06-11T22:00:00.000Z,1.15466,1.15544,1.15177,1.15255,15
2025-06-11T23:00:00.000Z,1.15255,1.15333,1.15015,1.15093,15
2025-06-12T00:00:00.000Z,1.16003,1.16064,1.15984,1.16045,25
2025-06-12T01:00:00.000Z,1.16045,1.16093,1.16026,1.16074,25
2025-06-12T02:00:00.000Z,1.16074,1.16123,1.16055,1.16104,25
2025-06-12T03:00:00.000Z,1.16104,1.16141,1.16085,1.16122,25
2025-06-12T04:00:00.000Z,1.16122,1.16222,1.15935,1.16035,30
2025-06-12T05:00:00.000Z,1.16035,1.16135,1.15911,1.16011,30
2025-06-12T06:00:00.000Z,1.16011,1.16111,1.15887,1.15987,30
2025-06-12T07:00:00.000Z,1.15987,1.16126,1.15887,1.16026,30
2025-06-12T08:00:00.000Z,1.16026,1.16238,1.15969,1.16181,70
2025-06-12T09:00:00.000Z,1.16181,1.16357,1.16124,1.163,70
2025-06-12T10:00:00.000Z,1.163,1.16477,1.16243,1.1642,70
2025-06-12T11:00:00.000Z,1.1642,1.1656,1.16363,1.16503,70
2025-06-12T12:00:00.000Z,1.16503,1.16669,1.16465,1.16631,80
2025-06-12T13:00:00.000Z,1.16631,1.16773,1.16593,1.16735,80
2025-06-12T14:00:00.000Z,1.16735,1.16878,1.16697,1.1684,80
2025-06-12T15:00:00.000Z,1.1684,1.16958,1.16802,1.1692,80
2025-06-12T16:00:00.000Z,1.1692,1.16939,1.16859,1.16878,30
2025-06-12T17:00:00.000Z,1.16878,1.16897,1.1683,1.16849,30
2025-06-12T18:00:00.000Z,1.16849,1.16868,1.168,1.16819,30
2025-06-12T19:00:00.000Z,1.16819,1.16838,1.16782,1.16801,30
2025-06-12T20:00:00.000Z,1.16801,1.16874,1.16483,1.16556,15
2025-06-12T21:00:00.000Z,1.16556,1.16629,1.16283,1.16356,15
2025-06-12T22:00:00.000Z,1.16356,1.16429,1.16084,1.16157,15
2025-06-12T23:00:00.000Z,1.16157,1.1623,1.1593,1.16003,15
2025-06-15T00:00:00.000Z,1.15567,1.15613,1.15553,1.15599,25
2025-06-15T01:00:00.000Z,1.15599,1.15635,1.15585,1.15621,25
2025-06-15T02:00:00.000Z,1.15621,1.15657,1.15607,1.15643,25
2025-06-15T03:00:00.000Z,1.15643,1.15671,1.15629,1.15657,25
2025-06-15T04:00:00.000Z,1.15657,1.15693,1.1558,1.15616,30
2025-06-15T05:00:00.000Z,1.15616,1.15652,1.15562,1.15598,30
2025-06-15T06:00:00.000Z,1.15598,1.15634,1.15544,1.1558,30
2025-06-15T07:00:00.000Z,1.1558,1.15621,1.15544,1.15585,30
2025-06-15T08:00:00.000Z,1.15585,1.15745,1.15542,1.15702,70
2025-06-15T09:00:00.000Z,1.15702,1.15835,1.15659,1.15792,70
2025-06-15T10:00:00.000Z,1.15792,1.15925,1.15749,1.15882,70
2025-06-15T11:00:00.000Z,1.15882,1.15988,1.15839,1.15945,70
2025-06-15T12:00:00.000Z,1.15945,1.1607,1.15916,1.16041,80
2025-06-15T13:00:00.000Z,1.16041,1.16149,1.16012,1.1612,80
2025-06-15T14:00:00.000Z,1.1612,1.16227,1.16091,1.16198,80
2025-06-15T15:00:00.000Z,1.16198,1.16288,1.16169,1.16259,80
2025-06-15T16:00:00.000Z,1.16259,1.16273,1.16214,1.16228,30
2025-06-15T17:00:00.000Z,1.16228,1.16242,1.16192,1.16206,30
2025-06-15T18:00:00.000Z,1.16206,1.1622,1.16169,1.16183,30
2025-06-15T19:00:00.000Z,1.16183,1.16197,1.16156,1.1617,30
2025-06-15T20:00:00.000Z,1.1617,1.16225,1.1593,1.15985,15
2025-06-15T21:00:00.000Z,1.15985,1.1604,1.15779,1.15834,15
2025-06-15T22:00:00.000Z,1.15834,1.15889,1.15628,1.15683,15
2025-06-15T23:00:00.000Z,1.15683,1.15738,1.15512,1.15567,15
2025-06-16T00:00:00.000Z,1.15513,1.15545,1.15503,1.15535,25
2025-06-16T01:00:00.000Z,1.15535,1.1556,1.15525,1.1555,25
2025-06-16T02:00:00.000Z,1.1555,1.15576,1.1554,1.15566,25
2025-06-16T03:00:00.000Z,1.15566,1.15585,1.15556,1.15575,25
2025-06-16T04:00:00.000Z,1.15575,1.15613,1.15501,1.15539,30
2025-06-16T05:00:00.000Z,1.15539,1.15577,1.15488,1.15526,30
2025-06-16T06:00:00.000Z,1.15526,1.15564,1.15476,1.15514,30
2025-06-16T07:00:00.000Z,1.15514,1.15564,1.15476,1.15526,30
2025-06-16T08:00:00.000Z,1.15526,1.15636,1.15496,1.15606,70
2025-06-16T09:00:00.000Z,1.15606,1.15697,1.15576,1.15667,70
2025-06-16T10:00:00.000Z,1.15667,1.15759,1.15637,1.15729,70
2025-06-16T11:00:00.000Z,1.15729,1.15802,1.15699,1.15772,70
2025-06-16T12:00:00.000Z,1.15772,1.15858,1.15752,1.15838,80
2025-06-16T13:00:00.000Z,1.15838,1.15912,1.15818,1.15892,80
2025-06-16T14:00:00.000Z,1.15892,1.15966,1.15872,1.15946,80
2025-06-16T15:00:00.000Z,1.15946,1.16007,1.15926,1.15987,80
2025-06-16T16:00:00.000Z,1.15987,1.15997,1.15956,1.15966,30
2025-06-16T17:00:00.000Z,1.15966,1.15976,1.1594,1.1595,30
2025-06-16T18:00:00.000Z,1.1595,1.1596,1.15925,1.15935,30
2025-06-16T19:00:00.000Z,1.15935,1.15945,1.15916,1.15926,30
2025-06-16T20:00:00.000Z,1.15926,1.15964,1.15761,1.15799,15
2025-06-16T21:00:00.000Z,1.15799,1.15837,1.15658,1.15696,15
2025-06-16T22:00:00.000Z,1.15696,1.15734,1.15555,1.15593,15
2025-06-16T23:00:00.000Z,1.15593,1.15631,1.15475,1.15513,15
2025-06-17T00:00:00.000Z,1.14826,1.14851,1.14818,1.14843,25
2025-06-17T01:00:00.000Z,1.14843,1.14863,1.14835,1.14855,25
2025-06-17T02:00:00.000Z,1.14855,1.14875,1.14847,1.14867,25
2025-06-17T03:00:00.000Z,1.14867,1.14882,1.14859,1.14874,25
2025-06-17T04:00:00.000Z,1.14874,1.1488,1.14855,1.14861,30
2025-06-17T05:00:00.000Z,1.14861,1.14867,1.14845,1.14851,30
2025-06-17T06:00:00.000Z,1.14851,1.14857,1.14836,1.14842,30
2025-06-17T07:00:00.000Z,1.14842,1.14848,1.1483,1.14836,30
2025-06-17T08:00:00.000Z,1.14836,1.14921,1.14813,1.14898,70
2025-06-17T09:00:00.000Z,1.14898,1.14969,1.14875,1.14946,70
2025-06-17T10:00:00.000Z,1.14946,1.15017,1.14923,1.14994,70
2025-06-17T11:00:00.000Z,1.14994,1.1505,1.14971,1.15027,70
2025-06-17T12:00:00.000Z,1.15027,1.15107,1.15003,1.15083,80
2025-06-17T13:00:00.000Z,1.15083,1.15149,1.15059,1.15125,80
2025-06-17T14:00:00.000Z,1.15125,1.1519,1.15101,1.15166,80
2025-06-17T15:00:00.000Z,1.15166,1.15217,1.15142,1.15193,80
2025-06-17T16:00:00.000Z,1.15193,1.15201,1.15168,1.15176,30
2025-06-17T17:00:00.000Z,1.15176,1.15184,1.15157,1.15165,30
2025-06-17T18:00:00.000Z,1.15165,1.15173,1.15145,1.15153,30
2025-06-17T19:00:00.000Z,1.15153,1.15161,1.15138,1.15146,30
2025-06-17T20:00:00.000Z,1.15146,1.15175,1.15019,1.15048,15
2025-06-17T21:00:00.000Z,1.15048,1.15077,1.14939,1.14968,15
2025-06-17T22:00:00.000Z,1.14968,1.14997,1.14859,1.14888,15
2025-06-17T23:00:00.000Z,1.14888,1.14917,1.14797,1.14826,15
2025-06-18T00:00:00.000Z,1.14775,1.14794,1.14769,1.14788,25
2025-06-18T01:00:00.000Z,1.14788,1.14804,1.14782,1.14798,25
2025-06-18T02:00:00.000Z,1.14798,1.14813,1.14792,1.14807,25
2025-06-18T03:00:00.000Z,1.14807,1.14819,1.14801,1.14813,25
2025-06-18T04:00:00.000Z,1.14813,1.14841,1.1476,1.14788,30
2025-06-18T05:00:00.000Z,1.14788,1.14816,1.14753,1.14781,30
2025-06-18T06:00:00.000Z,1.14781,1.14809,1.14745,1.14773,30
2025-06-18T07:00:00.000Z,1.14773,1.14811,1.14745,1.14783,30
2025-06-18T08:00:00.000Z,1.14783,1.14851,1.14765,1.14833,70
2025-06-18T09:00:00.000Z,1.14833,1.14889,1.14815,1.14871,70
2025-06-18T10:00:00.000Z,1.14871,1.14927,1.14853,1.14909,70
2025-06-18T11:00:00.000Z,1.14909,1.14954,1.14891,1.14936,70
2025-06-18T12:00:00.000Z,1.14936,1.14989,1.14924,1.14977,80
2025-06-18T13:00:00.000Z,1.14977,1.15023,1.14965,1.15011,80
2025-06-18T14:00:00.000Z,1.15011,1.15057,1.14999,1.15045,80
2025-06-18T15:00:00.000Z,1.15045,1.15083,1.15033,1.15071,80
2025-06-18T16:00:00.000Z,1.15071,1.15077,1.15051,1.15057,30
2025-06-18T17:00:00.000Z,1.15057,1.15063,1.15042,1.15048,30
2025-06-18T18:00:00.000Z,1.15048,1.15054,1.15032,1.15038,30
2025-06-18T19:00:00.000Z,1.15038,1.15044,1.15026,1.15032,30
2025-06-18T20:00:00.000Z,1.15032,1.15056,1.14929,1.14953,15
2025-06-18T21:00:00.000Z,1.14953,1.14977,1.14865,1.14889,15
2025-06-18T22:00:00.000Z,1.14889,1.14913,1.148,1.14824,15
2025-06-18T23:00:00.000Z,1.14824,1.14848,1.14751,1.14775,15
2025-06-19T00:00:00.000Z,1.15128,1.15147,1.15122,1.15141,25
2025-06-19T01:00:00.000Z,1.15141,1.15157,1.15135,1.15151,25
2025-06-19T02:00:00.000Z,1.15151,1.15166,1.15145,1.1516,25
2025-06-19T03:00:00.000Z,1.1516,1.15172,1.15154,1.15166,25
2025-06-19T04:00:00.000Z,1.15166,1.15184,1.15129,1.15147,30
2025-06-19T05:00:00.000Z,1.15147,1.15165,1.15121,1.15139,30
2025-06-19T06:00:00.000Z,1.15139,1.15157,1.15114,1.15132,30
2025-06-19T07:00:00.000Z,1.15132,1.15153,1.15114,1.15135,30
2025-06-19T08:00:00.000Z,1.15135,1.15203,1.15117,1.15185,70
2025-06-19T09:00:00.000Z,1.15185,1.15242,1.15167,1.15224,70
2025-06-19T10:00:00.000Z,1.15224,1.1528,1.15206,1.15262,70
2025-06-19T11:00:00.000Z,1.15262,1.15307,1.15244,1.15289,70
2025-06-19T12:00:00.000Z,1.15289,1.15342,1.15277,1.1533,80
2025-06-19T13:00:00.000Z,1.1533,1.15376,1.15318,1.15364,80
2025-06-19T14:00:00.000Z,1.15364,1.1541,1.15352,1.15398,80
2025-06-19T15:00:00.000Z,1.15398,1.15436,1.15386,1.15424,80
2025-06-19T16:00:00.000Z,1.15424,1.1543,1.15404,1.1541,30
2025-06-19T17:00:00.000Z,1.1541,1.15416,1.15395,1.15401,30
2025-06-19T18:00:00.000Z,1.15401,1.15407,1.15385,1.15391,30
2025-06-19T19:00:00.000Z,1.15391,1.15397,1.15379,1.15385,30
2025-06-19T20:00:00.000Z,1.15385,1.15409,1.15282,1.15306,15
2025-06-19T21:00:00.000Z,1.15306,1.1533,1.15218,1.15242,15
2025-06-19T22:00:00.000Z,1.15242,1.15266,1.15153,1.15177,15
2025-06-19T23:00:00.000Z,1.15177,1.15201,1.15104,1.15128,15
2025-06-22T00:00:00.000Z,1.15009,1.15058,1.14994,1.15043,25
2025-06-22T01:00:00.000Z,1.15043,1.15082,1.15028,1.15067,25
2025-06-22T02:00:00.000Z,1.15067,1.15106,1.15052,1.15091,25
2025-06-22T03:00:00.000Z,1.15091,1.1512,1.15076,1.15105,25
2025-06-22T04:00:00.000Z,1.15105,1.15153,1.15008,1.15056,30
2025-06-22T05:00:00.000Z,1.15056,1.15104,1.14989,1.15037,30
2025-06-22T06:00:00.000Z,1.15037,1.15085,1.14969,1.15017,30
2025-06-22T07:00:00.000Z,1.15017,1.15076,1.14969,1.15028,30
2025-06-22T08:00:00.000Z,1.15028,1.15199,1.14982,1.15153,70
2025-06-22T09:00:00.000Z,1.15153,1.15295,1.15107,1.15249,70
2025-06-22T10:00:00.000Z,1.15249,1.15392,1.15203,1.15346,70
2025-06-22T11:00:00.000Z,1.15346,1.15459,1.153,1.15413,70
2025-06-22T12:00:00.000Z,1.15413,1.15547,1.15382,1.15516,80
2025-06-22T13:00:00.000Z,1.15516,1.15631,1.15485,1.156,80
2025-06-22T14:00:00.000Z,1.156,1.15715,1.15569,1.15684,80
2025-06-22T15:00:00.000Z,1.15684,1.1578,1.15653,1.15749,80
2025-06-22T16:00:00.000Z,1.15749,1.15764,1.157,1.15715,30
2025-06-22T17:00:00.000Z,1.15715,1.1573,1.15676,1.15691,30
2025-06-22T18:00:00.000Z,1.15691,1.15706,1.15652,1.15667,30
2025-06-22T19:00:00.000Z,1.15667,1.15682,1.15638,1.15653,30
2025-06-22T20:00:00.000Z,1.15653,1.15712,1.15396,1.15455,15
2025-06-22T21:00:00.000Z,1.15455,1.15514,1.15235,1.15294,15
2025-06-22T22:00:00.000Z,1.15294,1.15353,1.15074,1.15133,15
2025-06-22T23:00:00.000Z,1.15133,1.15192,1.1495,1.15009,15
2025-06-23T00:00:00.000Z,1.1599,1.16017,1.15982,1.16009,25
2025-06-23T01:00:00.000Z,1.16009,1.1603,1.16001,1.16022,25
2025-06-23T02:00:00.000Z,1.16022,1.16043,1.16014,1.16035,25
2025-06-23T03:00:00.000Z,1.16035,1.16051,1.16027,1.16043,25
2025-06-23T04:00:00.000Z,1.16043,1.16062,1.16001,1.1602,30
2025-06-23T05:00:00.000Z,1.1602,1.16039,1.15991,1.1601,30
2025-06-23T06:00:00.000Z,1.1601,1.16029,1.1598,1.15999,30
2025-06-23T07:00:00.000Z,1.15999,1.1602,1.1598,1.16001,30
2025-06-23T08:00:00.000Z,1.16001,1.16095,1.15976,1.1607,70
2025-06-23T09:00:00.000Z,1.1607,1.16148,1.16045,1.16123,70
2025-06-23T10:00:00.000Z,1.16123,1.16201,1.16098,1.16176,70
2025-06-23T11:00:00.000Z,1.16176,1.16238,1.16151,1.16213,70
2025-06-23T12:00:00.000Z,1.16213,1.16287,1.16196,1.1627,80
2025-06-23T13:00:00.000Z,1.1627,1.16333,1.16253,1.16316,80
2025-06-23T14:00:00.000Z,1.16316,1.16379,1.16299,1.16362,80
2025-06-23T15:00:00.000Z,1.16362,1.16415,1.16345,1.16398,80
2025-06-23T16:00:00.000Z,1.16398,1.16406,1.16371,1.16379,30
2025-06-23T17:00:00.000Z,1.16379,1.16387,1.16358,1.16366,30
2025-06-23T18:00:00.000Z,1.16366,1.16374,1.16345,1.16353,30
2025-06-23T19:00:00.000Z,1.16353,1.16361,1.16337,1.16345,30
2025-06-23T20:00:00.000Z,1.16345,1.16378,1.16203,1.16236,15
2025-06-23T21:00:00.000Z,1.16236,1.16269,1.16114,1.16147,15
2025-06-23T22:00:00.000Z,1.16147,1.1618,1.16025,1.16058,15
2025-06-23T23:00:00.000Z,1.16058,1.16091,1.15957,1.1599,15
2025-06-24T00:00:00.000Z,1.16122,1.16142,1.16116,1.16136,25
2025-06-24T01:00:00.000Z,1.16136,1.16153,1.1613,1.16147,25
2025-06-24T02:00:00.000Z,1.16147,1.16163,1.16141,1.16157,25
2025-06-24T03:00:00.000Z,1.16157,1.16169,1.16151,1.16163,25
2025-06-24T04:00:00.000Z,1.16163,1.16185,1.16119,1.16141,30
2025-06-24T05:00:00.000Z,1.16141,1.16163,1.16111,1.16133,30
2025-06-24T06:00:00.000Z,1.16133,1.16155,1.16103,1.16125,30
2025-06-24T07:00:00.000Z,1.16125,1.16153,1.16103,1.16131,30
2025-06-24T08:00:00.000Z,1.16131,1.16202,1.16112,1.16183,70
2025-06-24T09:00:00.000Z,1.16183,1.16243,1.16164,1.16224,70
2025-06-24T10:00:00.000Z,1.16224,1.16283,1.16205,1.16264,70
2025-06-24T11:00:00.000Z,1.16264,1.16311,1.16245,1.16292,70
2025-06-24T12:00:00.000Z,1.16292,1.16349,1.16279,1.16336,80
2025-06-24T13:00:00.000Z,1.16336,1.16384,1.16323,1.16371,80
2025-06-24T14:00:00.000Z,1.16371,1.1642,1.16358,1.16407,80
2025-06-24T15:00:00.000Z,1.16407,1.16447,1.16394,1.16434,80
2025-06-24T16:00:00.000Z,1.16434,1.1644,1.16414,1.1642,30
2025-06-24T17:00:00.000Z,1.1642,1.16426,1.16403,1.16409,30
2025-06-24T18:00:00.000Z,1.16409,1.16415,1.16393,1.16399,30
2025-06-24T19:00:00.000Z,1.16399,1.16405,1.16387,1.16393,30
2025-06-24T20:00:00.000Z,1.16393,1.16418,1.16285,1.1631,15
2025-06-24T21:00:00.000Z,1.1631,1.16335,1.16217,1.16242,15
2025-06-24T22:00:00.000Z,1.16242,1.16267,1.16149,1.16174,15
2025-06-24T23:00:00.000Z,1.16174,1.16199,1.16097,1.16122,15
2025-06-25T00:00:00.000Z,1.16837,1.16875,1.16825,1.16863,25
2025-06-25T01:00:00.000Z,1.16863,1.16894,1.16851,1.16882,25
2025-06-25T02:00:00.000Z,1.16882,1.16913,1.1687,1.16901,25
2025-06-25T03:00:00.000Z,1.16901,1.16924,1.16889,1.16912,25
2025-06-25T04:00:00.000Z,1.16912,1.16933,1.16863,1.16884,30
2025-06-25T05:00:00.000Z,1.16884,1.16905,1.16848,1.16869,30
2025-06-25T06:00:00.000Z,1.16869,1.1689,1.16833,1.16854,30
2025-06-25T07:00:00.000Z,1.16854,1.16875,1.16831,1.16852,30
2025-06-25T08:00:00.000Z,1.16852,1.16985,1.16816,1.16949,70
2025-06-25T09:00:00.000Z,1.16949,1.1706,1.16913,1.17024,70
2025-06-25T10:00:00.000Z,1.17024,1.17135,1.16988,1.17099,70
2025-06-25T11:00:00.000Z,1.17099,1.17188,1.17063,1.17152,70
2025-06-25T12:00:00.000Z,1.17152,1.17259,1.17126,1.17233,80
2025-06-25T13:00:00.000Z,1.17233,1.17325,1.17207,1.17299,80
2025-06-25T14:00:00.000Z,1.17299,1.1739,1.17273,1.17364,80
2025-06-25T15:00:00.000Z,1.17364,1.1744,1.17338,1.17414,80
2025-06-25T16:00:00.000Z,1.17414,1.17426,1.17376,1.17388,30
2025-06-25T17:00:00.000Z,1.17388,1.174,1.17357,1.17369,30
2025-06-25T18:00:00.000Z,1.17369,1.17381,1.17338,1.1735,30
2025-06-25T19:00:00.000Z,1.1735,1.17362,1.17327,1.17339,30
2025-06-25T20:00:00.000Z,1.17339,1.17385,1.17139,1.17185,15
2025-06-25T21:00:00.000Z,1.17185,1.17231,1.17013,1.17059,15
2025-06-25T22:00:00.000Z,1.17059,1.17105,1.16888,1.16934,15
2025-06-25T23:00:00.000Z,1.16934,1.1698,1.16791,1.16837,15
2025-06-26T00:00:00.000Z,1.16922,1.16956,1.16911,1.16945,25
2025-06-26T01:00:00.000Z,1.16945,1.16973,1.16934,1.16962,25
2025-06-26T02:00:00.000Z,1.16962,1.1699,1.16951,1.16979,25
2025-06-26T03:00:00.000Z,1.16979,1.17,1.16968,1.16989,25
2025-06-26T04:00:00.000Z,1.16989,1.17003,1.16953,1.16967,30
2025-06-26T05:00:00.000Z,1.16967,1.16981,1.16939,1.16953,30
2025-06-26T06:00:00.000Z,1.16953,1.16967,1.16926,1.1694,30
2025-06-26T07:00:00.000Z,1.1694,1.16954,1.16921,1.16935,30
2025-06-26T08:00:00.000Z,1.16935,1.17054,1.16903,1.17022,70
2025-06-26T09:00:00.000Z,1.17022,1.1712,1.1699,1.17088,70
2025-06-26T10:00:00.000Z,1.17088,1.17187,1.17056,1.17155,70
2025-06-26T11:00:00.000Z,1.17155,1.17234,1.17123,1.17202,70
2025-06-26T12:00:00.000Z,1.17202,1.17304,1.17175,1.17277,80
2025-06-26T13:00:00.000Z,1.17277,1.17363,1.1725,1.17336,80
2025-06-26T14:00:00.000Z,1.17336,1.17421,1.17309,1.17394,80
2025-06-26T15:00:00.000Z,1.17394,1.17462,1.17367,1.17435,80
2025-06-26T16:00:00.000Z,1.17435,1.17446,1.17401,1.17412,30
2025-06-26T17:00:00.000Z,1.17412,1.17423,1.17384,1.17395,30
2025-06-26T18:00:00.000Z,1.17395,1.17406,1.17367,1.17378,30
2025-06-26T19:00:00.000Z,1.17378,1.17389,1.17357,1.17368,30
2025-06-26T20:00:00.000Z,1.17368,1.17409,1.1719,1.17231,15
2025-06-26T21:00:00.000Z,1.17231,1.17272,1.17078,1.17119,15
2025-06-26T22:00:00.000Z,1.17119,1.1716,1.16967,1.17008,15
2025-06-26T23:00:00.000Z,1.17008,1.17049,1.16881,1.16922,15
2025-06-29T00:00:00.000Z,1.17275,1.17307,1.17265,1.17297,25
2025-06-29T01:00:00.000Z,1.17297,1.17322,1.17287,1.17312,25
2025-06-29T02:00:00.000Z,1.17312,1.17338,1.17302,1.17328,25
2025-06-29T03:00:00.000Z,1.17328,1.17347,1.17318,1.17337,25
2025-06-29T04:00:00.000Z,1.17337,1.17359,1.17289,1.17311,30
2025-06-29T05:00:00.000Z,1.17311,1.17333,1.17276,1.17298,30
2025-06-29T06:00:00.000Z,1.17298,1.1732,1.17264,1.17286,30
2025-06-29T07:00:00.000Z,1.17286,1.17309,1.17264,1.17287,30
2025-06-29T08:00:00.000Z,1.17287,1.17398,1.17257,1.17368,70
2025-06-29T09:00:00.000Z,1.17368,1.17461,1.17338,1.17431,70
2025-06-29T10:00:00.000Z,1.17431,1.17523,1.17401,1.17493,70
2025-06-29T11:00:00.000Z,1.17493,1.17567,1.17463,1.17537,70
2025-06-29T12:00:00.000Z,1.17537,1.17624,1.17517,1.17604,80
2025-06-29T13:00:00.000Z,1.17604,1.17679,1.17584,1.17659,80
2025-06-29T14:00:00.000Z,1.17659,1.17734,1.17639,1.17714,80
2025-06-29T15:00:00.000Z,1.17714,1.17776,1.17694,1.17756,80
2025-06-29T16:00:00.000Z,1.17756,1.17766,1.17724,1.17734,30
2025-06-29T17:00:00.000Z,1.17734,1.17744,1.17709,1.17719,30
2025-06-29T18:00:00.000Z,1.17719,1.17729,1.17693,1.17703,30
2025-06-29T19:00:00.000Z,1.17703,1.17713,1.17684,1.17694,30
2025-06-29T20:00:00.000Z,1.17694,1.17733,1.17526,1.17565,15
2025-06-29T21:00:00.000Z,1.17565,1.17604,1.17421,1.1746,15
2025-06-29T22:00:00.000Z,1.1746,1.17499,1.17317,1.17356,15
2025-06-29T23:00:00.000Z,1.17356,1.17395,1.17236,1.17275,15
2025-06-30T00:00:00.000Z,1.17872,1.17904,1.17862,1.17894,25
2025-06-30T01:00:00.000Z,1.17894,1.17919,1.17884,1.17909,25
2025-06-30T02:00:00.000Z,1.17909,1.17935,1.17899,1.17925,25
2025-06-30T03:00:00.000Z,1.17925,1.17944,1.17915,1.17934,25
2025-06-30T04:00:00.000Z,1.17934,1.17957,1.17884,1.17907,30
2025-06-30T05:00:00.000Z,1.17907,1.1793,1.17872,1.17895,30
2025-06-30T06:00:00.000Z,1.17895,1.17918,1.17859,1.17882,30
2025-06-30T07:00:00.000Z,1.17882,1.17907,1.17859,1.17884,30
2025-06-30T08:00:00.000Z,1.17884,1.17995,1.17854,1.17965,70
2025-06-30T09:00:00.000Z,1.17965,1.18058,1.17935,1.18028,70
2025-06-30T10:00:00.000Z,1.18028,1.1812,1.17998,1.1809,70
2025-06-30T11:00:00.000Z,1.1809,1.18164,1.1806,1.18134,70
2025-06-30T12:00:00.000Z,1.18134,1.18221,1.18114,1.18201,80
2025-06-30T13:00:00.000Z,1.18201,1.18276,1.18181,1.18256,80
2025-06-30T14:00:00.000Z,1.18256,1.18331,1.18236,1.18311,80
2025-06-30T15:00:00.000Z,1.18311,1.18373,1.18291,1.18353,80
2025-06-30T16:00:00.000Z,1.18353,1.18363,1.18321,1.18331,30
2025-06-30T17:00:00.000Z,1.18331,1.18341,1.18306,1.18316,30
2025-06-30T18:00:00.000Z,1.18316,1.18326,1.1829,1.183,30
2025-06-30T19:00:00.000Z,1.183,1.1831,1.18281,1.18291,30
2025-06-30T20:00:00.000Z,1.18291,1.1833,1.18123,1.18162,15
2025-06-30T21:00:00.000Z,1.18162,1.18201,1.18018,1.18057,15
2025-06-30T22:00:00.000Z,1.18057,1.18096,1.17914,1.17953,15
2025-06-30T23:00:00.000Z,1.17953,1.17992,1.17833,1.17872,15
2025-07-01T00:00:00.000Z,1.18055,1.18086,1.18045,1.18076,25
2025-07-01T01:00:00.000Z,1.18076,1.18102,1.18066,1.18092,25
2025-07-01T02:00:00.000Z,1.18092,1.18117,1.18082,1.18107,25
2025-07-01T03:00:00.000Z,1.18107,1.18126,1.18097,1.18116,25
2025-07-01T04:00:00.000Z,1.18116,1.18168,1.18019,1.18071,30
2025-07-01T05:00:00.000Z,1.18071,1.18123,1.18007,1.18059,30
2025-07-01T06:00:00.000Z,1.18059,1.18111,1.17995,1.18047,30
2025-07-01T07:00:00.000Z,1.18047,1.1812,1.17995,1.18068,30
2025-07-01T08:00:00.000Z,1.18068,1.18176,1.18039,1.18147,70
2025-07-01T09:00:00.000Z,1.18147,1.18237,1.18118,1.18208,70
2025-07-01T10:00:00.000Z,1.18208,1.18297,1.18179,1.18268,70
2025-07-01T11:00:00.000Z,1.18268,1.1834,1.18239,1.18311,70
2025-07-01T12:00:00.000Z,1.18311,1.18395,1.18292,1.18376,80
2025-07-01T13:00:00.000Z,1.18376,1.18448,1.18357,1.18429,80
2025-07-01T14:00:00.000Z,1.18429,1.18501,1.1841,1.18482,80
2025-07-01T15:00:00.000Z,1.18482,1.18542,1.18463,1.18523,80
2025-07-01T16:00:00.000Z,1.18523,1.18533,1.18492,1.18502,30
2025-07-01T17:00:00.000Z,1.18502,1.18512,1.18477,1.18487,30
2025-07-01T18:00:00.000Z,1.18487,1.18497,1.18462,1.18472,30
2025-07-01T19:00:00.000Z,1.18472,1.18482,1.18453,1.18463,30
2025-07-01T20:00:00.000Z,1.18463,1.185,1.18301,1.18338,15
2025-07-01T21:00:00.000Z,1.18338,1.18375,1.18199,1.18236,15
2025-07-01T22:00:00.000Z,1.18236,1.18273,1.18097,1.18134,15
2025-07-01T23:00:00.000Z,1.18134,1.18171,1.18018,1.18055,15
2025-07-02T00:00:00.000Z,1.18002,1.18049,1.17987,1.18034,25
2025-07-02T01:00:00.000Z,1.18034,1.18073,1.18019,1.18058,25
2025-07-02T02:00:00.000Z,1.18058,1.18096,1.18043,1.18081,25
2025-07-02T03:00:00.000Z,1.18081,1.1811,1.18066,1.18095,25
2025-07-02T04:00:00.000Z,1.18095,1.1817,1.17955,1.1803,30
2025-07-02T05:00:00.000Z,1.1803,1.18105,1.17936,1.18011,30
2025-07-02T06:00:00.000Z,1.18011,1.18086,1.17918,1.17993,30
2025-07-02T07:00:00.000Z,1.17993,1.18096,1.17918,1.18021,30
2025-07-02T08:00:00.000Z,1.18021,1.18185,1.17977,1.18141,70
2025-07-02T09:00:00.000Z,1.18141,1.18278,1.18097,1.18234,70
2025-07-02T10:00:00.000Z,1.18234,1.1837,1.1819,1.18326,70
2025-07-02T11:00:00.000Z,1.18326,1.18435,1.18282,1.18391,70
2025-07-02T12:00:00.000Z,1.18391,1.18521,1.18361,1.18491,80
2025-07-02T13:00:00.000Z,1.18491,1.18602,1.18461,1.18572,80
2025-07-02T14:00:00.000Z,1.18572,1.18683,1.18542,1.18653,80
2025-07-02T15:00:00.000Z,1.18653,1.18745,1.18623,1.18715,80
2025-07-02T16:00:00.000Z,1.18715,1.1873,1.18667,1.18682,30
2025-07-02T17:00:00.000Z,1.18682,1.18697,1.18644,1.18659,30
2025-07-02T18:00:00.000Z,1.18659,1.18674,1.18621,1.18636,30
2025-07-02T19:00:00.000Z,1.18636,1.18651,1.18607,1.18622,30
2025-07-02T20:00:00.000Z,1.18622,1.18679,1.18374,1.18431,15
2025-07-02T21:00:00.000Z,1.18431,1.18488,1.18219,1.18276,15
2025-07-02T22:00:00.000Z,1.18276,1.18333,1.18064,1.18121,15
2025-07-02T23:00:00.000Z,1.18121,1.18178,1.17945,1.18002,15
2025-07-03T00:00:00.000Z,1.17715,1.1773,1.1771,1.17725,25
2025-07-03T01:00:00.000Z,1.17725,1.17738,1.1772,1.17733,25
2025-07-03T02:00:00.000Z,1.17733,1.17746,1.17728,1.17741,25
2025-07-03T03:00:00.000Z,1.17741,1.1775,1.17736,1.17745,25
2025-07-03T04:00:00.000Z,1.17745,1.1776,1.17714,1.17729,30
2025-07-03T05:00:00.000Z,1.17729,1.17744,1.17708,1.17723,30
2025-07-03T06:00:00.000Z,1.17723,1.17738,1.17702,1.17717,30
2025-07-03T07:00:00.000Z,1.17717,1.17736,1.17702,1.17721,30
2025-07-03T08:00:00.000Z,1.17721,1.17774,1.17707,1.1776,70
2025-07-03T09:00:00.000Z,1.1776,1.17805,1.17746,1.17791,70
2025-07-03T10:00:00.000Z,1.17791,1.17835,1.17777,1.17821,70
2025-07-03T11:00:00.000Z,1.17821,1.17856,1.17807,1.17842,70
2025-07-03T12:00:00.000Z,1.17842,1.17885,1.17832,1.17875,80
2025-07-03T13:00:00.000Z,1.17875,1.17911,1.17865,1.17901,80
2025-07-03T14:00:00.000Z,1.17901,1.17938,1.17891,1.17928,80
2025-07-03T15:00:00.000Z,1.17928,1.17958,1.17918,1.17948,80
2025-07-03T16:00:00.000Z,1.17948,1.17953,1.17932,1.17937,30
2025-07-03T17:00:00.000Z,1.17937,1.17942,1.17924,1.17929,30
2025-07-03T18:00:00.000Z,1.17929,1.17934,1.17917,1.17922,30
2025-07-03T19:00:00.000Z,1.17922,1.17927,1.17912,1.17917,30
2025-07-03T20:00:00.000Z,1.17917,1.17936,1.17836,1.17855,15
2025-07-03T21:00:00.000Z,1.17855,1.17874,1.17785,1.17804,15
2025-07-03T22:00:00.000Z,1.17804,1.17823,1.17735,1.17754,15
2025-07-03T23:00:00.000Z,1.17754,1.17773,1.17696,1.17715,15
2025-07-06T00:00:00.000Z,1.17808,1.17844,1.17797,1.17833,25
2025-07-06T01:00:00.000Z,1.17833,1.17862,1.17822,1.17851,25
2025-07-06T02:00:00.000Z,1.17851,1.17879,1.1784,1.17868,25
2025-07-06T03:00:00.000Z,1.17868,1.1789,1.17857,1.17879,25
2025-07-06T04:00:00.000Z,1.17879,1.17937,1.17771,1.17829,30
2025-07-06T05:00:00.000Z,1.17829,1.17887,1.17756,1.17814,30
2025-07-06T06:00:00.000Z,1.17814,1.17872,1.17742,1.178,30
2025-07-06T07:00:00.000Z,1.178,1.1788,1.17742,1.17822,30
2025-07-06T08:00:00.000Z,1.17822,1.17948,1.17788,1.17914,70
2025-07-06T09:00:00.000Z,1.17914,1.18019,1.1788,1.17985,70
2025-07-06T10:00:00.000Z,1.17985,1.1809,1.17951,1.18056,70
2025-07-06T11:00:00.000Z,1.18056,1.1814,1.18022,1.18106,70
2025-07-06T12:00:00.000Z,1.18106,1.18205,1.18083,1.18182,80
2025-07-06T13:00:00.000Z,1.18182,1.18268,1.18159,1.18245,80
2025-07-06T14:00:00.000Z,1.18245,1.1833,1.18222,1.18307,80
2025-07-06T15:00:00.000Z,1.18307,1.18378,1.18284,1.18355,80
2025-07-06T16:00:00.000Z,1.18355,1.18366,1.18319,1.1833,30
2025-07-06T17:00:00.000Z,1.1833,1.18341,1.18301,1.18312,30
2025-07-06T18:00:00.000Z,1.18312,1.18323,1.18284,1.18295,30
2025-07-06T19:00:00.000Z,1.18295,1.18306,1.18273,1.18284,30
2025-07-06T20:00:00.000Z,1.18284,1.18328,1.18094,1.18138,15
2025-07-06T21:00:00.000Z,1.18138,1.18182,1.17975,1.18019,15
2025-07-06T22:00:00.000Z,1.18019,1.18063,1.17856,1.179,15
2025-07-06T23:00:00.000Z,1.179,1.17944,1.17764,1.17808,15
2025-07-07T00:00:00.000Z,1.17365,1.17406,1.17352,1.17393,25
2025-07-07T01:00:00.000Z,1.17393,1.17427,1.1738,1.17414,25
2025-07-07T02:00:00.000Z,1.17414,1.17447,1.17401,1.17434,25
2025-07-07T03:00:00.000Z,1.17434,1.17459,1.17421,1.17446,25
2025-07-07T04:00:00.000Z,1.17446,1.17497,1.17347,1.17398,30
2025-07-07T05:00:00.000Z,1.17398,1.17449,1.17331,1.17382,30
2025-07-07T06:00:00.000Z,1.17382,1.17433,1.17314,1.17365,30
2025-07-07T07:00:00.000Z,1.17365,1.17432,1.17314,1.17381,30
2025-07-07T08:00:00.000Z,1.17381,1.17523,1.17343,1.17485,70
2025-07-07T09:00:00.000Z,1.17485,1.17604,1.17447,1.17566,70
2025-07-07T10:00:00.000Z,1.17566,1.17684,1.17528,1.17646,70
2025-07-07T11:00:00.000Z,1.17646,1.1774,1.17608,1.17702,70
2025-07-07T12:00:00.000Z,1.17702,1.17814,1.17676,1.17788,80
2025-07-07T13:00:00.000Z,1.17788,1.17884,1.17762,1.17858,80
2025-07-07T14:00:00.000Z,1.17858,1.17954,1.17832,1.17928,80
2025-07-07T15:00:00.000Z,1.17928,1.18008,1.17902,1.17982,80
2025-07-07T16:00:00.000Z,1.17982,1.17995,1.17941,1.17954,30
2025-07-07T17:00:00.000Z,1.17954,1.17967,1.17921,1.17934,30
2025-07-07T18:00:00.000Z,1.17934,1.17947,1.17901,1.17914,30
2025-07-07T19:00:00.000Z,1.17914,1.17927,1.17889,1.17902,30
2025-07-07T20:00:00.000Z,1.17902,1.17951,1.17688,1.17737,15
2025-07-07T21:00:00.000Z,1.17737,1.17786,1.17554,1.17603,15
2025-07-07T22:00:00.000Z,1.17603,1.17652,1.17419,1.17468,15
2025-07-07T23:00:00.000Z,1.17468,1.17517,1.17316,1.17365,15
2025-07-08T00:00:00.000Z,1.17246,1.17265,1.1724,1.17259,25
2025-07-08T01:00:00.000Z,1.17259,1.17275,1.17253,1.17269,25
2025-07-08T02:00:00.000Z,1.17269,1.17284,1.17263,1.17278,25
2025-07-08T03:00:00.000Z,1.17278,1.1729,1.17272,1.17284,25
2025-07-08T04:00:00.000Z,1.17284,1.17316,1.17225,1.17257,30
2025-07-08T05:00:00.000Z,1.17257,1.17289,1.17217,1.17249,30
2025-07-08T06:00:00.000Z,1.17249,1.17281,1.17209,1.17241,30
2025-07-08T07:00:00.000Z,1.17241,1.17285,1.17209,1.17253,30
2025-07-08T08:00:00.000Z,1.17253,1.1732,1.17235,1.17302,70
2025-07-08T09:00:00.000Z,1.17302,1.17358,1.17284,1.1734,70
2025-07-08T10:00:00.000Z,1.1734,1.17396,1.17322,1.17378,70
2025-07-08T11:00:00.000Z,1.17378,1.17423,1.1736,1.17405,70
2025-07-08T12:00:00.000Z,1.17405,1.17458,1.17393,1.17446,80
2025-07-08T13:00:00.000Z,1.17446,1.17491,1.17434,1.17479,80
2025-07-08T14:00:00.000Z,1.17479,1.17524,1.17467,1.17512,80
2025-07-08T15:00:00.000Z,1.17512,1.1755,1.175,1.17538,80
2025-07-08T16:00:00.000Z,1.17538,1.17544,1.17519,1.17525,30
2025-07-08T17:00:00.000Z,1.17525,1.17531,1.17509,1.17515,30
2025-07-08T18:00:00.000Z,1.17515,1.17521,1.175,1.17506,30
2025-07-08T19:00:00.000Z,1.17506,1.17512,1.17494,1.175,30
2025-07-08T20:00:00.000Z,1.175,1.17523,1.17399,1.17422,15
2025-07-08T21:00:00.000Z,1.17422,1.17445,1.17335,1.17358,15
2025-07-08T22:00:00.000Z,1.17358,1.17381,1.17272,1.17295,15
2025-07-08T23:00:00.000Z,1.17295,1.17318,1.17223,1.17246,15
2025-07-09T00:00:00.000Z,1.17312,1.17356,1.17298,1.17342,25
2025-07-09T01:00:00.000Z,1.17342,1.17377,1.17328,1.17363,25
2025-07-09T02:00:00.000Z,1.17363,1.17398,1.17349,1.17384,25
2025-07-09T03:00:00.000Z,1.17384,1.17411,1.1737,1.17397,25
2025-07-09T04:00:00.000Z,1.17397,1.17459,1.17279,1.17341,30
2025-07-09T05:00:00.000Z,1.17341,1.17403,1.17262,1.17324,30
2025-07-09T06:00:00.000Z,1.17324,1.17386,1.17245,1.17307,30
2025-07-09T07:00:00.000Z,1.17307,1.17391,1.17245,1.17329,30
2025-07-09T08:00:00.000Z,1.17329,1.17481,1.17288,1.1744,70
2025-07-09T09:00:00.000Z,1.1744,1.17565,1.17399,1.17524,70
2025-07-09T10:00:00.000Z,1.17524,1.17651,1.17483,1.1761,70
2025-07-09T11:00:00.000Z,1.1761,1.1771,1.17569,1.17669,70
2025-07-09T12:00:00.000Z,1.17669,1.17788,1.17642,1.17761,80
2025-07-09T13:00:00.000Z,1.17761,1.17862,1.17734,1.17835,80
2025-07-09T14:00:00.000Z,1.17835,1.17937,1.17808,1.1791,80
2025-07-09T15:00:00.000Z,1.1791,1.17994,1.17883,1.17967,80
2025-07-09T16:00:00.000Z,1.17967,1.17981,1.17923,1.17937,30
2025-07-09T17:00:00.000Z,1.17937,1.17951,1.17902,1.17916,30
2025-07-09T18:00:00.000Z,1.17916,1.1793,1.17881,1.17895,30
2025-07-09T19:00:00.000Z,1.17895,1.17909,1.17868,1.17882,30
2025-07-09T20:00:00.000Z,1.17882,1.17934,1.17655,1.17707,15
2025-07-09T21:00:00.000Z,1.17707,1.17759,1.17512,1.17564,15
2025-07-09T22:00:00.000Z,1.17564,1.17616,1.1737,1.17422,15
2025-07-09T23:00:00.000Z,1.17422,1.17474,1.1726,1.17312,15
2025-07-10T00:00:00.000Z,1.17027,1.17052,1.17019,1.17044,25
2025-07-10T01:00:00.000Z,1.17044,1.17064,1.17036,1.17056,25
2025-07-10T02:00:00.000Z,1.17056,1.17076,1.17048,1.17068,25
2025-07-10T03:00:00.000Z,1.17068,1.17083,1.1706,1.17075,25
2025-07-10T04:00:00.000Z,1.17075,1.1711,1.17008,1.17043,30
2025-07-10T05:00:00.000Z,1.17043,1.17078,1.16999,1.17034,30
2025-07-10T06:00:00.000Z,1.17034,1.17069,1.16989,1.17024,30
2025-07-10T07:00:00.000Z,1.17024,1.17072,1.16989,1.17037,30
2025-07-10T08:00:00.000Z,1.17037,1.17122,1.17014,1.17099,70
2025-07-10T09:00:00.000Z,1.17099,1.1717,1.17076,1.17147,70
2025-07-10T10:00:00.000Z,1.17147,1.17218,1.17124,1.17195,70
2025-07-10T11:00:00.000Z,1.17195,1.17251,1.17172,1.17228,70
2025-07-10T12:00:00.000Z,1.17228,1.17295,1.17213,1.1728,80
2025-07-10T13:00:00.000Z,1.1728,1.17337,1.17265,1.17322,80
2025-07-10T14:00:00.000Z,1.17322,1.17379,1.17307,1.17364,80
2025-07-10T15:00:00.000Z,1.17364,1.17411,1.17349,1.17396,80
2025-07-10T16:00:00.000Z,1.17396,1.17404,1.17371,1.17379,30
2025-07-10T17:00:00.000Z,1.17379,1.17387,1.17359,1.17367,30
2025-07-10T18:00:00.000Z,1.17367,1.17375,1.17347,1.17355,30
2025-07-10T19:00:00.000Z,1.17355,1.17363,1.1734,1.17348,30
2025-07-10T20:00:00.000Z,1.17348,1.17377,1.1722,1.17249,15
2025-07-10T21:00:00.000Z,1.17249,1.17278,1.1714,1.17169,15
2025-07-10T22:00:00.000Z,1.17169,1.17198,1.1706,1.17089,15
2025-07-10T23:00:00.000Z,1.17089,1.17118,1.16998,1.17027,15
2025-07-13T00:00:00.000Z,1.16821,1.16843,1.16814,1.16836,25
2025-07-13T01:00:00.000Z,1.16836,1.16853,1.16829,1.16846,25
2025-07-13T02:00:00.000Z,1.16846,1.16864,1.16839,1.16857,25
2025-07-13T03:00:00.000Z,1.16857,1.1687,1.1685,1.16863,25
2025-07-13T04:00:00.000Z,1.16863,1.16888,1.16814,1.16839,30
2025-07-13T05:00:00.000Z,1.16839,1.16864,1.16805,1.1683,30
2025-07-13T06:00:00.000Z,1.1683,1.16855,1.16797,1.16822,30
2025-07-13T07:00:00.000Z,1.16822,1.16854,1.16797,1.16829,30
2025-07-13T08:00:00.000Z,1.16829,1.16904,1.16809,1.16884,70
2025-07-13T09:00:00.000Z,1.16884,1.16946,1.16864,1.16926,70
2025-07-13T10:00:00.000Z,1.16926,1.16988,1.16906,1.16968,70
2025-07-13T11:00:00.000Z,1.16968,1.17017,1.16948,1.16997,70
2025-07-13T12:00:00.000Z,1.16997,1.17055,1.16984,1.17042,80
2025-07-13T13:00:00.000Z,1.17042,1.17092,1.17029,1.17079,80
2025-07-13T14:00:00.000Z,1.17079,1.17129,1.17066,1.17116,80
2025-07-13T15:00:00.000Z,1.17116,1.17157,1.17103,1.17144,80
2025-07-13T16:00:00.000Z,1.17144,1.17151,1.17122,1.17129,30
2025-07-13T17:00:00.000Z,1.17129,1.17136,1.17112,1.17119,30
2025-07-13T18:00:00.000Z,1.17119,1.17126,1.17101,1.17108,30
2025-07-13T19:00:00.000Z,1.17108,1.17115,1.17095,1.17102,30
2025-07-13T20:00:00.000Z,1.17102,1.17128,1.1699,1.17016,15
2025-07-13T21:00:00.000Z,1.17016,1.17042,1.16919,1.16945,15
2025-07-13T22:00:00.000Z,1.16945,1.16971,1.16849,1.16875,15
2025-07-13T23:00:00.000Z,1.16875,1.16901,1.16795,1.16821,15
2025-07-14T00:00:00.000Z,1.16663,1.16708,1.16649,1.16694,25
2025-07-14T01:00:00.000Z,1.16694,1.16731,1.1668,1.16717,25
2025-07-14T02:00:00.000Z,1.16717,1.16753,1.16703,1.16739,25
2025-07-14T03:00:00.000Z,1.16739,1.16767,1.16725,1.16753,25
2025-07-14T04:00:00.000Z,1.16753,1.16815,1.16634,1.16696,30
2025-07-14T05:00:00.000Z,1.16696,1.16758,1.16616,1.16678,30
2025-07-14T06:00:00.000Z,1.16678,1.1674,1.16598,1.1666,30
2025-07-14T07:00:00.000Z,1.1666,1.16743,1.16598,1.16681,30
2025-07-14T08:00:00.000Z,1.16681,1.16841,1.16638,1.16798,70
2025-07-14T09:00:00.000Z,1.16798,1.16931,1.16755,1.16888,70
2025-07-14T10:00:00.000Z,1.16888,1.17021,1.16845,1.16978,70
2025-07-14T11:00:00.000Z,1.16978,1.17084,1.16935,1.17041,70
2025-07-14T12:00:00.000Z,1.17041,1.17167,1.17012,1.17138,80
2025-07-14T13:00:00.000Z,1.17138,1.17245,1.17109,1.17216,80
2025-07-14T14:00:00.000Z,1.17216,1.17324,1.17187,1.17295,80
2025-07-14T15:00:00.000Z,1.17295,1.17385,1.17266,1.17356,80
2025-07-14T16:00:00.000Z,1.17356,1.1737,1.17311,1.17325,30
2025-07-14T17:00:00.000Z,1.17325,1.17339,1.17288,1.17302,30
2025-07-14T18:00:00.000Z,1.17302,1.17316,1.17266,1.1728,30
2025-07-14T19:00:00.000Z,1.1728,1.17294,1.17252,1.17266,30
2025-07-14T20:00:00.000Z,1.17266,1.17321,1.17026,1.17081,15
2025-07-14T21:00:00.000Z,1.17081,1.17136,1.16875,1.1693,15
2025-07-14T22:00:00.000Z,1.1693,1.16985,1.16724,1.16779,15
2025-07-14T23:00:00.000Z,1.16779,1.16834,1.16608,1.16663,15
2025-07-15T00:00:00.000Z,1.16074,1.16152,1.1605,1.16128,25
2025-07-15T01:00:00.000Z,1.16128,1.1619,1.16104,1.16166,25
2025-07-15T02:00:00.000Z,1.16166,1.16228,1.16142,1.16204,25
2025-07-15T03:00:00.000Z,1.16204,1.16251,1.1618,1.16227,25
2025-07-15T04:00:00.000Z,1.16227,1.1628,1.1611,1.16163,30
2025-07-15T05:00:00.000Z,1.16163,1.16216,1.16079,1.16132,30
2025-07-15T06:00:00.000Z,1.16132,1.16185,1.16049,1.16102,30
2025-07-15T07:00:00.000Z,1.16102,1.16157,1.16049,1.16104,30
2025-07-15T08:00:00.000Z,1.16104,1.16376,1.16031,1.16303,70
2025-07-15T09:00:00.000Z,1.16303,1.16528,1.1623,1.16455,70
2025-07-15T10:00:00.000Z,1.16455,1.16681,1.16382,1.16608,70
2025-07-15T11:00:00.000Z,1.16608,1.16788,1.16535,1.16715,70
2025-07-15T12:00:00.000Z,1.16715,1.16928,1.16666,1.16879,80
2025-07-15T13:00:00.000Z,1.16879,1.17062,1.1683,1.17013,80
2025-07-15T14:00:00.000Z,1.17013,1.17196,1.16964,1.17147,80
2025-07-15T15:00:00.000Z,1.17147,1.17299,1.17098,1.1725,80
2025-07-15T16:00:00.000Z,1.1725,1.17274,1.17173,1.17197,30
2025-07-15T17:00:00.000Z,1.17197,1.17221,1.17134,1.17158,30
2025-07-15T18:00:00.000Z,1.17158,1.17182,1.17096,1.1712,30
2025-07-15T19:00:00.000Z,1.1712,1.17144,1.17073,1.17097,30
2025-07-15T20:00:00.000Z,1.17097,1.17191,1.16689,1.16783,15
2025-07-15T21:00:00.000Z,1.16783,1.16877,1.16433,1.16527,15
2025-07-15T22:00:00.000Z,1.16527,1.16621,1.16177,1.16271,15
2025-07-15T23:00:00.000Z,1.16271,1.16365,1.1598,1.16074,15
2025-07-16T00:00:00.000Z,1.16358,1.16392,1.16347,1.16381,25
2025-07-16T01:00:00.000Z,1.16381,1.16409,1.1637,1.16398,25
2025-07-16T02:00:00.000Z,1.16398,1.16425,1.16387,1.16414,25
2025-07-16T03:00:00.000Z,1.16414,1.16435,1.16403,1.16424,25
2025-07-16T04:00:00.000Z,1.16424,1.16485,1.16312,1.16373,30
2025-07-16T05:00:00.000Z,1.16373,1.16434,1.16298,1.16359,30
2025-07-16T06:00:00.000Z,1.16359,1.1642,1.16285,1.16346,30
2025-07-16T07:00:00.000Z,1.16346,1.16432,1.16285,1.16371,30
2025-07-16T08:00:00.000Z,1.16371,1.16489,1.16339,1.16457,70
2025-07-16T09:00:00.000Z,1.16457,1.16555,1.16425,1.16523,70
2025-07-16T10:00:00.000Z,1.16523,1.16622,1.16491,1.1659,70
2025-07-16T11:00:00.000Z,1.1659,1.16668,1.16558,1.16636,70
2025-07-16T12:00:00.000Z,1.16636,1.16729,1.16615,1.16708,80
2025-07-16T13:00:00.000Z,1.16708,1.16787,1.16687,1.16766,80
2025-07-16T14:00:00.000Z,1.16766,1.16845,1.16745,1.16824,80
2025-07-16T15:00:00.000Z,1.16824,1.1689,1.16803,1.16869,80
2025-07-16T16:00:00.000Z,1.16869,1.1688,1.16835,1.16846,30
2025-07-16T17:00:00.000Z,1.16846,1.16857,1.16818,1.16829,30
2025-07-16T18:00:00.000Z,1.16829,1.1684,1.16801,1.16812,30
2025-07-16T19:00:00.000Z,1.16812,1.16823,1.16791,1.16802,30
2025-07-16T20:00:00.000Z,1.16802,1.16843,1.16624,1.16665,15
2025-07-16T21:00:00.000Z,1.16665,1.16706,1.16513,1.16554,15
2025-07-16T22:00:00.000Z,1.16554,1.16595,1.16402,1.16443,15
2025-07-16T23:00:00.000Z,1.16443,1.16484,1.16317,1.16358,15
2025-07-17T00:00:00.000Z,1.16155,1.16184,1.16146,1.16175,25
2025-07-17T01:00:00.000Z,1.16175,1.16198,1.16166,1.16189,25
2025-07-17T02:00:00.000Z,1.16189,1.16212,1.1618,1.16203,25
2025-07-17T03:00:00.000Z,1.16203,1.16221,1.16194,1.16212,25
2025-07-17T04:00:00.000Z,1.16212,1.16221,1.16186,1.16195,30
2025-07-17T05:00:00.000Z,1.16195,1.16204,1.16174,1.16183,30
2025-07-17T06:00:00.000Z,1.16183,1.16192,1.16163,1.16172,30
2025-07-17T07:00:00.000Z,1.16172,1.16181,1.16157,1.16166,30
2025-07-17T08:00:00.000Z,1.16166,1.16267,1.16139,1.1624,70
2025-07-17T09:00:00.000Z,1.1624,1.16324,1.16213,1.16297,70
2025-07-17T10:00:00.000Z,1.16297,1.16381,1.1627,1.16354,70
2025-07-17T11:00:00.000Z,1.16354,1.16421,1.16327,1.16394,70
2025-07-17T12:00:00.000Z,1.16394,1.16486,1.16368,1.1646,80
2025-07-17T13:00:00.000Z,1.1646,1.16536,1.16434,1.1651,80
2025-07-17T14:00:00.000Z,1.1651,1.16586,1.16484,1.1656,80
2025-07-17T15:00:00.000Z,1.1656,1.16619,1.16534,1.16593,80
2025-07-17T16:00:00.000Z,1.16593,1.16602,1.16564,1.16573,30
2025-07-17T17:00:00.000Z,1.16573,1.16582,1.1655,1.16559,30
2025-07-17T18:00:00.000Z,1.16559,1.16568,1.16536,1.16545,30
2025-07-17T19:00:00.000Z,1.16545,1.16554,1.16527,1.16536,30
2025-07-17T20:00:00.000Z,1.16536,1.16571,1.16384,1.16419,15
2025-07-17T21:00:00.000Z,1.16419,1.16454,1.16289,1.16324,15
2025-07-17T22:00:00.000Z,1.16324,1.16359,1.16193,1.16228,15
2025-07-17T23:00:00.000Z,1.16228,1.16263,1.1612,1.16155,15
2025-07-20T00:00:00.000Z,1.16307,1.16359,1.16291,1.16343,25
2025-07-20T01:00:00.000Z,1.16343,1.16384,1.16327,1.16368,25
2025-07-20T02:00:00.000Z,1.16368,1.1641,1.16352,1.16394,25
2025-07-20T03:00:00.000Z,1.16394,1.16425,1.16378,1.16409,25
2025-07-20T04:00:00.000Z,1.16409,1.16434,1.16348,1.16373,30
2025-07-20T05:00:00.000Z,1.16373,1.16398,1.16328,1.16353,30
2025-07-20T06:00:00.000Z,1.16353,1.16378,1.16308,1.16333,30
2025-07-20T07:00:00.000Z,1.16333,1.16358,1.16303,1.16328,30
2025-07-20T08:00:00.000Z,1.16328,1.16509,1.16279,1.1646,70
2025-07-20T09:00:00.000Z,1.1646,1.16611,1.16411,1.16562,70
2025-07-20T10:00:00.000Z,1.16562,1.16713,1.16513,1.16664,70
2025-07-20T11:00:00.000Z,1.16664,1.16784,1.16615,1.16735,70
2025-07-20T12:00:00.000Z,1.16735,1.16887,1.16696,1.16848,80
2025-07-20T13:00:00.000Z,1.16848,1.16976,1.16809,1.16937,80
2025-07-20T14:00:00.000Z,1.16937,1.17065,1.16898,1.17026,80
2025-07-20T15:00:00.000Z,1.17026,1.1713,1.16987,1.17091,80
2025-07-20T16:00:00.000Z,1.17091,1.17107,1.17039,1.17055,30
2025-07-20T17:00:00.000Z,1.17055,1.17071,1.17014,1.1703,30
2025-07-20T18:00:00.000Z,1.1703,1.17046,1.16988,1.17004,30
2025-07-20T19:00:00.000Z,1.17004,1.1702,1.16973,1.16989,30
2025-07-20T20:00:00.000Z,1.16989,1.17052,1.16716,1.16779,15
2025-07-20T21:00:00.000Z,1.16779,1.16842,1.16546,1.16609,15
2025-07-20T22:00:00.000Z,1.16609,1.16672,1.16375,1.16438,15
2025-07-20T23:00:00.000Z,1.16438,1.16501,1.16244,1.16307,15
2025-07-21T00:00:00.000Z,1.16945,1.1698,1.16934,1.16969,25
2025-07-21T01:00:00.000Z,1.16969,1.16998,1.16958,1.16987,25
2025-07-21T02:00:00.000Z,1.16987,1.17015,1.16976,1.17004,25
2025-07-21T03:00:00.000Z,1.17004,1.17026,1.16993,1.17015,25
2025-07-21T04:00:00.000Z,1.17015,1.17035,1.16969,1.16989,30
2025-07-21T05:00:00.000Z,1.16989,1.17009,1.16955,1.16975,30
2025-07-21T06:00:00.000Z,1.16975,1.16995,1.16941,1.16961,30
2025-07-21T07:00:00.000Z,1.16961,1.16981,1.16939,1.16959,30
2025-07-21T08:00:00.000Z,1.16959,1.17082,1.16926,1.17049,70
2025-07-21T09:00:00.000Z,1.17049,1.17151,1.17016,1.17118,70
2025-07-21T10:00:00.000Z,1.17118,1.17221,1.17085,1.17188,70
2025-07-21T11:00:00.000Z,1.17188,1.17269,1.17155,1.17236,70
2025-07-21T12:00:00.000Z,1.17236,1.17334,1.17213,1.17311,80
2025-07-21T13:00:00.000Z,1.17311,1.17395,1.17288,1.17372,80
2025-07-21T14:00:00.000Z,1.17372,1.17456,1.17349,1.17433,80
2025-07-21T15:00:00.000Z,1.17433,1.17502,1.1741,1.17479,80
2025-07-21T16:00:00.000Z,1.17479,1.1749,1.17444,1.17455,30
2025-07-21T17:00:00.000Z,1.17455,1.17466,1.17427,1.17438,30
2025-07-21T18:00:00.000Z,1.17438,1.17449,1.17409,1.1742,30
2025-07-21T19:00:00.000Z,1.1742,1.17431,1.17399,1.1741,30
2025-07-21T20:00:00.000Z,1.1741,1.17453,1.17224,1.17267,15
2025-07-21T21:00:00.000Z,1.17267,1.1731,1.17108,1.17151,15
2025-07-21T22:00:00.000Z,1.17151,1.17194,1.16992,1.17035,15
2025-07-21T23:00:00.000Z,1.17035,1.17078,1.16902,1.16945,15
2025-07-22T00:00:00.000Z,1.17392,1.17412,1.17386,1.17406,25
2025-07-22T01:00:00.000Z,1.17406,1.17422,1.174,1.17416,25
2025-07-22T02:00:00.000Z,1.17416,1.17432,1.1741,1.17426,25
2025-07-22T03:00:00.000Z,1.17426,1.17438,1.1742,1.17432,25
2025-07-22T04:00:00.000Z,1.17432,1.17458,1.17382,1.17408,30
2025-07-22T05:00:00.000Z,1.17408,1.17434,1.17374,1.174,30
2025-07-22T06:00:00.000Z,1.174,1.17426,1.17366,1.17392,30
2025-07-22T07:00:00.000Z,1.17392,1.17426,1.17366,1.174,30
2025-07-22T08:00:00.000Z,1.174,1.17471,1.17381,1.17452,70
2025-07-22T09:00:00.000Z,1.17452,1.17511,1.17433,1.17492,70
2025-07-22T10:00:00.000Z,1.17492,1.17551,1.17473,1.17532,70
2025-07-22T11:00:00.000Z,1.17532,1.17579,1.17513,1.1756,70
2025-07-22T12:00:00.000Z,1.1756,1.17616,1.17547,1.17603,80
2025-07-22T13:00:00.000Z,1.17603,1.17652,1.1759,1.17639,80
2025-07-22T14:00:00.000Z,1.17639,1.17687,1.17626,1.17674,80
2025-07-22T15:00:00.000Z,1.17674,1.17714,1.17661,1.17701,80
2025-07-22T16:00:00.000Z,1.17701,1.17707,1.17681,1.17687,30
2025-07-22T17:00:00.000Z,1.17687,1.17693,1.17671,1.17677,30
2025-07-22T18:00:00.000Z,1.17677,1.17683,1.17661,1.17667,30
2025-07-22T19:00:00.000Z,1.17667,1.17673,1.17655,1.17661,30
2025-07-22T20:00:00.000Z,1.17661,1.17686,1.17553,1.17578,15
2025-07-22T21:00:00.000Z,1.17578,1.17603,1.17486,1.17511,15
2025-07-22T22:00:00.000Z,1.17511,1.17536,1.17419,1.17444,15
2025-07-22T23:00:00.000Z,1.17444,1.17469,1.17367,1.17392,15
2025-07-23T00:00:00.000Z,1.17743,1.17771,1.17734,1.17762,25
2025-07-23T01:00:00.000Z,1.17762,1.17784,1.17753,1.17775,25
2025-07-23T02:00:00.000Z,1.17775,1.17798,1.17766,1.17789,25
2025-07-23T03:00:00.000Z,1.17789,1.17806,1.1778,1.17797,25
2025-07-23T04:00:00.000Z,1.17797,1.17836,1.17723,1.17762,30
2025-07-23T05:00:00.000Z,1.17762,1.17801,1.17712,1.17751,30
2025-07-23T06:00:00.000Z,1.17751,1.1779,1.17701,1.1774,30
2025-07-23T07:00:00.000Z,1.1774,1.17793,1.17701,1.17754,30
2025-07-23T08:00:00.000Z,1.17754,1.17851,1.17728,1.17825,70
2025-07-23T09:00:00.000Z,1.17825,1.17905,1.17799,1.17879,70
2025-07-23T10:00:00.000Z,1.17879,1.17959,1.17853,1.17933,70
2025-07-23T11:00:00.000Z,1.17933,1.17997,1.17907,1.17971,70
2025-07-23T12:00:00.000Z,1.17971,1.18046,1.17954,1.18029,80
2025-07-23T13:00:00.000Z,1.18029,1.18094,1.18012,1.18077,80
2025-07-23T14:00:00.000Z,1.18077,1.18141,1.1806,1.18124,80
2025-07-23T15:00:00.000Z,1.18124,1.18178,1.18107,1.18161,80
2025-07-23T16:00:00.000Z,1.18161,1.1817,1.18133,1.18142,30
2025-07-23T17:00:00.000Z,1.18142,1.18151,1.1812,1.18129,30
2025-07-23T18:00:00.000Z,1.18129,1.18138,1.18106,1.18115,30
2025-07-23T19:00:00.000Z,1.18115,1.18124,1.18098,1.18107,30
2025-07-23T20:00:00.000Z,1.18107,1.18141,1.17961,1.17995,15
2025-07-23T21:00:00.000Z,1.17995,1.18029,1.1787,1.17904,15
2025-07-23T22:00:00.000Z,1.17904,1.17938,1.17779,1.17813,15
2025-07-23T23:00:00.000Z,1.17813,1.17847,1.17709,1.17743,15
2025-07-24T00:00:00.000Z,1.17561,1.17588,1.17553,1.1758,25
2025-07-24T01:00:00.000Z,1.1758,1.17601,1.17572,1.17593,25
2025-07-24T02:00:00.000Z,1.17593,1.17615,1.17585,1.17607,25
2025-07-24T03:00:00.000Z,1.17607,1.17623,1.17599,1.17615,25
2025-07-24T04:00:00.000Z,1.17615,1.1766,1.17531,1.17576,30
2025-07-24T05:00:00.000Z,1.17576,1.17621,1.1752,1.17565,30
2025-07-24T06:00:00.000Z,1.17565,1.1761,1.17509,1.17554,30
2025-07-24T07:00:00.000Z,1.17554,1.17617,1.17509,1.17572,30
2025-07-24T08:00:00.000Z,1.17572,1.17667,1.17546,1.17641,70
2025-07-24T09:00:00.000Z,1.17641,1.1772,1.17615,1.17694,70
2025-07-24T10:00:00.000Z,1.17694,1.17774,1.17668,1.17748,70
2025-07-24T11:00:00.000Z,1.17748,1.17811,1.17722,1.17785,70
2025-07-24T12:00:00.000Z,1.17785,1.17859,1.17768,1.17842,80
2025-07-24T13:00:00.000Z,1.17842,1.17906,1.17825,1.17889,80
2025-07-24T14:00:00.000Z,1.17889,1.17953,1.17872,1.17936,80
2025-07-24T15:00:00.000Z,1.17936,1.17989,1.17919,1.17972,80
2025-07-24T16:00:00.000Z,1.17972,1.1798,1.17945,1.17953,30
2025-07-24T17:00:00.000Z,1.17953,1.17961,1.17932,1.1794,30
2025-07-24T18:00:00.000Z,1.1794,1.17948,1.17918,1.17926,30
2025-07-24T19:00:00.000Z,1.17926,1.17934,1.1791,1.17918,30
2025-07-24T20:00:00.000Z,1.17918,1.17951,1.17775,1.17808,15
2025-07-24T21:00:00.000Z,1.17808,1.17841,1.17686,1.17719,15
2025-07-24T22:00:00.000Z,1.17719,1.17752,1.17597,1.1763,15
2025-07-24T23:00:00.000Z,1.1763,1.17663,1.17528,1.17561,15
2025-07-27T00:00:00.000Z,1.17568,1.1765,1.17542,1.17624,25
2025-07-27T01:00:00.000Z,1.17624,1.17691,1.17598,1.17665,25
2025-07-27T02:00:00.000Z,1.17665,1.17731,1.17639,1.17705,25
2025-07-27T03:00:00.000Z,1.17705,1.17755,1.17679,1.17729,25
2025-07-27T04:00:00.000Z,1.17729,1.17866,1.17474,1.17611,30
2025-07-27T05:00:00.000Z,1.17611,1.17748,1.17442,1.17579,30
2025-07-27T06:00:00.000Z,1.17579,1.17716,1.1741,1.17547,30
2025-07-27T07:00:00.000Z,1.17547,1.17737,1.1741,1.176,30
2025-07-27T08:00:00.000Z,1.176,1.17886,1.17523,1.17809,70
2025-07-27T09:00:00.000Z,1.17809,1.18047,1.17732,1.1797,70
2025-07-27T10:00:00.000Z,1.1797,1.18207,1.17893,1.1813,70
2025-07-27T11:00:00.000Z,1.1813,1.1832,1.18053,1.18243,70
2025-07-27T12:00:00.000Z,1.18243,1.18467,1.18192,1.18416,80
2025-07-27T13:00:00.000Z,1.18416,1.18608,1.18365,1.18557,80
2025-07-27T14:00:00.000Z,1.18557,1.18748,1.18506,1.18697,80
2025-07-27T15:00:00.000Z,1.18697,1.18857,1.18646,1.18806,80
2025-07-27T16:00:00.000Z,1.18806,1.18832,1.18724,1.1875,30
2025-07-27T17:00:00.000Z,1.1875,1.18776,1.18683,1.18709,30
2025-07-27T18:00:00.000Z,1.18709,1.18735,1.18643,1.18669,30
2025-07-27T19:00:00.000Z,1.18669,1.18695,1.18619,1.18645,30
2025-07-27T20:00:00.000Z,1.18645,1.18744,1.18215,1.18314,15
2025-07-27T21:00:00.000Z,1.18314,1.18413,1.17946,1.18045,15
2025-07-27T22:00:00.000Z,1.18045,1.18144,1.17676,1.17775,15
2025-07-27T23:00:00.000Z,1.17775,1.17874,1.17469,1.17568,15
2025-07-28T00:00:00.000Z,1.15968,1.16009,1.15955,1.15996,25
2025-07-28T01:00:00.000Z,1.15996,1.1603,1.15983,1.16017,25
2025-07-28T02:00:00.000Z,1.16017,1.1605,1.16004,1.16037,25
2025-07-28T03:00:00.000Z,1.16037,1.16062,1.16024,1.16049,25
2025-07-28T04:00:00.000Z,1.16049,1.1612,1.15917,1.15988,30
2025-07-28T05:00:00.000Z,1.15988,1.16059,1.15901,1.15972,30
2025-07-28T06:00:00.000Z,1.15972,1.16043,1.15885,1.15956,30
2025-07-28T07:00:00.000Z,1.15956,1.16055,1.15885,1.15984,30
2025-07-28T08:00:00.000Z,1.15984,1.16128,1.15945,1.16089,70
2025-07-28T09:00:00.000Z,1.16089,1.16209,1.1605,1.1617,70
2025-07-28T10:00:00.000Z,1.1617,1.1629,1.16131,1.16251,70
2025-07-28T11:00:00.000Z,1.16251,1.16347,1.16212,1.16308,70
2025-07-28T12:00:00.000Z,1.16308,1.16421,1.16282,1.16395,80
2025-07-28T13:00:00.000Z,1.16395,1.16492,1.16369,1.16466,80
2025-07-28T14:00:00.000Z,1.16466,1.16562,1.1644,1.16536,80
2025-07-28T15:00:00.000Z,1.16536,1.16617,1.1651,1.16591,80
2025-07-28T16:00:00.000Z,1.16591,1.16604,1.1655,1.16563,30
2025-07-28T17:00:00.000Z,1.16563,1.16576,1.16529,1.16542,30
2025-07-28T18:00:00.000Z,1.16542,1.16555,1.16509,1.16522,30
2025-07-28T19:00:00.000Z,1.16522,1.16535,1.16497,1.1651,30
2025-07-28T20:00:00.000Z,1.1651,1.1656,1.16293,1.16343,15
2025-07-28T21:00:00.000Z,1.16343,1.16393,1.16158,1.16208,15
2025-07-28T22:00:00.000Z,1.16208,1.16258,1.16022,1.16072,15
2025-07-28T23:00:00.000Z,1.16072,1.16122,1.15918,1.15968,15
2025-07-29T00:00:00.000Z,1.15509,1.15567,1.15491,1.15549,25
2025-07-29T01:00:00.000Z,1.15549,1.15595,1.15531,1.15577,25
2025-07-29T02:00:00.000Z,1.15577,1.15624,1.15559,1.15606,25
2025-07-29T03:00:00.000Z,1.15606,1.15641,1.15588,1.15623,25
2025-07-29T04:00:00.000Z,1.15623,1.1571,1.15459,1.15546,30
2025-07-29T05:00:00.000Z,1.15546,1.15633,1.15436,1.15523,30
2025-07-29T06:00:00.000Z,1.15523,1.1561,1.15413,1.155,30
2025-07-29T07:00:00.000Z,1.155,1.15619,1.15413,1.15532,30
2025-07-29T08:00:00.000Z,1.15532,1.15733,1.15478,1.15679,70
2025-07-29T09:00:00.000Z,1.15679,1.15847,1.15625,1.15793,70
2025-07-29T10:00:00.000Z,1.15793,1.15961,1.15739,1.15907,70
2025-07-29T11:00:00.000Z,1.15907,1.1604,1.15853,1.15986,70
2025-07-29T12:00:00.000Z,1.15986,1.16144,1.1595,1.16108,80
2025-07-29T13:00:00.000Z,1.16108,1.16243,1.16072,1.16207,80
2025-07-29T14:00:00.000Z,1.16207,1.16342,1.16171,1.16306,80
2025-07-29T15:00:00.000Z,1.16306,1.16419,1.1627,1.16383,80
2025-07-29T16:00:00.000Z,1.16383,1.16401,1.16325,1.16343,30
2025-07-29T17:00:00.000Z,1.16343,1.16361,1.16297,1.16315,30
2025-07-29T18:00:00.000Z,1.16315,1.16333,1.16268,1.16286,30
2025-07-29T19:00:00.000Z,1.16286,1.16304,1.16251,1.16269,30
2025-07-29T20:00:00.000Z,1.16269,1.16339,1.15965,1.16035,15
2025-07-29T21:00:00.000Z,1.16035,1.16105,1.15775,1.15845,15
2025-07-29T22:00:00.000Z,1.15845,1.15915,1.15585,1.15655,15
2025-07-29T23:00:00.000Z,1.15655,1.15725,1.15439,1.15509,15
2025-07-30T00:00:00.000Z,1.14294,1.14322,1.14285,1.14313,25
2025-07-30T01:00:00.000Z,1.14313,1.14335,1.14304,1.14326,25
2025-07-30T02:00:00.000Z,1.14326,1.14348,1.14317,1.14339,25
2025-07-30T03:00:00.000Z,1.14339,1.14356,1.1433,1.14347,25
2025-07-30T04:00:00.000Z,1.14347,1.14372,1.14296,1.14321,30
2025-07-30T05:00:00.000Z,1.14321,1.14346,1.14285,1.1431,30
2025-07-30T06:00:00.000Z,1.1431,1.14335,1.14274,1.14299,30
2025-07-30T07:00:00.000Z,1.14299,1.14329,1.14274,1.14304,30
2025-07-30T08:00:00.000Z,1.14304,1.144,1.14278,1.14374,70
2025-07-30T09:00:00.000Z,1.14374,1.14454,1.14348,1.14428,70
2025-07-30T10:00:00.000Z,1.14428,1.14507,1.14402,1.14481,70
2025-07-30T11:00:00.000Z,1.14481,1.14545,1.14455,1.14519,70
2025-07-30T12:00:00.000Z,1.14519,1.14594,1.14502,1.14577,80
2025-07-30T13:00:00.000Z,1.14577,1.14641,1.1456,1.14624,80
2025-07-30T14:00:00.000Z,1.14624,1.14688,1.14607,1.14671,80
2025-07-30T15:00:00.000Z,1.14671,1.14724,1.14654,1.14707,80
2025-07-30T16:00:00.000Z,1.14707,1.14716,1.14679,1.14688,30
2025-07-30T17:00:00.000Z,1.14688,1.14697,1.14666,1.14675,30
2025-07-30T18:00:00.000Z,1.14675,1.14684,1.14653,1.14662,30
2025-07-30T19:00:00.000Z,1.14662,1.14671,1.14645,1.14654,30
2025-07-30T20:00:00.000Z,1.14654,1.14687,1.1451,1.14543,15
2025-07-30T21:00:00.000Z,1.14543,1.14576,1.1442,1.14453,15
2025-07-30T22:00:00.000Z,1.14453,1.14486,1.1433,1.14363,15
2025-07-30T23:00:00.000Z,1.14363,1.14396,1.14261,1.14294,15
2025-07-31T00:00:00.000Z,1.14237,1.14333,1.14207,1.14303,25
2025-07-31T01:00:00.000Z,1.14303,1.1438,1.14273,1.1435,25
2025-07-31T02:00:00.000Z,1.1435,1.14428,1.1432,1.14398,25
2025-07-31T03:00:00.000Z,1.14398,1.14456,1.14368,1.14426,25
2025-07-31T04:00:00.000Z,1.14426,1.14472,1.14314,1.1436,30
2025-07-31T05:00:00.000Z,1.1436,1.14406,1.14276,1.14322,30
2025-07-31T06:00:00.000Z,1.14322,1.14368,1.14238,1.14284,30
2025-07-31T07:00:00.000Z,1.14284,1.1433,1.14229,1.14275,30
2025-07-31T08:00:00.000Z,1.14275,1.1461,1.14185,1.1452,70
2025-07-31T09:00:00.000Z,1.1452,1.14798,1.1443,1.14708,70
2025-07-31T10:00:00.000Z,1.14708,1.14986,1.14618,1.14896,70
2025-07-31T11:00:00.000Z,1.14896,1.15118,1.14806,1.15028,70
2025-07-31T12:00:00.000Z,1.15028,1.1531,1.14956,1.15238,80
2025-07-31T13:00:00.000Z,1.15238,1.15475,1.15166,1.15403,80
2025-07-31T14:00:00.000Z,1.15403,1.1564,1.15331,1.15568,80
2025-07-31T15:00:00.000Z,1.15568,1.1576,1.15496,1.15688,80
2025-07-31T16:00:00.000Z,1.15688,1.15718,1.15592,1.15622,30
2025-07-31T17:00:00.000Z,1.15622,1.15652,1.15545,1.15575,30
2025-07-31T18:00:00.000Z,1.15575,1.15605,1.15497,1.15527,30
2025-07-31T19:00:00.000Z,1.15527,1.15557,1.15469,1.15499,30
2025-07-31T20:00:00.000Z,1.15499,1.15615,1.14995,1.15111,15
2025-07-31T21:00:00.000Z,1.15111,1.15227,1.1468,1.14796,15
2025-07-31T22:00:00.000Z,1.14796,1.14912,1.14364,1.1448,15
2025-07-31T23:00:00.000Z,1.1448,1.14596,1.14121,1.14237,15
2025-08-03T00:00:00.000Z,1.15867,1.15886,1.15861,1.1588,25
2025-08-03T01:00:00.000Z,1.1588,1.15896,1.15874,1.1589,25
2025-08-03T02:00:00.000Z,1.1589,1.15905,1.15884,1.15899,25
2025-08-03T03:00:00.000Z,1.15899,1.15911,1.15893,1.15905,25
2025-08-03T04:00:00.000Z,1.15905,1.15938,1.15844,1.15877,30
2025-08-03T05:00:00.000Z,1.15877,1.1591,1.15836,1.15869,30
2025-08-03T06:00:00.000Z,1.15869,1.15902,1.15828,1.15861,30
2025-08-03T07:00:00.000Z,1.15861,1.15907,1.15828,1.15874,30
2025-08-03T08:00:00.000Z,1.15874,1.15941,1.15856,1.15923,70
2025-08-03T09:00:00.000Z,1.15923,1.15979,1.15905,1.15961,70
2025-08-03T10:00:00.000Z,1.15961,1.16017,1.15943,1.15999,70
2025-08-03T11:00:00.000Z,1.15999,1.16044,1.15981,1.16026,70
2025-08-03T12:00:00.000Z,1.16026,1.16079,1.16014,1.16067,80
2025-08-03T13:00:00.000Z,1.16067,1.16112,1.16055,1.161,80
2025-08-03T14:00:00.000Z,1.161,1.16145,1.16088,1.16133,80
2025-08-03T15:00:00.000Z,1.16133,1.16171,1.16121,1.16159,80
2025-08-03T16:00:00.000Z,1.16159,1.16165,1.1614,1.16146,30
2025-08-03T17:00:00.000Z,1.16146,1.16152,1.1613,1.16136,30
2025-08-03T18:00:00.000Z,1.16136,1.16142,1.16121,1.16127,30
2025-08-03T19:00:00.000Z,1.16127,1.16133,1.16115,1.16121,30
2025-08-03T20:00:00.000Z,1.16121,1.16144,1.1602,1.16043,15
2025-08-03T21:00:00.000Z,1.16043,1.16066,1.15956,1.15979,15
2025-08-03T22:00:00.000Z,1.15979,1.16002,1.15893,1.15916,15
2025-08-03T23:00:00.000Z,1.15916,1.15939,1.15844,1.15867,15
2025-08-04T00:00:00.000Z,1.15841,1.1587,1.15832,1.15861,25
2025-08-04T01:00:00.000Z,1.15861,1.15885,1.15852,1.15876,25
2025-08-04T02:00:00.000Z,1.15876,1.15899,1.15867,1.1589,25
2025-08-04T03:00:00.000Z,1.1589,1.15908,1.15881,1.15899,25
2025-08-04T04:00:00.000Z,1.15899,1.15949,1.15806,1.15856,30
2025-08-04T05:00:00.000Z,1.15856,1.15906,1.15795,1.15845,30
2025-08-04T06:00:00.000Z,1.15845,1.15895,1.15783,1.15833,30
2025-08-04T07:00:00.000Z,1.15833,1.15903,1.15783,1.15853,30
2025-08-04T08:00:00.000Z,1.15853,1.15956,1.15825,1.15928,70
2025-08-04T09:00:00.000Z,1.15928,1.16014,1.159,1.15986,70
2025-08-04T10:00:00.000Z,1.15986,1.16072,1.15958,1.16044,70
2025-08-04T11:00:00.000Z,1.16044,1.16113,1.16016,1.16085,70
2025-08-04T12:00:00.000Z,1.16085,1.16167,1.16066,1.16148,80
2025-08-04T13:00:00.000Z,1.16148,1.16218,1.16129,1.16199,80
2025-08-04T14:00:00.000Z,1.16199,1.16269,1.1618,1.1625,80
2025-08-04T15:00:00.000Z,1.1625,1.16308,1.16231,1.16289,80
2025-08-04T16:00:00.000Z,1.16289,1.16298,1.1626,1.16269,30
2025-08-04T17:00:00.000Z,1.16269,1.16278,1.16245,1.16254,30
2025-08-04T18:00:00.000Z,1.16254,1.16263,1.16231,1.1624,30
2025-08-04T19:00:00.000Z,1.1624,1.16249,1.16222,1.16231,30
2025-08-04T20:00:00.000Z,1.16231,1.16267,1.16075,1.16111,15
2025-08-04T21:00:00.000Z,1.16111,1.16147,1.15978,1.16014,15
2025-08-04T22:00:00.000Z,1.16014,1.1605,1.1588,1.15916,15
2025-08-04T23:00:00.000Z,1.15916,1.15952,1.15805,1.15841,15
2025-08-05T00:00:00.000Z,1.15792,1.15833,1.15779,1.1582,25
2025-08-05T01:00:00.000Z,1.1582,1.15854,1.15807,1.15841,25
2025-08-05T02:00:00.000Z,1.15841,1.15874,1.15828,1.15861,25
2025-08-05T03:00:00.000Z,1.15861,1.15886,1.15848,1.15873,25
2025-08-05T04:00:00.000Z,1.15873,1.15894,1.15823,1.15844,30
2025-08-05T05:00:00.000Z,1.15844,1.15865,1.15806,1.15827,30
2025-08-05T06:00:00.000Z,1.15827,1.15848,1.1579,1.15811,30
2025-08-05T07:00:00.000Z,1.15811,1.15832,1.15787,1.15808,30
2025-08-05T08:00:00.000Z,1.15808,1.15953,1.15769,1.15914,70
2025-08-05T09:00:00.000Z,1.15914,1.16034,1.15875,1.15995,70
2025-08-05T10:00:00.000Z,1.15995,1.16115,1.15956,1.16076,70
2025-08-05T11:00:00.000Z,1.16076,1.16172,1.16037,1.16133,70
2025-08-05T12:00:00.000Z,1.16133,1.16253,1.16103,1.16223,80
2025-08-05T13:00:00.000Z,1.16223,1.16324,1.16193,1.16294,80
2025-08-05T14:00:00.000Z,1.16294,1.16395,1.16264,1.16365,80
2025-08-05T15:00:00.000Z,1.16365,1.16448,1.16335,1.16418,80
2025-08-05T16:00:00.000Z,1.16418,1.16431,1.16377,1.1639,30
2025-08-05T17:00:00.000Z,1.1639,1.16403,1.16356,1.16369,30
2025-08-05T18:00:00.000Z,1.16369,1.16382,1.16336,1.16349,30
2025-08-05T19:00:00.000Z,1.16349,1.16362,1.16324,1.16337,30
2025-08-05T20:00:00.000Z,1.16337,1.16387,1.16119,1.16169,15
2025-08-05T21:00:00.000Z,1.16169,1.16219,1.15983,1.16033,15
2025-08-05T22:00:00.000Z,1.16033,1.16083,1.15847,1.15897,15
2025-08-05T23:00:00.000Z,1.15897,1.15947,1.15742,1.15792,15
2025-08-06T00:00:00.000Z,1.16632,1.16673,1.16619,1.1666,25
2025-08-06T01:00:00.000Z,1.1666,1.16694,1.16647,1.16681,25
2025-08-06T02:00:00.000Z,1.16681,1.16714,1.16668,1.16701,25
2025-08-06T03:00:00.000Z,1.16701,1.16726,1.16688,1.16713,25
2025-08-06T04:00:00.000Z,1.16713,1.16762,1.16617,1.16666,30
2025-08-06T05:00:00.000Z,1.16666,1.16715,1.16601,1.1665,30
2025-08-06T06:00:00.000Z,1.1665,1.16699,1.16585,1.16634,30
2025-08-06T07:00:00.000Z,1.16634,1.16697,1.16585,1.16648,30
2025-08-06T08:00:00.000Z,1.16648,1.16792,1.16609,1.16753,70
2025-08-06T09:00:00.000Z,1.16753,1.16873,1.16714,1.16834,70
2025-08-06T10:00:00.000Z,1.16834,1.16954,1.16795,1.16915,70
2025-08-06T11:00:00.000Z,1.16915,1.17011,1.16876,1.16972,70
2025-08-06T12:00:00.000Z,1.16972,1.17085,1.16946,1.17059,80
2025-08-06T13:00:00.000Z,1.17059,1.17156,1.17033,1.1713,80
2025-08-06T14:00:00.000Z,1.1713,1.17227,1.17104,1.17201,80
2025-08-06T15:00:00.000Z,1.17201,1.17282,1.17175,1.17256,80
2025-08-06T16:00:00.000Z,1.17256,1.17269,1.17215,1.17228,30
2025-08-06T17:00:00.000Z,1.17228,1.17241,1.17194,1.17207,30
2025-08-06T18:00:00.000Z,1.17207,1.1722,1.17174,1.17187,30
2025-08-06T19:00:00.000Z,1.17187,1.172,1.17162,1.17175,30
2025-08-06T20:00:00.000Z,1.17175,1.17225,1.16958,1.17008,15
2025-08-06T21:00:00.000Z,1.17008,1.17058,1.16822,1.16872,15
2025-08-06T22:00:00.000Z,1.16872,1.16922,1.16686,1.16736,15
2025-08-06T23:00:00.000Z,1.16736,1.16786,1.16582,1.16632,15
2025-08-07T00:00:00.000Z,1.16767,1.16792,1.16759,1.16784,25
2025-08-07T01:00:00.000Z,1.16784,1.16804,1.16776,1.16796,25
2025-08-07T02:00:00.000Z,1.16796,1.16816,1.16788,1.16808,25
2025-08-07T03:00:00.000Z,1.16808,1.16823,1.168,1.16815,25
2025-08-07T04:00:00.000Z,1.16815,1.16858,1.16736,1.16779,30
2025-08-07T05:00:00.000Z,1.16779,1.16822,1.16726,1.16769,30
2025-08-07T06:00:00.000Z,1.16769,1.16812,1.16716,1.16759,30
2025-08-07T07:00:00.000Z,1.16759,1.16819,1.16716,1.16776,30
2025-08-07T08:00:00.000Z,1.16776,1.16862,1.16753,1.16839,70
2025-08-07T09:00:00.000Z,1.16839,1.16911,1.16816,1.16888,70
2025-08-07T10:00:00.000Z,1.16888,1.16959,1.16865,1.16936,70
2025-08-07T11:00:00.000Z,1.16936,1.16993,1.16913,1.1697,70
2025-08-07T12:00:00.000Z,1.1697,1.17038,1.16954,1.17022,80
2025-08-07T13:00:00.000Z,1.17022,1.17081,1.17006,1.17065,80
2025-08-07T14:00:00.000Z,1.17065,1.17123,1.17049,1.17107,80
2025-08-07T15:00:00.000Z,1.17107,1.17156,1.17091,1.1714,80
2025-08-07T16:00:00.000Z,1.1714,1.17148,1.17115,1.17123,30
2025-08-07T17:00:00.000Z,1.17123,1.17131,1.17103,1.17111,30
2025-08-07T18:00:00.000Z,1.17111,1.17119,1.1709,1.17098,30
2025-08-07T19:00:00.000Z,1.17098,1.17106,1.17083,1.17091,30
2025-08-07T20:00:00.000Z,1.17091,1.17121,1.16961,1.16991,15
2025-08-07T21:00:00.000Z,1.16991,1.17021,1.1688,1.1691,15
2025-08-07T22:00:00.000Z,1.1691,1.1694,1.16799,1.16829,15
2025-08-07T23:00:00.000Z,1.16829,1.16859,1.16737,1.16767,15
2025-08-10T00:00:00.000Z,1.1648,1.16524,1.16466,1.1651,25
2025-08-10T01:00:00.000Z,1.1651,1.16545,1.16496,1.16531,25
2025-08-10T02:00:00.000Z,1.16531,1.16566,1.16517,1.16552,25
2025-08-10T03:00:00.000Z,1.16552,1.16579,1.16538,1.16565,25
2025-08-10T04:00:00.000Z,1.16565,1.16621,1.16457,1.16513,30
2025-08-10T05:00:00.000Z,1.16513,1.16569,1.1644,1.16496,30
2025-08-10T06:00:00.000Z,1.16496,1.16552,1.16423,1.16479,30
2025-08-10T07:00:00.000Z,1.16479,1.16553,1.16423,1.16497,30
2025-08-10T08:00:00.000Z,1.16497,1.16649,1.16456,1.16608,70
2025-08-10T09:00:00.000Z,1.16608,1.16735,1.16567,1.16694,70
2025-08-10T10:00:00.000Z,1.16694,1.1682,1.16653,1.16779,70
2025-08-10T11:00:00.000Z,1.16779,1.1688,1.16738,1.16839,70
2025-08-10T12:00:00.000Z,1.16839,1.16958,1.16812,1.16931,80
2025-08-10T13:00:00.000Z,1.16931,1.17033,1.16904,1.17006,80
2025-08-10T14:00:00.000Z,1.17006,1.17108,1.16979,1.17081,80
2025-08-10T15:00:00.000Z,1.17081,1.17166,1.17054,1.17139,80
2025-08-10T16:00:00.000Z,1.17139,1.17153,1.17095,1.17109,30
2025-08-10T17:00:00.000Z,1.17109,1.17123,1.17074,1.17088,30
2025-08-10T18:00:00.000Z,1.17088,1.17102,1.17053,1.17067,30
2025-08-10T19:00:00.000Z,1.17067,1.17081,1.1704,1.17054,30
2025-08-10T20:00:00.000Z,1.17054,1.17107,1.16825,1.16878,15
2025-08-10T21:00:00.000Z,1.16878,1.16931,1.16681,1.16734,15
2025-08-10T22:00:00.000Z,1.16734,1.16787,1.16538,1.16591,15
2025-08-10T23:00:00.000Z,1.16591,1.16644,1.16427,1.1648,15
2025-08-11T00:00:00.000Z,1.16184,1.16232,1.16169,1.16217,25
2025-08-11T01:00:00.000Z,1.16217,1.16256,1.16202,1.16241,25
2025-08-11T02:00:00.000Z,1.16241,1.1628,1.16226,1.16265,25
2025-08-11T03:00:00.000Z,1.16265,1.16295,1.1625,1.1628,25
2025-08-11T04:00:00.000Z,1.1628,1.16307,1.16217,1.16244,30
2025-08-11T05:00:00.000Z,1.16244,1.16271,1.16198,1.16225,30
2025-08-11T06:00:00.000Z,1.16225,1.16252,1.16179,1.16206,30
2025-08-11T07:00:00.000Z,1.16206,1.16233,1.16177,1.16204,30
2025-08-11T08:00:00.000Z,1.16204,1.16374,1.16158,1.16328,70
2025-08-11T09:00:00.000Z,1.16328,1.16469,1.16282,1.16423,70
2025-08-11T10:00:00.000Z,1.16423,1.16564,1.16377,1.16518,70
2025-08-11T11:00:00.000Z,1.16518,1.1663,1.16472,1.16584,70
2025-08-11T12:00:00.000Z,1.16584,1.16721,1.16551,1.16688,80
2025-08-11T13:00:00.000Z,1.16688,1.16804,1.16655,1.16771,80
2025-08-11T14:00:00.000Z,1.16771,1.16888,1.16738,1.16855,80
2025-08-11T15:00:00.000Z,1.16855,1.16951,1.16822,1.16918,80
2025-08-11T16:00:00.000Z,1.16918,1.16933,1.1687,1.16885,30
2025-08-11T17:00:00.000Z,1.16885,1.169,1.16846,1.16861,30
2025-08-11T18:00:00.000Z,1.16861,1.16876,1.16822,1.16837,30
2025-08-11T19:00:00.000Z,1.16837,1.16852,1.16808,1.16823,30
2025-08-11T20:00:00.000Z,1.16823,1.16882,1.16568,1.16627,15
2025-08-11T21:00:00.000Z,1.16627,1.16686,1.16408,1.16467,15
2025-08-11T22:00:00.000Z,1.16467,1.16526,1.16248,1.16307,15
2025-08-11T23:00:00.000Z,1.16307,1.16366,1.16125,1.16184,15
2025-08-12T00:00:00.000Z,1.16771,1.168,1.16762,1.16791,25
2025-08-12T01:00:00.000Z,1.16791,1.16815,1.16782,1.16806,25
2025-08-12T02:00:00.000Z,1.16806,1.16829,1.16797,1.1682,25
2025-08-12T03:00:00.000Z,1.1682,1.16838,1.16811,1.16829,25
2025-08-12T04:00:00.000Z,1.16829,1.1684,1.16799,1.1681,30
2025-08-12T05:00:00.000Z,1.1681,1.16821,1.16788,1.16799,30
2025-08-12T06:00:00.000Z,1.16799,1.1681,1.16776,1.16787,30
2025-08-12T07:00:00.000Z,1.16787,1.16798,1.16771,1.16782,30
2025-08-12T08:00:00.000Z,1.16782,1.16886,1.16754,1.16858,70
2025-08-12T09:00:00.000Z,1.16858,1.16945,1.1683,1.16917,70
2025-08-12T10:00:00.000Z,1.16917,1.17004,1.16889,1.16976,70
2025-08-12T11:00:00.000Z,1.16976,1.17045,1.16948,1.17017,70
2025-08-12T12:00:00.000Z,1.17017,1.17109,1.16992,1.17084,80
2025-08-12T13:00:00.000Z,1.17084,1.17161,1.17059,1.17136,80
2025-08-12T14:00:00.000Z,1.17136,1.17212,1.17111,1.17187,80
2025-08-12T15:00:00.000Z,1.17187,1.17248,1.17162,1.17223,80
2025-08-12T16:00:00.000Z,1.17223,1.17232,1.17193,1.17202,30
2025-08-12T17:00:00.000Z,1.17202,1.17211,1.17179,1.17188,30
2025-08-12T18:00:00.000Z,1.17188,1.17197,1.17164,1.17173,30
2025-08-12T19:00:00.000Z,1.17173,1.17182,1.17155,1.17164,30
2025-08-12T20:00:00.000Z,1.17164,1.172,1.17007,1.17043,15
2025-08-12T21:00:00.000Z,1.17043,1.17079,1.16909,1.16945,15
2025-08-12T22:00:00.000Z,1.16945,1.16981,1.16811,1.16847,15
2025-08-12T23:00:00.000Z,1.16847,1.16883,1.16735,1.16771,15
2025-08-13T00:00:00.000Z,1.17129,1.17168,1.17117,1.17156,25
2025-08-13T01:00:00.000Z,1.17156,1.17187,1.17144,1.17175,25
2025-08-13T02:00:00.000Z,1.17175,1.17207,1.17163,1.17195,25
2025-08-13T03:00:00.000Z,1.17195,1.17218,1.17183,1.17206,25
2025-08-13T04:00:00.000Z,1.17206,1.17275,1.17079,1.17148,30
2025-08-13T05:00:00.000Z,1.17148,1.17217,1.17063,1.17132,30
2025-08-13T06:00:00.000Z,1.17132,1.17201,1.17048,1.17117,30
2025-08-13T07:00:00.000Z,1.17117,1.17213,1.17048,1.17144,30
2025-08-13T08:00:00.000Z,1.17144,1.17281,1.17107,1.17244,70
2025-08-13T09:00:00.000Z,1.17244,1.17359,1.17207,1.17322,70
2025-08-13T10:00:00.000Z,1.17322,1.17436,1.17285,1.17399,70
2025-08-13T11:00:00.000Z,1.17399,1.1749,1.17362,1.17453,70
2025-08-13T12:00:00.000Z,1.17453,1.17561,1.17428,1.17536,80
2025-08-13T13:00:00.000Z,1.17536,1.17628,1.17511,1.17603,80
2025-08-13T14:00:00.000Z,1.17603,1.17696,1.17578,1.17671,80
2025-08-13T15:00:00.000Z,1.17671,1.17748,1.17646,1.17723,80
2025-08-13T16:00:00.000Z,1.17723,1.17735,1.17684,1.17696,30
2025-08-13T17:00:00.000Z,1.17696,1.17708,1.17665,1.17677,30
2025-08-13T18:00:00.000Z,1.17677,1.17689,1.17646,1.17658,30
2025-08-13T19:00:00.000Z,1.17658,1.1767,1.17634,1.17646,30
2025-08-13T20:00:00.000Z,1.17646,1.17694,1.17439,1.17487,15
2025-08-13T21:00:00.000Z,1.17487,1.17535,1.1731,1.17358,15
2025-08-13T22:00:00.000Z,1.17358,1.17406,1.1718,1.17228,15
2025-08-13T23:00:00.000Z,1.17228,1.17276,1.17081,1.17129,15
2025-08-14T00:00:00.000Z,1.16513,1.16548,1.16502,1.16537,25
2025-08-14T01:00:00.000Z,1.16537,1.16565,1.16526,1.16554,25
2025-08-14T02:00:00.000Z,1.16554,1.16582,1.16543,1.16571,25
2025-08-14T03:00:00.000Z,1.16571,1.16592,1.1656,1.16581,25
2025-08-14T04:00:00.000Z,1.16581,1.16592,1.1655,1.16561,30
2025-08-14T05:00:00.000Z,1.16561,1.16572,1.16536,1.16547,30
2025-08-14T06:00:00.000Z,1.16547,1.16558,1.16523,1.16534,30
2025-08-14T07:00:00.000Z,1.16534,1.16545,1.16516,1.16527,30
2025-08-14T08:00:00.000Z,1.16527,1.16647,1.16495,1.16615,70
2025-08-14T09:00:00.000Z,1.16615,1.16714,1.16583,1.16682,70
2025-08-14T10:00:00.000Z,1.16682,1.16782,1.1665,1.1675,70
2025-08-14T11:00:00.000Z,1.1675,1.16829,1.16718,1.16797,70
2025-08-14T12:00:00.000Z,1.16797,1.16906,1.16766,1.16875,80
2025-08-14T13:00:00.000Z,1.16875,1.16965,1.16844,1.16934,80
2025-08-14T14:00:00.000Z,1.16934,1.17024,1.16903,1.16993,80
2025-08-14T15:00:00.000Z,1.16993,1.17064,1.16962,1.17033,80
2025-08-14T16:00:00.000Z,1.17033,1.17044,1.16998,1.17009,30
2025-08-14T17:00:00.000Z,1.17009,1.1702,1.16981,1.16992,30
2025-08-14T18:00:00.000Z,1.16992,1.17003,1.16964,1.16975,30
2025-08-14T19:00:00.000Z,1.16975,1.16986,1.16954,1.16965,30
2025-08-14T20:00:00.000Z,1.16965,1.17007,1.16784,1.16826,15
2025-08-14T21:00:00.000Z,1.16826,1.16868,1.16671,1.16713,15
2025-08-14T22:00:00.000Z,1.16713,1.16755,1.16558,1.166,15
2025-08-14T23:00:00.000Z,1.166,1.16642,1.16471,1.16513,15
2025-08-17T00:00:00.000Z,1.17066,1.17091,1.17058,1.17083,25
2025-08-17T01:00:00.000Z,1.17083,1.17103,1.17075,1.17095,25
2025-08-17T02:00:00.000Z,1.17095,1.17116,1.17087,1.17108,25
2025-08-17T03:00:00.000Z,1.17108,1.17123,1.171,1.17115,25
2025-08-17T04:00:00.000Z,1.17115,1.17157,1.17037,1.17079,30
2025-08-17T05:00:00.000Z,1.17079,1.17121,1.17027,1.17069,30
2025-08-17T06:00:00.000Z,1.17069,1.17111,1.17018,1.1706,30
2025-08-17T07:00:00.000Z,1.1706,1.17118,1.17018,1.17076,30
2025-08-17T08:00:00.000Z,1.17076,1.17164,1.17052,1.1714,70
2025-08-17T09:00:00.000Z,1.1714,1.17213,1.17116,1.17189,70
2025-08-17T10:00:00.000Z,1.17189,1.17263,1.17165,1.17239,70
2025-08-17T11:00:00.000Z,1.17239,1.17297,1.17215,1.17273,70
2025-08-17T12:00:00.000Z,1.17273,1.17342,1.17257,1.17326,80
2025-08-17T13:00:00.000Z,1.17326,1.17385,1.1731,1.17369,80
2025-08-17T14:00:00.000Z,1.17369,1.17428,1.17353,1.17412,80
2025-08-17T15:00:00.000Z,1.17412,1.17461,1.17396,1.17445,80
2025-08-17T16:00:00.000Z,1.17445,1.17453,1.1742,1.17428,30
2025-08-17T17:00:00.000Z,1.17428,1.17436,1.17408,1.17416,30
2025-08-17T18:00:00.000Z,1.17416,1.17424,1.17395,1.17403,30
2025-08-17T19:00:00.000Z,1.17403,1.17411,1.17388,1.17396,30
2025-08-17T20:00:00.000Z,1.17396,1.17426,1.17264,1.17294,15
2025-08-17T21:00:00.000Z,1.17294,1.17324,1.17182,1.17212,15
2025-08-17T22:00:00.000Z,1.17212,1.17242,1.171,1.1713,15
2025-08-17T23:00:00.000Z,1.1713,1.1716,1.17036,1.17066,15
2025-08-18T00:00:00.000Z,1.16683,1.16709,1.16675,1.16701,25
2025-08-18T01:00:00.000Z,1.16701,1.16723,1.16693,1.16715,25
2025-08-18T02:00:00.000Z,1.16715,1.16736,1.16707,1.16728,25
2025-08-18T03:00:00.000Z,1.16728,1.16744,1.1672,1.16736,25
2025-08-18T04:00:00.000Z,1.16736,1.16764,1.1668,1.16708,30
2025-08-18T05:00:00.000Z,1.16708,1.16736,1.16669,1.16697,30
2025-08-18T06:00:00.000Z,1.16697,1.16725,1.16659,1.16687,30
2025-08-18T07:00:00.000Z,1.16687,1.16722,1.16659,1.16694,30
2025-08-18T08:00:00.000Z,1.16694,1.16787,1.16669,1.16762,70
2025-08-18T09:00:00.000Z,1.16762,1.16839,1.16737,1.16814,70
2025-08-18T10:00:00.000Z,1.16814,1.16892,1.16789,1.16867,70
2025-08-18T11:00:00.000Z,1.16867,1.16928,1.16842,1.16903,70
2025-08-18T12:00:00.000Z,1.16903,1.16977,1.16886,1.1696,80
2025-08-18T13:00:00.000Z,1.1696,1.17023,1.16943,1.17006,80
2025-08-18T14:00:00.000Z,1.17006,1.17068,1.16989,1.17051,80
2025-08-18T15:00:00.000Z,1.17051,1.17104,1.17034,1.17087,80
2025-08-18T16:00:00.000Z,1.17087,1.17095,1.17061,1.17069,30
2025-08-18T17:00:00.000Z,1.17069,1.17077,1.17048,1.17056,30
2025-08-18T18:00:00.000Z,1.17056,1.17064,1.17035,1.17043,30
2025-08-18T19:00:00.000Z,1.17043,1.17051,1.17027,1.17035,30
2025-08-18T20:00:00.000Z,1.17035,1.17067,1.16895,1.16927,15
2025-08-18T21:00:00.000Z,1.16927,1.16959,1.16807,1.16839,15
2025-08-18T22:00:00.000Z,1.16839,1.16871,1.16719,1.16751,15
2025-08-18T23:00:00.000Z,1.16751,1.16783,1.16651,1.16683,15
2025-08-19T00:00:00.000Z,1.16425,1.1645,1.16417,1.16442,25
2025-08-19T01:00:00.000Z,1.16442,1.16462,1.16434,1.16454,25
2025-08-19T02:00:00.000Z,1.16454,1.16475,1.16446,1.16467,25
2025-08-19T03:00:00.000Z,1.16467,1.16482,1.16459,1.16474,25
2025-08-19T04:00:00.000Z,1.16474,1.16495,1.1643,1.16451,30
2025-08-19T05:00:00.000Z,1.16451,1.16472,1.16421,1.16442,30
2025-08-19T06:00:00.000Z,1.16442,1.16463,1.16411,1.16432,30
2025-08-19T07:00:00.000Z,1.16432,1.16456,1.16411,1.16435,30
2025-08-19T08:00:00.000Z,1.16435,1.16521,1.16412,1.16498,70
2025-08-19T09:00:00.000Z,1.16498,1.1657,1.16475,1.16547,70
2025-08-19T10:00:00.000Z,1.16547,1.16619,1.16524,1.16596,70
2025-08-19T11:00:00.000Z,1.16596,1.16653,1.16573,1.1663,70
2025-08-19T12:00:00.000Z,1.1663,1.16698,1.16614,1.16682,80
2025-08-19T13:00:00.000Z,1.16682,1.16741,1.16666,1.16725,80
2025-08-19T14:00:00.000Z,1.16725,1.16783,1.16709,1.16767,80
2025-08-19T15:00:00.000Z,1.16767,1.16816,1.16751,1.168,80
2025-08-19T16:00:00.000Z,1.168,1.16808,1.16775,1.16783,30
2025-08-19T17:00:00.000Z,1.16783,1.16791,1.16763,1.16771,30
2025-08-19T18:00:00.000Z,1.16771,1.16779,1.16751,1.16759,30
2025-08-19T19:00:00.000Z,1.16759,1.16767,1.16744,1.16752,30
2025-08-19T20:00:00.000Z,1.16752,1.16782,1.16621,1.16651,15
2025-08-19T21:00:00.000Z,1.16651,1.16681,1.1654,1.1657,15
2025-08-19T22:00:00.000Z,1.1657,1.166,1.16458,1.16488,15
2025-08-19T23:00:00.000Z,1.16488,1.16518,1.16395,1.16425,15
2025-08-20T00:00:00.000Z,1.16518,1.16548,1.16509,1.16539,25
2025-08-20T01:00:00.000Z,1.16539,1.16562,1.1653,1.16553,25
2025-08-20T02:00:00.000Z,1.16553,1.16577,1.16544,1.16568,25
2025-08-20T03:00:00.000Z,1.16568,1.16586,1.16559,1.16577,25
2025-08-20T04:00:00.000Z,1.16577,1.16623,1.1649,1.16536,30
2025-08-20T05:00:00.000Z,1.16536,1.16582,1.16478,1.16524,30
2025-08-20T06:00:00.000Z,1.16524,1.1657,1.16466,1.16512,30
2025-08-20T07:00:00.000Z,1.16512,1.16575,1.16466,1.16529,30
2025-08-20T08:00:00.000Z,1.16529,1.16634,1.16501,1.16606,70
2025-08-20T09:00:00.000Z,1.16606,1.16693,1.16578,1.16665,70
2025-08-20T10:00:00.000Z,1.16665,1.16753,1.16637,1.16725,70
2025-08-20T11:00:00.000Z,1.16725,1.16794,1.16697,1.16766,70
2025-08-20T12:00:00.000Z,1.16766,1.16849,1.16747,1.1683,80
2025-08-20T13:00:00.000Z,1.1683,1.16901,1.16811,1.16882,80
2025-08-20T14:00:00.000Z,1.16882,1.16953,1.16863,1.16934,80
2025-08-20T15:00:00.000Z,1.16934,1.16993,1.16915,1.16974,80
2025-08-20T16:00:00.000Z,1.16974,1.16983,1.16944,1.16953,30
2025-08-20T17:00:00.000Z,1.16953,1.16962,1.1693,1.16939,30
2025-08-20T18:00:00.000Z,1.16939,1.16948,1.16915,1.16924,30
2025-08-20T19:00:00.000Z,1.16924,1.16933,1.16906,1.16915,30
2025-08-20T20:00:00.000Z,1.16915,1.16951,1.16757,1.16793,15
2025-08-20T21:00:00.000Z,1.16793,1.16829,1.16658,1.16694,15
2025-08-20T22:00:00.000Z,1.16694,1.1673,1.16558,1.16594,15
2025-08-20T23:00:00.000Z,1.16594,1.1663,1.16482,1.16518,15
2025-08-21T00:00:00.000Z,1.16131,1.16206,1.16107,1.16182,25
2025-08-21T01:00:00.000Z,1.16182,1.16243,1.16158,1.16219,25
2025-08-21T02:00:00.000Z,1.16219,1.16279,1.16195,1.16255,25
2025-08-21T03:00:00.000Z,1.16255,1.16301,1.16231,1.16277,25
2025-08-21T04:00:00.000Z,1.16277,1.16318,1.16181,1.16222,30
2025-08-21T05:00:00.000Z,1.16222,1.16263,1.16152,1.16193,30
2025-08-21T06:00:00.000Z,1.16193,1.16234,1.16122,1.16163,30
2025-08-21T07:00:00.000Z,1.16163,1.16204,1.16119,1.1616,30
2025-08-21T08:00:00.000Z,1.1616,1.16421,1.1609,1.16351,70
2025-08-21T09:00:00.000Z,1.16351,1.16568,1.16281,1.16498,70
2025-08-21T10:00:00.000Z,1.16498,1.16714,1.16428,1.16644,70
2025-08-21T11:00:00.000Z,1.16644,1.16817,1.16574,1.16747,70
2025-08-21T12:00:00.000Z,1.16747,1.16957,1.16697,1.16907,80
2025-08-21T13:00:00.000Z,1.16907,1.17085,1.16857,1.17035,80
2025-08-21T14:00:00.000Z,1.17035,1.17214,1.16985,1.17164,80
2025-08-21T15:00:00.000Z,1.17164,1.17311,1.17114,1.17261,80
2025-08-21T16:00:00.000Z,1.17261,1.17285,1.17186,1.1721,30
2025-08-21T17:00:00.000Z,1.1721,1.17234,1.17149,1.17173,30
2025-08-21T18:00:00.000Z,1.17173,1.17197,1.17112,1.17136,30
2025-08-21T19:00:00.000Z,1.17136,1.1716,1.1709,1.17114,30
2025-08-21T20:00:00.000Z,1.17114,1.17204,1.16722,1.16812,15
2025-08-21T21:00:00.000Z,1.16812,1.16902,1.16476,1.16566,15
2025-08-21T22:00:00.000Z,1.16566,1.16656,1.1623,1.1632,15
2025-08-21T23:00:00.000Z,1.1632,1.1641,1.16041,1.16131,15
2025-08-24T00:00:00.000Z,1.17096,1.17122,1.17088,1.17114,25
2025-08-24T01:00:00.000Z,1.17114,1.17136,1.17106,1.17128,25
2025-08-24T02:00:00.000Z,1.17128,1.17149,1.1712,1.17141,25
2025-08-24T03:00:00.000Z,1.17141,1.17157,1.17133,1.17149,25
2025-08-24T04:00:00.000Z,1.17149,1.17189,1.17073,1.17113,30
2025-08-24T05:00:00.000Z,1.17113,1.17153,1.17063,1.17103,30
2025-08-24T06:00:00.000Z,1.17103,1.17143,1.17052,1.17092,30
2025-08-24T07:00:00.000Z,1.17092,1.17147,1.17052,1.17107,30
2025-08-24T08:00:00.000Z,1.17107,1.172,1.17082,1.17175,70
2025-08-24T09:00:00.000Z,1.17175,1.17253,1.1715,1.17228,70
2025-08-24T10:00:00.000Z,1.17228,1.17305,1.17203,1.1728,70
2025-08-24T11:00:00.000Z,1.1728,1.17342,1.17255,1.17317,70
2025-08-24T12:00:00.000Z,1.17317,1.1739,1.173,1.17373,80
2025-08-24T13:00:00.000Z,1.17373,1.17436,1.17356,1.17419,80
2025-08-24T14:00:00.000Z,1.17419,1.17482,1.17402,1.17465,80
2025-08-24T15:00:00.000Z,1.17465,1.17517,1.17448,1.175,80
2025-08-24T16:00:00.000Z,1.175,1.17508,1.17474,1.17482,30
2025-08-24T17:00:00.000Z,1.17482,1.1749,1.17461,1.17469,30
2025-08-24T18:00:00.000Z,1.17469,1.17477,1.17448,1.17456,30
2025-08-24T19:00:00.000Z,1.17456,1.17464,1.1744,1.17448,30
2025-08-24T20:00:00.000Z,1.17448,1.1748,1.17308,1.1734,15
2025-08-24T21:00:00.000Z,1.1734,1.17372,1.1722,1.17252,15
2025-08-24T22:00:00.000Z,1.17252,1.17284,1.17132,1.17164,15
2025-08-24T23:00:00.000Z,1.17164,1.17196,1.17064,1.17096,15
2025-08-25T00:00:00.000Z,1.16184,1.16216,1.16174,1.16206,25
2025-08-25T01:00:00.000Z,1.16206,1.16231,1.16196,1.16221,25
2025-08-25T02:00:00.000Z,1.16221,1.16247,1.16211,1.16237,25
2025-08-25T03:00:00.000Z,1.16237,1.16256,1.16227,1.16246,25
2025-08-25T04:00:00.000Z,1.16246,1.16266,1.16201,1.16221,30
2025-08-25T05:00:00.000Z,1.16221,1.16241,1.16189,1.16209,30
2025-08-25T06:00:00.000Z,1.16209,1.16229,1.16177,1.16197,30
2025-08-25T07:00:00.000Z,1.16197,1.16217,1.16177,1.16197,30
2025-08-25T08:00:00.000Z,1.16197,1.16308,1.16167,1.16278,70
2025-08-25T09:00:00.000Z,1.16278,1.1637,1.16248,1.1634,70
2025-08-25T10:00:00.000Z,1.1634,1.16432,1.1631,1.16402,70
2025-08-25T11:00:00.000Z,1.16402,1.16475,1.16372,1.16445,70
2025-08-25T12:00:00.000Z,1.16445,1.16532,1.16425,1.16512,80
2025-08-25T13:00:00.000Z,1.16512,1.16586,1.16492,1.16566,80
2025-08-25T14:00:00.000Z,1.16566,1.1664,1.16546,1.1662,80
2025-08-25T15:00:00.000Z,1.1662,1.16682,1.166,1.16662,80
2025-08-25T16:00:00.000Z,1.16662,1.16672,1.1663,1.1664,30
2025-08-25T17:00:00.000Z,1.1664,1.1665,1.16615,1.16625,30
2025-08-25T18:00:00.000Z,1.16625,1.16635,1.16599,1.16609,30
2025-08-25T19:00:00.000Z,1.16609,1.16619,1.1659,1.166,30
2025-08-25T20:00:00.000Z,1.166,1.16638,1.16434,1.16472,15
2025-08-25T21:00:00.000Z,1.16472,1.1651,1.1633,1.16368,15
2025-08-25T22:00:00.000Z,1.16368,1.16406,1.16226,1.16264,15
2025-08-25T23:00:00.000Z,1.16264,1.16302,1.16146,1.16184,15
2025-08-26T00:00:00.000Z,1.16394,1.16429,1.16383,1.16418,25
2025-08-26T01:00:00.000Z,1.16418,1.16446,1.16407,1.16435,25
2025-08-26T02:00:00.000Z,1.16435,1.16463,1.16424,1.16452,25
2025-08-26T03:00:00.000Z,1.16452,1.16473,1.16441,1.16462,25
2025-08-26T04:00:00.000Z,1.16462,1.16522,1.16351,1.16411,30
2025-08-26T05:00:00.000Z,1.16411,1.16471,1.16338,1.16398,30
2025-08-26T06:00:00.000Z,1.16398,1.16458,1.16324,1.16384,30
2025-08-26T07:00:00.000Z,1.16384,1.16468,1.16324,1.16408,30
2025-08-26T08:00:00.000Z,1.16408,1.16529,1.16375,1.16496,70
2025-08-26T09:00:00.000Z,1.16496,1.16597,1.16463,1.16564,70
2025-08-26T10:00:00.000Z,1.16564,1.16665,1.16531,1.16632,70
2025-08-26T11:00:00.000Z,1.16632,1.16713,1.16599,1.1668,70
2025-08-26T12:00:00.000Z,1.1668,1.16775,1.16658,1.16753,80
2025-08-26T13:00:00.000Z,1.16753,1.16835,1.16731,1.16813,80
2025-08-26T14:00:00.000Z,1.16813,1.16894,1.16791,1.16872,80
2025-08-26T15:00:00.000Z,1.16872,1.1694,1.1685,1.16918,80
2025-08-26T16:00:00.000Z,1.16918,1.16929,1.16883,1.16894,30
2025-08-26T17:00:00.000Z,1.16894,1.16905,1.16866,1.16877,30
2025-08-26T18:00:00.000Z,1.16877,1.16888,1.16849,1.1686,30
2025-08-26T19:00:00.000Z,1.1686,1.16871,1.16839,1.1685,30
2025-08-26T20:00:00.000Z,1.1685,1.16892,1.16668,1.1671,15
2025-08-26T21:00:00.000Z,1.1671,1.16752,1.16554,1.16596,15
2025-08-26T22:00:00.000Z,1.16596,1.16638,1.1644,1.16482,15
2025-08-26T23:00:00.000Z,1.16482,1.16524,1.16352,1.16394,15
2025-08-27T00:00:00.000Z,1.1648,1.16509,1.16471,1.165,25
2025-08-27T01:00:00.000Z,1.165,1.16524,1.16491,1.16515,25
2025-08-27T02:00:00.000Z,1.16515,1.16538,1.16506,1.16529,25
2025-08-27T03:00:00.000Z,1.16529,1.16547,1.1652,1.16538,25
2025-08-27T04:00:00.000Z,1.16538,1.1656,1.16491,1.16513,30
2025-08-27T05:00:00.000Z,1.16513,1.16535,1.16479,1.16501,30
2025-08-27T06:00:00.000Z,1.16501,1.16523,1.16467,1.16489,30
2025-08-27T07:00:00.000Z,1.16489,1.16513,1.16467,1.16491,30
2025-08-27T08:00:00.000Z,1.16491,1.16595,1.16463,1.16567,70
2025-08-27T09:00:00.000Z,1.16567,1.16653,1.16539,1.16625,70
2025-08-27T10:00:00.000Z,1.16625,1.16711,1.16597,1.16683,70
2025-08-27T11:00:00.000Z,1.16683,1.16752,1.16655,1.16724,70
2025-08-27T12:00:00.000Z,1.16724,1.16805,1.16705,1.16786,80
2025-08-27T13:00:00.000Z,1.16786,1.16856,1.16767,1.16837,80
2025-08-27T14:00:00.000Z,1.16837,1.16907,1.16818,1.16888,80
2025-08-27T15:00:00.000Z,1.16888,1.16946,1.16869,1.16927,80
2025-08-27T16:00:00.000Z,1.16927,1.16936,1.16898,1.16907,30
2025-08-27T17:00:00.000Z,1.16907,1.16916,1.16883,1.16892,30
2025-08-27T18:00:00.000Z,1.16892,1.16901,1.16869,1.16878,30
2025-08-27T19:00:00.000Z,1.16878,1.16887,1.1686,1.16869,30
2025-08-27T20:00:00.000Z,1.16869,1.16905,1.16713,1.16749,15
2025-08-27T21:00:00.000Z,1.16749,1.16785,1.16616,1.16652,15
2025-08-27T22:00:00.000Z,1.16652,1.16688,1.16519,1.16555,15
2025-08-27T23:00:00.000Z,1.16555,1.16591,1.16444,1.1648,15
2025-08-28T00:00:00.000Z,1.16816,1.16843,1.16808,1.16835,25
2025-08-28T01:00:00.000Z,1.16835,1.16856,1.16827,1.16848,25
2025-08-28T02:00:00.000Z,1.16848,1.16869,1.1684,1.16861,25
2025-08-28T03:00:00.000Z,1.16861,1.16877,1.16853,1.16869,25
2025-08-28T04:00:00.000Z,1.16869,1.16897,1.16813,1.16841,30
2025-08-28T05:00:00.000Z,1.16841,1.16869,1.16802,1.1683,30
2025-08-28T06:00:00.000Z,1.1683,1.16858,1.16791,1.16819,30
2025-08-28T07:00:00.000Z,1.16819,1.16854,1.16791,1.16826,30
2025-08-28T08:00:00.000Z,1.16826,1.16921,1.168,1.16895,70
2025-08-28T09:00:00.000Z,1.16895,1.16974,1.16869,1.16948,70
2025-08-28T10:00:00.000Z,1.16948,1.17028,1.16922,1.17002,70
2025-08-28T11:00:00.000Z,1.17002,1.17065,1.16976,1.17039,70
2025-08-28T12:00:00.000Z,1.17039,1.17113,1.17022,1.17096,80
2025-08-28T13:00:00.000Z,1.17096,1.17159,1.17079,1.17142,80
2025-08-28T14:00:00.000Z,1.17142,1.17205,1.17125,1.17188,80
2025-08-28T15:00:00.000Z,1.17188,1.17241,1.17171,1.17224,80
2025-08-28T16:00:00.000Z,1.17224,1.17232,1.17197,1.17205,30
2025-08-28T17:00:00.000Z,1.17205,1.17213,1.17184,1.17192,30
2025-08-28T18:00:00.000Z,1.17192,1.172,1.17171,1.17179,30
2025-08-28T19:00:00.000Z,1.17179,1.17187,1.17163,1.17171,30
2025-08-28T20:00:00.000Z,1.17171,1.17204,1.17029,1.17062,15
2025-08-28T21:00:00.000Z,1.17062,1.17095,1.1694,1.16973,15
2025-08-28T22:00:00.000Z,1.16973,1.17006,1.16851,1.16884,15
2025-08-28T23:00:00.000Z,1.16884,1.16917,1.16783,1.16816,15
2025-08-31T00:00:00.000Z,1.16918,1.16943,1.1691,1.16935,25
2025-08-31T01:00:00.000Z,1.16935,1.16954,1.16927,1.16946,25
2025-08-31T02:00:00.000Z,1.16946,1.16966,1.16938,1.16958,25
2025-08-31T03:00:00.000Z,1.16958,1.16973,1.1695,1.16965,25
2025-08-31T04:00:00.000Z,1.16965,1.16973,1.16942,1.1695,30
2025-08-31T05:00:00.000Z,1.1695,1.16958,1.16933,1.16941,30
2025-08-31T06:00:00.000Z,1.16941,1.16949,1.16923,1.16931,30
2025-08-31T07:00:00.000Z,1.16931,1.16939,1.16919,1.16927,30
2025-08-31T08:00:00.000Z,1.16927,1.17011,1.16904,1.16988,70
2025-08-31T09:00:00.000Z,1.16988,1.17059,1.16965,1.17036,70
2025-08-31T10:00:00.000Z,1.17036,1.17106,1.17013,1.17083,70
2025-08-31T11:00:00.000Z,1.17083,1.17139,1.1706,1.17116,70
2025-08-31T12:00:00.000Z,1.17116,1.17191,1.17095,1.1717,80
2025-08-31T13:00:00.000Z,1.1717,1.17233,1.17149,1.17212,80
2025-08-31T14:00:00.000Z,1.17212,1.17274,1.17191,1.17253,80
2025-08-31T15:00:00.000Z,1.17253,1.17302,1.17232,1.17281,80
2025-08-31T16:00:00.000Z,1.17281,1.17289,1.17257,1.17265,30
2025-08-31T17:00:00.000Z,1.17265,1.17273,1.17245,1.17253,30
2025-08-31T18:00:00.000Z,1.17253,1.17261,1.17233,1.17241,30
2025-08-31T19:00:00.000Z,1.17241,1.17249,1.17226,1.17234,30
2025-08-31T20:00:00.000Z,1.17234,1.17263,1.17108,1.17137,15
2025-08-31T21:00:00.000Z,1.17137,1.17166,1.17029,1.17058,15
2025-08-31T22:00:00.000Z,1.17058,1.17087,1.1695,1.16979,15
2025-08-31T23:00:00.000Z,1.16979,1.17008,1.16889,1.16918,15
2025-09-01T00:00:00.000Z,1.17159,1.17211,1.17143,1.17195,25
2025-09-01T01:00:00.000Z,1.17195,1.17237,1.17179,1.17221,25
2025-09-01T02:00:00.000Z,1.17221,1.17262,1.17205,1.17246,25
2025-09-01T03:00:00.000Z,1.17246,1.17278,1.1723,1.17262,25
2025-09-01T04:00:00.000Z,1.17262,1.17356,1.17089,1.17183,30
2025-09-01T05:00:00.000Z,1.17183,1.17277,1.17068,1.17162,30
2025-09-01T06:00:00.000Z,1.17162,1.17256,1.17048,1.17142,30
2025-09-01T07:00:00.000Z,1.17142,1.17274,1.17048,1.1718,30
2025-09-01T08:00:00.000Z,1.1718,1.17362,1.17131,1.17313,70
2025-09-01T09:00:00.000Z,1.17313,1.17465,1.17264,1.17416,70
2025-09-01T10:00:00.000Z,1.17416,1.17567,1.17367,1.17518,70
2025-09-01T11:00:00.000Z,1.17518,1.17639,1.17469,1.1759,70
2025-09-01T12:00:00.000Z,1.1759,1.17733,1.17557,1.177,80
2025-09-01T13:00:00.000Z,1.177,1.17823,1.17667,1.1779,80
2025-09-01T14:00:00.000Z,1.1779,1.17913,1.17757,1.1788,80
2025-09-01T15:00:00.000Z,1.1788,1.17982,1.17847,1.17949,80
2025-09-01T16:00:00.000Z,1.17949,1.17965,1.17897,1.17913,30
2025-09-01T17:00:00.000Z,1.17913,1.17929,1.17871,1.17887,30
2025-09-01T18:00:00.000Z,1.17887,1.17903,1.17846,1.17862,30
2025-09-01T19:00:00.000Z,1.17862,1.17878,1.1783,1.17846,30
2025-09-01T20:00:00.000Z,1.17846,1.17909,1.17572,1.17635,15
2025-09-01T21:00:00.000Z,1.17635,1.17698,1.174,1.17463,15
2025-09-01T22:00:00.000Z,1.17463,1.17526,1.17228,1.17291,15
2025-09-01T23:00:00.000Z,1.17291,1.17354,1.17096,1.17159,15
2025-09-02T00:00:00.000Z,1.1636,1.16397,1.16348,1.16385,25
2025-09-02T01:00:00.000Z,1.16385,1.16416,1.16373,1.16404,25
2025-09-02T02:00:00.000Z,1.16404,1.16434,1.16392,1.16422,25
2025-09-02T03:00:00.000Z,1.16422,1.16445,1.1641,1.16433,25
2025-09-02T04:00:00.000Z,1.16433,1.16463,1.1637,1.164,30
2025-09-02T05:00:00.000Z,1.164,1.1643,1.16355,1.16385,30
2025-09-02T06:00:00.000Z,1.16385,1.16415,1.16341,1.16371,30
2025-09-02T07:00:00.000Z,1.16371,1.16405,1.16341,1.16375,30
2025-09-02T08:00:00.000Z,1.16375,1.16504,1.1634,1.16469,70
2025-09-02T09:00:00.000Z,1.16469,1.16576,1.16434,1.16541,70
2025-09-02T10:00:00.000Z,1.16541,1.16648,1.16506,1.16613,70
2025-09-02T11:00:00.000Z,1.16613,1.16699,1.16578,1.16664,70
2025-09-02T12:00:00.000Z,1.16664,1.16765,1.16641,1.16742,80
2025-09-02T13:00:00.000Z,1.16742,1.16829,1.16719,1.16806,80
2025-09-02T14:00:00.000Z,1.16806,1.16892,1.16783,1.16869,80
2025-09-02T15:00:00.000Z,1.16869,1.16941,1.16846,1.16918,80
2025-09-02T16:00:00.000Z,1.16918,1.1693,1.16881,1.16893,30
2025-09-02T17:00:00.000Z,1.16893,1.16905,1.16863,1.16875,30
2025-09-02T18:00:00.000Z,1.16875,1.16887,1.16845,1.16857,30
2025-09-02T19:00:00.000Z,1.16857,1.16869,1.16834,1.16846,30
2025-09-02T20:00:00.000Z,1.16846,1.16891,1.16652,1.16697,15
2025-09-02T21:00:00.000Z,1.16697,1.16742,1.1653,1.16575,15
2025-09-02T22:00:00.000Z,1.16575,1.1662,1.16409,1.16454,15
2025-09-02T23:00:00.000Z,1.16454,1.16499,1.16315,1.1636,15
2025-09-03T00:00:00.000Z,1.16604,1.16623,1.16598,1.16617,25
2025-09-03T01:00:00.000Z,1.16617,1.16632,1.16611,1.16626,25
2025-09-03T02:00:00.000Z,1.16626,1.16641,1.1662,1.16635,25
2025-09-03T03:00:00.000Z,1.16635,1.16646,1.16629,1.1664,25
2025-09-03T04:00:00.000Z,1.1664,1.16667,1.16589,1.16616,30
2025-09-03T05:00:00.000Z,1.16616,1.16643,1.16582,1.16609,30
2025-09-03T06:00:00.000Z,1.16609,1.16636,1.16575,1.16602,30
2025-09-03T07:00:00.000Z,1.16602,1.16639,1.16575,1.16612,30
2025-09-03T08:00:00.000Z,1.16612,1.16675,1.16595,1.16658,70
2025-09-03T09:00:00.000Z,1.16658,1.16711,1.16641,1.16694,70
2025-09-03T10:00:00.000Z,1.16694,1.16746,1.16677,1.16729,70
2025-09-03T11:00:00.000Z,1.16729,1.16771,1.16712,1.16754,70
2025-09-03T12:00:00.000Z,1.16754,1.16803,1.16743,1.16792,80
2025-09-03T13:00:00.000Z,1.16792,1.16835,1.16781,1.16824,80
2025-09-03T14:00:00.000Z,1.16824,1.16866,1.16813,1.16855,80
2025-09-03T15:00:00.000Z,1.16855,1.1689,1.16844,1.16879,80
2025-09-03T16:00:00.000Z,1.16879,1.16885,1.16861,1.16867,30
2025-09-03T17:00:00.000Z,1.16867,1.16873,1.16852,1.16858,30
2025-09-03T18:00:00.000Z,1.16858,1.16864,1.16843,1.16849,30
2025-09-03T19:00:00.000Z,1.16849,1.16855,1.16838,1.16844,30
2025-09-03T20:00:00.000Z,1.16844,1.16866,1.16748,1.1677,15
2025-09-03T21:00:00.000Z,1.1677,1.16792,1.16688,1.1671,15
2025-09-03T22:00:00.000Z,1.1671,1.16732,1.16628,1.1665,15
2025-09-03T23:00:00.000Z,1.1665,1.16672,1.16582,1.16604,15
2025-09-04T00:00:00.000Z,1.16569,1.16623,1.16552,1.16606,25
2025-09-04T01:00:00.000Z,1.16606,1.1665,1.16589,1.16633,25
2025-09-04T02:00:00.000Z,1.16633,1.16676,1.16616,1.16659,25
2025-09-04T03:00:00.000Z,1.16659,1.16692,1.16642,1.16675,25
2025-09-04T04:00:00.000Z,1.16675,1.16691,1.16628,1.16644,30
2025-09-04T05:00:00.000Z,1.16644,1.1666,1.16607,1.16623,30
2025-09-04T06:00:00.000Z,1.16623,1.16639,1.16585,1.16601,30
2025-09-04T07:00:00.000Z,1.16601,1.16617,1.16574,1.1659,30
2025-09-04T08:00:00.000Z,1.1659,1.16779,1.16539,1.16728,70
2025-09-04T09:00:00.000Z,1.16728,1.16885,1.16677,1.16834,70
2025-09-04T10:00:00.000Z,1.16834,1.16991,1.16783,1.1694,70
2025-09-04T11:00:00.000Z,1.1694,1.17065,1.16889,1.17014,70
2025-09-04T12:00:00.000Z,1.17014,1.17188,1.16964,1.17138,80
2025-09-04T13:00:00.000Z,1.17138,1.17281,1.17088,1.17231,80
2025-09-04T14:00:00.000Z,1.17231,1.17374,1.17181,1.17324,80
2025-09-04T15:00:00.000Z,1.17324,1.17435,1.17274,1.17385,80
2025-09-04T16:00:00.000Z,1.17385,1.17402,1.17331,1.17348,30
2025-09-04T17:00:00.000Z,1.17348,1.17365,1.17304,1.17321,30
2025-09-04T18:00:00.000Z,1.17321,1.17338,1.17278,1.17295,30
2025-09-04T19:00:00.000Z,1.17295,1.17312,1.17262,1.17279,30
2025-09-04T20:00:00.000Z,1.17279,1.17344,1.16996,1.17061,15
2025-09-04T21:00:00.000Z,1.17061,1.17126,1.16818,1.16883,15
2025-09-04T22:00:00.000Z,1.16883,1.16948,1.16641,1.16706,15
2025-09-04T23:00:00.000Z,1.16706,1.16771,1.16504,1.16569,15
2025-09-07T00:00:00.000Z,1.17132,1.17157,1.17124,1.17149,25
2025-09-07T01:00:00.000Z,1.17149,1.1717,1.17141,1.17162,25
2025-09-07T02:00:00.000Z,1.17162,1.17183,1.17154,1.17175,25
2025-09-07T03:00:00.000Z,1.17175,1.1719,1.17167,1.17182,25
2025-09-07T04:00:00.000Z,1.17182,1.17194,1.17153,1.17165,30
2025-09-07T05:00:00.000Z,1.17165,1.17177,1.17143,1.17155,30
2025-09-07T06:00:00.000Z,1.17155,1.17167,1.17133,1.17145,30
2025-09-07T07:00:00.000Z,1.17145,1.17157,1.1713,1.17142,30
2025-09-07T08:00:00.000Z,1.17142,1.17231,1.17118,1.17207,70
2025-09-07T09:00:00.000Z,1.17207,1.17281,1.17183,1.17257,70
2025-09-07T10:00:00.000Z,1.17257,1.17331,1.17233,1.17307,70
2025-09-07T11:00:00.000Z,1.17307,1.17366,1.17283,1.17342,70
2025-09-07T12:00:00.000Z,1.17342,1.17417,1.17323,1.17398,80
2025-09-07T13:00:00.000Z,1.17398,1.17461,1.17379,1.17442,80
2025-09-07T14:00:00.000Z,1.17442,1.17504,1.17423,1.17485,80
2025-09-07T15:00:00.000Z,1.17485,1.17536,1.17466,1.17517,80
2025-09-07T16:00:00.000Z,1.17517,1.17525,1.17492,1.175,30
2025-09-07T17:00:00.000Z,1.175,1.17508,1.17479,1.17487,30
2025-09-07T18:00:00.000Z,1.17487,1.17495,1.17467,1.17475,30
2025-09-07T19:00:00.000Z,1.17475,1.17483,1.17459,1.17467,30
2025-09-07T20:00:00.000Z,1.17467,1.17498,1.17333,1.17364,15
2025-09-07T21:00:00.000Z,1.17364,1.17395,1.17249,1.1728,15
2025-09-07T22:00:00.000Z,1.1728,1.17311,1.17165,1.17196,15
2025-09-07T23:00:00.000Z,1.17196,1.17227,1.17101,1.17132,15
2025-09-08T00:00:00.000Z,1.17691,1.17723,1.17681,1.17713,25
2025-09-08T01:00:00.000Z,1.17713,1.17738,1.17703,1.17728,25
2025-09-08T02:00:00.000Z,1.17728,1.17754,1.17718,1.17744,25
2025-09-08T03:00:00.000Z,1.17744,1.17763,1.17734,1.17753,25
2025-09-08T04:00:00.000Z,1.17753,1.17801,1.17663,1.17711,30
2025-09-08T05:00:00.000Z,1.17711,1.17759,1.17651,1.17699,30
2025-09-08T06:00:00.000Z,1.17699,1.17747,1.17638,1.17686,30
2025-09-08T07:00:00.000Z,1.17686,1.17752,1.17638,1.17704,30
2025-09-08T08:00:00.000Z,1.17704,1.17814,1.17674,1.17784,70
2025-09-08T09:00:00.000Z,1.17784,1.17876,1.17754,1.17846,70
2025-09-08T10:00:00.000Z,1.17846,1.17938,1.17816,1.17908,70
2025-09-08T11:00:00.000Z,1.17908,1.17981,1.17878,1.17951,70
2025-09-08T12:00:00.000Z,1.17951,1.18037,1.17931,1.18017,80
2025-09-08T13:00:00.000Z,1.18017,1.18091,1.17997,1.18071,80
2025-09-08T14:00:00.000Z,1.18071,1.18145,1.18051,1.18125,80
2025-09-08T15:00:00.000Z,1.18125,1.18187,1.18105,1.18167,80
2025-09-08T16:00:00.000Z,1.18167,1.18177,1.18135,1.18145,30
2025-09-08T17:00:00.000Z,1.18145,1.18155,1.1812,1.1813,30
2025-09-08T18:00:00.000Z,1.1813,1.1814,1.18104,1.18114,30
2025-09-08T19:00:00.000Z,1.18114,1.18124,1.18095,1.18105,30
2025-09-08T20:00:00.000Z,1.18105,1.18143,1.1794,1.17978,15
2025-09-08T21:00:00.000Z,1.17978,1.18016,1.17836,1.17874,15
2025-09-08T22:00:00.000Z,1.17874,1.17912,1.17733,1.17771,15
2025-09-08T23:00:00.000Z,1.17771,1.17809,1.17653,1.17691,15
2025-09-09T00:00:00.000Z,1.17027,1.17049,1.1702,1.17042,25
2025-09-09T01:00:00.000Z,1.17042,1.17059,1.17035,1.17052,25
2025-09-09T02:00:00.000Z,1.17052,1.1707,1.17045,1.17063,25
2025-09-09T03:00:00.000Z,1.17063,1.17076,1.17056,1.17069,25
2025-09-09T04:00:00.000Z,1.17069,1.17085,1.17035,1.17051,30
2025-09-09T05:00:00.000Z,1.17051,1.17067,1.17026,1.17042,30
2025-09-09T06:00:00.000Z,1.17042,1.17058,1.17018,1.17034,30
2025-09-09T07:00:00.000Z,1.17034,1.17052,1.17018,1.17036,30
2025-09-09T08:00:00.000Z,1.17036,1.1711,1.17016,1.1709,70
2025-09-09T09:00:00.000Z,1.1709,1.17152,1.1707,1.17132,70
2025-09-09T10:00:00.000Z,1.17132,1.17193,1.17112,1.17173,70
2025-09-09T11:00:00.000Z,1.17173,1.17222,1.17153,1.17202,70
2025-09-09T12:00:00.000Z,1.17202,1.1726,1.17189,1.17247,80
2025-09-09T13:00:00.000Z,1.17247,1.17296,1.17234,1.17283,80
2025-09-09T14:00:00.000Z,1.17283,1.17332,1.1727,1.17319,80
2025-09-09T15:00:00.000Z,1.17319,1.1736,1.17306,1.17347,80
2025-09-09T16:00:00.000Z,1.17347,1.17354,1.17326,1.17333,30
2025-09-09T17:00:00.000Z,1.17333,1.1734,1.17315,1.17322,30
2025-09-09T18:00:00.000Z,1.17322,1.17329,1.17305,1.17312,30
2025-09-09T19:00:00.000Z,1.17312,1.17319,1.17299,1.17306,30
2025-09-09T20:00:00.000Z,1.17306,1.17332,1.17194,1.1722,15
2025-09-09T21:00:00.000Z,1.1722,1.17246,1.17125,1.17151,15
2025-09-09T22:00:00.000Z,1.17151,1.17177,1.17055,1.17081,15
2025-09-09T23:00:00.000Z,1.17081,1.17107,1.17001,1.17027,15
2025-09-10T00:00:00.000Z,1.17034,1.17073,1.17022,1.17061,25
2025-09-10T01:00:00.000Z,1.17061,1.17092,1.17049,1.1708,25
2025-09-10T02:00:00.000Z,1.1708,1.17111,1.17068,1.17099,25
2025-09-10T03:00:00.000Z,1.17099,1.17123,1.17087,1.17111,25
2025-09-10T04:00:00.000Z,1.17111,1.17148,1.17036,1.17073,30
2025-09-10T05:00:00.000Z,1.17073,1.1711,1.17021,1.17058,30
2025-09-10T06:00:00.000Z,1.17058,1.17095,1.17005,1.17042,30
2025-09-10T07:00:00.000Z,1.17042,1.17087,1.17005,1.1705,30
2025-09-10T08:00:00.000Z,1.1705,1.17187,1.17013,1.1715,70
2025-09-10T09:00:00.000Z,1.1715,1.17264,1.17113,1.17227,70
2025-09-10T10:00:00.000Z,1.17227,1.1734,1.1719,1.17303,70
2025-09-10T11:00:00.000Z,1.17303,1.17394,1.17266,1.17357,70
2025-09-10T12:00:00.000Z,1.17357,1.17464,1.17332,1.17439,80
2025-09-10T13:00:00.000Z,1.17439,1.17531,1.17414,1.17506,80
2025-09-10T14:00:00.000Z,1.17506,1.17598,1.17481,1.17573,80
2025-09-10T15:00:00.000Z,1.17573,1.1765,1.17548,1.17625,80
2025-09-10T16:00:00.000Z,1.17625,1.17637,1.17586,1.17598,30
2025-09-10T17:00:00.000Z,1.17598,1.1761,1.17567,1.17579,30
2025-09-10T18:00:00.000Z,1.17579,1.17591,1.17548,1.1756,30
2025-09-10T19:00:00.000Z,1.1756,1.17572,1.17537,1.17549,30
2025-09-10T20:00:00.000Z,1.17549,1.17596,1.17344,1.17391,15
2025-09-10T21:00:00.000Z,1.17391,1.17438,1.17215,1.17262,15
2025-09-10T22:00:00.000Z,1.17262,1.17309,1.17086,1.17133,15
2025-09-10T23:00:00.000Z,1.17133,1.1718,1.16987,1.17034,15
2025-09-11T00:00:00.000Z,1.17347,1.1737,1.1734,1.17363,25
2025-09-11T01:00:00.000Z,1.17363,1.17382,1.17356,1.17375,25
2025-09-11T02:00:00.000Z,1.17375,1.17393,1.17368,1.17386,25
2025-09-11T03:00:00.000Z,1.17386,1.174,1.17379,1.17393,25
2025-09-11T04:00:00.000Z,1.17393,1.17424,1.17334,1.17365,30
2025-09-11T05:00:00.000Z,1.17365,1.17396,1.17325,1.17356,30
2025-09-11T06:00:00.000Z,1.17356,1.17387,1.17315,1.17346,30
2025-09-11T07:00:00.000Z,1.17346,1.17388,1.17315,1.17357,30
2025-09-11T08:00:00.000Z,1.17357,1.17438,1.17335,1.17416,70
2025-09-11T09:00:00.000Z,1.17416,1.17484,1.17394,1.17462,70
2025-09-11T10:00:00.000Z,1.17462,1.17529,1.1744,1.17507,70
2025-09-11T11:00:00.000Z,1.17507,1.17561,1.17485,1.17539,70
2025-09-11T12:00:00.000Z,1.17539,1.17603,1.17524,1.17588,80
2025-09-11T13:00:00.000Z,1.17588,1.17643,1.17573,1.17628,80
2025-09-11T14:00:00.000Z,1.17628,1.17682,1.17613,1.17667,80
2025-09-11T15:00:00.000Z,1.17667,1.17713,1.17652,1.17698,80
2025-09-11T16:00:00.000Z,1.17698,1.17705,1.17675,1.17682,30
2025-09-11T17:00:00.000Z,1.17682,1.17689,1.17663,1.1767,30
2025-09-11T18:00:00.000Z,1.1767,1.17677,1.17652,1.17659,30
2025-09-11T19:00:00.000Z,1.17659,1.17666,1.17645,1.17652,30
2025-09-11T20:00:00.000Z,1.17652,1.1768,1.1753,1.17558,15
2025-09-11T21:00:00.000Z,1.17558,1.17586,1.17454,1.17482,15
2025-09-11T22:00:00.000Z,1.17482,1.1751,1.17378,1.17406,15
2025-09-11T23:00:00.000Z,1.17406,1.17434,1.17319,1.17347,15
2025-09-14T00:00:00.000Z,1.17265,1.17294,1.17256,1.17285,25
2025-09-14T01:00:00.000Z,1.17285,1.17308,1.17276,1.17299,25
2025-09-14T02:00:00.000Z,1.17299,1.17323,1.1729,1.17314,25
2025-09-14T03:00:00.000Z,1.17314,1.17331,1.17305,1.17322,25
2025-09-14T04:00:00.000Z,1.17322,1.17336,1.17288,1.17302,30
2025-09-14T05:00:00.000Z,1.17302,1.17316,1.17276,1.1729,30
2025-09-14T06:00:00.000Z,1.1729,1.17304,1.17264,1.17278,30
2025-09-14T07:00:00.000Z,1.17278,1.17292,1.17262,1.17276,30
2025-09-14T08:00:00.000Z,1.17276,1.17378,1.17248,1.1735,70
2025-09-14T09:00:00.000Z,1.1735,1.17436,1.17322,1.17408,70
2025-09-14T10:00:00.000Z,1.17408,1.17493,1.1738,1.17465,70
2025-09-14T11:00:00.000Z,1.17465,1.17533,1.17437,1.17505,70
2025-09-14T12:00:00.000Z,1.17505,1.1759,1.17484,1.17569,80
2025-09-14T13:00:00.000Z,1.17569,1.1764,1.17548,1.17619,80
2025-09-14T14:00:00.000Z,1.17619,1.1769,1.17598,1.17669,80
2025-09-14T15:00:00.000Z,1.17669,1.17727,1.17648,1.17706,80
2025-09-14T16:00:00.000Z,1.17706,1.17715,1.17677,1.17686,30
2025-09-14T17:00:00.000Z,1.17686,1.17695,1.17663,1.17672,30
2025-09-14T18:00:00.000Z,1.17672,1.17681,1.17649,1.17658,30
2025-09-14T19:00:00.000Z,1.17658,1.17667,1.1764,1.17649,30
2025-09-14T20:00:00.000Z,1.17649,1.17684,1.17496,1.17531,15
2025-09-14T21:00:00.000Z,1.17531,1.17566,1.174,1.17435,15
2025-09-14T22:00:00.000Z,1.17435,1.1747,1.17304,1.17339,15
2025-09-14T23:00:00.000Z,1.17339,1.17374,1.1723,1.17265,15
2025-09-15T00:00:00.000Z,1.17637,1.17685,1.17622,1.1767,25
2025-09-15T01:00:00.000Z,1.1767,1.17709,1.17655,1.17694,25
2025-09-15T02:00:00.000Z,1.17694,1.17733,1.17679,1.17718,25
2025-09-15T03:00:00.000Z,1.17718,1.17747,1.17703,1.17732,25
2025-09-15T04:00:00.000Z,1.17732,1.17748,1.17687,1.17703,30
2025-09-15T05:00:00.000Z,1.17703,1.17719,1.17668,1.17684,30
2025-09-15T06:00:00.000Z,1.17684,1.177,1.17649,1.17665,30
2025-09-15T07:00:00.000Z,1.17665,1.17681,1.1764,1.17656,30
2025-09-15T08:00:00.000Z,1.17656,1.17824,1.17611,1.17779,70
2025-09-15T09:00:00.000Z,1.17779,1.17918,1.17734,1.17873,70
2025-09-15T10:00:00.000Z,1.17873,1.18012,1.17828,1.17967,70
2025-09-15T11:00:00.000Z,1.17967,1.18078,1.17922,1.18033,70
2025-09-15T12:00:00.000Z,1.18033,1.18185,1.1799,1.18142,80
2025-09-15T13:00:00.000Z,1.18142,1.18268,1.18099,1.18225,80
2025-09-15T14:00:00.000Z,1.18225,1.18351,1.18182,1.18308,80
2025-09-15T15:00:00.000Z,1.18308,1.18406,1.18265,1.18363,80
2025-09-15T16:00:00.000Z,1.18363,1.18378,1.18315,1.1833,30
2025-09-15T17:00:00.000Z,1.1833,1.18345,1.18292,1.18307,30
2025-09-15T18:00:00.000Z,1.18307,1.18322,1.18268,1.18283,30
2025-09-15T19:00:00.000Z,1.18283,1.18298,1.18254,1.18269,30
2025-09-15T20:00:00.000Z,1.18269,1.18327,1.18017,1.18075,15
2025-09-15T21:00:00.000Z,1.18075,1.18133,1.17859,1.17917,15
2025-09-15T22:00:00.000Z,1.17917,1.17975,1.17701,1.17759,15
2025-09-15T23:00:00.000Z,1.17759,1.17817,1.17579,1.17637,15
2025-09-16T00:00:00.000Z,1.18714,1.18734,1.18708,1.18728,25
2025-09-16T01:00:00.000Z,1.18728,1.18743,1.18722,1.18737,25
2025-09-16T02:00:00.000Z,1.18737,1.18753,1.18731,1.18747,25
2025-09-16T03:00:00.000Z,1.18747,1.18759,1.18741,1.18753,25
2025-09-16T04:00:00.000Z,1.18753,1.18787,1.1869,1.18724,30
2025-09-16T05:00:00.000Z,1.18724,1.18758,1.18682,1.18716,30
2025-09-16T06:00:00.000Z,1.18716,1.1875,1.18674,1.18708,30
2025-09-16T07:00:00.000Z,1.18708,1.18756,1.18674,1.18722,30
2025-09-16T08:00:00.000Z,1.18722,1.18791,1.18703,1.18772,70
2025-09-16T09:00:00.000Z,1.18772,1.1883,1.18753,1.18811,70
2025-09-16T10:00:00.000Z,1.18811,1.18868,1.18792,1.18849,70
2025-09-16T11:00:00.000Z,1.18849,1.18895,1.1883,1.18876,70
2025-09-16T12:00:00.000Z,1.18876,1.1893,1.18864,1.18918,80
2025-09-16T13:00:00.000Z,1.18918,1.18964,1.18906,1.18952,80
2025-09-16T14:00:00.000Z,1.18952,1.18998,1.1894,1.18986,80
2025-09-16T15:00:00.000Z,1.18986,1.19024,1.18974,1.19012,80
2025-09-16T16:00:00.000Z,1.19012,1.19018,1.18992,1.18998,30
2025-09-16T17:00:00.000Z,1.18998,1.19004,1.18983,1.18989,30
2025-09-16T18:00:00.000Z,1.18989,1.18995,1.18973,1.18979,30
2025-09-16T19:00:00.000Z,1.18979,1.18985,1.18967,1.18973,30
2025-09-16T20:00:00.000Z,1.18973,1.18997,1.18869,1.18893,15
2025-09-16T21:00:00.000Z,1.18893,1.18917,1.18805,1.18829,15
2025-09-16T22:00:00.000Z,1.18829,1.18853,1.1874,1.18764,15
2025-09-16T23:00:00.000Z,1.18764,1.18788,1.1869,1.18714,15
2025-09-17T00:00:00.000Z,1.18263,1.18313,1.18247,1.18297,25
2025-09-17T01:00:00.000Z,1.18297,1.18337,1.18281,1.18321,25
2025-09-17T02:00:00.000Z,1.18321,1.18361,1.18305,1.18345,25
2025-09-17T03:00:00.000Z,1.18345,1.18376,1.18329,1.1836,25
2025-09-17T04:00:00.000Z,1.1836,1.18432,1.18224,1.18296,30
2025-09-17T05:00:00.000Z,1.18296,1.18368,1.18205,1.18277,30
2025-09-17T06:00:00.000Z,1.18277,1.18349,1.18185,1.18257,30
2025-09-17T07:00:00.000Z,1.18257,1.18355,1.18185,1.18283,30
2025-09-17T08:00:00.000Z,1.18283,1.18456,1.18236,1.18409,70
2025-09-17T09:00:00.000Z,1.18409,1.18553,1.18362,1.18506,70
2025-09-17T10:00:00.000Z,1.18506,1.1865,1.18459,1.18603,70
2025-09-17T11:00:00.000Z,1.18603,1.18718,1.18556,1.18671,70
2025-09-17T12:00:00.000Z,1.18671,1.18806,1.1864,1.18775,80
2025-09-17T13:00:00.000Z,1.18775,1.18891,1.18744,1.1886,80
2025-09-17T14:00:00.000Z,1.1886,1.18976,1.18829,1.18945,80
2025-09-17T15:00:00.000Z,1.18945,1.19042,1.18914,1.19011,80
2025-09-17T16:00:00.000Z,1.19011,1.19027,1.18961,1.18977,30
2025-09-17T17:00:00.000Z,1.18977,1.18993,1.18937,1.18953,30
2025-09-17T18:00:00.000Z,1.18953,1.18969,1.18913,1.18929,30
2025-09-17T19:00:00.000Z,1.18929,1.18945,1.18898,1.18914,30
2025-09-17T20:00:00.000Z,1.18914,1.18974,1.18654,1.18714,15
2025-09-17T21:00:00.000Z,1.18714,1.18774,1.18491,1.18551,15
2025-09-17T22:00:00.000Z,1.18551,1.18611,1.18328,1.18388,15
2025-09-17T23:00:00.000Z,1.18388,1.18448,1.18203,1.18263,15
2025-09-18T00:00:00.000Z,1.17911,1.17943,1.17901,1.17933,25
2025-09-18T01:00:00.000Z,1.17933,1.17959,1.17923,1.17949,25
2025-09-18T02:00:00.000Z,1.17949,1.17975,1.17939,1.17965,25
2025-09-18T03:00:00.000Z,1.17965,1.17984,1.17955,1.17974,25
2025-09-18T04:00:00.000Z,1.17974,1.1803,1.1787,1.17926,30
2025-09-18T05:00:00.000Z,1.17926,1.17982,1.17857,1.17913,30
2025-09-18T06:00:00.000Z,1.17913,1.17969,1.17845,1.17901,30
2025-09-18T07:00:00.000Z,1.17901,1.17979,1.17845,1.17923,30
2025-09-18T08:00:00.000Z,1.17923,1.18036,1.17893,1.18006,70
2025-09-18T09:00:00.000Z,1.18006,1.18099,1.17976,1.18069,70
2025-09-18T10:00:00.000Z,1.18069,1.18163,1.18039,1.18133,70
2025-09-18T11:00:00.000Z,1.18133,1.18207,1.18103,1.18177,70
2025-09-18T12:00:00.000Z,1.18177,1.18265,1.18157,1.18245,80
2025-09-18T13:00:00.000Z,1.18245,1.18321,1.18225,1.18301,80
2025-09-18T14:00:00.000Z,1.18301,1.18377,1.18281,1.18357,80
2025-09-18T15:00:00.000Z,1.18357,1.1842,1.18337,1.184,80
2025-09-18T16:00:00.000Z,1.184,1.1841,1.18368,1.18378,30
2025-09-18T17:00:00.000Z,1.18378,1.18388,1.18352,1.18362,30
2025-09-18T18:00:00.000Z,1.18362,1.18372,1.18336,1.18346,30
2025-09-18T19:00:00.000Z,1.18346,1.18356,1.18326,1.18336,30
2025-09-18T20:00:00.000Z,1.18336,1.18375,1.18166,1.18205,15
2025-09-18T21:00:00.000Z,1.18205,1.18244,1.1806,1.18099,15
2025-09-18T22:00:00.000Z,1.18099,1.18138,1.17954,1.17993,15
2025-09-18T23:00:00.000Z,1.17993,1.18032,1.17872,1.17911,15
2025-09-21T00:00:00.000Z,1.1737,1.17401,1.1736,1.17391,25
2025-09-21T01:00:00.000Z,1.17391,1.17415,1.17381,1.17405,25
2025-09-21T02:00:00.000Z,1.17405,1.1743,1.17395,1.1742,25
2025-09-21T03:00:00.000Z,1.1742,1.17439,1.1741,1.17429,25
2025-09-21T04:00:00.000Z,1.17429,1.17444,1.17393,1.17408,30
2025-09-21T05:00:00.000Z,1.17408,1.17423,1.17381,1.17396,30
2025-09-21T06:00:00.000Z,1.17396,1.17411,1.17369,1.17384,30
2025-09-21T07:00:00.000Z,1.17384,1.17399,1.17366,1.17381,30
2025-09-21T08:00:00.000Z,1.17381,1.17488,1.17352,1.17459,70
2025-09-21T09:00:00.000Z,1.17459,1.17547,1.1743,1.17518,70
2025-09-21T10:00:00.000Z,1.17518,1.17607,1.17489,1.17578,70
2025-09-21T11:00:00.000Z,1.17578,1.17649,1.17549,1.1762,70
2025-09-21T12:00:00.000Z,1.1762,1.17708,1.17598,1.17686,80
2025-09-21T13:00:00.000Z,1.17686,1.1776,1.17664,1.17738,80
2025-09-21T14:00:00.000Z,1.17738,1.17813,1.17716,1.17791,80
2025-09-21T15:00:00.000Z,1.17791,1.17851,1.17769,1.17829,80
2025-09-21T16:00:00.000Z,1.17829,1.17839,1.17798,1.17808,30
2025-09-21T17:00:00.000Z,1.17808,1.17818,1.17784,1.17794,30
2025-09-21T18:00:00.000Z,1.17794,1.17804,1.17769,1.17779,30
2025-09-21T19:00:00.000Z,1.17779,1.17789,1.1776,1.1777,30
2025-09-21T20:00:00.000Z,1.1777,1.17807,1.1761,1.17647,15
2025-09-21T21:00:00.000Z,1.17647,1.17684,1.1751,1.17547,15
2025-09-21T22:00:00.000Z,1.17547,1.17584,1.1741,1.17447,15
2025-09-21T23:00:00.000Z,1.17447,1.17484,1.17333,1.1737,15
2025-09-22T00:00:00.000Z,1.18011,1.1803,1.18005,1.18024,25
2025-09-22T01:00:00.000Z,1.18024,1.1804,1.18018,1.18034,25
2025-09-22T02:00:00.000Z,1.18034,1.18049,1.18028,1.18043,25
2025-09-22T03:00:00.000Z,1.18043,1.18055,1.18037,1.18049,25
2025-09-22T04:00:00.000Z,1.18049,1.18069,1.18009,1.18029,30
2025-09-22T05:00:00.000Z,1.18029,1.18049,1.18001,1.18021,30
2025-09-22T06:00:00.000Z,1.18021,1.18041,1.17993,1.18013,30
2025-09-22T07:00:00.000Z,1.18013,1.18038,1.17993,1.18018,30
2025-09-22T08:00:00.000Z,1.18018,1.18086,1.18,1.18068,70
2025-09-22T09:00:00.000Z,1.18068,1.18125,1.1805,1.18107,70
2025-09-22T10:00:00.000Z,1.18107,1.18163,1.18089,1.18145,70
2025-09-22T11:00:00.000Z,1.18145,1.1819,1.18127,1.18172,70
2025-09-22T12:00:00.000Z,1.18172,1.18225,1.1816,1.18213,80
2025-09-22T13:00:00.000Z,1.18213,1.18259,1.18201,1.18247,80
2025-09-22T14:00:00.000Z,1.18247,1.18292,1.18235,1.1828,80
2025-09-22T15:00:00.000Z,1.1828,1.18318,1.18268,1.18306,80
2025-09-22T16:00:00.000Z,1.18306,1.18312,1.18286,1.18292,30
2025-09-22T17:00:00.000Z,1.18292,1.18298,1.18277,1.18283,30
2025-09-22T18:00:00.000Z,1.18283,1.18289,1.18267,1.18273,30
2025-09-22T19:00:00.000Z,1.18273,1.18279,1.18261,1.18267,30
2025-09-22T20:00:00.000Z,1.18267,1.18291,1.18164,1.18188,15
2025-09-22T21:00:00.000Z,1.18188,1.18212,1.181,1.18124,15
2025-09-22T22:00:00.000Z,1.18124,1.18148,1.18036,1.1806,15
2025-09-22T23:00:00.000Z,1.1806,1.18084,1.17987,1.18011,15
2025-09-23T00:00:00.000Z,1.18145,1.18189,1.18131,1.18175,25
2025-09-23T01:00:00.000Z,1.18175,1.1821,1.18161,1.18196,25
2025-09-23T02:00:00.000Z,1.18196,1.18231,1.18182,1.18217,25
2025-09-23T03:00:00.000Z,1.18217,1.18244,1.18203,1.1823,25
2025-09-23T04:00:00.000Z,1.1823,1.18307,1.18088,1.18165,30
2025-09-23T05:00:00.000Z,1.18165,1.18242,1.18071,1.18148,30
2025-09-23T06:00:00.000Z,1.18148,1.18225,1.18054,1.18131,30
2025-09-23T07:00:00.000Z,1.18131,1.18239,1.18054,1.18162,30
2025-09-23T08:00:00.000Z,1.18162,1.18314,1.18121,1.18273,70
2025-09-23T09:00:00.000Z,1.18273,1.18399,1.18232,1.18358,70
2025-09-23T10:00:00.000Z,1.18358,1.18484,1.18317,1.18443,70
2025-09-23T11:00:00.000Z,1.18443,1.18544,1.18402,1.18503,70
2025-09-23T12:00:00.000Z,1.18503,1.18622,1.18476,1.18595,80
2025-09-23T13:00:00.000Z,1.18595,1.18696,1.18568,1.18669,80
2025-09-23T14:00:00.000Z,1.18669,1.18771,1.18642,1.18744,80
2025-09-23T15:00:00.000Z,1.18744,1.18828,1.18717,1.18801,80
2025-09-23T16:00:00.000Z,1.18801,1.18815,1.18757,1.18771,30
2025-09-23T17:00:00.000Z,1.18771,1.18785,1.18736,1.1875,30
2025-09-23T18:00:00.000Z,1.1875,1.18764,1.18715,1.18729,30
2025-09-23T19:00:00.000Z,1.18729,1.18743,1.18702,1.18716,30
2025-09-23T20:00:00.000Z,1.18716,1.18768,1.18488,1.1854,15
2025-09-23T21:00:00.000Z,1.1854,1.18592,1.18346,1.18398,15
2025-09-23T22:00:00.000Z,1.18398,1.1845,1.18203,1.18255,15
2025-09-23T23:00:00.000Z,1.18255,1.18307,1.18093,1.18145,15
2025-09-24T00:00:00.000Z,1.17447,1.17491,1.17433,1.17477,25
2025-09-24T01:00:00.000Z,1.17477,1.17513,1.17463,1.17499,25
2025-09-24T02:00:00.000Z,1.17499,1.17534,1.17485,1.1752,25
2025-09-24T03:00:00.000Z,1.1752,1.17547,1.17506,1.17533,25
2025-09-24T04:00:00.000Z,1.17533,1.17605,1.17399,1.17471,30
2025-09-24T05:00:00.000Z,1.17471,1.17543,1.17382,1.17454,30
2025-09-24T06:00:00.000Z,1.17454,1.17526,1.17364,1.17436,30
2025-09-24T07:00:00.000Z,1.17436,1.17536,1.17364,1.17464,30
2025-09-24T08:00:00.000Z,1.17464,1.17617,1.17423,1.17576,70
2025-09-24T09:00:00.000Z,1.17576,1.17704,1.17535,1.17663,70
2025-09-24T10:00:00.000Z,1.17663,1.1779,1.17622,1.17749,70
2025-09-24T11:00:00.000Z,1.17749,1.17851,1.17708,1.1781,70
2025-09-24T12:00:00.000Z,1.1781,1.17931,1.17782,1.17903,80
2025-09-24T13:00:00.000Z,1.17903,1.18006,1.17875,1.17978,80
2025-09-24T14:00:00.000Z,1.17978,1.18082,1.1795,1.18054,80
2025-09-24T15:00:00.000Z,1.18054,1.1814,1.18026,1.18112,80
2025-09-24T16:00:00.000Z,1.18112,1.18126,1.18068,1.18082,30
2025-09-24T17:00:00.000Z,1.18082,1.18096,1.18046,1.1806,30
2025-09-24T18:00:00.000Z,1.1806,1.18074,1.18025,1.18039,30
2025-09-24T19:00:00.000Z,1.18039,1.18053,1.18012,1.18026,30
2025-09-24T20:00:00.000Z,1.18026,1.18079,1.17795,1.17848,15
2025-09-24T21:00:00.000Z,1.17848,1.17901,1.1765,1.17703,15
2025-09-24T22:00:00.000Z,1.17703,1.17756,1.17505,1.17558,15
2025-09-24T23:00:00.000Z,1.17558,1.17611,1.17394,1.17447,15
2025-09-25T00:00:00.000Z,1.16628,1.1665,1.16621,1.16643,25
2025-09-25T01:00:00.000Z,1.16643,1.1666,1.16636,1.16653,25
2025-09-25T02:00:00.000Z,1.16653,1.16671,1.16646,1.16664,25
2025-09-25T03:00:00.000Z,1.16664,1.16677,1.16657,1.1667,25
2025-09-25T04:00:00.000Z,1.1667,1.16678,1.16649,1.16657,30
2025-09-25T05:00:00.000Z,1.16657,1.16665,1.1664,1.16648,30
2025-09-25T06:00:00.000Z,1.16648,1.16656,1.16632,1.1664,30
2025-09-25T07:00:00.000Z,1.1664,1.16648,1.16628,1.16636,30
2025-09-25T08:00:00.000Z,1.16636,1.16713,1.16615,1.16692,70
2025-09-25T09:00:00.000Z,1.16692,1.16756,1.16671,1.16735,70
2025-09-25T10:00:00.000Z,1.16735,1.16799,1.16714,1.16778,70
2025-09-25T11:00:00.000Z,1.16778,1.16829,1.16757,1.16808,70
2025-09-25T12:00:00.000Z,1.16808,1.16876,1.16789,1.16857,80
2025-09-25T13:00:00.000Z,1.16857,1.16913,1.16838,1.16894,80
2025-09-25T14:00:00.000Z,1.16894,1.16951,1.16875,1.16932,80
2025-09-25T15:00:00.000Z,1.16932,1.16976,1.16913,1.16957,80
2025-09-25T16:00:00.000Z,1.16957,1.16964,1.16935,1.16942,30
2025-09-25T17:00:00.000Z,1.16942,1.16949,1.16925,1.16932,30
2025-09-25T18:00:00.000Z,1.16932,1.16939,1.16914,1.16921,30
2025-09-25T19:00:00.000Z,1.16921,1.16928,1.16908,1.16915,30
2025-09-25T20:00:00.000Z,1.16915,1.16941,1.16801,1.16827,15
2025-09-25T21:00:00.000Z,1.16827,1.16853,1.16729,1.16755,15
2025-09-25T22:00:00.000Z,1.16755,1.16781,1.16657,1.16683,15
2025-09-25T23:00:00.000Z,1.16683,1.16709,1.16602,1.16628,15
2025-09-28T00:00:00.000Z,1.17082,1.17107,1.17074,1.17099,25
2025-09-28T01:00:00.000Z,1.17099,1.1712,1.17091,1.17112,25
2025-09-28T02:00:00.000Z,1.17112,1.17132,1.17104,1.17124,25
2025-09-28T03:00:00.000Z,1.17124,1.1714,1.17116,1.17132,25
2025-09-28T04:00:00.000Z,1.17132,1.1714,1.17109,1.17117,30
2025-09-28T05:00:00.000Z,1.17117,1.17125,1.17099,1.17107,30
2025-09-28T06:00:00.000Z,1.17107,1.17115,1.17089,1.17097,30
2025-09-28T07:00:00.000Z,1.17097,1.17105,1.17084,1.17092,30
2025-09-28T08:00:00.000Z,1.17092,1.1718,1.17068,1.17156,70
2025-09-28T09:00:00.000Z,1.17156,1.1723,1.17132,1.17206,70
2025-09-28T10:00:00.000Z,1.17206,1.17279,1.17182,1.17255,70
2025-09-28T11:00:00.000Z,1.17255,1.17314,1.17231,1.1729,70
2025-09-28T12:00:00.000Z,1.1729,1.17371,1.17267,1.17348,80
2025-09-28T13:00:00.000Z,1.17348,1.17414,1.17325,1.17391,80
2025-09-28T14:00:00.000Z,1.17391,1.17458,1.17368,1.17435,80
2025-09-28T15:00:00.000Z,1.17435,1.17487,1.17412,1.17464,80
2025-09-28T16:00:00.000Z,1.17464,1.17472,1.17439,1.17447,30
2025-09-28T17:00:00.000Z,1.17447,1.17455,1.17426,1.17434,30
2025-09-28T18:00:00.000Z,1.17434,1.17442,1.17414,1.17422,30
2025-09-28T19:00:00.000Z,1.17422,1.1743,1.17406,1.17414,30
2025-09-28T20:00:00.000Z,1.17414,1.17444,1.17282,1.17312,15
2025-09-28T21:00:00.000Z,1.17312,1.17342,1.17199,1.17229,15
2025-09-28T22:00:00.000Z,1.17229,1.17259,1.17116,1.17146,15
2025-09-28T23:00:00.000Z,1.17146,1.17176,1.17052,1.17082,15
2025-09-29T00:00:00.000Z,1.17314,1.17337,1.17307,1.1733,25
2025-09-29T01:00:00.000Z,1.1733,1.17349,1.17323,1.17342,25
2025-09-29T02:00:00.000Z,1.17342,1.17361,1.17335,1.17354,25
2025-09-29T03:00:00.000Z,1.17354,1.17368,1.17347,1.17361,25
2025-09-29T04:00:00.000Z,1.17361,1.17381,1.17319,1.17339,30
2025-09-29T05:00:00.000Z,1.17339,1.17359,1.1731,1.1733,30
2025-09-29T06:00:00.000Z,1.1733,1.1735,1.17301,1.17321,30
2025-09-29T07:00:00.000Z,1.17321,1.17344,1.17301,1.17324,30
2025-09-29T08:00:00.000Z,1.17324,1.17406,1.17302,1.17384,70
2025-09-29T09:00:00.000Z,1.17384,1.17452,1.17362,1.1743,70
2025-09-29T10:00:00.000Z,1.1743,1.17499,1.17408,1.17477,70
2025-09-29T11:00:00.000Z,1.17477,1.17531,1.17455,1.17509,70
2025-09-29T12:00:00.000Z,1.17509,1.17574,1.17494,1.17559,80
2025-09-29T13:00:00.000Z,1.17559,1.17614,1.17544,1.17599,80
2025-09-29T14:00:00.000Z,1.17599,1.17655,1.17584,1.1764,80
2025-09-29T15:00:00.000Z,1.1764,1.17686,1.17625,1.17671,80
2025-09-29T16:00:00.000Z,1.17671,1.17678,1.17648,1.17655,30
2025-09-29T17:00:00.000Z,1.17655,1.17662,1.17636,1.17643,30
2025-09-29T18:00:00.000Z,1.17643,1.1765,1.17625,1.17632,30
2025-09-29T19:00:00.000Z,1.17632,1.17639,1.17618,1.17625,30
2025-09-29T20:00:00.000Z,1.17625,1.17654,1.175,1.17529,15
2025-09-29T21:00:00.000Z,1.17529,1.17558,1.17423,1.17452,15
2025-09-29T22:00:00.000Z,1.17452,1.17481,1.17345,1.17374,15
2025-09-29T23:00:00.000Z,1.17374,1.17403,1.17285,1.17314,15
2025-09-30T00:00:00.000Z,1.17358,1.1739,1.17348,1.1738,25
2025-09-30T01:00:00.000Z,1.1738,1.17405,1.1737,1.17395,25
2025-09-30T02:00:00.000Z,1.17395,1.17421,1.17385,1.17411,25
2025-09-30T03:00:00.000Z,1.17411,1.1743,1.17401,1.1742,25
2025-09-30T04:00:00.000Z,1.1742,1.17443,1.17371,1.17394,30
2025-09-30T05:00:00.000Z,1.17394,1.17417,1.17358,1.17381,30
2025-09-30T06:00:00.000Z,1.17381,1.17404,1.17346,1.17369,30
2025-09-30T07:00:00.000Z,1.17369,1.17394,1.17346,1.17371,30
2025-09-30T08:00:00.000Z,1.17371,1.17482,1.17341,1.17452,70
2025-09-30T09:00:00.000Z,1.17452,1.17544,1.17422,1.17514,70
2025-09-30T10:00:00.000Z,1.17514,1.17606,1.17484,1.17576,70
2025-09-30T11:00:00.000Z,1.17576,1.17649,1.17546,1.17619,70
2025-09-30T12:00:00.000Z,1.17619,1.17706,1.17599,1.17686,80
2025-09-30T13:00:00.000Z,1.17686,1.1776,1.17666,1.1774,80
2025-09-30T14:00:00.000Z,1.1774,1.17814,1.1772,1.17794,80
2025-09-30T15:00:00.000Z,1.17794,1.17856,1.17774,1.17836,80
2025-09-30T16:00:00.000Z,1.17836,1.17846,1.17804,1.17814,30
2025-09-30T17:00:00.000Z,1.17814,1.17824,1.17789,1.17799,30
2025-09-30T18:00:00.000Z,1.17799,1.17809,1.17773,1.17783,30
2025-09-30T19:00:00.000Z,1.17783,1.17793,1.17764,1.17774,30
2025-09-30T20:00:00.000Z,1.17774,1.17812,1.17608,1.17646,15
2025-09-30T21:00:00.000Z,1.17646,1.17684,1.17504,1.17542,15
2025-09-30T22:00:00.000Z,1.17542,1.1758,1.174,1.17438,15
2025-09-30T23:00:00.000Z,1.17438,1.17476,1.1732,1.17358,15
2025-10-01T00:00:00.000Z,1.17341,1.17379,1.17329,1.17367,25
2025-10-01T01:00:00.000Z,1.17367,1.17397,1.17355,1.17385,25
2025-10-01T02:00:00.000Z,1.17385,1.17415,1.17373,1.17403,25
2025-10-01T03:00:00.000Z,1.17403,1.17426,1.17391,1.17414,25
2025-10-01T04:00:00.000Z,1.17414,1.17462,1.17322,1.1737,30
2025-10-01T05:00:00.000Z,1.1737,1.17418,1.17307,1.17355,30
2025-10-01T06:00:00.000Z,1.17355,1.17403,1.17292,1.1734,30
2025-10-01T07:00:00.000Z,1.1734,1.17403,1.17292,1.17355,30
2025-10-01T08:00:00.000Z,1.17355,1.17486,1.1732,1.17451,70
2025-10-01T09:00:00.000Z,1.17451,1.17559,1.17416,1.17524,70
2025-10-01T10:00:00.000Z,1.17524,1.17633,1.17489,1.17598,70
2025-10-01T11:00:00.000Z,1.17598,1.17684,1.17563,1.17649,70
2025-10-01T12:00:00.000Z,1.17649,1.17752,1.17625,1.17728,80
2025-10-01T13:00:00.000Z,1.17728,1.17817,1.17704,1.17793,80
2025-10-01T14:00:00.000Z,1.17793,1.17881,1.17769,1.17857,80
2025-10-01T15:00:00.000Z,1.17857,1.17931,1.17833,1.17907,80
2025-10-01T16:00:00.000Z,1.17907,1.17919,1.17869,1.17881,30
2025-10-01T17:00:00.000Z,1.17881,1.17893,1.17851,1.17863,30
2025-10-01T18:00:00.000Z,1.17863,1.17875,1.17832,1.17844,30
2025-10-01T19:00:00.000Z,1.17844,1.17856,1.17821,1.17833,30
2025-10-01T20:00:00.000Z,1.17833,1.17878,1.17637,1.17682,15
2025-10-01T21:00:00.000Z,1.17682,1.17727,1.17514,1.17559,15
2025-10-01T22:00:00.000Z,1.17559,1.17604,1.17391,1.17436,15
2025-10-01T23:00:00.000Z,1.17436,1.17481,1.17296,1.17341,15
2025-10-02T00:00:00.000Z,1.17251,1.17271,1.17245,1.17265,25
2025-10-02T01:00:00.000Z,1.17265,1.17282,1.17259,1.17276,25
2025-10-02T02:00:00.000Z,1.17276,1.17292,1.1727,1.17286,25
2025-10-02T03:00:00.000Z,1.17286,1.17298,1.1728,1.17292,25
2025-10-02T04:00:00.000Z,1.17292,1.17304,1.17264,1.17276,30
2025-10-02T05:00:00.000Z,1.17276,1.17288,1.17256,1.17268,30
2025-10-02T06:00:00.000Z,1.17268,1.1728,1.17248,1.1726,30
2025-10-02T07:00:00.000Z,1.1726,1.17272,1.17247,1.17259,30
2025-10-02T08:00:00.000Z,1.17259,1.17331,1.1724,1.17312,70
2025-10-02T09:00:00.000Z,1.17312,1.17371,1.17293,1.17352,70
2025-10-02T10:00:00.000Z,1.17352,1.17412,1.17333,1.17393,70
2025-10-02T11:00:00.000Z,1.17393,1.1744,1.17374,1.17421,70
2025-10-02T12:00:00.000Z,1.17421,1.17478,1.17408,1.17465,80
2025-10-02T13:00:00.000Z,1.17465,1.17513,1.17452,1.175,80
2025-10-02T14:00:00.000Z,1.175,1.17549,1.17487,1.17536,80
2025-10-02T15:00:00.000Z,1.17536,1.17576,1.17523,1.17563,80
2025-10-02T16:00:00.000Z,1.17563,1.17569,1.17543,1.17549,30
2025-10-02T17:00:00.000Z,1.17549,1.17555,1.17532,1.17538,30
2025-10-02T18:00:00.000Z,1.17538,1.17544,1.17522,1.17528,30
2025-10-02T19:00:00.000Z,1.17528,1.17534,1.17516,1.17522,30
2025-10-02T20:00:00.000Z,1.17522,1.17547,1.17414,1.17439,15
2025-10-02T21:00:00.000Z,1.17439,1.17464,1.17346,1.17371,15
2025-10-02T22:00:00.000Z,1.17371,1.17396,1.17278,1.17303,15
2025-10-02T23:00:00.000Z,1.17303,1.17328,1.17226,1.17251,15
2025-10-05T00:00:00.000Z,1.17125,1.17164,1.17113,1.17152,25
2025-10-05T01:00:00.000Z,1.17152,1.17183,1.1714,1.17171,25
2025-10-05T02:00:00.000Z,1.17171,1.17202,1.17159,1.1719,25
2025-10-05T03:00:00.000Z,1.1719,1.17214,1.17178,1.17202,25
2025-10-05T04:00:00.000Z,1.17202,1.17258,1.17095,1.17151,30
2025-10-05T05:00:00.000Z,1.17151,1.17207,1.1708,1.17136,30
2025-10-05T06:00:00.000Z,1.17136,1.17192,1.17065,1.17121,30
2025-10-05T07:00:00.000Z,1.17121,1.17196,1.17065,1.1714,30
2025-10-05T08:00:00.000Z,1.1714,1.17278,1.17103,1.17241,70
2025-10-05T09:00:00.000Z,1.17241,1.17355,1.17204,1.17318,70
2025-10-05T10:00:00.000Z,1.17318,1.17433,1.17281,1.17396,70
2025-10-05T11:00:00.000Z,1.17396,1.17487,1.17359,1.1745,70
2025-10-05T12:00:00.000Z,1.1745,1.17559,1.17425,1.17534,80
2025-10-05T13:00:00.000Z,1.17534,1.17627,1.17509,1.17602,80
2025-10-05T14:00:00.000Z,1.17602,1.17694,1.17577,1.17669,80
2025-10-05T15:00:00.000Z,1.17669,1.17747,1.17644,1.17722,80
2025-10-05T16:00:00.000Z,1.17722,1.17734,1.17683,1.17695,30
2025-10-05T17:00:00.000Z,1.17695,1.17707,1.17663,1.17675,30
2025-10-05T18:00:00.000Z,1.17675,1.17687,1.17644,1.17656,30
2025-10-05T19:00:00.000Z,1.17656,1.17668,1.17632,1.17644,30
2025-10-05T20:00:00.000Z,1.17644,1.17692,1.17436,1.17484,15
2025-10-05T21:00:00.000Z,1.17484,1.17532,1.17307,1.17355,15
2025-10-05T22:00:00.000Z,1.17355,1.17403,1.17177,1.17225,15
2025-10-05T23:00:00.000Z,1.17225,1.17273,1.17077,1.17125,15
2025-10-06T00:00:00.000Z,1.17103,1.17132,1.17094,1.17123,25
2025-10-06T01:00:00.000Z,1.17123,1.17146,1.17114,1.17137,25
2025-10-06T02:00:00.000Z,1.17137,1.1716,1.17128,1.17151,25
2025-10-06T03:00:00.000Z,1.17151,1.17168,1.17142,1.17159,25
2025-10-06T04:00:00.000Z,1.17159,1.1721,1.17065,1.17116,30
2025-10-06T05:00:00.000Z,1.17116,1.17167,1.17054,1.17105,30
2025-10-06T06:00:00.000Z,1.17105,1.17156,1.17042,1.17093,30
2025-10-06T07:00:00.000Z,1.17093,1.17165,1.17042,1.17114,30
2025-10-06T08:00:00.000Z,1.17114,1.17214,1.17087,1.17187,70
2025-10-06T09:00:00.000Z,1.17187,1.17269,1.1716,1.17242,70
2025-10-06T10:00:00.000Z,1.17242,1.17325,1.17215,1.17298,70
2025-10-06T11:00:00.000Z,1.17298,1.17364,1.17271,1.17337,70
2025-10-06T12:00:00.000Z,1.17337,1.17415,1.17319,1.17397,80
2025-10-06T13:00:00.000Z,1.17397,1.17464,1.17379,1.17446,80
2025-10-06T14:00:00.000Z,1.17446,1.17513,1.17428,1.17495,80
2025-10-06T15:00:00.000Z,1.17495,1.17551,1.17477,1.17533,80
2025-10-06T16:00:00.000Z,1.17533,1.17542,1.17504,1.17513,30
2025-10-06T17:00:00.000Z,1.17513,1.17522,1.1749,1.17499,30
2025-10-06T18:00:00.000Z,1.17499,1.17508,1.17476,1.17485,30
2025-10-06T19:00:00.000Z,1.17485,1.17494,1.17468,1.17477,30
2025-10-06T20:00:00.000Z,1.17477,1.17511,1.17328,1.17362,15
2025-10-06T21:00:00.000Z,1.17362,1.17396,1.17234,1.17268,15
2025-10-06T22:00:00.000Z,1.17268,1.17302,1.17141,1.17175,15
2025-10-06T23:00:00.000Z,1.17175,1.17209,1.17069,1.17103,15
2025-10-07T00:00:00.000Z,1.16546,1.16571,1.16538,1.16563,25
2025-10-07T01:00:00.000Z,1.16563,1.16583,1.16555,1.16575,25
2025-10-07T02:00:00.000Z,1.16575,1.16596,1.16567,1.16588,25
2025-10-07T03:00:00.000Z,1.16588,1.16603,1.1658,1.16595,25
2025-10-07T04:00:00.000Z,1.16595,1.16642,1.16509,1.16556,30
2025-10-07T05:00:00.000Z,1.16556,1.16603,1.16499,1.16546,30
2025-10-07T06:00:00.000Z,1.16546,1.16593,1.1649,1.16537,30
2025-10-07T07:00:00.000Z,1.16537,1.16603,1.1649,1.16556,30
2025-10-07T08:00:00.000Z,1.16556,1.16644,1.16532,1.1662,70
2025-10-07T09:00:00.000Z,1.1662,1.16693,1.16596,1.16669,70
2025-10-07T10:00:00.000Z,1.16669,1.16743,1.16645,1.16719,70
2025-10-07T11:00:00.000Z,1.16719,1.16777,1.16695,1.16753,70
2025-10-07T12:00:00.000Z,1.16753,1.16822,1.16737,1.16806,80
2025-10-07T13:00:00.000Z,1.16806,1.16865,1.1679,1.16849,80
2025-10-07T14:00:00.000Z,1.16849,1.16909,1.16833,1.16893,80
2025-10-07T15:00:00.000Z,1.16893,1.16942,1.16877,1.16926,80
2025-10-07T16:00:00.000Z,1.16926,1.16934,1.16901,1.16909,30
2025-10-07T17:00:00.000Z,1.16909,1.16917,1.16889,1.16897,30
2025-10-07T18:00:00.000Z,1.16897,1.16905,1.16876,1.16884,30
2025-10-07T19:00:00.000Z,1.16884,1.16892,1.16869,1.16877,30
2025-10-07T20:00:00.000Z,1.16877,1.16907,1.16745,1.16775,15
2025-10-07T21:00:00.000Z,1.16775,1.16805,1.16662,1.16692,15
2025-10-07T22:00:00.000Z,1.16692,1.16722,1.1658,1.1661,15
2025-10-07T23:00:00.000Z,1.1661,1.1664,1.16516,1.16546,15
2025-10-08T00:00:00.000Z,1.1632,1.16371,1.16304,1.16355,25
2025-10-08T01:00:00.000Z,1.16355,1.16396,1.16339,1.1638,25
2025-10-08T02:00:00.000Z,1.1638,1.16421,1.16364,1.16405,25
2025-10-08T03:00:00.000Z,1.16405,1.16436,1.16389,1.1642,25
2025-10-08T04:00:00.000Z,1.1642,1.16498,1.16273,1.16351,30
2025-10-08T05:00:00.000Z,1.16351,1.16429,1.16253,1.16331,30
2025-10-08T06:00:00.000Z,1.16331,1.16409,1.16233,1.16311,30
2025-10-08T07:00:00.000Z,1.16311,1.16418,1.16233,1.1634,30
2025-10-08T08:00:00.000Z,1.1634,1.16518,1.16292,1.1647,70
2025-10-08T09:00:00.000Z,1.1647,1.16619,1.16422,1.16571,70
2025-10-08T10:00:00.000Z,1.16571,1.16719,1.16523,1.16671,70
2025-10-08T11:00:00.000Z,1.16671,1.16789,1.16623,1.16741,70
2025-10-08T12:00:00.000Z,1.16741,1.16881,1.16709,1.16849,80
2025-10-08T13:00:00.000Z,1.16849,1.16969,1.16817,1.16937,80
2025-10-08T14:00:00.000Z,1.16937,1.17056,1.16905,1.17024,80
2025-10-08T15:00:00.000Z,1.17024,1.17124,1.16992,1.17092,80
2025-10-08T16:00:00.000Z,1.17092,1.17108,1.17041,1.17057,30
2025-10-08T17:00:00.000Z,1.17057,1.17073,1.17016,1.17032,30
2025-10-08T18:00:00.000Z,1.17032,1.17048,1.16991,1.17007,30
2025-10-08T19:00:00.000Z,1.17007,1.17023,1.16976,1.16992,30
2025-10-08T20:00:00.000Z,1.16992,1.17054,1.16723,1.16785,15
2025-10-08T21:00:00.000Z,1.16785,1.16847,1.16555,1.16617,15
2025-10-08T22:00:00.000Z,1.16617,1.16679,1.16387,1.16449,15
2025-10-08T23:00:00.000Z,1.16449,1.16511,1.16258,1.1632,15
2025-10-09T00:00:00.000Z,1.15664,1.15699,1.15653,1.15688,25
2025-10-09T01:00:00.000Z,1.15688,1.15717,1.15677,1.15706,25
2025-10-09T02:00:00.000Z,1.15706,1.15734,1.15695,1.15723,25
2025-10-09T03:00:00.000Z,1.15723,1.15745,1.15712,1.15734,25
2025-10-09T04:00:00.000Z,1.15734,1.15747,1.15699,1.15712,30
2025-10-09T05:00:00.000Z,1.15712,1.15725,1.15685,1.15698,30
2025-10-09T06:00:00.000Z,1.15698,1.15711,1.15671,1.15684,30
2025-10-09T07:00:00.000Z,1.15684,1.15697,1.15665,1.15678,30
2025-10-09T08:00:00.000Z,1.15678,1.15801,1.15645,1.15768,70
2025-10-09T09:00:00.000Z,1.15768,1.1587,1.15735,1.15837,70
2025-10-09T10:00:00.000Z,1.15837,1.1594,1.15804,1.15907,70
2025-10-09T11:00:00.000Z,1.15907,1.15988,1.15874,1.15955,70
2025-10-09T12:00:00.000Z,1.15955,1.16064,1.15925,1.16034,80
2025-10-09T13:00:00.000Z,1.16034,1.16125,1.16004,1.16095,80
2025-10-09T14:00:00.000Z,1.16095,1.16185,1.16065,1.16155,80
2025-10-09T15:00:00.000Z,1.16155,1.16227,1.16125,1.16197,80
2025-10-09T16:00:00.000Z,1.16197,1.16208,1.16162,1.16173,30
2025-10-09T17:00:00.000Z,1.16173,1.16184,1.16144,1.16155,30
2025-10-09T18:00:00.000Z,1.16155,1.16166,1.16127,1.16138,30
2025-10-09T19:00:00.000Z,1.16138,1.16149,1.16116,1.16127,30
2025-10-09T20:00:00.000Z,1.16127,1.1617,1.15942,1.15985,15
2025-10-09T21:00:00.000Z,1.15985,1.16028,1.15826,1.15869,15
2025-10-09T22:00:00.000Z,1.15869,1.15912,1.1571,1.15753,15
2025-10-09T23:00:00.000Z,1.15753,1.15796,1.15621,1.15664,15
2025-10-12T00:00:00.000Z,1.16024,1.1606,1.16013,1.16049,25
2025-10-12T01:00:00.000Z,1.16049,1.16077,1.16038,1.16066,25
2025-10-12T02:00:00.000Z,1.16066,1.16095,1.16055,1.16084,25
2025-10-12T03:00:00.000Z,1.16084,1.16105,1.16073,1.16094,25
2025-10-12T04:00:00.000Z,1.16094,1.16137,1.1601,1.16053,30
2025-10-12T05:00:00.000Z,1.16053,1.16096,1.15996,1.16039,30
2025-10-12T06:00:00.000Z,1.16039,1.16082,1.15982,1.16025,30
2025-10-12T07:00:00.000Z,1.16025,1.16081,1.15982,1.16038,30
2025-10-12T08:00:00.000Z,1.16038,1.16163,1.16004,1.16129,70
2025-10-12T09:00:00.000Z,1.16129,1.16234,1.16095,1.162,70
2025-10-12T10:00:00.000Z,1.162,1.16304,1.16166,1.1627,70
2025-10-12T11:00:00.000Z,1.1627,1.16353,1.16236,1.16319,70
2025-10-12T12:00:00.000Z,1.16319,1.16417,1.16297,1.16395,80
2025-10-12T13:00:00.000Z,1.16395,1.16478,1.16373,1.16456,80
2025-10-12T14:00:00.000Z,1.16456,1.1654,1.16434,1.16518,80
2025-10-12T15:00:00.000Z,1.16518,1.16587,1.16496,1.16565,80
2025-10-12T16:00:00.000Z,1.16565,1.16576,1.16529,1.1654,30
2025-10-12T17:00:00.000Z,1.1654,1.16551,1.16512,1.16523,30
2025-10-12T18:00:00.000Z,1.16523,1.16534,1.16494,1.16505,30
2025-10-12T19:00:00.000Z,1.16505,1.16516,1.16484,1.16495,30
2025-10-12T20:00:00.000Z,1.16495,1.16538,1.16307,1.1635,15
2025-10-12T21:00:00.000Z,1.1635,1.16393,1.16189,1.16232,15
2025-10-12T22:00:00.000Z,1.16232,1.16275,1.16072,1.16115,15
2025-10-12T23:00:00.000Z,1.16115,1.16158,1.15981,1.16024,15
2025-10-13T00:00:00.000Z,1.15668,1.157,1.15658,1.1569,25
2025-10-13T01:00:00.000Z,1.1569,1.15715,1.1568,1.15705,25
2025-10-13T02:00:00.000Z,1.15705,1.15731,1.15695,1.15721,25
2025-10-13T03:00:00.000Z,1.15721,1.1574,1.15711,1.1573,25
2025-10-13T04:00:00.000Z,1.1573,1.15755,1.15677,1.15702,30
2025-10-13T05:00:00.000Z,1.15702,1.15727,1.15665,1.1569,30
2025-10-13T06:00:00.000Z,1.1569,1.15715,1.15653,1.15678,30
2025-10-13T07:00:00.000Z,1.15678,1.15706,1.15653,1.15681,30
2025-10-13T08:00:00.000Z,1.15681,1.15792,1.15651,1.15762,70
2025-10-13T09:00:00.000Z,1.15762,1.15854,1.15732,1.15824,70
2025-10-13T10:00:00.000Z,1.15824,1.15916,1.15794,1.15886,70
2025-10-13T11:00:00.000Z,1.15886,1.15959,1.15856,1.15929,70
2025-10-13T12:00:00.000Z,1.15929,1.16016,1.15909,1.15996,80
2025-10-13T13:00:00.000Z,1.15996,1.1607,1.15976,1.1605,80
2025-10-13T14:00:00.000Z,1.1605,1.16124,1.1603,1.16104,80
2025-10-13T15:00:00.000Z,1.16104,1.16166,1.16084,1.16146,80
2025-10-13T16:00:00.000Z,1.16146,1.16156,1.16114,1.16124,30
2025-10-13T17:00:00.000Z,1.16124,1.16134,1.16099,1.16109,30
2025-10-13T18:00:00.000Z,1.16109,1.16119,1.16083,1.16093,30
2025-10-13T19:00:00.000Z,1.16093,1.16103,1.16074,1.16084,30
2025-10-13T20:00:00.000Z,1.16084,1.16122,1.15918,1.15956,15
2025-10-13T21:00:00.000Z,1.15956,1.15994,1.15814,1.15852,15
2025-10-13T22:00:00.000Z,1.15852,1.1589,1.1571,1.15748,15
2025-10-13T23:00:00.000Z,1.15748,1.15786,1.1563,1.15668,15
2025-10-14T00:00:00.000Z,1.16023,1.16046,1.16016,1.16039,25
2025-10-14T01:00:00.000Z,1.16039,1.16057,1.16032,1.1605,25
2025-10-14T02:00:00.000Z,1.1605,1.16068,1.16043,1.16061,25
2025-10-14T03:00:00.000Z,1.16061,1.16075,1.16054,1.16068,25
2025-10-14T04:00:00.000Z,1.16068,1.16073,1.16051,1.16056,30
2025-10-14T05:00:00.000Z,1.16056,1.16061,1.16042,1.16047,30
2025-10-14T06:00:00.000Z,1.16047,1.16052,1.16033,1.16038,30
2025-10-14T07:00:00.000Z,1.16038,1.16043,1.16027,1.16032,30
2025-10-14T08:00:00.000Z,1.16032,1.16113,1.1601,1.16091,70
2025-10-14T09:00:00.000Z,1.16091,1.16159,1.16069,1.16137,70
2025-10-14T10:00:00.000Z,1.16137,1.16205,1.16115,1.16183,70
2025-10-14T11:00:00.000Z,1.16183,1.16237,1.16161,1.16215,70
2025-10-14T12:00:00.000Z,1.16215,1.16292,1.16192,1.16269,80
2025-10-14T13:00:00.000Z,1.16269,1.16332,1.16246,1.16309,80
2025-10-14T14:00:00.000Z,1.16309,1.16372,1.16286,1.16349,80
2025-10-14T15:00:00.000Z,1.16349,1.16397,1.16326,1.16374,80
2025-10-14T16:00:00.000Z,1.16374,1.16381,1.16351,1.16358,30
2025-10-14T17:00:00.000Z,1.16358,1.16365,1.1634,1.16347,30
2025-10-14T18:00:00.000Z,1.16347,1.16354,1.16329,1.16336,30
2025-10-14T19:00:00.000Z,1.16336,1.16343,1.16322,1.16329,30
2025-10-14T20:00:00.000Z,1.16329,1.16357,1.16207,1.16235,15
2025-10-14T21:00:00.000Z,1.16235,1.16263,1.1613,1.16158,15
2025-10-14T22:00:00.000Z,1.16158,1.16186,1.16054,1.16082,15
2025-10-14T23:00:00.000Z,1.16082,1.1611,1.15995,1.16023,15
2025-10-15T00:00:00.000Z,1.16463,1.16481,1.16457,1.16475,25
2025-10-15T01:00:00.000Z,1.16475,1.1649,1.16469,1.16484,25
2025-10-15T02:00:00.000Z,1.16484,1.16499,1.16478,1.16493,25
2025-10-15T03:00:00.000Z,1.16493,1.16504,1.16487,1.16498,25
2025-10-15T04:00:00.000Z,1.16498,1.16505,1.1648,1.16487,30
2025-10-15T05:00:00.000Z,1.16487,1.16494,1.16473,1.1648,30
2025-10-15T06:00:00.000Z,1.1648,1.16487,1.16466,1.16473,30
2025-10-15T07:00:00.000Z,1.16473,1.1648,1.16463,1.1647,30
2025-10-15T08:00:00.000Z,1.1647,1.16532,1.16453,1.16515,70
2025-10-15T09:00:00.000Z,1.16515,1.16568,1.16498,1.16551,70
2025-10-15T10:00:00.000Z,1.16551,1.16603,1.16534,1.16586,70
2025-10-15T11:00:00.000Z,1.16586,1.16627,1.16569,1.1661,70
2025-10-15T12:00:00.000Z,1.1661,1.16665,1.16595,1.1665,80
2025-10-15T13:00:00.000Z,1.1665,1.16695,1.16635,1.1668,80
2025-10-15T14:00:00.000Z,1.1668,1.16726,1.16665,1.16711,80
2025-10-15T15:00:00.000Z,1.16711,1.16747,1.16696,1.16732,80
2025-10-15T16:00:00.000Z,1.16732,1.16738,1.16714,1.1672,30
2025-10-15T17:00:00.000Z,1.1672,1.16726,1.16705,1.16711,30
2025-10-15T18:00:00.000Z,1.16711,1.16717,1.16696,1.16702,30
2025-10-15T19:00:00.000Z,1.16702,1.16708,1.16691,1.16697,30
2025-10-15T20:00:00.000Z,1.16697,1.16719,1.16603,1.16625,15
2025-10-15T21:00:00.000Z,1.16625,1.16647,1.16545,1.16567,15
2025-10-15T22:00:00.000Z,1.16567,1.16589,1.16486,1.16508,15
2025-10-15T23:00:00.000Z,1.16508,1.1653,1.16441,1.16463,15
2025-10-16T00:00:00.000Z,1.16996,1.17032,1.16985,1.17021,25
2025-10-16T01:00:00.000Z,1.17021,1.17049,1.1701,1.17038,25
2025-10-16T02:00:00.000Z,1.17038,1.17067,1.17027,1.17056,25
2025-10-16T03:00:00.000Z,1.17056,1.17077,1.17045,1.17066,25
2025-10-16T04:00:00.000Z,1.17066,1.17108,1.16984,1.17026,30
2025-10-16T05:00:00.000Z,1.17026,1.17068,1.1697,1.17012,30
2025-10-16T06:00:00.000Z,1.17012,1.17054,1.16956,1.16998,30
2025-10-16T07:00:00.000Z,1.16998,1.17052,1.16956,1.1701,30
2025-10-16T08:00:00.000Z,1.1701,1.17135,1.16976,1.17101,70
2025-10-16T09:00:00.000Z,1.17101,1.17206,1.17067,1.17172,70
2025-10-16T10:00:00.000Z,1.17172,1.17276,1.17138,1.17242,70
2025-10-16T11:00:00.000Z,1.17242,1.17325,1.17208,1.17291,70
2025-10-16T12:00:00.000Z,1.17291,1.17389,1.17269,1.17367,80
2025-10-16T13:00:00.000Z,1.17367,1.1745,1.17345,1.17428,80
2025-10-16T14:00:00.000Z,1.17428,1.17512,1.17406,1.1749,80
2025-10-16T15:00:00.000Z,1.1749,1.17559,1.17468,1.17537,80
2025-10-16T16:00:00.000Z,1.17537,1.17548,1.17501,1.17512,30
2025-10-16T17:00:00.000Z,1.17512,1.17523,1.17484,1.17495,30
2025-10-16T18:00:00.000Z,1.17495,1.17506,1.17467,1.17478,30
2025-10-16T19:00:00.000Z,1.17478,1.17489,1.17456,1.17467,30
2025-10-16T20:00:00.000Z,1.17467,1.1751,1.17279,1.17322,15
2025-10-16T21:00:00.000Z,1.17322,1.17365,1.17161,1.17204,15
2025-10-16T22:00:00.000Z,1.17204,1.17247,1.17044,1.17087,15
2025-10-16T23:00:00.000Z,1.17087,1.1713,1.16953,1.16996,15
2025-10-19T00:00:00.000Z,1.16575,1.16591,1.1657,1.16586,25
2025-10-19T01:00:00.000Z,1.16586,1.16599,1.16581,1.16594,25
2025-10-19T02:00:00.000Z,1.16594,1.16606,1.16589,1.16601,25
2025-10-19T03:00:00.000Z,1.16601,1.16611,1.16596,1.16606,25
2025-10-19T04:00:00.000Z,1.16606,1.16619,1.16578,1.16591,30
2025-10-19T05:00:00.000Z,1.16591,1.16604,1.16572,1.16585,30
2025-10-19T06:00:00.000Z,1.16585,1.16598,1.16566,1.16579,30
2025-10-19T07:00:00.000Z,1.16579,1.16594,1.16566,1.16581,30
2025-10-19T08:00:00.000Z,1.16581,1.16637,1.16566,1.16622,70
2025-10-19T09:00:00.000Z,1.16622,1.16668,1.16607,1.16653,70
2025-10-19T10:00:00.000Z,1.16653,1.16699,1.16638,1.16684,70
2025-10-19T11:00:00.000Z,1.16684,1.16721,1.16669,1.16706,70
2025-10-19T12:00:00.000Z,1.16706,1.1675,1.16696,1.1674,80
2025-10-19T13:00:00.000Z,1.1674,1.16777,1.1673,1.16767,80
2025-10-19T14:00:00.000Z,1.16767,1.16805,1.16757,1.16795,80
2025-10-19T15:00:00.000Z,1.16795,1.16826,1.16785,1.16816,80
2025-10-19T16:00:00.000Z,1.16816,1.16821,1.168,1.16805,30
2025-10-19T17:00:00.000Z,1.16805,1.1681,1.16792,1.16797,30
2025-10-19T18:00:00.000Z,1.16797,1.16802,1.16785,1.1679,30
2025-10-19T19:00:00.000Z,1.1679,1.16795,1.1678,1.16785,30
2025-10-19T20:00:00.000Z,1.16785,1.16804,1.16701,1.1672,15
2025-10-19T21:00:00.000Z,1.1672,1.16739,1.16649,1.16668,15
2025-10-19T22:00:00.000Z,1.16668,1.16687,1.16596,1.16615,15
2025-10-19T23:00:00.000Z,1.16615,1.16634,1.16556,1.16575,15
2025-10-20T00:00:00.000Z,1.16444,1.16473,1.16435,1.16464,25
2025-10-20T01:00:00.000Z,1.16464,1.16488,1.16455,1.16479,25
2025-10-20T02:00:00.000Z,1.16479,1.16502,1.1647,1.16493,25
2025-10-20T03:00:00.000Z,1.16493,1.16511,1.16484,1.16502,25
2025-10-20T04:00:00.000Z,1.16502,1.16546,1.16419,1.16463,30
2025-10-20T05:00:00.000Z,1.16463,1.16507,1.16408,1.16452,30
2025-10-20T06:00:00.000Z,1.16452,1.16496,1.16396,1.1644,30
2025-10-20T07:00:00.000Z,1.1644,1.165,1.16396,1.16456,30
2025-10-20T08:00:00.000Z,1.16456,1.16559,1.16428,1.16531,70
2025-10-20T09:00:00.000Z,1.16531,1.16617,1.16503,1.16589,70
2025-10-20T10:00:00.000Z,1.16589,1.16675,1.16561,1.16647,70
2025-10-20T11:00:00.000Z,1.16647,1.16715,1.16619,1.16687,70
2025-10-20T12:00:00.000Z,1.16687,1.16768,1.16668,1.16749,80
2025-10-20T13:00:00.000Z,1.16749,1.16819,1.1673,1.168,80
2025-10-20T14:00:00.000Z,1.168,1.1687,1.16781,1.16851,80
2025-10-20T15:00:00.000Z,1.16851,1.16909,1.16832,1.1689,80
2025-10-20T16:00:00.000Z,1.1689,1.16899,1.16861,1.1687,30
2025-10-20T17:00:00.000Z,1.1687,1.16879,1.16846,1.16855,30
2025-10-20T18:00:00.000Z,1.16855,1.16864,1.16832,1.16841,30
2025-10-20T19:00:00.000Z,1.16841,1.1685,1.16823,1.16832,30
2025-10-20T20:00:00.000Z,1.16832,1.16868,1.16677,1.16713,15
2025-10-20T21:00:00.000Z,1.16713,1.16749,1.1658,1.16616,15
2025-10-20T22:00:00.000Z,1.16616,1.16652,1.16483,1.16519,15
2025-10-20T23:00:00.000Z,1.16519,1.16555,1.16408,1.16444,15
2025-10-21T00:00:00.000Z,1.16004,1.16024,1.15998,1.16018,25
2025-10-21T01:00:00.000Z,1.16018,1.16033,1.16012,1.16027,25
2025-10-21T02:00:00.000Z,1.16027,1.16043,1.16021,1.16037,25
2025-10-21T03:00:00.000Z,1.16037,1.16049,1.16031,1.16043,25
2025-10-21T04:00:00.000Z,1.16043,1.16066,1.15998,1.16021,30
2025-10-21T05:00:00.000Z,1.16021,1.16044,1.1599,1.16013,30
2025-10-21T06:00:00.000Z,1.16013,1.16036,1.15983,1.16006,30
2025-10-21T07:00:00.000Z,1.16006,1.16035,1.15983,1.16012,30
2025-10-21T08:00:00.000Z,1.16012,1.16081,1.15993,1.16062,70
2025-10-21T09:00:00.000Z,1.16062,1.1612,1.16043,1.16101,70
2025-10-21T10:00:00.000Z,1.16101,1.16159,1.16082,1.1614,70
2025-10-21T11:00:00.000Z,1.1614,1.16186,1.16121,1.16167,70
2025-10-21T12:00:00.000Z,1.16167,1.16221,1.16155,1.16209,80
2025-10-21T13:00:00.000Z,1.16209,1.16255,1.16197,1.16243,80
2025-10-21T14:00:00.000Z,1.16243,1.16289,1.16231,1.16277,80
2025-10-21T15:00:00.000Z,1.16277,1.16315,1.16265,1.16303,80
2025-10-21T16:00:00.000Z,1.16303,1.16309,1.16283,1.16289,30
2025-10-21T17:00:00.000Z,1.16289,1.16295,1.16274,1.1628,30
2025-10-21T18:00:00.000Z,1.1628,1.16286,1.16264,1.1627,30
2025-10-21T19:00:00.000Z,1.1627,1.16276,1.16258,1.16264,30
2025-10-21T20:00:00.000Z,1.16264,1.16288,1.1616,1.16184,15
2025-10-21T21:00:00.000Z,1.16184,1.16208,1.16095,1.16119,15
2025-10-21T22:00:00.000Z,1.16119,1.16143,1.1603,1.16054,15
2025-10-21T23:00:00.000Z,1.16054,1.16078,1.1598,1.16004,15
2025-10-22T00:00:00.000Z,1.16085,1.16103,1.16079,1.16097,25
2025-10-22T01:00:00.000Z,1.16097,1.16111,1.16091,1.16105,25
2025-10-22T02:00:00.000Z,1.16105,1.1612,1.16099,1.16114,25
2025-10-22T03:00:00.000Z,1.16114,1.16125,1.16108,1.16119,25
2025-10-22T04:00:00.000Z,1.16119,1.16141,1.16077,1.16099,30
2025-10-22T05:00:00.000Z,1.16099,1.16121,1.1607,1.16092,30
2025-10-22T06:00:00.000Z,1.16092,1.16114,1.16063,1.16085,30
2025-10-22T07:00:00.000Z,1.16085,1.16114,1.16063,1.16092,30
2025-10-22T08:00:00.000Z,1.16092,1.16154,1.16075,1.16137,70
2025-10-22T09:00:00.000Z,1.16137,1.16189,1.1612,1.16172,70
2025-10-22T10:00:00.000Z,1.16172,1.16224,1.16155,1.16207,70
2025-10-22T11:00:00.000Z,1.16207,1.16248,1.1619,1.16231,70
2025-10-22T12:00:00.000Z,1.16231,1.16279,1.1622,1.16268,80
2025-10-22T13:00:00.000Z,1.16268,1.16309,1.16257,1.16298,80
2025-10-22T14:00:00.000Z,1.16298,1.1634,1.16287,1.16329,80
2025-10-22T15:00:00.000Z,1.16329,1.16363,1.16318,1.16352,80
2025-10-22T16:00:00.000Z,1.16352,1.16358,1.16334,1.1634,30
2025-10-22T17:00:00.000Z,1.1634,1.16346,1.16325,1.16331,30
2025-10-22T18:00:00.000Z,1.16331,1.16337,1.16316,1.16322,30
2025-10-22T19:00:00.000Z,1.16322,1.16328,1.16311,1.16317,30
2025-10-22T20:00:00.000Z,1.16317,1.16338,1.16225,1.16246,15
2025-10-22T21:00:00.000Z,1.16246,1.16267,1.16167,1.16188,15
2025-10-22T22:00:00.000Z,1.16188,1.16209,1.16109,1.1613,15
2025-10-22T23:00:00.000Z,1.1613,1.16151,1.16064,1.16085,15
2025-10-23T00:00:00.000Z,1.1618,1.16203,1.16173,1.16196,25
2025-10-23T01:00:00.000Z,1.16196,1.16215,1.16189,1.16208,25
2025-10-23T02:00:00.000Z,1.16208,1.16226,1.16201,1.16219,25
2025-10-23T03:00:00.000Z,1.16219,1.16233,1.16212,1.16226,25
2025-10-23T04:00:00.000Z,1.16226,1.16245,1.16186,1.16205,30
2025-10-23T05:00:00.000Z,1.16205,1.16224,1.16177,1.16196,30
2025-10-23T06:00:00.000Z,1.16196,1.16215,1.16168,1.16187,30
2025-10-23T07:00:00.000Z,1.16187,1.16209,1.16168,1.1619,30
2025-10-23T08:00:00.000Z,1.1619,1.16271,1.16168,1.16249,70
2025-10-23T09:00:00.000Z,1.16249,1.16317,1.16227,1.16295,70
2025-10-23T10:00:00.000Z,1.16295,1.16363,1.16273,1.16341,70
2025-10-23T11:00:00.000Z,1.16341,1.16395,1.16319,1.16373,70
2025-10-23T12:00:00.000Z,1.16373,1.16437,1.16358,1.16422,80
2025-10-23T13:00:00.000Z,1.16422,1.16478,1.16407,1.16463,80
2025-10-23T14:00:00.000Z,1.16463,1.16518,1.16448,1.16503,80
2025-10-23T15:00:00.000Z,1.16503,1.16549,1.16488,1.16534,80
2025-10-23T16:00:00.000Z,1.16534,1.16541,1.16511,1.16518,30
2025-10-23T17:00:00.000Z,1.16518,1.16525,1.16499,1.16506,30
2025-10-23T18:00:00.000Z,1.16506,1.16513,1.16488,1.16495,30
2025-10-23T19:00:00.000Z,1.16495,1.16502,1.16481,1.16488,30
2025-10-23T20:00:00.000Z,1.16488,1.16516,1.16365,1.16393,15
2025-10-23T21:00:00.000Z,1.16393,1.16421,1.16288,1.16316,15
2025-10-23T22:00:00.000Z,1.16316,1.16344,1.16211,1.16239,15
2025-10-23T23:00:00.000Z,1.16239,1.16267,1.16152,1.1618,15
2025-10-27T00:00:00.000Z,1.16317,1.16333,1.16312,1.16328,25
2025-10-27T01:00:00.000Z,1.16328,1.16341,1.16323,1.16336,25
2025-10-27T02:00:00.000Z,1.16336,1.16348,1.16331,1.16343,25
2025-10-27T03:00:00.000Z,1.16343,1.16353,1.16338,1.16348,25
2025-10-27T04:00:00.000Z,1.16348,1.16362,1.16319,1.16333,30
2025-10-27T05:00:00.000Z,1.16333,1.16347,1.16313,1.16327,30
2025-10-27T06:00:00.000Z,1.16327,1.16341,1.16306,1.1632,30
2025-10-27T07:00:00.000Z,1.1632,1.16337,1.16306,1.16323,30
2025-10-27T08:00:00.000Z,1.16323,1.16378,1.16308,1.16363,70
2025-10-27T09:00:00.000Z,1.16363,1.16409,1.16348,1.16394,70
2025-10-27T10:00:00.000Z,1.16394,1.1644,1.16379,1.16425,70
2025-10-27T11:00:00.000Z,1.16425,1.16462,1.1641,1.16447,70
2025-10-27T12:00:00.000Z,1.16447,1.1649,1.16437,1.1648,80
2025-10-27T13:00:00.000Z,1.1648,1.16517,1.1647,1.16507,80
2025-10-27T14:00:00.000Z,1.16507,1.16544,1.16497,1.16534,80
2025-10-27T15:00:00.000Z,1.16534,1.16565,1.16524,1.16555,80
2025-10-27T16:00:00.000Z,1.16555,1.1656,1.16539,1.16544,30
2025-10-27T17:00:00.000Z,1.16544,1.16549,1.16531,1.16536,30
2025-10-27T18:00:00.000Z,1.16536,1.16541,1.16524,1.16529,30
2025-10-27T19:00:00.000Z,1.16529,1.16534,1.16519,1.16524,30
2025-10-27T20:00:00.000Z,1.16524,1.16543,1.16441,1.1646,15
2025-10-27T21:00:00.000Z,1.1646,1.16479,1.1639,1.16409,15
2025-10-27T22:00:00.000Z,1.16409,1.16428,1.16338,1.16357,15
2025-10-27T23:00:00.000Z,1.16357,1.16376,1.16298,1.16317,15
2025-10-28T00:00:00.000Z,1.16518,1.16539,1.16511,1.16532,25
2025-10-28T01:00:00.000Z,1.16532,1.16549,1.16525,1.16542,25
2025-10-28T02:00:00.000Z,1.16542,1.16559,1.16535,1.16552,25
2025-10-28T03:00:00.000Z,1.16552,1.16565,1.16545,1.16558,25
2025-10-28T04:00:00.000Z,1.16558,1.16582,1.16511,1.16535,30
2025-10-28T05:00:00.000Z,1.16535,1.16559,1.16503,1.16527,30
2025-10-28T06:00:00.000Z,1.16527,1.16551,1.16495,1.16519,30
2025-10-28T07:00:00.000Z,1.16519,1.1655,1.16495,1.16526,30
2025-10-28T08:00:00.000Z,1.16526,1.16599,1.16506,1.16579,70
2025-10-28T09:00:00.000Z,1.16579,1.16639,1.16559,1.16619,70
2025-10-28T10:00:00.000Z,1.16619,1.1668,1.16599,1.1666,70
2025-10-28T11:00:00.000Z,1.1666,1.16708,1.1664,1.16688,70
2025-10-28T12:00:00.000Z,1.16688,1.16745,1.16675,1.16732,80
2025-10-28T13:00:00.000Z,1.16732,1.16781,1.16719,1.16768,80
2025-10-28T14:00:00.000Z,1.16768,1.16816,1.16755,1.16803,80
2025-10-28T15:00:00.000Z,1.16803,1.16844,1.1679,1.16831,80
2025-10-28T16:00:00.000Z,1.16831,1.16837,1.16811,1.16817,30
2025-10-28T17:00:00.000Z,1.16817,1.16823,1.168,1.16806,30
2025-10-28T18:00:00.000Z,1.16806,1.16812,1.1679,1.16796,30
2025-10-28T19:00:00.000Z,1.16796,1.16802,1.16784,1.1679,30
2025-10-28T20:00:00.000Z,1.1679,1.16815,1.16681,1.16706,15
2025-10-28T21:00:00.000Z,1.16706,1.16731,1.16613,1.16638,15
2025-10-28T22:00:00.000Z,1.16638,1.16663,1.16545,1.1657,15
2025-10-28T23:00:00.000Z,1.1657,1.16595,1.16493,1.16518,15
2025-10-29T00:00:00.000Z,1.16579,1.16602,1.16572,1.16595,25
2025-10-29T01:00:00.000Z,1.16595,1.16614,1.16588,1.16607,25
2025-10-29T02:00:00.000Z,1.16607,1.16625,1.166,1.16618,25
2025-10-29T03:00:00.000Z,1.16618,1.16632,1.16611,1.16625,25
2025-10-29T04:00:00.000Z,1.16625,1.16661,1.16557,1.16593,30
2025-10-29T05:00:00.000Z,1.16593,1.16629,1.16548,1.16584,30
2025-10-29T06:00:00.000Z,1.16584,1.1662,1.16539,1.16575,30
2025-10-29T07:00:00.000Z,1.16575,1.16624,1.16539,1.16588,30
2025-10-29T08:00:00.000Z,1.16588,1.1667,1.16566,1.16648,70
2025-10-29T09:00:00.000Z,1.16648,1.16716,1.16626,1.16694,70
2025-10-29T10:00:00.000Z,1.16694,1.16762,1.16672,1.1674,70
2025-10-29T11:00:00.000Z,1.1674,1.16794,1.16718,1.16772,70
2025-10-29T12:00:00.000Z,1.16772,1.16837,1.16757,1.16822,80
2025-10-29T13:00:00.000Z,1.16822,1.16877,1.16807,1.16862,80
2025-10-29T14:00:00.000Z,1.16862,1.16918,1.16847,1.16903,80
2025-10-29T15:00:00.000Z,1.16903,1.16949,1.16888,1.16934,80
2025-10-29T16:00:00.000Z,1.16934,1.16941,1.16911,1.16918,30
2025-10-29T17:00:00.000Z,1.16918,1.16925,1.16899,1.16906,30
2025-10-29T18:00:00.000Z,1.16906,1.16913,1.16887,1.16894,30
2025-10-29T19:00:00.000Z,1.16894,1.16901,1.1688,1.16887,30
2025-10-29T20:00:00.000Z,1.16887,1.16915,1.16764,1.16792,15
2025-10-29T21:00:00.000Z,1.16792,1.1682,1.16687,1.16715,15
2025-10-29T22:00:00.000Z,1.16715,1.16743,1.1661,1.16638,15
2025-10-29T23:00:00.000Z,1.16638,1.16666,1.16551,1.16579,15
2025-10-30T00:00:00.000Z,1.16034,1.16078,1.1602,1.16064,25
2025-10-30T01:00:00.000Z,1.16064,1.161,1.1605,1.16086,25
2025-10-30T02:00:00.000Z,1.16086,1.16122,1.16072,1.16108,25
2025-10-30T03:00:00.000Z,1.16108,1.16135,1.16094,1.16121,25
2025-10-30T04:00:00.000Z,1.16121,1.16176,1.16014,1.16069,30
2025-10-30T05:00:00.000Z,1.16069,1.16124,1.15997,1.16052,30
2025-10-30T06:00:00.000Z,1.16052,1.16107,1.15979,1.16034,30
2025-10-30T07:00:00.000Z,1.16034,1.16106,1.15979,1.16051,30
2025-10-30T08:00:00.000Z,1.16051,1.16206,1.16009,1.16164,70
2025-10-30T09:00:00.000Z,1.16164,1.16293,1.16122,1.16251,70
2025-10-30T10:00:00.000Z,1.16251,1.1638,1.16209,1.16338,70
2025-10-30T11:00:00.000Z,1.16338,1.16441,1.16296,1.16399,70
2025-10-30T12:00:00.000Z,1.16399,1.16521,1.16371,1.16493,80
2025-10-30T13:00:00.000Z,1.16493,1.16597,1.16465,1.16569,80
2025-10-30T14:00:00.000Z,1.16569,1.16673,1.16541,1.16645,80
2025-10-30T15:00:00.000Z,1.16645,1.16732,1.16617,1.16704,80
2025-10-30T16:00:00.000Z,1.16704,1.16718,1.1666,1.16674,30
2025-10-30T17:00:00.000Z,1.16674,1.16688,1.16638,1.16652,30
2025-10-30T18:00:00.000Z,1.16652,1.16666,1.16616,1.1663,30
2025-10-30T19:00:00.000Z,1.1663,1.16644,1.16603,1.16617,30
2025-10-30T20:00:00.000Z,1.16617,1.16671,1.16384,1.16438,15
2025-10-30T21:00:00.000Z,1.16438,1.16492,1.16238,1.16292,15
2025-10-30T22:00:00.000Z,1.16292,1.16346,1.16092,1.16146,15
2025-10-30T23:00:00.000Z,1.16146,1.162,1.1598,1.16034,15
2025-10-31T00:00:00.000Z,1.15725,1.15753,1.15716,1.15744,25
2025-10-31T01:00:00.000Z,1.15744,1.15766,1.15735,1.15757,25
2025-10-31T02:00:00.000Z,1.15757,1.1578,1.15748,1.15771,25
2025-10-31T03:00:00.000Z,1.15771,1.15788,1.15762,1.15779,25
2025-10-31T04:00:00.000Z,1.15779,1.15824,1.15695,1.1574,30
2025-10-31T05:00:00.000Z,1.1574,1.15785,1.15684,1.15729,30
2025-10-31T06:00:00.000Z,1.15729,1.15774,1.15673,1.15718,30
2025-10-31T07:00:00.000Z,1.15718,1.1578,1.15673,1.15735,30
2025-10-31T08:00:00.000Z,1.15735,1.15832,1.15709,1.15806,70
2025-10-31T09:00:00.000Z,1.15806,1.15886,1.1578,1.1586,70
2025-10-31T10:00:00.000Z,1.1586,1.1594,1.15834,1.15914,70
2025-10-31T11:00:00.000Z,1.15914,1.15978,1.15888,1.15952,70
2025-10-31T12:00:00.000Z,1.15952,1.16027,1.15935,1.1601,80
2025-10-31T13:00:00.000Z,1.1601,1.16074,1.15993,1.16057,80
2025-10-31T14:00:00.000Z,1.16057,1.16122,1.1604,1.16105,80
2025-10-31T15:00:00.000Z,1.16105,1.16158,1.16088,1.16141,80
2025-10-31T16:00:00.000Z,1.16141,1.1615,1.16113,1.16122,30
2025-10-31T17:00:00.000Z,1.16122,1.16131,1.161,1.16109,30
2025-10-31T18:00:00.000Z,1.16109,1.16118,1.16086,1.16095,30
2025-10-31T19:00:00.000Z,1.16095,1.16104,1.16078,1.16087,30
2025-10-31T20:00:00.000Z,1.16087,1.1612,1.15943,1.15976,15
2025-10-31T21:00:00.000Z,1.15976,1.16009,1.15852,1.15885,15
2025-10-31T22:00:00.000Z,1.15885,1.15918,1.15762,1.15795,15
2025-10-31T23:00:00.000Z,1.15795,1.15828,1.15692,1.15725,15
2025-11-03T00:00:00.000Z,1.1528,1.15299,1.15274,1.15293,25
2025-11-03T01:00:00.000Z,1.15293,1.15308,1.15287,1.15302,25
2025-11-03T02:00:00.000Z,1.15302,1.15317,1.15296,1.15311,25
2025-11-03T03:00:00.000Z,1.15311,1.15322,1.15305,1.15316,25
2025-11-03T04:00:00.000Z,1.15316,1.15338,1.15273,1.15295,30
2025-11-03T05:00:00.000Z,1.15295,1.15317,1.15266,1.15288,30
2025-11-03T06:00:00.000Z,1.15288,1.1531,1.15259,1.15281,30
2025-11-03T07:00:00.000Z,1.15281,1.1531,1.15259,1.15288,30
2025-11-03T08:00:00.000Z,1.15288,1.15351,1.15271,1.15334,70
2025-11-03T09:00:00.000Z,1.15334,1.15387,1.15317,1.1537,70
2025-11-03T10:00:00.000Z,1.1537,1.15423,1.15353,1.15406,70
2025-11-03T11:00:00.000Z,1.15406,1.15448,1.15389,1.15431,70
2025-11-03T12:00:00.000Z,1.15431,1.15482,1.15419,1.1547,80
2025-11-03T13:00:00.000Z,1.1547,1.15513,1.15458,1.15501,80
2025-11-03T14:00:00.000Z,1.15501,1.15545,1.15489,1.15533,80
2025-11-03T15:00:00.000Z,1.15533,1.15569,1.15521,1.15557,80
2025-11-03T16:00:00.000Z,1.15557,1.15563,1.15538,1.15544,30
2025-11-03T17:00:00.000Z,1.15544,1.1555,1.15529,1.15535,30
2025-11-03T18:00:00.000Z,1.15535,1.15541,1.1552,1.15526,30
2025-11-03T19:00:00.000Z,1.15526,1.15532,1.15515,1.15521,30
2025-11-03T20:00:00.000Z,1.15521,1.15543,1.15425,1.15447,15
2025-11-03T21:00:00.000Z,1.15447,1.15469,1.15365,1.15387,15
2025-11-03T22:00:00.000Z,1.15387,1.15409,1.15304,1.15326,15
2025-11-03T23:00:00.000Z,1.15326,1.15348,1.15258,1.1528,15
2025-11-04T00:00:00.000Z,1.15191,1.15222,1.15181,1.15212,25
2025-11-04T01:00:00.000Z,1.15212,1.15237,1.15202,1.15227,25
2025-11-04T02:00:00.000Z,1.15227,1.15252,1.15217,1.15242,25
2025-11-04T03:00:00.000Z,1.15242,1.15261,1.15232,1.15251,25
2025-11-04T04:00:00.000Z,1.15251,1.15295,1.15168,1.15212,30
2025-11-04T05:00:00.000Z,1.15212,1.15256,1.15156,1.152,30
2025-11-04T06:00:00.000Z,1.152,1.15244,1.15144,1.15188,30
2025-11-04T07:00:00.000Z,1.15188,1.15247,1.15144,1.15203,30
2025-11-04T08:00:00.000Z,1.15203,1.15308,1.15175,1.1528,70
2025-11-04T09:00:00.000Z,1.1528,1.15368,1.15252,1.1534,70
2025-11-04T10:00:00.000Z,1.1534,1.15427,1.15312,1.15399,70
2025-11-04T11:00:00.000Z,1.15399,1.15469,1.15371,1.15441,70
2025-11-04T12:00:00.000Z,1.15441,1.15524,1.15422,1.15505,80
2025-11-04T13:00:00.000Z,1.15505,1.15576,1.15486,1.15557,80
2025-11-04T14:00:00.000Z,1.15557,1.15628,1.15538,1.15609,80
2025-11-04T15:00:00.000Z,1.15609,1.15668,1.1559,1.15649,80
2025-11-04T16:00:00.000Z,1.15649,1.15659,1.15618,1.15628,30
2025-11-04T17:00:00.000Z,1.15628,1.15638,1.15604,1.15614,30
2025-11-04T18:00:00.000Z,1.15614,1.15624,1.15589,1.15599,30
2025-11-04T19:00:00.000Z,1.15599,1.15609,1.1558,1.1559,30
2025-11-04T20:00:00.000Z,1.1559,1.15627,1.1543,1.15467,15
2025-11-04T21:00:00.000Z,1.15467,1.15504,1.15331,1.15368,15
2025-11-04T22:00:00.000Z,1.15368,1.15405,1.15231,1.15268,15
2025-11-04T23:00:00.000Z,1.15268,1.15305,1.15154,1.15191,15
2025-11-05T00:00:00.000Z,1.14855,1.14869,1.14851,1.14865,25
2025-11-05T01:00:00.000Z,1.14865,1.14876,1.14861,1.14872,25
2025-11-05T02:00:00.000Z,1.14872,1.14883,1.14868,1.14879,25
2025-11-05T03:00:00.000Z,1.14879,1.14887,1.14875,1.14883,25
2025-11-05T04:00:00.000Z,1.14883,1.14899,1.14852,1.14868,30
2025-11-05T05:00:00.000Z,1.14868,1.14884,1.14846,1.14862,30
2025-11-05T06:00:00.000Z,1.14862,1.14878,1.14841,1.14857,30
2025-11-05T07:00:00.000Z,1.14857,1.14877,1.14841,1.14861,30
2025-11-05T08:00:00.000Z,1.14861,1.1491,1.14848,1.14897,70
2025-11-05T09:00:00.000Z,1.14897,1.14938,1.14884,1.14925,70
2025-11-05T10:00:00.000Z,1.14925,1.14966,1.14912,1.14953,70
2025-11-05T11:00:00.000Z,1.14953,1.14985,1.1494,1.14972,70
2025-11-05T12:00:00.000Z,1.14972,1.15011,1.14963,1.15002,80
2025-11-05T13:00:00.000Z,1.15002,1.15036,1.14993,1.15027,80
2025-11-05T14:00:00.000Z,1.15027,1.1506,1.15018,1.15051,80
2025-11-05T15:00:00.000Z,1.15051,1.15079,1.15042,1.1507,80
2025-11-05T16:00:00.000Z,1.1507,1.15074,1.15056,1.1506,30
2025-11-05T17:00:00.000Z,1.1506,1.15064,1.15049,1.15053,30
2025-11-05T18:00:00.000Z,1.15053,1.15057,1.15042,1.15046,30
2025-11-05T19:00:00.000Z,1.15046,1.1505,1.15038,1.15042,30
2025-11-05T20:00:00.000Z,1.15042,1.15059,1.14968,1.14985,15
2025-11-05T21:00:00.000Z,1.14985,1.15002,1.14921,1.14938,15
2025-11-05T22:00:00.000Z,1.14938,1.14955,1.14874,1.14891,15
2025-11-05T23:00:00.000Z,1.14891,1.14908,1.14838,1.14855,15
2025-11-06T00:00:00.000Z,1.14968,1.14993,1.1496,1.14985,25
2025-11-06T01:00:00.000Z,1.14985,1.15005,1.14977,1.14997,25
2025-11-06T02:00:00.000Z,1.14997,1.15018,1.14989,1.1501,25
2025-11-06T03:00:00.000Z,1.1501,1.15025,1.15002,1.15017,25
2025-11-06T04:00:00.000Z,1.15017,1.15025,1.14994,1.15002,30
2025-11-06T05:00:00.000Z,1.15002,1.1501,1.14984,1.14992,30
2025-11-06T06:00:00.000Z,1.14992,1.15,1.14974,1.14982,30
2025-11-06T07:00:00.000Z,1.14982,1.1499,1.14969,1.14977,30
2025-11-06T08:00:00.000Z,1.14977,1.15065,1.14953,1.15041,70
2025-11-06T09:00:00.000Z,1.15041,1.15114,1.15017,1.1509,70
2025-11-06T10:00:00.000Z,1.1509,1.15163,1.15066,1.15139,70
2025-11-06T11:00:00.000Z,1.15139,1.15198,1.15115,1.15174,70
2025-11-06T12:00:00.000Z,1.15174,1.15253,1.15152,1.15231,80
2025-11-06T13:00:00.000Z,1.15231,1.15296,1.15209,1.15274,80
2025-11-06T14:00:00.000Z,1.15274,1.15339,1.15252,1.15317,80
2025-11-06T15:00:00.000Z,1.15317,1.15368,1.15295,1.15346,80
2025-11-06T16:00:00.000Z,1.15346,1.15354,1.15321,1.15329,30
2025-11-06T17:00:00.000Z,1.15329,1.15337,1.15309,1.15317,30
2025-11-06T18:00:00.000Z,1.15317,1.15325,1.15296,1.15304,30
2025-11-06T19:00:00.000Z,1.15304,1.15312,1.15289,1.15297,30
2025-11-06T20:00:00.000Z,1.15297,1.15327,1.15166,1.15196,15
2025-11-06T21:00:00.000Z,1.15196,1.15226,1.15084,1.15114,15
2025-11-06T22:00:00.000Z,1.15114,1.15144,1.15001,1.15031,15
2025-11-06T23:00:00.000Z,1.15031,1.15061,1.14938,1.14968,15
2025-11-07T00:00:00.000Z,1.15492,1.15523,1.15482,1.15513,25
2025-11-07T01:00:00.000Z,1.15513,1.15538,1.15503,1.15528,25
2025-11-07T02:00:00.000Z,1.15528,1.15553,1.15518,1.15543,25
2025-11-07T03:00:00.000Z,1.15543,1.15562,1.15533,1.15552,25
2025-11-07T04:00:00.000Z,1.15552,1.15574,1.15504,1.15526,30
2025-11-07T05:00:00.000Z,1.15526,1.15548,1.15492,1.15514,30
2025-11-07T06:00:00.000Z,1.15514,1.15536,1.1548,1.15502,30
2025-11-07T07:00:00.000Z,1.15502,1.15526,1.1548,1.15504,30
2025-11-07T08:00:00.000Z,1.15504,1.15609,1.15476,1.15581,70
2025-11-07T09:00:00.000Z,1.15581,1.15669,1.15553,1.15641,70
2025-11-07T10:00:00.000Z,1.15641,1.15728,1.15613,1.157,70
2025-11-07T11:00:00.000Z,1.157,1.1577,1.15672,1.15742,70
2025-11-07T12:00:00.000Z,1.15742,1.15825,1.15723,1.15806,80
2025-11-07T13:00:00.000Z,1.15806,1.15877,1.15787,1.15858,80
2025-11-07T14:00:00.000Z,1.15858,1.15929,1.15839,1.1591,80
2025-11-07T15:00:00.000Z,1.1591,1.15969,1.15891,1.1595,80
2025-11-07T16:00:00.000Z,1.1595,1.1596,1.15919,1.15929,30
2025-11-07T17:00:00.000Z,1.15929,1.15939,1.15905,1.15915,30
2025-11-07T18:00:00.000Z,1.15915,1.15925,1.1589,1.159,30
2025-11-07T19:00:00.000Z,1.159,1.1591,1.15881,1.15891,30
2025-11-07T20:00:00.000Z,1.15891,1.15928,1.15731,1.15768,15
2025-11-07T21:00:00.000Z,1.15768,1.15805,1.15632,1.15669,15
2025-11-07T22:00:00.000Z,1.15669,1.15706,1.15532,1.15569,15
2025-11-07T23:00:00.000Z,1.15569,1.15606,1.15455,1.15492,15
2025-11-10T00:00:00.000Z,1.15545,1.15551,1.15526,1.15532,25
2025-11-10T01:00:00.000Z,1.15532,1.15538,1.15516,1.15522,25
2025-11-10T02:00:00.000Z,1.15522,1.15528,1.15507,1.15513,25
2025-11-10T03:00:00.000Z,1.15513,1.15519,1.15501,1.15507,25
2025-11-10T04:00:00.000Z,1.15507,1.15559,1.1548,1.15532,30
2025-11-10T05:00:00.000Z,1.15532,1.15566,1.15505,1.15539,30
2025-11-10T06:00:00.000Z,1.15539,1.15574,1.15512,1.15547,30
2025-11-10T07:00:00.000Z,1.15547,1.15574,1.15511,1.15538,30
2025-11-10T08:00:00.000Z,1.15538,1.15556,1.1547,1.15488,70
2025-11-10T09:00:00.000Z,1.15488,1.15506,1.15431,1.15449,70
2025-11-10T10:00:00.000Z,1.15449,1.15467,1.15393,1.15411,70
2025-11-10T11:00:00.000Z,1.15411,1.15429,1.15366,1.15384,70
2025-11-10T12:00:00.000Z,1.15384,1.15396,1.15331,1.15343,80
2025-11-10T13:00:00.000Z,1.15343,1.15355,1.15297,1.15309,80
2025-11-10T14:00:00.000Z,1.15309,1.15321,1.15263,1.15275,80
2025-11-10T15:00:00.000Z,1.15275,1.15287,1.15237,1.15249,80
2025-11-10T16:00:00.000Z,1.15249,1.15268,1.15243,1.15262,30
2025-11-10T17:00:00.000Z,1.15262,1.15278,1.15256,1.15272,30
2025-11-10T18:00:00.000Z,1.15272,1.15287,1.15266,1.15281,30
2025-11-10T19:00:00.000Z,1.15281,1.15293,1.15275,1.15287,30
2025-11-10T20:00:00.000Z,1.15287,1.1535,1.15272,1.15335,15
2025-11-10T21:00:00.000Z,1.15335,1.15388,1.1532,1.15373,15
2025-11-10T22:00:00.000Z,1.15373,1.15425,1.15358,1.1541,15
2025-11-10T23:00:00.000Z,1.1541,1.15454,1.15395,1.15439,15
2025-11-11T00:00:00.000Z,1.15574,1.15583,1.15544,1.15553,25
2025-11-11T01:00:00.000Z,1.15553,1.15562,1.1553,1.15539,25
2025-11-11T02:00:00.000Z,1.15539,1.15548,1.15515,1.15524,25
2025-11-11T03:00:00.000Z,1.15524,1.15533,1.15506,1.15515,25
2025-11-11T04:00:00.000Z,1.15515,1.15602,1.15469,1.15556,30
2025-11-11T05:00:00.000Z,1.15556,1.15613,1.1551,1.15567,30
2025-11-11T06:00:00.000Z,1.15567,1.15625,1.15521,1.15579,30
2025-11-11T07:00:00.000Z,1.15579,1.15625,1.15516,1.15562,30
2025-11-11T08:00:00.000Z,1.15562,1.1559,1.15458,1.15486,70
2025-11-11T09:00:00.000Z,1.15486,1.15514,1.154,1.15428,70
2025-11-11T10:00:00.000Z,1.15428,1.15456,1.15342,1.1537,70
2025-11-11T11:00:00.000Z,1.1537,1.15398,1.15301,1.15329,70
2025-11-11T12:00:00.000Z,1.15329,1.15348,1.15248,1.15267,80
2025-11-11T13:00:00.000Z,1.15267,1.15286,1.15197,1.15216,80
2025-11-11T14:00:00.000Z,1.15216,1.15235,1.15146,1.15165,80
2025-11-11T15:00:00.000Z,1.15165,1.15184,1.15107,1.15126,80
2025-11-11T16:00:00.000Z,1.15126,1.15155,1.15117,1.15146,30
2025-11-11T17:00:00.000Z,1.15146,1.1517,1.15137,1.15161,30
2025-11-11T18:00:00.000Z,1.15161,1.15184,1.15152,1.15175,30
2025-11-11T19:00:00.000Z,1.15175,1.15193,1.15166,1.15184,30
2025-11-11T20:00:00.000Z,1.15184,1.15339,1.15148,1.15303,15
2025-11-11T21:00:00.000Z,1.15303,1.15436,1.15267,1.154,15
2025-11-11T22:00:00.000Z,1.154,1.15533,1.15364,1.15497,15
2025-11-11T23:00:00.000Z,1.15497,1.15608,1.15461,1.15572,15
2025-11-12T00:00:00.000Z,1.15888,1.15894,1.1587,1.15876,25
2025-11-12T01:00:00.000Z,1.15876,1.15882,1.15861,1.15867,25
2025-11-12T02:00:00.000Z,1.15867,1.15873,1.15853,1.15859,25
2025-11-12T03:00:00.000Z,1.15859,1.15865,1.15848,1.15854,25
2025-11-12T04:00:00.000Z,1.15854,1.1588,1.15842,1.15868,30
2025-11-12T05:00:00.000Z,1.15868,1.15887,1.15856,1.15875,30
2025-11-12T06:00:00.000Z,1.15875,1.15893,1.15863,1.15881,30
2025-11-12T07:00:00.000Z,1.15881,1.15893,1.15869,1.15881,30
2025-11-12T08:00:00.000Z,1.15881,1.15898,1.15819,1.15836,70
2025-11-12T09:00:00.000Z,1.15836,1.15853,1.15784,1.15801,70
2025-11-12T10:00:00.000Z,1.15801,1.15818,1.15749,1.15766,70
2025-11-12T11:00:00.000Z,1.15766,1.15783,1.15725,1.15742,70
2025-11-12T12:00:00.000Z,1.15742,1.15753,1.15694,1.15705,80
2025-11-12T13:00:00.000Z,1.15705,1.15716,1.15664,1.15675,80
2025-11-12T14:00:00.000Z,1.15675,1.15686,1.15633,1.15644,80
2025-11-12T15:00:00.000Z,1.15644,1.15655,1.1561,1.15621,80
2025-11-12T16:00:00.000Z,1.15621,1.15639,1.15615,1.15633,30
2025-11-12T17:00:00.000Z,1.15633,1.15648,1.15627,1.15642,30
2025-11-12T18:00:00.000Z,1.15642,1.15657,1.15636,1.15651,30
2025-11-12T19:00:00.000Z,1.15651,1.15662,1.15645,1.15656,30
2025-11-12T20:00:00.000Z,1.15656,1.15743,1.15636,1.15723,15
2025-11-12T21:00:00.000Z,1.15723,1.15798,1.15703,1.15778,15
2025-11-12T22:00:00.000Z,1.15778,1.15853,1.15758,1.15833,15
2025-11-12T23:00:00.000Z,1.15833,1.15895,1.15813,1.15875,15
2025-11-13T00:00:00.000Z,1.15925,1.15936,1.1589,1.15901,25
2025-11-13T01:00:00.000Z,1.15901,1.15912,1.15872,1.15883,25
2025-11-13T02:00:00.000Z,1.15883,1.15894,1.15855,1.15866,25
2025-11-13T03:00:00.000Z,1.15866,1.15877,1.15844,1.15855,25
2025-11-13T04:00:00.000Z,1.15855,1.15957,1.15801,1.15903,30
2025-11-13T05:00:00.000Z,1.15903,1.15971,1.15849,1.15917,30
2025-11-13T06:00:00.000Z,1.15917,1.15985,1.15863,1.15931,30
2025-11-13T07:00:00.000Z,1.15931,1.15985,1.15857,1.15911,30
2025-11-13T08:00:00.000Z,1.15911,1.15944,1.15788,1.15821,70
2025-11-13T09:00:00.000Z,1.15821,1.15854,1.15718,1.15751,70
2025-11-13T10:00:00.000Z,1.15751,1.15784,1.15649,1.15682,70
2025-11-13T11:00:00.000Z,1.15682,1.15715,1.156,1.15633,70
2025-11-13T12:00:00.000Z,1.15633,1.15655,1.15536,1.15558,80
2025-11-13T13:00:00.000Z,1.15558,1.1558,1.15476,1.15498,80
2025-11-13T14:00:00.000Z,1.15498,1.1552,1.15415,1.15437,80
2025-11-13T15:00:00.000Z,1.15437,1.15459,1.15368,1.1539,80
2025-11-13T16:00:00.000Z,1.1539,1.15425,1.15379,1.15414,30
2025-11-13T17:00:00.000Z,1.15414,1.15442,1.15403,1.15431,30
2025-11-13T18:00:00.000Z,1.15431,1.1546,1.1542,1.15449,30
2025-11-13T19:00:00.000Z,1.15449,1.1547,1.15438,1.15459,30
2025-11-13T20:00:00.000Z,1.15459,1.15644,1.15416,1.15601,15
2025-11-13T21:00:00.000Z,1.15601,1.1576,1.15558,1.15717,15
2025-11-13T22:00:00.000Z,1.15717,1.15876,1.15674,1.15833,15
2025-11-13T23:00:00.000Z,1.15833,1.15965,1.1579,1.15922,15
2025-11-14T00:00:00.000Z,1.16307,1.1633,1.163,1.16323,25
2025-11-14T01:00:00.000Z,1.16323,1.16342,1.16316,1.16335,25
2025-11-14T02:00:00.000Z,1.16335,1.16353,1.16328,1.16346,25
2025-11-14T03:00:00.000Z,1.16346,1.1636,1.16339,1.16353,25
2025-11-14T04:00:00.000Z,1.16353,1.16377,1.16305,1.16329,30
2025-11-14T05:00:00.000Z,1.16329,1.16353,1.16296,1.1632,30
2025-11-14T06:00:00.000Z,1.1632,1.16344,1.16287,1.16311,30
2025-11-14T07:00:00.000Z,1.16311,1.16341,1.16287,1.16317,30
2025-11-14T08:00:00.000Z,1.16317,1.16398,1.16295,1.16376,70
2025-11-14T09:00:00.000Z,1.16376,1.16444,1.16354,1.16422,70
2025-11-14T10:00:00.000Z,1.16422,1.16489,1.164,1.16467,70
2025-11-14T11:00:00.000Z,1.16467,1.16521,1.16445,1.16499,70
2025-11-14T12:00:00.000Z,1.16499,1.16563,1.16484,1.16548,80
2025-11-14T13:00:00.000Z,1.16548,1.16603,1.16533,1.16588,80
2025-11-14T14:00:00.000Z,1.16588,1.16642,1.16573,1.16627,80
2025-11-14T15:00:00.000Z,1.16627,1.16673,1.16612,1.16658,80
2025-11-14T16:00:00.000Z,1.16658,1.16665,1.16635,1.16642,30
2025-11-14T17:00:00.000Z,1.16642,1.16649,1.16624,1.16631,30
2025-11-14T18:00:00.000Z,1.16631,1.16638,1.16613,1.1662,30
2025-11-14T19:00:00.000Z,1.1662,1.16627,1.16606,1.16613,30
2025-11-14T20:00:00.000Z,1.16613,1.1664,1.16496,1.16523,15
2025-11-14T21:00:00.000Z,1.16523,1.1655,1.16423,1.1645,15
2025-11-14T22:00:00.000Z,1.1645,1.16477,1.16349,1.16376,15
2025-11-14T23:00:00.000Z,1.16376,1.16403,1.16293,1.1632,15
2025-11-17T00:00:00.000Z,1.16147,1.16164,1.16142,1.16159,25
2025-11-17T01:00:00.000Z,1.16159,1.16172,1.16154,1.16167,25
2025-11-17T02:00:00.000Z,1.16167,1.16181,1.16162,1.16176,25
2025-11-17T03:00:00.000Z,1.16176,1.16186,1.16171,1.16181,25
2025-11-17T04:00:00.000Z,1.16181,1.1621,1.16127,1.16156,30
2025-11-17T05:00:00.000Z,1.16156,1.16185,1.1612,1.16149,30
2025-11-17T06:00:00.000Z,1.16149,1.16178,1.16113,1.16142,30
2025-11-17T07:00:00.000Z,1.16142,1.16183,1.16113,1.16154,30
2025-11-17T08:00:00.000Z,1.16154,1.16214,1.16138,1.16198,70
2025-11-17T09:00:00.000Z,1.16198,1.16248,1.16182,1.16232,70
2025-11-17T10:00:00.000Z,1.16232,1.16282,1.16216,1.16266,70
2025-11-17T11:00:00.000Z,1.16266,1.16306,1.1625,1.1629,70
2025-11-17T12:00:00.000Z,1.1629,1.16338,1.16279,1.16327,80
2025-11-17T13:00:00.000Z,1.16327,1.16367,1.16316,1.16356,80
2025-11-17T14:00:00.000Z,1.16356,1.16397,1.16345,1.16386,80
2025-11-17T15:00:00.000Z,1.16386,1.1642,1.16375,1.16409,80
2025-11-17T16:00:00.000Z,1.16409,1.16414,1.16392,1.16397,30
2025-11-17T17:00:00.000Z,1.16397,1.16402,1.16384,1.16389,30
2025-11-17T18:00:00.000Z,1.16389,1.16394,1.16375,1.1638,30
2025-11-17T19:00:00.000Z,1.1638,1.16385,1.1637,1.16375,30
2025-11-17T20:00:00.000Z,1.16375,1.16395,1.16287,1.16307,15
2025-11-17T21:00:00.000Z,1.16307,1.16327,1.16231,1.16251,15
2025-11-17T22:00:00.000Z,1.16251,1.16271,1.16176,1.16196,15
2025-11-17T23:00:00.000Z,1.16196,1.16216,1.16133,1.16153,15
2025-11-18T00:00:00.000Z,1.159,1.15917,1.15895,1.15912,25
2025-11-18T01:00:00.000Z,1.15912,1.15925,1.15907,1.1592,25
2025-11-18T02:00:00.000Z,1.1592,1.15934,1.15915,1.15929,25
2025-11-18T03:00:00.000Z,1.15929,1.15939,1.15924,1.15934,25
2025-11-18T04:00:00.000Z,1.15934,1.15951,1.159,1.15917,30
2025-11-18T05:00:00.000Z,1.15917,1.15934,1.15893,1.1591,30
2025-11-18T06:00:00.000Z,1.1591,1.15927,1.15886,1.15903,30
2025-11-18T07:00:00.000Z,1.15903,1.15924,1.15886,1.15907,30
2025-11-18T08:00:00.000Z,1.15907,1.15966,1.15891,1.1595,70
2025-11-18T09:00:00.000Z,1.1595,1.15999,1.15934,1.15983,70
2025-11-18T10:00:00.000Z,1.15983,1.16033,1.15967,1.16017,70
2025-11-18T11:00:00.000Z,1.16017,1.16056,1.16001,1.1604,70
2025-11-18T12:00:00.000Z,1.1604,1.16087,1.16029,1.16076,80
2025-11-18T13:00:00.000Z,1.16076,1.16116,1.16065,1.16105,80
2025-11-18T14:00:00.000Z,1.16105,1.16145,1.16094,1.16134,80
2025-11-18T15:00:00.000Z,1.16134,1.16167,1.16123,1.16156,80
2025-11-18T16:00:00.000Z,1.16156,1.16161,1.16139,1.16144,30
2025-11-18T17:00:00.000Z,1.16144,1.16149,1.16131,1.16136,30
2025-11-18T18:00:00.000Z,1.16136,1.16141,1.16123,1.16128,30
2025-11-18T19:00:00.000Z,1.16128,1.16133,1.16118,1.16123,30
2025-11-18T20:00:00.000Z,1.16123,1.16143,1.16036,1.16056,15
2025-11-18T21:00:00.000Z,1.16056,1.16076,1.15982,1.16002,15
2025-11-18T22:00:00.000Z,1.16002,1.16022,1.15928,1.15948,15
2025-11-18T23:00:00.000Z,1.15948,1.15968,1.15886,1.15906,15
2025-11-19T00:00:00.000Z,1.1581,1.15842,1.158,1.15832,25
2025-11-19T01:00:00.000Z,1.15832,1.15858,1.15822,1.15848,25
2025-11-19T02:00:00.000Z,1.15848,1.15874,1.15838,1.15864,25
2025-11-19T03:00:00.000Z,1.15864,1.15883,1.15854,1.15873,25
2025-11-19T04:00:00.000Z,1.15873,1.15917,1.15789,1.15833,30
2025-11-19T05:00:00.000Z,1.15833,1.15877,1.15776,1.1582,30
2025-11-19T06:00:00.000Z,1.1582,1.15864,1.15764,1.15808,30
2025-11-19T07:00:00.000Z,1.15808,1.15867,1.15764,1.15823,30
2025-11-19T08:00:00.000Z,1.15823,1.15934,1.15793,1.15904,70
2025-11-19T09:00:00.000Z,1.15904,1.15996,1.15874,1.15966,70
2025-11-19T10:00:00.000Z,1.15966,1.16058,1.15936,1.16028,70
2025-11-19T11:00:00.000Z,1.16028,1.16102,1.15998,1.16072,70
2025-11-19T12:00:00.000Z,1.16072,1.16159,1.16052,1.16139,80
2025-11-19T13:00:00.000Z,1.16139,1.16213,1.16119,1.16193,80
2025-11-19T14:00:00.000Z,1.16193,1.16267,1.16173,1.16247,80
2025-11-19T15:00:00.000Z,1.16247,1.16309,1.16227,1.16289,80
2025-11-19T16:00:00.000Z,1.16289,1.16299,1.16257,1.16267,30
2025-11-19T17:00:00.000Z,1.16267,1.16277,1.16242,1.16252,30
2025-11-19T18:00:00.000Z,1.16252,1.16262,1.16226,1.16236,30
2025-11-19T19:00:00.000Z,1.16236,1.16246,1.16217,1.16227,30
2025-11-19T20:00:00.000Z,1.16227,1.16265,1.16061,1.16099,15
2025-11-19T21:00:00.000Z,1.16099,1.16137,1.15958,1.15996,15
2025-11-19T22:00:00.000Z,1.15996,1.16034,1.15854,1.15892,15
2025-11-19T23:00:00.000Z,1.15892,1.1593,1.15774,1.15812,15
2025-11-20T00:00:00.000Z,1.15407,1.15429,1.154,1.15422,25
2025-11-20T01:00:00.000Z,1.15422,1.1544,1.15415,1.15433,25
2025-11-20T02:00:00.000Z,1.15433,1.15451,1.15426,1.15444,25
2025-11-20T03:00:00.000Z,1.15444,1.15457,1.15437,1.1545,25
2025-11-20T04:00:00.000Z,1.1545,1.15482,1.1539,1.15422,30
2025-11-20T05:00:00.000Z,1.15422,1.15454,1.15381,1.15413,30
2025-11-20T06:00:00.000Z,1.15413,1.15445,1.15373,1.15405,30
2025-11-20T07:00:00.000Z,1.15405,1.15448,1.15373,1.15416,30
2025-11-20T08:00:00.000Z,1.15416,1.15494,1.15395,1.15473,70
2025-11-20T09:00:00.000Z,1.15473,1.15537,1.15452,1.15516,70
2025-11-20T10:00:00.000Z,1.15516,1.15581,1.15495,1.1556,70
2025-11-20T11:00:00.000Z,1.1556,1.15611,1.15539,1.1559,70
2025-11-20T12:00:00.000Z,1.1559,1.15651,1.15576,1.15637,80
2025-11-20T13:00:00.000Z,1.15637,1.15689,1.15623,1.15675,80
2025-11-20T14:00:00.000Z,1.15675,1.15728,1.15661,1.15714,80
2025-11-20T15:00:00.000Z,1.15714,1.15757,1.157,1.15743,80
2025-11-20T16:00:00.000Z,1.15743,1.1575,1.15721,1.15728,30
2025-11-20T17:00:00.000Z,1.15728,1.15735,1.1571,1.15717,30
2025-11-20T18:00:00.000Z,1.15717,1.15724,1.15699,1.15706,30
2025-11-20T19:00:00.000Z,1.15706,1.15713,1.15692,1.15699,30
2025-11-20T20:00:00.000Z,1.15699,1.15726,1.15582,1.15609,15
2025-11-20T21:00:00.000Z,1.15609,1.15636,1.15509,1.15536,15
2025-11-20T22:00:00.000Z,1.15536,1.15563,1.15436,1.15463,15
2025-11-20T23:00:00.000Z,1.15463,1.1549,1.1538,1.15407,15
2025-11-21T00:00:00.000Z,1.15354,1.15364,1.15323,1.15333,25
2025-11-21T01:00:00.000Z,1.15333,1.15343,1.15308,1.15318,25
2025-11-21T02:00:00.000Z,1.15318,1.15328,1.15293,1.15303,25
2025-11-21T03:00:00.000Z,1.15303,1.15313,1.15284,1.15294,25
2025-11-21T04:00:00.000Z,1.15294,1.15339,1.15274,1.15319,30
2025-11-21T05:00:00.000Z,1.15319,1.15351,1.15299,1.15331,30
2025-11-21T06:00:00.000Z,1.15331,1.15363,1.15311,1.15343,30
2025-11-21T07:00:00.000Z,1.15343,1.15363,1.15322,1.15342,30
2025-11-21T08:00:00.000Z,1.15342,1.15371,1.15235,1.15264,70
2025-11-21T09:00:00.000Z,1.15264,1.15293,1.15175,1.15204,70
2025-11-21T10:00:00.000Z,1.15204,1.15233,1.15115,1.15144,70
2025-11-21T11:00:00.000Z,1.15144,1.15173,1.15073,1.15102,70
2025-11-21T12:00:00.000Z,1.15102,1.15121,1.15019,1.15038,80
2025-11-21T13:00:00.000Z,1.15038,1.15057,1.14967,1.14986,80
2025-11-21T14:00:00.000Z,1.14986,1.15005,1.14914,1.14933,80
2025-11-21T15:00:00.000Z,1.14933,1.14952,1.14874,1.14893,80
2025-11-21T16:00:00.000Z,1.14893,1.14924,1.14883,1.14914,30
2025-11-21T17:00:00.000Z,1.14914,1.14938,1.14904,1.14928,30
2025-11-21T18:00:00.000Z,1.14928,1.14953,1.14918,1.14943,30
2025-11-21T19:00:00.000Z,1.14943,1.14962,1.14933,1.14952,30
2025-11-21T20:00:00.000Z,1.14952,1.15109,1.14916,1.15073,15
2025-11-21T21:00:00.000Z,1.15073,1.15208,1.15037,1.15172,15
2025-11-21T22:00:00.000Z,1.15172,1.15306,1.15136,1.1527,15
2025-11-21T23:00:00.000Z,1.1527,1.15382,1.15234,1.15346,15
2025-11-24T00:00:00.000Z,1.15079,1.15087,1.15054,1.15062,25
2025-11-24T01:00:00.000Z,1.15062,1.1507,1.15042,1.1505,25
2025-11-24T02:00:00.000Z,1.1505,1.15058,1.15029,1.15037,25
2025-11-24T03:00:00.000Z,1.15037,1.15045,1.15022,1.1503,25
2025-11-24T04:00:00.000Z,1.1503,1.15106,1.14989,1.15065,30
2025-11-24T05:00:00.000Z,1.15065,1.15116,1.15024,1.15075,30
2025-11-24T06:00:00.000Z,1.15075,1.15126,1.15034,1.15085,30
2025-11-24T07:00:00.000Z,1.15085,1.15126,1.15028,1.15069,30
2025-11-24T08:00:00.000Z,1.15069,1.15092,1.14983,1.15006,70
2025-11-24T09:00:00.000Z,1.15006,1.15029,1.14934,1.14957,70
2025-11-24T10:00:00.000Z,1.14957,1.1498,1.14886,1.14909,70
2025-11-24T11:00:00.000Z,1.14909,1.14932,1.14852,1.14875,70
2025-11-24T12:00:00.000Z,1.14875,1.14891,1.14807,1.14823,80
2025-11-24T13:00:00.000Z,1.14823,1.14839,1.14764,1.1478,80
2025-11-24T14:00:00.000Z,1.1478,1.14796,1.14722,1.14738,80
2025-11-24T15:00:00.000Z,1.14738,1.14754,1.14689,1.14705,80
2025-11-24T16:00:00.000Z,1.14705,1.1473,1.14697,1.14722,30
2025-11-24T17:00:00.000Z,1.14722,1.14742,1.14714,1.14734,30
2025-11-24T18:00:00.000Z,1.14734,1.14755,1.14726,1.14747,30
2025-11-24T19:00:00.000Z,1.14747,1.14762,1.14739,1.14754,30
2025-11-24T20:00:00.000Z,1.14754,1.14883,1.14724,1.14853,15
2025-11-24T21:00:00.000Z,1.14853,1.14964,1.14823,1.14934,15
2025-11-24T22:00:00.000Z,1.14934,1.15044,1.14904,1.15014,15
2025-11-24T23:00:00.000Z,1.15014,1.15106,1.14984,1.15076,15
2025-11-25T00:00:00.000Z,1.15207,1.15218,1.15171,1.15182,25
2025-11-25T01:00:00.000Z,1.15182,1.15193,1.15153,1.15164,25
2025-11-25T02:00:00.000Z,1.15164,1.15175,1.15136,1.15147,25
2025-11-25T03:00:00.000Z,1.15147,1.15158,1.15125,1.15136,25
2025-11-25T04:00:00.000Z,1.15136,1.15246,1.15077,1.15187,30
2025-11-25T05:00:00.000Z,1.15187,1.1526,1.15128,1.15201,30
2025-11-25T06:00:00.000Z,1.15201,1.15275,1.15142,1.15216,30
2025-11-25T07:00:00.000Z,1.15216,1.15275,1.15134,1.15193,30
2025-11-25T08:00:00.000Z,1.15193,1.15227,1.15066,1.151,70
2025-11-25T09:00:00.000Z,1.151,1.15134,1.14995,1.15029,70
2025-11-25T10:00:00.000Z,1.15029,1.15063,1.14924,1.14958,70
2025-11-25T11:00:00.000Z,1.14958,1.14992,1.14874,1.14908,70
2025-11-25T12:00:00.000Z,1.14908,1.14931,1.14808,1.14831,80
2025-11-25T13:00:00.000Z,1.14831,1.14854,1.14746,1.14769,80
2025-11-25T14:00:00.000Z,1.14769,1.14792,1.14683,1.14706,80
2025-11-25T15:00:00.000Z,1.14706,1.14729,1.14635,1.14658,80
2025-11-25T16:00:00.000Z,1.14658,1.14694,1.14647,1.14683,30
2025-11-25T17:00:00.000Z,1.14683,1.14712,1.14672,1.14701,30
2025-11-25T18:00:00.000Z,1.14701,1.14729,1.1469,1.14718,30
2025-11-25T19:00:00.000Z,1.14718,1.1474,1.14707,1.14729,30
2025-11-25T20:00:00.000Z,1.14729,1.14917,1.14686,1.14874,15
2025-11-25T21:00:00.000Z,1.14874,1.15035,1.14831,1.14992,15
2025-11-25T22:00:00.000Z,1.14992,1.15153,1.14949,1.1511,15
2025-11-25T23:00:00.000Z,1.1511,1.15244,1.15067,1.15201,15
2025-11-26T00:00:00.000Z,1.15658,1.15666,1.15632,1.1564,25
2025-11-26T01:00:00.000Z,1.1564,1.15648,1.15618,1.15626,25
2025-11-26T02:00:00.000Z,1.15626,1.15634,1.15605,1.15613,25
2025-11-26T03:00:00.000Z,1.15613,1.15621,1.15597,1.15605,25
2025-11-26T04:00:00.000Z,1.15605,1.15674,1.15569,1.15638,30
2025-11-26T05:00:00.000Z,1.15638,1.15684,1.15602,1.15648,30
2025-11-26T06:00:00.000Z,1.15648,1.15695,1.15612,1.15659,30
2025-11-26T07:00:00.000Z,1.15659,1.15695,1.15611,1.15647,30
2025-11-26T08:00:00.000Z,1.15647,1.15672,1.15554,1.15579,70
2025-11-26T09:00:00.000Z,1.15579,1.15604,1.15501,1.15526,70
2025-11-26T10:00:00.000Z,1.15526,1.15551,1.15449,1.15474,70
2025-11-26T11:00:00.000Z,1.15474,1.15499,1.15412,1.15437,70
2025-11-26T12:00:00.000Z,1.15437,1.15454,1.15363,1.1538,80
2025-11-26T13:00:00.000Z,1.1538,1.15397,1.15317,1.15334,80
2025-11-26T14:00:00.000Z,1.15334,1.15351,1.15271,1.15288,80
2025-11-26T15:00:00.000Z,1.15288,1.15305,1.15235,1.15252,80
2025-11-26T16:00:00.000Z,1.15252,1.15278,1.15244,1.1527,30
2025-11-26T17:00:00.000Z,1.1527,1.15292,1.15262,1.15284,30
2025-11-26T18:00:00.000Z,1.15284,1.15305,1.15276,1.15297,30
2025-11-26T19:00:00.000Z,1.15297,1.15313,1.15289,1.15305,30
2025-11-26T20:00:00.000Z,1.15305,1.15443,1.15273,1.15411,15
2025-11-26T21:00:00.000Z,1.15411,1.15528,1.15379,1.15496,15
2025-11-26T22:00:00.000Z,1.15496,1.15614,1.15464,1.15582,15
2025-11-26T23:00:00.000Z,1.15582,1.1568,1.1555,1.15648,15
2025-11-27T00:00:00.000Z,1.16036,1.16042,1.16017,1.16023,25
2025-11-27T01:00:00.000Z,1.16023,1.16029,1.16007,1.16013,25
2025-11-27T02:00:00.000Z,1.16013,1.16019,1.15998,1.16004,25
2025-11-27T03:00:00.000Z,1.16004,1.1601,1.15992,1.15998,25
2025-11-27T04:00:00.000Z,1.15998,1.16028,1.15984,1.16014,30
2025-11-27T05:00:00.000Z,1.16014,1.16036,1.16,1.16022,30
2025-11-27T06:00:00.000Z,1.16022,1.16043,1.16008,1.16029,30
2025-11-27T07:00:00.000Z,1.16029,1.16043,1.16014,1.16028,30
2025-11-27T08:00:00.000Z,1.16028,1.16046,1.1596,1.15978,70
2025-11-27T09:00:00.000Z,1.15978,1.15996,1.15921,1.15939,70
2025-11-27T10:00:00.000Z,1.15939,1.15957,1.15883,1.15901,70
2025-11-27T11:00:00.000Z,1.15901,1.15919,1.15856,1.15874,70
2025-11-27T12:00:00.000Z,1.15874,1.15886,1.15821,1.15833,80
2025-11-27T13:00:00.000Z,1.15833,1.15845,1.15787,1.15799,80
2025-11-27T14:00:00.000Z,1.15799,1.15811,1.15753,1.15765,80
2025-11-27T15:00:00.000Z,1.15765,1.15777,1.15727,1.15739,80
2025-11-27T16:00:00.000Z,1.15739,1.15759,1.15733,1.15753,30
2025-11-27T17:00:00.000Z,1.15753,1.15768,1.15747,1.15762,30
2025-11-27T18:00:00.000Z,1.15762,1.15778,1.15756,1.15772,30
2025-11-27T19:00:00.000Z,1.15772,1.15784,1.15766,1.15778,30
2025-11-27T20:00:00.000Z,1.15778,1.15876,1.15755,1.15853,15
2025-11-27T21:00:00.000Z,1.15853,1.15937,1.1583,1.15914,15
2025-11-27T22:00:00.000Z,1.15914,1.15997,1.15891,1.15974,15
2025-11-27T23:00:00.000Z,1.15974,1.16044,1.15951,1.16021,15
2025-11-28T00:00:00.000Z,1.16003,1.16011,1.15978,1.15986,25
2025-11-28T01:00:00.000Z,1.15986,1.15994,1.15965,1.15973,25
2025-11-28T02:00:00.000Z,1.15973,1.15981,1.15953,1.15961,25
2025-11-28T03:00:00.000Z,1.15961,1.15969,1.15945,1.15953,25
2025-11-28T04:00:00.000Z,1.15953,1.15981,1.15942,1.1597,30
2025-11-28T05:00:00.000Z,1.1597,1.15991,1.15959,1.1598,30
2025-11-28T06:00:00.000Z,1.1598,1.16001,1.15969,1.1599,30
2025-11-28T07:00:00.000Z,1.1599,1.16004,1.15979,1.15993,30
2025-11-28T08:00:00.000Z,1.15993,1.16017,1.15905,1.15929,70
2025-11-28T09:00:00.000Z,1.15929,1.15953,1.15855,1.15879,70
2025-11-28T10:00:00.000Z,1.15879,1.15903,1.15806,1.1583,70
2025-11-28T11:00:00.000Z,1.1583,1.15854,1.15771,1.15795,70
2025-11-28T12:00:00.000Z,1.15795,1.15815,1.15719,1.15739,80
2025-11-28T13:00:00.000Z,1.15739,1.15759,1.15676,1.15696,80
2025-11-28T14:00:00.000Z,1.15696,1.15716,1.15633,1.15653,80
2025-11-28T15:00:00.000Z,1.15653,1.15673,1.15602,1.15622,80
2025-11-28T16:00:00.000Z,1.15622,1.15647,1.15614,1.15639,30
2025-11-28T17:00:00.000Z,1.15639,1.1566,1.15631,1.15652,30
2025-11-28T18:00:00.000Z,1.15652,1.15672,1.15644,1.15664,30
2025-11-28T19:00:00.000Z,1.15664,1.1568,1.15656,1.15672,30
2025-11-28T20:00:00.000Z,1.15672,1.15803,1.15642,1.15773,15
2025-11-28T21:00:00.000Z,1.15773,1.15884,1.15743,1.15854,15
2025-11-28T22:00:00.000Z,1.15854,1.15966,1.15824,1.15936,15
2025-11-28T23:00:00.000Z,1.15936,1.16029,1.15906,1.15999,15
2025-12-01T00:00:00.000Z,1.16021,1.16031,1.1599,1.16,25
2025-12-01T01:00:00.000Z,1.16,1.1601,1.15974,1.15984,25
2025-12-01T02:00:00.000Z,1.15984,1.15994,1.15959,1.15969,25
2025-12-01T03:00:00.000Z,1.15969,1.15979,1.1595,1.1596,25
2025-12-01T04:00:00.000Z,1.1596,1.16049,1.15913,1.16002,30
2025-12-01T05:00:00.000Z,1.16002,1.16061,1.15955,1.16014,30
2025-12-01T06:00:00.000Z,1.16014,1.16073,1.15967,1.16026,30
2025-12-01T07:00:00.000Z,1.16026,1.16073,1.15962,1.16009,30
2025-12-01T08:00:00.000Z,1.16009,1.16039,1.15899,1.15929,70
2025-12-01T09:00:00.000Z,1.15929,1.15959,1.15837,1.15867,70
2025-12-01T10:00:00.000Z,1.15867,1.15897,1.15775,1.15805,70
2025-12-01T11:00:00.000Z,1.15805,1.15835,1.15732,1.15762,70
2025-12-01T12:00:00.000Z,1.15762,1.15782,1.15675,1.15695,80
2025-12-01T13:00:00.000Z,1.15695,1.15715,1.15621,1.15641,80
2025-12-01T14:00:00.000Z,1.15641,1.15661,1.15567,1.15587,80
2025-12-01T15:00:00.000Z,1.15587,1.15607,1.15525,1.15545,80
2025-12-01T16:00:00.000Z,1.15545,1.15577,1.15535,1.15567,30
2025-12-01T17:00:00.000Z,1.15567,1.15592,1.15557,1.15582,30
2025-12-01T18:00:00.000Z,1.15582,1.15608,1.15572,1.15598,30
2025-12-01T19:00:00.000Z,1.15598,1.15617,1.15588,1.15607,30
2025-12-01T20:00:00.000Z,1.15607,1.1577,1.15569,1.15732,15
2025-12-01T21:00:00.000Z,1.15732,1.15872,1.15694,1.15834,15
2025-12-01T22:00:00.000Z,1.15834,1.15974,1.15796,1.15936,15
2025-12-01T23:00:00.000Z,1.15936,1.16053,1.15898,1.16015,15
2025-12-02T00:00:00.000Z,1.16077,1.16093,1.16072,1.16088,25
2025-12-02T01:00:00.000Z,1.16088,1.161,1.16083,1.16095,25
2025-12-02T02:00:00.000Z,1.16095,1.16108,1.1609,1.16103,25
2025-12-02T03:00:00.000Z,1.16103,1.16112,1.16098,1.16107,25
2025-12-02T04:00:00.000Z,1.16107,1.16122,1.16076,1.16091,30
2025-12-02T05:00:00.000Z,1.16091,1.16106,1.1607,1.16085,30
2025-12-02T06:00:00.000Z,1.16085,1.161,1.16064,1.16079,30
2025-12-02T07:00:00.000Z,1.16079,1.16098,1.16064,1.16083,30
2025-12-02T08:00:00.000Z,1.16083,1.16138,1.16068,1.16123,70
2025-12-02T09:00:00.000Z,1.16123,1.16169,1.16108,1.16154,70
2025-12-02T10:00:00.000Z,1.16154,1.162,1.16139,1.16185,70
2025-12-02T11:00:00.000Z,1.16185,1.16221,1.1617,1.16206,70
2025-12-02T12:00:00.000Z,1.16206,1.16249,1.16196,1.16239,80
2025-12-02T13:00:00.000Z,1.16239,1.16276,1.16229,1.16266,80
2025-12-02T14:00:00.000Z,1.16266,1.16303,1.16256,1.16293,80
2025-12-02T15:00:00.000Z,1.16293,1.16324,1.16283,1.16314,80
2025-12-02T16:00:00.000Z,1.16314,1.16319,1.16298,1.16303,30
2025-12-02T17:00:00.000Z,1.16303,1.16308,1.1629,1.16295,30
2025-12-02T18:00:00.000Z,1.16295,1.163,1.16283,1.16288,30
2025-12-02T19:00:00.000Z,1.16288,1.16293,1.16278,1.16283,30
2025-12-02T20:00:00.000Z,1.16283,1.16302,1.16201,1.1622,15
2025-12-02T21:00:00.000Z,1.1622,1.16239,1.16149,1.16168,15
2025-12-02T22:00:00.000Z,1.16168,1.16187,1.16098,1.16117,15
2025-12-02T23:00:00.000Z,1.16117,1.16136,1.16058,1.16077,15
2025-12-03T00:00:00.000Z,1.1629,1.16298,1.16265,1.16273,25
2025-12-03T01:00:00.000Z,1.16273,1.16281,1.16253,1.16261,25
2025-12-03T02:00:00.000Z,1.16261,1.16269,1.16241,1.16249,25
2025-12-03T03:00:00.000Z,1.16249,1.16257,1.16234,1.16242,25
2025-12-03T04:00:00.000Z,1.16242,1.16321,1.16199,1.16278,30
2025-12-03T05:00:00.000Z,1.16278,1.16331,1.16235,1.16288,30
2025-12-03T06:00:00.000Z,1.16288,1.16341,1.16245,1.16298,30
2025-12-03T07:00:00.000Z,1.16298,1.16341,1.16237,1.1628,30
2025-12-03T08:00:00.000Z,1.1628,1.16303,1.16195,1.16218,70
2025-12-03T09:00:00.000Z,1.16218,1.16241,1.16148,1.16171,70
2025-12-03T10:00:00.000Z,1.16171,1.16194,1.161,1.16123,70
2025-12-03T11:00:00.000Z,1.16123,1.16146,1.16067,1.1609,70
2025-12-03T12:00:00.000Z,1.1609,1.16105,1.16024,1.16039,80
2025-12-03T13:00:00.000Z,1.16039,1.16054,1.15982,1.15997,80
2025-12-03T14:00:00.000Z,1.15997,1.16012,1.1594,1.15955,80
2025-12-03T15:00:00.000Z,1.15955,1.1597,1.15908,1.15923,80
2025-12-03T16:00:00.000Z,1.15923,1.15948,1.15915,1.1594,30
2025-12-03T17:00:00.000Z,1.1594,1.1596,1.15932,1.15952,30
2025-12-03T18:00:00.000Z,1.15952,1.15972,1.15944,1.15964,30
2025-12-03T19:00:00.000Z,1.15964,1.15979,1.15956,1.15971,30
2025-12-03T20:00:00.000Z,1.15971,1.16094,1.15943,1.16066,15
2025-12-03T21:00:00.000Z,1.16066,1.16171,1.16038,1.16143,15
2025-12-03T22:00:00.000Z,1.16143,1.16248,1.16115,1.1622,15
2025-12-03T23:00:00.000Z,1.1622,1.16307,1.16192,1.16279,15
2025-12-04T00:00:00.000Z,1.16667,1.16682,1.16662,1.16677,25
2025-12-04T01:00:00.000Z,1.16677,1.16689,1.16672,1.16684,25
2025-12-04T02:00:00.000Z,1.16684,1.16697,1.16679,1.16692,25
2025-12-04T03:00:00.000Z,1.16692,1.16701,1.16687,1.16696,25
2025-12-04T04:00:00.000Z,1.16696,1.1671,1.16668,1.16682,30
2025-12-04T05:00:00.000Z,1.16682,1.16696,1.16662,1.16676,30
2025-12-04T06:00:00.000Z,1.16676,1.1669,1.16656,1.1667,30
2025-12-04T07:00:00.000Z,1.1667,1.16687,1.16656,1.16673,30
2025-12-04T08:00:00.000Z,1.16673,1.16724,1.16659,1.1671,70
2025-12-04T09:00:00.000Z,1.1671,1.16753,1.16696,1.16739,70
2025-12-04T10:00:00.000Z,1.16739,1.16781,1.16725,1.16767,70
2025-12-04T11:00:00.000Z,1.16767,1.16801,1.16753,1.16787,70
2025-12-04T12:00:00.000Z,1.16787,1.16827,1.16778,1.16818,80
2025-12-04T13:00:00.000Z,1.16818,1.16852,1.16809,1.16843,80
2025-12-04T14:00:00.000Z,1.16843,1.16877,1.16834,1.16868,80
2025-12-04T15:00:00.000Z,1.16868,1.16896,1.16859,1.16887,80
2025-12-04T16:00:00.000Z,1.16887,1.16892,1.16872,1.16877,30
2025-12-04T17:00:00.000Z,1.16877,1.16882,1.16865,1.1687,30
2025-12-04T18:00:00.000Z,1.1687,1.16875,1.16858,1.16863,30
2025-12-04T19:00:00.000Z,1.16863,1.16868,1.16854,1.16859,30
2025-12-04T20:00:00.000Z,1.16859,1.16877,1.16782,1.168,15
2025-12-04T21:00:00.000Z,1.168,1.16818,1.16735,1.16753,15
2025-12-04T22:00:00.000Z,1.16753,1.16771,1.16687,1.16705,15
2025-12-04T23:00:00.000Z,1.16705,1.16723,1.1665,1.16668,15
2025-12-05T00:00:00.000Z,1.16446,1.16453,1.16424,1.16431,25
2025-12-05T01:00:00.000Z,1.16431,1.16438,1.16413,1.1642,25
2025-12-05T02:00:00.000Z,1.1642,1.16427,1.16402,1.16409,25
2025-12-05T03:00:00.000Z,1.16409,1.16416,1.16396,1.16403,25
2025-12-05T04:00:00.000Z,1.16403,1.16455,1.16376,1.16428,30
2025-12-05T05:00:00.000Z,1.16428,1.16464,1.16401,1.16437,30
2025-12-05T06:00:00.000Z,1.16437,1.16472,1.1641,1.16445,30
2025-12-05T07:00:00.000Z,1.16445,1.16472,1.1641,1.16437,30
2025-12-05T08:00:00.000Z,1.16437,1.16458,1.1636,1.16381,70
2025-12-05T09:00:00.000Z,1.16381,1.16402,1.16317,1.16338,70
2025-12-05T10:00:00.000Z,1.16338,1.16359,1.16274,1.16295,70
2025-12-05T11:00:00.000Z,1.16295,1.16316,1.16244,1.16265,70
2025-12-05T12:00:00.000Z,1.16265,1.16279,1.16205,1.16219,80
2025-12-05T13:00:00.000Z,1.16219,1.16233,1.16167,1.16181,80
2025-12-05T14:00:00.000Z,1.16181,1.16195,1.1613,1.16144,80
2025-12-05T15:00:00.000Z,1.16144,1.16158,1.16101,1.16115,80
2025-12-05T16:00:00.000Z,1.16115,1.16137,1.16108,1.1613,30
2025-12-05T17:00:00.000Z,1.1613,1.16148,1.16123,1.16141,30
2025-12-05T18:00:00.000Z,1.16141,1.16159,1.16134,1.16152,30
2025-12-05T19:00:00.000Z,1.16152,1.16165,1.16145,1.16158,30
2025-12-05T20:00:00.000Z,1.16158,1.16266,1.16133,1.16241,15
2025-12-05T21:00:00.000Z,1.16241,1.16334,1.16216,1.16309,15
2025-12-05T22:00:00.000Z,1.16309,1.16401,1.16284,1.16376,15
2025-12-05T23:00:00.000Z,1.16376,1.16453,1.16351,1.16428,15
2025-12-08T00:00:00.000Z,1.16412,1.16421,1.16383,1.16392,25
2025-12-08T01:00:00.000Z,1.16392,1.16401,1.16369,1.16378,25
2025-12-08T02:00:00.000Z,1.16378,1.16387,1.16355,1.16364,25
2025-12-08T03:00:00.000Z,1.16364,1.16373,1.16347,1.16356,25
2025-12-08T04:00:00.000Z,1.16356,1.16419,1.16324,1.16387,30
2025-12-08T05:00:00.000Z,1.16387,1.1643,1.16355,1.16398,30
2025-12-08T06:00:00.000Z,1.16398,1.16442,1.16366,1.1641,30
2025-12-08T07:00:00.000Z,1.1641,1.16442,1.16369,1.16401,30
2025-12-08T08:00:00.000Z,1.16401,1.16428,1.16302,1.16329,70
2025-12-08T09:00:00.000Z,1.16329,1.16356,1.16246,1.16273,70
2025-12-08T10:00:00.000Z,1.16273,1.163,1.1619,1.16217,70
2025-12-08T11:00:00.000Z,1.16217,1.16244,1.16151,1.16178,70
2025-12-08T12:00:00.000Z,1.16178,1.16196,1.161,1.16118,80
2025-12-08T13:00:00.000Z,1.16118,1.16136,1.16052,1.1607,80
2025-12-08T14:00:00.000Z,1.1607,1.16088,1.16003,1.16021,80
2025-12-08T15:00:00.000Z,1.16021,1.16039,1.15966,1.15984,80
2025-12-08T16:00:00.000Z,1.15984,1.16012,1.15975,1.16003,30
2025-12-08T17:00:00.000Z,1.16003,1.16026,1.15994,1.16017,30
2025-12-08T18:00:00.000Z,1.16017,1.1604,1.16008,1.16031,30
2025-12-08T19:00:00.000Z,1.16031,1.16048,1.16022,1.16039,30
2025-12-08T20:00:00.000Z,1.16039,1.16185,1.16005,1.16151,15
2025-12-08T21:00:00.000Z,1.16151,1.16275,1.16117,1.16241,15
2025-12-08T22:00:00.000Z,1.16241,1.16366,1.16207,1.16332,15
2025-12-08T23:00:00.000Z,1.16332,1.16436,1.16298,1.16402,15
2025-12-09T00:00:00.000Z,1.16414,1.16434,1.16408,1.16428,25
2025-12-09T01:00:00.000Z,1.16428,1.16444,1.16422,1.16438,25
2025-12-09T02:00:00.000Z,1.16438,1.16454,1.16432,1.16448,25
2025-12-09T03:00:00.000Z,1.16448,1.1646,1.16442,1.16454,25
2025-12-09T04:00:00.000Z,1.16454,1.16478,1.16407,1.16431,30
2025-12-09T05:00:00.000Z,1.16431,1.16455,1.16399,1.16423,30
2025-12-09T06:00:00.000Z,1.16423,1.16447,1.16391,1.16415,30
2025-12-09T07:00:00.000Z,1.16415,1.16446,1.16391,1.16422,30
2025-12-09T08:00:00.000Z,1.16422,1.16493,1.16403,1.16474,70
2025-12-09T09:00:00.000Z,1.16474,1.16533,1.16455,1.16514,70
2025-12-09T10:00:00.000Z,1.16514,1.16573,1.16495,1.16554,70
2025-12-09T11:00:00.000Z,1.16554,1.16601,1.16535,1.16582,70
2025-12-09T12:00:00.000Z,1.16582,1.16638,1.16569,1.16625,80
2025-12-09T13:00:00.000Z,1.16625,1.16672,1.16612,1.16659,80
2025-12-09T14:00:00.000Z,1.16659,1.16707,1.16646,1.16694,80
2025-12-09T15:00:00.000Z,1.16694,1.16734,1.16681,1.16721,80
2025-12-09T16:00:00.000Z,1.16721,1.16727,1.16701,1.16707,30
2025-12-09T17:00:00.000Z,1.16707,1.16713,1.16691,1.16697,30
2025-12-09T18:00:00.000Z,1.16697,1.16703,1.16681,1.16687,30
2025-12-09T19:00:00.000Z,1.16687,1.16693,1.16675,1.16681,30
2025-12-09T20:00:00.000Z,1.16681,1.16705,1.16575,1.16599,15
2025-12-09T21:00:00.000Z,1.16599,1.16623,1.16508,1.16532,15
2025-12-09T22:00:00.000Z,1.16532,1.16556,1.16441,1.16465,15
2025-12-09T23:00:00.000Z,1.16465,1.16489,1.1639,1.16414,15
2025-12-10T00:00:00.000Z,1.16284,1.1629,1.16266,1.16272,25
2025-12-10T01:00:00.000Z,1.16272,1.16278,1.16257,1.16263,25
2025-12-10T02:00:00.000Z,1.16263,1.16269,1.16248,1.16254,25
2025-12-10T03:00:00.000Z,1.16254,1.1626,1.16243,1.16249,25
2025-12-10T04:00:00.000Z,1.16249,1.163,1.16222,1.16273,30
2025-12-10T05:00:00.000Z,1.16273,1.16307,1.16246,1.1628,30
2025-12-10T06:00:00.000Z,1.1628,1.16314,1.16253,1.16287,30
2025-12-10T07:00:00.000Z,1.16287,1.16314,1.1625,1.16277,30
2025-12-10T08:00:00.000Z,1.16277,1.16294,1.16214,1.16231,70
2025-12-10T09:00:00.000Z,1.16231,1.16248,1.16179,1.16196,70
2025-12-10T10:00:00.000Z,1.16196,1.16213,1.16144,1.16161,70
2025-12-10T11:00:00.000Z,1.16161,1.16178,1.1612,1.16137,70
2025-12-10T12:00:00.000Z,1.16137,1.16148,1.16088,1.16099,80
2025-12-10T13:00:00.000Z,1.16099,1.1611,1.16057,1.16068,80
2025-12-10T14:00:00.000Z,1.16068,1.16079,1.16027,1.16038,80
2025-12-10T15:00:00.000Z,1.16038,1.16049,1.16003,1.16014,80
2025-12-10T16:00:00.000Z,1.16014,1.16032,1.16008,1.16026,30
2025-12-10T17:00:00.000Z,1.16026,1.16041,1.1602,1.16035,30
2025-12-10T18:00:00.000Z,1.16035,1.1605,1.16029,1.16044,30
2025-12-10T19:00:00.000Z,1.16044,1.16055,1.16038,1.16049,30
2025-12-10T20:00:00.000Z,1.16049,1.16143,1.16027,1.16121,15
2025-12-10T21:00:00.000Z,1.16121,1.16201,1.16099,1.16179,15
2025-12-10T22:00:00.000Z,1.16179,1.1626,1.16157,1.16238,15
2025-12-10T23:00:00.000Z,1.16238,1.16305,1.16216,1.16283,15
2025-12-11T00:00:00.000Z,1.17019,1.17031,1.1698,1.16992,25
2025-12-11T01:00:00.000Z,1.16992,1.17004,1.16961,1.16973,25
2025-12-11T02:00:00.000Z,1.16973,1.16985,1.16942,1.16954,25
2025-12-11T03:00:00.000Z,1.16954,1.16966,1.16931,1.16943,25
2025-12-11T04:00:00.000Z,1.16943,1.17048,1.16888,1.16993,30
2025-12-11T05:00:00.000Z,1.16993,1.17063,1.16938,1.17008,30
2025-12-11T06:00:00.000Z,1.17008,1.17078,1.16953,1.17023,30
2025-12-11T07:00:00.000Z,1.17023,1.17078,1.16949,1.17004,30
2025-12-11T08:00:00.000Z,1.17004,1.17041,1.16868,1.16905,70
2025-12-11T09:00:00.000Z,1.16905,1.16942,1.16791,1.16828,70
2025-12-11T10:00:00.000Z,1.16828,1.16865,1.16715,1.16752,70
2025-12-11T11:00:00.000Z,1.16752,1.16789,1.16661,1.16698,70
2025-12-11T12:00:00.000Z,1.16698,1.16722,1.16592,1.16616,80
2025-12-11T13:00:00.000Z,1.16616,1.1664,1.16525,1.16549,80
2025-12-11T14:00:00.000Z,1.16549,1.16573,1.16458,1.16482,80
2025-12-11T15:00:00.000Z,1.16482,1.16506,1.16407,1.16431,80
2025-12-11T16:00:00.000Z,1.16431,1.1647,1.16419,1.16458,30
2025-12-11T17:00:00.000Z,1.16458,1.16489,1.16446,1.16477,30
2025-12-11T18:00:00.000Z,1.16477,1.16508,1.16465,1.16496,30
2025-12-11T19:00:00.000Z,1.16496,1.16519,1.16484,1.16507,30
2025-12-11T20:00:00.000Z,1.16507,1.16709,1.1646,1.16662,15
2025-12-11T21:00:00.000Z,1.16662,1.16836,1.16615,1.16789,15
2025-12-11T22:00:00.000Z,1.16789,1.16962,1.16742,1.16915,15
2025-12-11T23:00:00.000Z,1.16915,1.17059,1.16868,1.17012,15
2025-12-12T00:00:00.000Z,1.17414,1.17418,1.17401,1.17405,25
2025-12-12T01:00:00.000Z,1.17405,1.17409,1.17394,1.17398,25
2025-12-12T02:00:00.000Z,1.17398,1.17402,1.17387,1.17391,25
2025-12-12T03:00:00.000Z,1.17391,1.17395,1.17383,1.17387,25
2025-12-12T04:00:00.000Z,1.17387,1.17404,1.1738,1.17397,30
2025-12-12T05:00:00.000Z,1.17397,1.17409,1.1739,1.17402,30
2025-12-12T06:00:00.000Z,1.17402,1.17414,1.17395,1.17407,30
2025-12-12T07:00:00.000Z,1.17407,1.17415,1.174,1.17408,30
2025-12-12T08:00:00.000Z,1.17408,1.17421,1.1736,1.17373,70
2025-12-12T09:00:00.000Z,1.17373,1.17386,1.17334,1.17347,70
2025-12-12T10:00:00.000Z,1.17347,1.1736,1.17307,1.1732,70
2025-12-12T11:00:00.000Z,1.1732,1.17333,1.17289,1.17302,70
2025-12-12T12:00:00.000Z,1.17302,1.17311,1.17264,1.17273,80
2025-12-12T13:00:00.000Z,1.17273,1.17282,1.17241,1.1725,80
2025-12-12T14:00:00.000Z,1.1725,1.17259,1.17218,1.17227,80
2025-12-12T15:00:00.000Z,1.17227,1.17236,1.172,1.17209,80
2025-12-12T16:00:00.000Z,1.17209,1.17222,1.17205,1.17218,30
2025-12-12T17:00:00.000Z,1.17218,1.17229,1.17214,1.17225,30
2025-12-12T18:00:00.000Z,1.17225,1.17236,1.17221,1.17232,30
2025-12-12T19:00:00.000Z,1.17232,1.1724,1.17228,1.17236,30
2025-12-12T20:00:00.000Z,1.17236,1.173,1.17221,1.17285,15
2025-12-12T21:00:00.000Z,1.17285,1.17339,1.1727,1.17324,15
2025-12-12T22:00:00.000Z,1.17324,1.17379,1.17309,1.17364,15
2025-12-12T23:00:00.000Z,1.17364,1.17409,1.17349,1.17394,15
2025-12-15T00:00:00.000Z,1.17375,1.17397,1.17368,1.1739,25
2025-12-15T01:00:00.000Z,1.1739,1.17407,1.17383,1.174,25
2025-12-15T02:00:00.000Z,1.174,1.17418,1.17393,1.17411,25
2025-12-15T03:00:00.000Z,1.17411,1.17424,1.17404,1.17417,25
2025-12-15T04:00:00.000Z,1.17417,1.1743,1.17387,1.174,30
2025-12-15T05:00:00.000Z,1.174,1.17413,1.17379,1.17392,30
2025-12-15T06:00:00.000Z,1.17392,1.17405,1.1737,1.17383,30
2025-12-15T07:00:00.000Z,1.17383,1.17396,1.1737,1.17383,30
2025-12-15T08:00:00.000Z,1.17383,1.17458,1.17363,1.17438,70
2025-12-15T09:00:00.000Z,1.17438,1.175,1.17418,1.1748,70
2025-12-15T10:00:00.000Z,1.1748,1.17542,1.1746,1.17522,70
2025-12-15T11:00:00.000Z,1.17522,1.17572,1.17502,1.17552,70
2025-12-15T12:00:00.000Z,1.17552,1.1761,1.17539,1.17597,80
2025-12-15T13:00:00.000Z,1.17597,1.17647,1.17584,1.17634,80
2025-12-15T14:00:00.000Z,1.17634,1.17684,1.17621,1.17671,80
2025-12-15T15:00:00.000Z,1.17671,1.17712,1.17658,1.17699,80
2025-12-15T16:00:00.000Z,1.17699,1.17706,1.17677,1.17684,30
2025-12-15T17:00:00.000Z,1.17684,1.17691,1.17667,1.17674,30
2025-12-15T18:00:00.000Z,1.17674,1.17681,1.17656,1.17663,30
2025-12-15T19:00:00.000Z,1.17663,1.1767,1.1765,1.17657,30
2025-12-15T20:00:00.000Z,1.17657,1.17683,1.17545,1.17571,15
2025-12-15T21:00:00.000Z,1.17571,1.17597,1.17474,1.175,15
2025-12-15T22:00:00.000Z,1.175,1.17526,1.17404,1.1743,15
2025-12-15T23:00:00.000Z,1.1743,1.17456,1.1735,1.17376,15
2025-12-16T00:00:00.000Z,1.1755,1.17559,1.17521,1.1753,25
2025-12-16T01:00:00.000Z,1.1753,1.17539,1.17506,1.17515,25
2025-12-16T02:00:00.000Z,1.17515,1.17524,1.17492,1.17501,25
2025-12-16T03:00:00.000Z,1.17501,1.1751,1.17483,1.17492,25
2025-12-16T04:00:00.000Z,1.17492,1.1758,1.17445,1.17533,30
2025-12-16T05:00:00.000Z,1.17533,1.17592,1.17486,1.17545,30
2025-12-16T06:00:00.000Z,1.17545,1.17603,1.17498,1.17556,30
2025-12-16T07:00:00.000Z,1.17556,1.17603,1.17492,1.17539,30
2025-12-16T08:00:00.000Z,1.17539,1.17567,1.17435,1.17463,70
2025-12-16T09:00:00.000Z,1.17463,1.17491,1.17376,1.17404,70
2025-12-16T10:00:00.000Z,1.17404,1.17432,1.17317,1.17345,70
2025-12-16T11:00:00.000Z,1.17345,1.17373,1.17276,1.17304,70
2025-12-16T12:00:00.000Z,1.17304,1.17323,1.17222,1.17241,80
2025-12-16T13:00:00.000Z,1.17241,1.1726,1.17171,1.1719,80
2025-12-16T14:00:00.000Z,1.1719,1.17209,1.1712,1.17139,80
2025-12-16T15:00:00.000Z,1.17139,1.17158,1.1708,1.17099,80
2025-12-16T16:00:00.000Z,1.17099,1.17128,1.1709,1.17119,30
2025-12-16T17:00:00.000Z,1.17119,1.17143,1.1711,1.17134,30
2025-12-16T18:00:00.000Z,1.17134,1.17157,1.17125,1.17148,30
2025-12-16T19:00:00.000Z,1.17148,1.17166,1.17139,1.17157,30
2025-12-16T20:00:00.000Z,1.17157,1.17313,1.17121,1.17277,15
2025-12-16T21:00:00.000Z,1.17277,1.1741,1.17241,1.17374,15
2025-12-16T22:00:00.000Z,1.17374,1.17507,1.17338,1.17471,15
2025-12-16T23:00:00.000Z,1.17471,1.17582,1.17435,1.17546,15
2025-12-17T00:00:00.000Z,1.17496,1.17505,1.17468,1.17477,25
2025-12-17T01:00:00.000Z,1.17477,1.17486,1.17455,1.17464,25
2025-12-17T02:00:00.000Z,1.17464,1.17473,1.17442,1.17451,25
2025-12-17T03:00:00.000Z,1.17451,1.1746,1.17434,1.17443,25
2025-12-17T04:00:00.000Z,1.17443,1.17475,1.1743,1.17462,30
2025-12-17T05:00:00.000Z,1.17462,1.17486,1.17449,1.17473,30
2025-12-17T06:00:00.000Z,1.17473,1.17496,1.1746,1.17483,30
2025-12-17T07:00:00.000Z,1.17483,1.17499,1.1747,1.17486,30
2025-12-17T08:00:00.000Z,1.17486,1.17512,1.17391,1.17417,70
2025-12-17T09:00:00.000Z,1.17417,1.17443,1.17337,1.17363,70
2025-12-17T10:00:00.000Z,1.17363,1.17389,1.17283,1.17309,70
2025-12-17T11:00:00.000Z,1.17309,1.17335,1.17246,1.17272,70
2025-12-17T12:00:00.000Z,1.17272,1.17292,1.17193,1.17213,80
2025-12-17T13:00:00.000Z,1.17213,1.17233,1.17146,1.17166,80
2025-12-17T14:00:00.000Z,1.17166,1.17186,1.17099,1.17119,80
2025-12-17T15:00:00.000Z,1.17119,1.17139,1.17065,1.17085,80
2025-12-17T16:00:00.000Z,1.17085,1.17112,1.17077,1.17104,30
2025-12-17T17:00:00.000Z,1.17104,1.17125,1.17096,1.17117,30
2025-12-17T18:00:00.000Z,1.17117,1.17139,1.17109,1.17131,30
2025-12-17T19:00:00.000Z,1.17131,1.17147,1.17123,1.17139,30
2025-12-17T20:00:00.000Z,1.17139,1.17281,1.17106,1.17248,15
2025-12-17T21:00:00.000Z,1.17248,1.1737,1.17215,1.17337,15
2025-12-17T22:00:00.000Z,1.17337,1.17459,1.17304,1.17426,15
2025-12-17T23:00:00.000Z,1.17426,1.17528,1.17393,1.17495,15
2025-12-18T00:00:00.000Z,1.17422,1.17445,1.17415,1.17438,25
2025-12-18T01:00:00.000Z,1.17438,1.17456,1.17431,1.17449,25
2025-12-18T02:00:00.000Z,1.17449,1.17467,1.17442,1.1746,25
2025-12-18T03:00:00.000Z,1.1746,1.17474,1.17453,1.17467,25
2025-12-18T04:00:00.000Z,1.17467,1.17495,1.17412,1.1744,30
2025-12-18T05:00:00.000Z,1.1744,1.17468,1.17403,1.17431,30
2025-12-18T06:00:00.000Z,1.17431,1.17459,1.17394,1.17422,30
2025-12-18T07:00:00.000Z,1.17422,1.17459,1.17394,1.17431,30
2025-12-18T08:00:00.000Z,1.17431,1.17512,1.17409,1.1749,70
2025-12-18T09:00:00.000Z,1.1749,1.17558,1.17468,1.17536,70
2025-12-18T10:00:00.000Z,1.17536,1.17603,1.17514,1.17581,70
2025-12-18T11:00:00.000Z,1.17581,1.17635,1.17559,1.17613,70
2025-12-18T12:00:00.000Z,1.17613,1.17677,1.17598,1.17662,80
2025-12-18T13:00:00.000Z,1.17662,1.17717,1.17647,1.17702,80
2025-12-18T14:00:00.000Z,1.17702,1.17756,1.17687,1.17741,80
2025-12-18T15:00:00.000Z,1.17741,1.17787,1.17726,1.17772,80
2025-12-18T16:00:00.000Z,1.17772,1.17779,1.17749,1.17756,30
2025-12-18T17:00:00.000Z,1.17756,1.17763,1.17737,1.17744,30
2025-12-18T18:00:00.000Z,1.17744,1.17751,1.17726,1.17733,30
2025-12-18T19:00:00.000Z,1.17733,1.1774,1.17719,1.17726,30
2025-12-18T20:00:00.000Z,1.17726,1.17754,1.17605,1.17633,15
2025-12-18T21:00:00.000Z,1.17633,1.17661,1.17529,1.17557,15
2025-12-18T22:00:00.000Z,1.17557,1.17585,1.17453,1.17481,15
2025-12-18T23:00:00.000Z,1.17481,1.17509,1.17395,1.17423,15
2025-12-19T00:00:00.000Z,1.17254,1.17271,1.17249,1.17266,25
2025-12-19T01:00:00.000Z,1.17266,1.17279,1.17261,1.17274,25
2025-12-19T02:00:00.000Z,1.17274,1.17287,1.17269,1.17282,25
2025-12-19T03:00:00.000Z,1.17282,1.17292,1.17277,1.17287,25
2025-12-19T04:00:00.000Z,1.17287,1.17308,1.17246,1.17267,30
2025-12-19T05:00:00.000Z,1.17267,1.17288,1.1724,1.17261,30
2025-12-19T06:00:00.000Z,1.17261,1.17282,1.17233,1.17254,30
2025-12-19T07:00:00.000Z,1.17254,1.17282,1.17233,1.17261,30
2025-12-19T08:00:00.000Z,1.17261,1.1732,1.17245,1.17304,70
2025-12-19T09:00:00.000Z,1.17304,1.17353,1.17288,1.17337,70
2025-12-19T10:00:00.000Z,1.17337,1.17387,1.17321,1.17371,70
2025-12-19T11:00:00.000Z,1.17371,1.1741,1.17355,1.17394,70
2025-12-19T12:00:00.000Z,1.17394,1.17441,1.17383,1.1743,80
2025-12-19T13:00:00.000Z,1.1743,1.1747,1.17419,1.17459,80
2025-12-19T14:00:00.000Z,1.17459,1.17499,1.17448,1.17488,80
2025-12-19T15:00:00.000Z,1.17488,1.17522,1.17477,1.17511,80
2025-12-19T16:00:00.000Z,1.17511,1.17516,1.17494,1.17499,30
2025-12-19T17:00:00.000Z,1.17499,1.17504,1.17486,1.17491,30
2025-12-19T18:00:00.000Z,1.17491,1.17496,1.17478,1.17483,30
2025-12-19T19:00:00.000Z,1.17483,1.17488,1.17473,1.17478,30
2025-12-19T20:00:00.000Z,1.17478,1.17498,1.1739,1.1741,15
2025-12-19T21:00:00.000Z,1.1741,1.1743,1.17335,1.17355,15
2025-12-19T22:00:00.000Z,1.17355,1.17375,1.1728,1.173,15
2025-12-19T23:00:00.000Z,1.173,1.1732,1.17237,1.17257,15
2025-12-22T00:00:00.000Z,1.17108,1.17118,1.17077,1.17087,25
2025-12-22T01:00:00.000Z,1.17087,1.17097,1.17063,1.17073,25
2025-12-22T02:00:00.000Z,1.17073,1.17083,1.17048,1.17058,25
2025-12-22T03:00:00.000Z,1.17058,1.17068,1.17039,1.17049,25
2025-12-22T04:00:00.000Z,1.17049,1.1715,1.16994,1.17095,30
2025-12-22T05:00:00.000Z,1.17095,1.17162,1.1704,1.17107,30
2025-12-22T06:00:00.000Z,1.17107,1.17173,1.17052,1.17118,30
2025-12-22T07:00:00.000Z,1.17118,1.17173,1.17041,1.17096,30
2025-12-22T08:00:00.000Z,1.17096,1.17125,1.1699,1.17019,70
2025-12-22T09:00:00.000Z,1.17019,1.17048,1.16931,1.1696,70
2025-12-22T10:00:00.000Z,1.1696,1.16989,1.16871,1.169,70
2025-12-22T11:00:00.000Z,1.169,1.16929,1.1683,1.16859,70
2025-12-22T12:00:00.000Z,1.16859,1.16878,1.16776,1.16795,80
2025-12-22T13:00:00.000Z,1.16795,1.16814,1.16724,1.16743,80
2025-12-22T14:00:00.000Z,1.16743,1.16762,1.16672,1.16691,80
2025-12-22T15:00:00.000Z,1.16691,1.1671,1.16632,1.16651,80
2025-12-22T16:00:00.000Z,1.16651,1.16682,1.16641,1.16672,30
2025-12-22T17:00:00.000Z,1.16672,1.16696,1.16662,1.16686,30
2025-12-22T18:00:00.000Z,1.16686,1.16711,1.16676,1.16701,30
2025-12-22T19:00:00.000Z,1.16701,1.1672,1.16691,1.1671,30
2025-12-22T20:00:00.000Z,1.1671,1.16858,1.16676,1.16824,15
2025-12-22T21:00:00.000Z,1.16824,1.16951,1.1679,1.16917,15
2025-12-22T22:00:00.000Z,1.16917,1.17044,1.16883,1.1701,15
2025-12-22T23:00:00.000Z,1.1701,1.17115,1.16976,1.17081,15
2025-12-23T00:00:00.000Z,1.17644,1.17664,1.17638,1.17658,25
2025-12-23T01:00:00.000Z,1.17658,1.17674,1.17652,1.17668,25
2025-12-23T02:00:00.000Z,1.17668,1.17684,1.17662,1.17678,25
2025-12-23T03:00:00.000Z,1.17678,1.1769,1.17672,1.17684,25
2025-12-23T04:00:00.000Z,1.17684,1.17689,1.17668,1.17673,30
2025-12-23T05:00:00.000Z,1.17673,1.17678,1.1766,1.17665,30
2025-12-23T06:00:00.000Z,1.17665,1.1767,1.17652,1.17657,30
2025-12-23T07:00:00.000Z,1.17657,1.17662,1.17647,1.17652,30
2025-12-23T08:00:00.000Z,1.17652,1.17722,1.17633,1.17703,70
2025-12-23T09:00:00.000Z,1.17703,1.17761,1.17684,1.17742,70
2025-12-23T10:00:00.000Z,1.17742,1.17801,1.17723,1.17782,70
2025-12-23T11:00:00.000Z,1.17782,1.17828,1.17763,1.17809,70
2025-12-23T12:00:00.000Z,1.17809,1.17876,1.17789,1.17856,80
2025-12-23T13:00:00.000Z,1.17856,1.1791,1.17836,1.1789,80
2025-12-23T14:00:00.000Z,1.1789,1.17945,1.1787,1.17925,80
2025-12-23T15:00:00.000Z,1.17925,1.17967,1.17905,1.17947,80
2025-12-23T16:00:00.000Z,1.17947,1.17953,1.17927,1.17933,30
2025-12-23T17:00:00.000Z,1.17933,1.17939,1.17918,1.17924,30
2025-12-23T18:00:00.000Z,1.17924,1.1793,1.17908,1.17914,30
2025-12-23T19:00:00.000Z,1.17914,1.1792,1.17902,1.17908,30
2025-12-23T20:00:00.000Z,1.17908,1.17931,1.17809,1.17832,15
2025-12-23T21:00:00.000Z,1.17832,1.17855,1.17747,1.1777,15
2025-12-23T22:00:00.000Z,1.1777,1.17793,1.17685,1.17708,15
2025-12-23T23:00:00.000Z,1.17708,1.17731,1.17637,1.1766,15
2025-12-24T00:00:00.000Z,1.17957,1.17963,1.17939,1.17945,25
2025-12-24T01:00:00.000Z,1.17945,1.17951,1.1793,1.17936,25
2025-12-24T02:00:00.000Z,1.17936,1.17942,1.17921,1.17927,25
2025-12-24T03:00:00.000Z,1.17927,1.17933,1.17916,1.17922,25
2025-12-24T04:00:00.000Z,1.17922,1.17953,1.17907,1.17938,30
2025-12-24T05:00:00.000Z,1.17938,1.1796,1.17923,1.17945,30
2025-12-24T06:00:00.000Z,1.17945,1.17967,1.1793,1.17952,30
2025-12-24T07:00:00.000Z,1.17952,1.17967,1.17935,1.1795,30
2025-12-24T08:00:00.000Z,1.1795,1.17967,1.17888,1.17905,70
2025-12-24T09:00:00.000Z,1.17905,1.17922,1.17853,1.1787,70
2025-12-24T10:00:00.000Z,1.1787,1.17887,1.17818,1.17835,70
2025-12-24T11:00:00.000Z,1.17835,1.17852,1.17793,1.1781,70
2025-12-24T12:00:00.000Z,1.1781,1.17821,1.17762,1.17773,80
2025-12-24T13:00:00.000Z,1.17773,1.17784,1.17731,1.17742,80
2025-12-24T14:00:00.000Z,1.17742,1.17753,1.17701,1.17712,80
2025-12-24T15:00:00.000Z,1.17712,1.17723,1.17677,1.17688,80
2025-12-24T16:00:00.000Z,1.17688,1.17706,1.17682,1.177,30
2025-12-24T17:00:00.000Z,1.177,1.17715,1.17694,1.17709,30
2025-12-24T18:00:00.000Z,1.17709,1.17724,1.17703,1.17718,30
2025-12-24T19:00:00.000Z,1.17718,1.17729,1.17712,1.17723,30
2025-12-24T20:00:00.000Z,1.17723,1.17815,1.17702,1.17794,15
2025-12-24T21:00:00.000Z,1.17794,1.17873,1.17773,1.17852,15
2025-12-24T22:00:00.000Z,1.17852,1.17931,1.17831,1.1791,15
2025-12-24T23:00:00.000Z,1.1791,1.17976,1.17889,1.17955,15
2025-12-26T00:00:00.000Z,1.17838,1.17857,1.17832,1.17851,25
2025-12-26T01:00:00.000Z,1.17851,1.17866,1.17845,1.1786,25
2025-12-26T02:00:00.000Z,1.1786,1.17875,1.17854,1.17869,25
2025-12-26T03:00:00.000Z,1.17869,1.17881,1.17863,1.17875,25
2025-12-26T04:00:00.000Z,1.17875,1.17896,1.17834,1.17855,30
2025-12-26T05:00:00.000Z,1.17855,1.17876,1.17826,1.17847,30
2025-12-26T06:00:00.000Z,1.17847,1.17868,1.17819,1.1784,30
2025-12-26T07:00:00.000Z,1.1784,1.17867,1.17819,1.17846,30
2025-12-26T08:00:00.000Z,1.17846,1.1791,1.17829,1.17893,70
2025-12-26T09:00:00.000Z,1.17893,1.17946,1.17876,1.17929,70
2025-12-26T10:00:00.000Z,1.17929,1.17983,1.17912,1.17966,70
2025-12-26T11:00:00.000Z,1.17966,1.18008,1.17949,1.17991,70
2025-12-26T12:00:00.000Z,1.17991,1.18042,1.17979,1.1803,80
2025-12-26T13:00:00.000Z,1.1803,1.18074,1.18018,1.18062,80
2025-12-26T14:00:00.000Z,1.18062,1.18105,1.1805,1.18093,80
2025-12-26T15:00:00.000Z,1.18093,1.1813,1.18081,1.18118,80
2025-12-26T16:00:00.000Z,1.18118,1.18124,1.18099,1.18105,30
2025-12-26T17:00:00.000Z,1.18105,1.18111,1.1809,1.18096,30
2025-12-26T18:00:00.000Z,1.18096,1.18102,1.18081,1.18087,30
2025-12-26T19:00:00.000Z,1.18087,1.18093,1.18076,1.18082,30
2025-12-26T20:00:00.000Z,1.18082,1.18103,1.17991,1.18012,15
2025-12-26T21:00:00.000Z,1.18012,1.18033,1.17934,1.17955,15
2025-12-26T22:00:00.000Z,1.17955,1.17976,1.17877,1.17898,15
2025-12-26T23:00:00.000Z,1.17898,1.17919,1.17833,1.17854,15
2025-12-29T00:00:00.000Z,1.1775,1.17756,1.17732,1.17738,25
2025-12-29T01:00:00.000Z,1.17738,1.17744,1.17723,1.17729,25
2025-12-29T02:00:00.000Z,1.17729,1.17735,1.17714,1.1772,25
2025-12-29T03:00:00.000Z,1.1772,1.17726,1.17709,1.17715,25
2025-12-29T04:00:00.000Z,1.17715,1.17746,1.177,1.17731,30
2025-12-29T05:00:00.000Z,1.17731,1.17753,1.17716,1.17738,30
2025-12-29T06:00:00.000Z,1.17738,1.1776,1.17723,1.17745,30
2025-12-29T07:00:00.000Z,1.17745,1.1776,1.17728,1.17743,30
2025-12-29T08:00:00.000Z,1.17743,1.1776,1.17681,1.17698,70
2025-12-29T09:00:00.000Z,1.17698,1.17715,1.17647,1.17664,70
2025-12-29T10:00:00.000Z,1.17664,1.17681,1.17612,1.17629,70
2025-12-29T11:00:00.000Z,1.17629,1.17646,1.17588,1.17605,70
2025-12-29T12:00:00.000Z,1.17605,1.17616,1.17557,1.17568,80
2025-12-29T13:00:00.000Z,1.17568,1.17579,1.17527,1.17538,80
2025-12-29T14:00:00.000Z,1.17538,1.17549,1.17496,1.17507,80
2025-12-29T15:00:00.000Z,1.17507,1.17518,1.17473,1.17484,80
2025-12-29T16:00:00.000Z,1.17484,1.17502,1.17478,1.17496,30
2025-12-29T17:00:00.000Z,1.17496,1.1751,1.1749,1.17504,30
2025-12-29T18:00:00.000Z,1.17504,1.17519,1.17498,1.17513,30
2025-12-29T19:00:00.000Z,1.17513,1.17524,1.17507,1.17518,30
2025-12-29T20:00:00.000Z,1.17518,1.17602,1.17498,1.17582,15
2025-12-29T21:00:00.000Z,1.17582,1.17655,1.17562,1.17635,15
2025-12-29T22:00:00.000Z,1.17635,1.17707,1.17615,1.17687,15
2025-12-29T23:00:00.000Z,1.17687,1.17747,1.17667,1.17727,15
2025-12-30T00:00:00.000Z,1.1773,1.17736,1.17712,1.17718,25
2025-12-30T01:00:00.000Z,1.17718,1.17724,1.17703,1.17709,25
2025-12-30T02:00:00.000Z,1.17709,1.17715,1.17694,1.177,25
2025-12-30T03:00:00.000Z,1.177,1.17706,1.17689,1.17695,25
2025-12-30T04:00:00.000Z,1.17695,1.1772,1.17684,1.17709,30
2025-12-30T05:00:00.000Z,1.17709,1.17727,1.17698,1.17716,30
2025-12-30T06:00:00.000Z,1.17716,1.17734,1.17705,1.17723,30
2025-12-30T07:00:00.000Z,1.17723,1.17734,1.17712,1.17723,30
2025-12-30T08:00:00.000Z,1.17723,1.1774,1.1766,1.17677,70
2025-12-30T09:00:00.000Z,1.17677,1.17694,1.17625,1.17642,70
2025-12-30T10:00:00.000Z,1.17642,1.17659,1.1759,1.17607,70
2025-12-30T11:00:00.000Z,1.17607,1.17624,1.17566,1.17583,70
2025-12-30T12:00:00.000Z,1.17583,1.17594,1.17534,1.17545,80
2025-12-30T13:00:00.000Z,1.17545,1.17556,1.17504,1.17515,80
2025-12-30T14:00:00.000Z,1.17515,1.17526,1.17473,1.17484,80
2025-12-30T15:00:00.000Z,1.17484,1.17495,1.17449,1.1746,80
2025-12-30T16:00:00.000Z,1.1746,1.17478,1.17454,1.17472,30
2025-12-30T17:00:00.000Z,1.17472,1.17487,1.17466,1.17481,30
2025-12-30T18:00:00.000Z,1.17481,1.17496,1.17475,1.1749,30
2025-12-30T19:00:00.000Z,1.1749,1.17501,1.17484,1.17495,30
2025-12-30T20:00:00.000Z,1.17495,1.17589,1.17473,1.17567,15
2025-12-30T21:00:00.000Z,1.17567,1.17647,1.17545,1.17625,15
2025-12-30T22:00:00.000Z,1.17625,1.17706,1.17603,1.17684,15
2025-12-30T23:00:00.000Z,1.17684,1.17751,1.17662,1.17729,15
2025-12-31T00:00:00.000Z,1.17465,1.17484,1.17459,1.17478,25
2025-12-31T01:00:00.000Z,1.17478,1.17494,1.17472,1.17488,25
2025-12-31T02:00:00.000Z,1.17488,1.17503,1.17482,1.17497,25
2025-12-31T03:00:00.000Z,1.17497,1.17509,1.17491,1.17503,25
2025-12-31T04:00:00.000Z,1.17503,1.17528,1.17455,1.1748,30
2025-12-31T05:00:00.000Z,1.1748,1.17505,1.17447,1.17472,30
2025-12-31T06:00:00.000Z,1.17472,1.17497,1.17439,1.17464,30
2025-12-31T07:00:00.000Z,1.17464,1.17497,1.17439,1.17472,30
2025-12-31T08:00:00.000Z,1.17472,1.17539,1.17454,1.17521,70
2025-12-31T09:00:00.000Z,1.17521,1.17577,1.17503,1.17559,70
2025-12-31T10:00:00.000Z,1.17559,1.17615,1.17541,1.17597,70
2025-12-31T11:00:00.000Z,1.17597,1.17642,1.17579,1.17624,70
2025-12-31T12:00:00.000Z,1.17624,1.17677,1.17612,1.17665,80
2025-12-31T13:00:00.000Z,1.17665,1.1771,1.17653,1.17698,80
2025-12-31T14:00:00.000Z,1.17698,1.17743,1.17686,1.17731,80
2025-12-31T15:00:00.000Z,1.17731,1.17768,1.17719,1.17756,80
2025-12-31T16:00:00.000Z,1.17756,1.17762,1.17737,1.17743,30
2025-12-31T17:00:00.000Z,1.17743,1.17749,1.17728,1.17734,30
2025-12-31T18:00:00.000Z,1.17734,1.1774,1.17719,1.17725,30
2025-12-31T19:00:00.000Z,1.17725,1.17731,1.17713,1.17719,30
2025-12-31T20:00:00.000Z,1.17719,1.17742,1.1762,1.17643,15
2025-12-31T21:00:00.000Z,1.17643,1.17666,1.17559,1.17582,15
2025-12-31T22:00:00.000Z,1.17582,1.17605,1.17497,1.1752,15
2025-12-31T23:00:00.000Z,1.1752,1.17543,1.1745,1.17473,15
