time,open,high,low,close,volume
2025-01-02T00:00:00.000Z,157.719,157.786,157.698,157.765,25
2025-01-02T01:00:00.000Z,157.765,157.819,157.744,157.798,25
2025-01-02T02:00:00.000Z,157.798,157.852,157.777,157.831,25
2025-01-02T03:00:00.000Z,157.831,157.872,157.81,157.851,25
2025-01-02T04:00:00.000Z,157.851,157.968,157.634,157.751,30
2025-01-02T05:00:00.000Z,157.751,157.868,157.608,157.725,30
2025-01-02T06:00:00.000Z,157.725,157.842,157.581,157.698,30
2025-01-02T07:00:00.000Z,157.698,157.862,157.581,157.745,30
2025-01-02T08:00:00.000Z,157.745,157.979,157.682,157.916,70
2025-01-02T09:00:00.000Z,157.916,158.111,157.853,158.048,70
2025-01-02T10:00:00.000Z,158.048,158.243,157.985,158.18,70
2025-01-02T11:00:00.000Z,158.18,158.335,158.117,158.272,70
2025-01-02T12:00:00.000Z,158.272,158.455,158.23,158.413,80
2025-01-02T13:00:00.000Z,158.413,158.57,158.371,158.528,80
2025-01-02T14:00:00.000Z,158.528,158.685,158.486,158.643,80
2025-01-02T15:00:00.000Z,158.643,158.774,158.601,158.732,80
2025-01-02T16:00:00.000Z,158.732,158.753,158.665,158.686,30
2025-01-02T17:00:00.000Z,158.686,158.707,158.632,158.653,30
2025-01-02T18:00:00.000Z,158.653,158.674,158.6,158.621,30
2025-01-02T19:00:00.000Z,158.621,158.642,158.58,158.601,30
2025-01-02T20:00:00.000Z,158.601,158.682,158.249,158.33,15
2025-01-02T21:00:00.000Z,158.33,158.411,158.028,158.109,15
2025-01-02T22:00:00.000Z,158.109,158.19,157.808,157.889,15
2025-01-02T23:00:00.000Z,157.889,157.97,157.638,157.719,15
2025-01-03T00:00:00.000Z,157.362,157.385,157.355,157.378,25
2025-01-03T01:00:00.000Z,157.378,157.396,157.371,157.389,25
2025-01-03T02:00:00.000Z,157.389,157.407,157.382,157.4,25
2025-01-03T03:00:00.000Z,157.4,157.414,157.393,157.407,25
2025-01-03T04:00:00.000Z,157.407,157.439,157.346,157.378,30
2025-01-03T05:00:00.000Z,157.378,157.41,157.337,157.369,30
2025-01-03T06:00:00.000Z,157.369,157.401,157.328,157.36,30
2025-01-03T07:00:00.000Z,157.36,157.403,157.328,157.371,30
2025-01-03T08:00:00.000Z,157.371,157.452,157.349,157.43,70
2025-01-03T09:00:00.000Z,157.43,157.497,157.408,157.475,70
2025-01-03T10:00:00.000Z,157.475,157.542,157.453,157.52,70
2025-01-03T11:00:00.000Z,157.52,157.574,157.498,157.552,70
2025-01-03T12:00:00.000Z,157.552,157.615,157.538,157.601,80
2025-01-03T13:00:00.000Z,157.601,157.655,157.587,157.641,80
2025-01-03T14:00:00.000Z,157.641,157.694,157.627,157.68,80
2025-01-03T15:00:00.000Z,157.68,157.725,157.666,157.711,80
2025-01-03T16:00:00.000Z,157.711,157.718,157.688,157.695,30
2025-01-03T17:00:00.000Z,157.695,157.702,157.677,157.684,30
2025-01-03T18:00:00.000Z,157.684,157.691,157.666,157.673,30
2025-01-03T19:00:00.000Z,157.673,157.68,157.659,157.666,30
2025-01-03T20:00:00.000Z,157.666,157.694,157.545,157.573,15
2025-01-03T21:00:00.000Z,157.573,157.601,157.469,157.497,15
2025-01-03T22:00:00.000Z,157.497,157.525,157.393,157.421,15
2025-01-03T23:00:00.000Z,157.421,157.449,157.334,157.362,15
2025-01-06T00:00:00.000Z,157.481,157.567,157.454,157.54,25
2025-01-06T01:00:00.000Z,157.54,157.609,157.513,157.582,25
2025-01-06T02:00:00.000Z,157.582,157.651,157.555,157.624,25
2025-01-06T03:00:00.000Z,157.624,157.676,157.597,157.649,25
2025-01-06T04:00:00.000Z,157.649,157.766,157.426,157.543,30
2025-01-06T05:00:00.000Z,157.543,157.66,157.392,157.509,30
2025-01-06T06:00:00.000Z,157.509,157.626,157.359,157.476,30
2025-01-06T07:00:00.000Z,157.476,157.632,157.359,157.515,30
2025-01-06T08:00:00.000Z,157.515,157.813,157.435,157.733,70
2025-01-06T09:00:00.000Z,157.733,157.98,157.653,157.9,70
2025-01-06T10:00:00.000Z,157.9,158.148,157.82,158.068,70
2025-01-06T11:00:00.000Z,158.068,158.265,157.988,158.185,70
2025-01-06T12:00:00.000Z,158.185,158.419,158.131,158.365,80
2025-01-06T13:00:00.000Z,158.365,158.566,158.311,158.512,80
2025-01-06T14:00:00.000Z,158.512,158.713,158.458,158.659,80
2025-01-06T15:00:00.000Z,158.659,158.826,158.605,158.772,80
2025-01-06T16:00:00.000Z,158.772,158.799,158.686,158.713,30
2025-01-06T17:00:00.000Z,158.713,158.74,158.644,158.671,30
2025-01-06T18:00:00.000Z,158.671,158.698,158.602,158.629,30
2025-01-06T19:00:00.000Z,158.629,158.656,158.577,158.604,30
2025-01-06T20:00:00.000Z,158.604,158.707,158.156,158.259,15
2025-01-06T21:00:00.000Z,158.259,158.362,157.875,157.978,15
2025-01-06T22:00:00.000Z,157.978,158.081,157.594,157.697,15
2025-01-06T23:00:00.000Z,157.697,157.8,157.378,157.481,15
2025-01-07T00:00:00.000Z,157.743,157.796,157.726,157.779,25
2025-01-07T01:00:00.000Z,157.779,157.822,157.762,157.805,25
2025-01-07T02:00:00.000Z,157.805,157.848,157.788,157.831,25
2025-01-07T03:00:00.000Z,157.831,157.863,157.814,157.846,25
2025-01-07T04:00:00.000Z,157.846,157.887,157.759,157.8,30
2025-01-07T05:00:00.000Z,157.8,157.841,157.739,157.78,30
2025-01-07T06:00:00.000Z,157.78,157.821,157.718,157.759,30
2025-01-07T07:00:00.000Z,157.759,157.805,157.718,157.764,30
2025-01-07T08:00:00.000Z,157.764,157.947,157.715,157.898,70
2025-01-07T09:00:00.000Z,157.898,158.05,157.849,158.001,70
2025-01-07T10:00:00.000Z,158.001,158.153,157.952,158.104,70
2025-01-07T11:00:00.000Z,158.104,158.225,158.055,158.176,70
2025-01-07T12:00:00.000Z,158.176,158.32,158.143,158.287,80
2025-01-07T13:00:00.000Z,158.287,158.41,158.254,158.377,80
2025-01-07T14:00:00.000Z,158.377,158.5,158.344,158.467,80
2025-01-07T15:00:00.000Z,158.467,158.57,158.434,158.537,80
2025-01-07T16:00:00.000Z,158.537,158.553,158.485,158.501,30
2025-01-07T17:00:00.000Z,158.501,158.517,158.459,158.475,30
2025-01-07T18:00:00.000Z,158.475,158.491,158.433,158.449,30
2025-01-07T19:00:00.000Z,158.449,158.465,158.418,158.434,30
2025-01-07T20:00:00.000Z,158.434,158.498,158.158,158.222,15
2025-01-07T21:00:00.000Z,158.222,158.286,157.985,158.049,15
2025-01-07T22:00:00.000Z,158.049,158.113,157.812,157.876,15
2025-01-07T23:00:00.000Z,157.876,157.94,157.679,157.743,15
2025-01-08T00:00:00.000Z,158.236,158.268,158.226,158.258,25
2025-01-08T01:00:00.000Z,158.258,158.284,158.248,158.274,25
2025-01-08T02:00:00.000Z,158.274,158.3,158.264,158.29,25
2025-01-08T03:00:00.000Z,158.29,158.31,158.28,158.3,25
2025-01-08T04:00:00.000Z,158.3,158.334,158.232,158.266,30
2025-01-08T05:00:00.000Z,158.266,158.3,158.219,158.253,30
2025-01-08T06:00:00.000Z,158.253,158.287,158.206,158.24,30
2025-01-08T07:00:00.000Z,158.24,158.283,158.206,158.249,30
2025-01-08T08:00:00.000Z,158.249,158.363,158.218,158.332,70
2025-01-08T09:00:00.000Z,158.332,158.427,158.301,158.396,70
2025-01-08T10:00:00.000Z,158.396,158.491,158.365,158.46,70
2025-01-08T11:00:00.000Z,158.46,158.536,158.429,158.505,70
2025-01-08T12:00:00.000Z,158.505,158.595,158.484,158.574,80
2025-01-08T13:00:00.000Z,158.574,158.651,158.553,158.63,80
2025-01-08T14:00:00.000Z,158.63,158.708,158.609,158.687,80
2025-01-08T15:00:00.000Z,158.687,158.751,158.666,158.73,80
2025-01-08T16:00:00.000Z,158.73,158.74,158.697,158.707,30
2025-01-08T17:00:00.000Z,158.707,158.717,158.681,158.691,30
2025-01-08T18:00:00.000Z,158.691,158.701,158.665,158.675,30
2025-01-08T19:00:00.000Z,158.675,158.685,158.655,158.665,30
2025-01-08T20:00:00.000Z,158.665,158.705,158.493,158.533,15
2025-01-08T21:00:00.000Z,158.533,158.573,158.386,158.426,15
2025-01-08T22:00:00.000Z,158.426,158.466,158.279,158.319,15
2025-01-08T23:00:00.000Z,158.319,158.359,158.196,158.236,15
2025-01-09T00:00:00.000Z,158.192,158.229,158.18,158.217,25
2025-01-09T01:00:00.000Z,158.217,158.247,158.205,158.235,25
2025-01-09T02:00:00.000Z,158.235,158.265,158.223,158.253,25
2025-01-09T03:00:00.000Z,158.253,158.276,158.241,158.264,25
2025-01-09T04:00:00.000Z,158.264,158.322,158.156,158.214,30
2025-01-09T05:00:00.000Z,158.214,158.272,158.141,158.199,30
2025-01-09T06:00:00.000Z,158.199,158.257,158.127,158.185,30
2025-01-09T07:00:00.000Z,158.185,158.264,158.127,158.206,30
2025-01-09T08:00:00.000Z,158.206,158.335,158.171,158.3,70
2025-01-09T09:00:00.000Z,158.3,158.408,158.265,158.373,70
2025-01-09T10:00:00.000Z,158.373,158.48,158.338,158.445,70
2025-01-09T11:00:00.000Z,158.445,158.531,158.41,158.496,70
2025-01-09T12:00:00.000Z,158.496,158.597,158.473,158.574,80
2025-01-09T13:00:00.000Z,158.574,158.66,158.551,158.637,80
2025-01-09T14:00:00.000Z,158.637,158.723,158.614,158.7,80
2025-01-09T15:00:00.000Z,158.7,158.772,158.677,158.749,80
2025-01-09T16:00:00.000Z,158.749,158.761,158.712,158.724,30
2025-01-09T17:00:00.000Z,158.724,158.736,158.693,158.705,30
2025-01-09T18:00:00.000Z,158.705,158.717,158.675,158.687,30
2025-01-09T19:00:00.000Z,158.687,158.699,158.664,158.676,30
2025-01-09T20:00:00.000Z,158.676,158.721,158.482,158.527,15
2025-01-09T21:00:00.000Z,158.527,158.572,158.361,158.406,15
2025-01-09T22:00:00.000Z,158.406,158.451,158.24,158.285,15
2025-01-09T23:00:00.000Z,158.285,158.33,158.147,158.192,15
2025-01-10T00:00:00.000Z,158.048,158.131,158.022,158.105,25
2025-01-10T01:00:00.000Z,158.105,158.172,158.079,158.146,25
2025-01-10T02:00:00.000Z,158.146,158.213,158.12,158.187,25
2025-01-10T03:00:00.000Z,158.187,158.237,158.161,158.211,25
2025-01-10T04:00:00.000Z,158.211,158.296,158.04,158.125,30
2025-01-10T05:00:00.000Z,158.125,158.21,158.008,158.093,30
2025-01-10T06:00:00.000Z,158.093,158.178,157.975,158.06,30
2025-01-10T07:00:00.000Z,158.06,158.166,157.975,158.081,30
2025-01-10T08:00:00.000Z,158.081,158.371,158.003,158.293,70
2025-01-10T09:00:00.000Z,158.293,158.534,158.215,158.456,70
2025-01-10T10:00:00.000Z,158.456,158.697,158.378,158.619,70
2025-01-10T11:00:00.000Z,158.619,158.811,158.541,158.733,70
2025-01-10T12:00:00.000Z,158.733,158.961,158.681,158.909,80
2025-01-10T13:00:00.000Z,158.909,159.104,158.857,159.052,80
2025-01-10T14:00:00.000Z,159.052,159.247,159,159.195,80
2025-01-10T15:00:00.000Z,159.195,159.357,159.143,159.305,80
2025-01-10T16:00:00.000Z,159.305,159.331,159.222,159.248,30
2025-01-10T17:00:00.000Z,159.248,159.274,159.181,159.207,30
2025-01-10T18:00:00.000Z,159.207,159.233,159.14,159.166,30
2025-01-10T19:00:00.000Z,159.166,159.192,159.115,159.141,30
2025-01-10T20:00:00.000Z,159.141,159.242,158.704,158.805,15
2025-01-10T21:00:00.000Z,158.805,158.906,158.431,158.532,15
2025-01-10T22:00:00.000Z,158.532,158.633,158.157,158.258,15
2025-01-10T23:00:00.000Z,158.258,158.359,157.947,158.048,15
2025-01-13T00:00:00.000Z,157.887,157.941,157.87,157.924,25
2025-01-13T01:00:00.000Z,157.924,157.967,157.907,157.95,25
2025-01-13T02:00:00.000Z,157.95,157.993,157.933,157.976,25
2025-01-13T03:00:00.000Z,157.976,158.009,157.959,157.992,25
2025-01-13T04:00:00.000Z,157.992,158.083,157.823,157.914,30
2025-01-13T05:00:00.000Z,157.914,158.005,157.802,157.893,30
2025-01-13T06:00:00.000Z,157.893,157.984,157.781,157.872,30
2025-01-13T07:00:00.000Z,157.872,157.999,157.781,157.908,30
2025-01-13T08:00:00.000Z,157.908,158.094,157.858,158.044,70
2025-01-13T09:00:00.000Z,158.044,158.198,157.994,158.148,70
2025-01-13T10:00:00.000Z,158.148,158.303,158.098,158.253,70
2025-01-13T11:00:00.000Z,158.253,158.376,158.203,158.326,70
2025-01-13T12:00:00.000Z,158.326,158.471,158.293,158.438,80
2025-01-13T13:00:00.000Z,158.438,158.563,158.405,158.53,80
2025-01-13T14:00:00.000Z,158.53,158.654,158.497,158.621,80
2025-01-13T15:00:00.000Z,158.621,158.725,158.588,158.692,80
2025-01-13T16:00:00.000Z,158.692,158.709,158.639,158.656,30
2025-01-13T17:00:00.000Z,158.656,158.673,158.613,158.63,30
2025-01-13T18:00:00.000Z,158.63,158.647,158.587,158.604,30
2025-01-13T19:00:00.000Z,158.604,158.621,158.571,158.588,30
2025-01-13T20:00:00.000Z,158.588,158.652,158.309,158.373,15
2025-01-13T21:00:00.000Z,158.373,158.437,158.133,158.197,15
2025-01-13T22:00:00.000Z,158.197,158.261,157.958,158.022,15
2025-01-13T23:00:00.000Z,158.022,158.086,157.823,157.887,15
2025-01-14T00:00:00.000Z,157.364,157.414,157.348,157.398,25
2025-01-14T01:00:00.000Z,157.398,157.438,157.382,157.422,25
2025-01-14T02:00:00.000Z,157.422,157.463,157.406,157.447,25
2025-01-14T03:00:00.000Z,157.447,157.477,157.431,157.461,25
2025-01-14T04:00:00.000Z,157.461,157.49,157.394,157.423,30
2025-01-14T05:00:00.000Z,157.423,157.452,157.375,157.404,30
2025-01-14T06:00:00.000Z,157.404,157.433,157.355,157.384,30
2025-01-14T07:00:00.000Z,157.384,157.413,157.354,157.383,30
2025-01-14T08:00:00.000Z,157.383,157.557,157.336,157.51,70
2025-01-14T09:00:00.000Z,157.51,157.654,157.463,157.607,70
2025-01-14T10:00:00.000Z,157.607,157.752,157.56,157.705,70
2025-01-14T11:00:00.000Z,157.705,157.82,157.658,157.773,70
2025-01-14T12:00:00.000Z,157.773,157.91,157.741,157.878,80
2025-01-14T13:00:00.000Z,157.878,157.995,157.846,157.963,80
2025-01-14T14:00:00.000Z,157.963,158.08,157.931,158.048,80
2025-01-14T15:00:00.000Z,158.048,158.145,158.016,158.113,80
2025-01-14T16:00:00.000Z,158.113,158.129,158.063,158.079,30
2025-01-14T17:00:00.000Z,158.079,158.095,158.039,158.055,30
2025-01-14T18:00:00.000Z,158.055,158.071,158.014,158.03,30
2025-01-14T19:00:00.000Z,158.03,158.046,158,158.016,30
2025-01-14T20:00:00.000Z,158.016,158.076,157.756,157.816,15
2025-01-14T21:00:00.000Z,157.816,157.876,157.593,157.653,15
2025-01-14T22:00:00.000Z,157.653,157.713,157.429,157.489,15
2025-01-14T23:00:00.000Z,157.489,157.549,157.304,157.364,15
2025-01-15T00:00:00.000Z,158.05,158.158,158.016,158.124,25
2025-01-15T01:00:00.000Z,158.124,158.211,158.09,158.177,25
2025-01-15T02:00:00.000Z,158.177,158.263,158.143,158.229,25
2025-01-15T03:00:00.000Z,158.229,158.295,158.195,158.261,25
2025-01-15T04:00:00.000Z,158.261,158.453,157.907,158.099,30
2025-01-15T05:00:00.000Z,158.099,158.291,157.865,158.057,30
2025-01-15T06:00:00.000Z,158.057,158.249,157.822,158.014,30
2025-01-15T07:00:00.000Z,158.014,158.284,157.822,158.092,30
2025-01-15T08:00:00.000Z,158.092,158.468,157.991,158.367,70
2025-01-15T09:00:00.000Z,158.367,158.679,158.266,158.578,70
2025-01-15T10:00:00.000Z,158.578,158.89,158.477,158.789,70
2025-01-15T11:00:00.000Z,158.789,159.038,158.688,158.937,70
2025-01-15T12:00:00.000Z,158.937,159.232,158.869,159.164,80
2025-01-15T13:00:00.000Z,159.164,159.417,159.096,159.349,80
2025-01-15T14:00:00.000Z,159.349,159.602,159.281,159.534,80
2025-01-15T15:00:00.000Z,159.534,159.745,159.466,159.677,80
2025-01-15T16:00:00.000Z,159.677,159.711,159.569,159.603,30
2025-01-15T17:00:00.000Z,159.603,159.637,159.516,159.55,30
2025-01-15T18:00:00.000Z,159.55,159.584,159.464,159.498,30
2025-01-15T19:00:00.000Z,159.498,159.532,159.432,159.466,30
2025-01-15T20:00:00.000Z,159.466,159.596,158.901,159.031,15
2025-01-15T21:00:00.000Z,159.031,159.161,158.547,158.677,15
2025-01-15T22:00:00.000Z,158.677,158.807,158.193,158.323,15
2025-01-15T23:00:00.000Z,158.323,158.453,157.92,158.05,15
2025-01-16T00:00:00.000Z,156.255,156.326,156.233,156.304,25
2025-01-16T01:00:00.000Z,156.304,156.36,156.282,156.338,25
2025-01-16T02:00:00.000Z,156.338,156.395,156.316,156.373,25
2025-01-16T03:00:00.000Z,156.373,156.416,156.351,156.394,25
2025-01-16T04:00:00.000Z,156.394,156.502,156.191,156.299,30
2025-01-16T05:00:00.000Z,156.299,156.407,156.163,156.271,30
2025-01-16T06:00:00.000Z,156.271,156.379,156.136,156.244,30
2025-01-16T07:00:00.000Z,156.244,156.391,156.136,156.283,30
2025-01-16T08:00:00.000Z,156.283,156.529,156.217,156.463,70
2025-01-16T09:00:00.000Z,156.463,156.668,156.397,156.602,70
2025-01-16T10:00:00.000Z,156.602,156.806,156.536,156.74,70
2025-01-16T11:00:00.000Z,156.74,156.903,156.674,156.837,70
2025-01-16T12:00:00.000Z,156.837,157.03,156.793,156.986,80
2025-01-16T13:00:00.000Z,156.986,157.151,156.942,157.107,80
2025-01-16T14:00:00.000Z,157.107,157.272,157.063,157.228,80
2025-01-16T15:00:00.000Z,157.228,157.365,157.184,157.321,80
2025-01-16T16:00:00.000Z,157.321,157.343,157.251,157.273,30
2025-01-16T17:00:00.000Z,157.273,157.295,157.216,157.238,30
2025-01-16T18:00:00.000Z,157.238,157.26,157.182,157.204,30
2025-01-16T19:00:00.000Z,157.204,157.226,157.161,157.183,30
2025-01-16T20:00:00.000Z,157.183,157.268,156.813,156.898,15
2025-01-16T21:00:00.000Z,156.898,156.983,156.581,156.666,15
2025-01-16T22:00:00.000Z,156.666,156.751,156.349,156.434,15
2025-01-16T23:00:00.000Z,156.434,156.519,156.17,156.255,15
2025-01-17T00:00:00.000Z,155.356,155.426,155.334,155.404,25
2025-01-17T01:00:00.000Z,155.404,155.461,155.382,155.439,25
2025-01-17T02:00:00.000Z,155.439,155.495,155.417,155.473,25
2025-01-17T03:00:00.000Z,155.473,155.516,155.451,155.494,25
2025-01-17T04:00:00.000Z,155.494,155.54,155.392,155.438,30
2025-01-17T05:00:00.000Z,155.438,155.484,155.364,155.41,30
2025-01-17T06:00:00.000Z,155.41,155.456,155.336,155.382,30
2025-01-17T07:00:00.000Z,155.382,155.43,155.336,155.384,30
2025-01-17T08:00:00.000Z,155.384,155.629,155.318,155.563,70
2025-01-17T09:00:00.000Z,155.563,155.768,155.497,155.702,70
2025-01-17T10:00:00.000Z,155.702,155.905,155.636,155.839,70
2025-01-17T11:00:00.000Z,155.839,156.002,155.773,155.936,70
2025-01-17T12:00:00.000Z,155.936,156.129,155.892,156.085,80
2025-01-17T13:00:00.000Z,156.085,156.25,156.041,156.206,80
2025-01-17T14:00:00.000Z,156.206,156.371,156.162,156.327,80
2025-01-17T15:00:00.000Z,156.327,156.464,156.283,156.42,80
2025-01-17T16:00:00.000Z,156.42,156.442,156.35,156.372,30
2025-01-17T17:00:00.000Z,156.372,156.394,156.315,156.337,30
2025-01-17T18:00:00.000Z,156.337,156.359,156.281,156.303,30
2025-01-17T19:00:00.000Z,156.303,156.325,156.26,156.282,30
2025-01-17T20:00:00.000Z,156.282,156.367,155.912,155.997,15
2025-01-17T21:00:00.000Z,155.997,156.082,155.681,155.766,15
2025-01-17T22:00:00.000Z,155.766,155.851,155.449,155.534,15
2025-01-17T23:00:00.000Z,155.534,155.619,155.271,155.356,15
2025-01-20T00:00:00.000Z,156.306,156.359,156.289,156.342,25
2025-01-20T01:00:00.000Z,156.342,156.385,156.325,156.368,25
2025-01-20T02:00:00.000Z,156.368,156.411,156.351,156.394,25
2025-01-20T03:00:00.000Z,156.394,156.426,156.377,156.409,25
2025-01-20T04:00:00.000Z,156.409,156.492,156.254,156.337,30
2025-01-20T05:00:00.000Z,156.337,156.42,156.233,156.316,30
2025-01-20T06:00:00.000Z,156.316,156.399,156.213,156.296,30
2025-01-20T07:00:00.000Z,156.296,156.41,156.213,156.327,30
2025-01-20T08:00:00.000Z,156.327,156.511,156.277,156.461,70
2025-01-20T09:00:00.000Z,156.461,156.615,156.411,156.565,70
2025-01-20T10:00:00.000Z,156.565,156.718,156.515,156.668,70
2025-01-20T11:00:00.000Z,156.668,156.79,156.618,156.74,70
2025-01-20T12:00:00.000Z,156.74,156.884,156.707,156.851,80
2025-01-20T13:00:00.000Z,156.851,156.975,156.818,156.942,80
2025-01-20T14:00:00.000Z,156.942,157.065,156.909,157.032,80
2025-01-20T15:00:00.000Z,157.032,157.135,156.999,157.102,80
2025-01-20T16:00:00.000Z,157.102,157.119,157.049,157.066,30
2025-01-20T17:00:00.000Z,157.066,157.083,157.023,157.04,30
2025-01-20T18:00:00.000Z,157.04,157.057,156.997,157.014,30
2025-01-20T19:00:00.000Z,157.014,157.031,156.982,156.999,30
2025-01-20T20:00:00.000Z,156.999,157.063,156.722,156.786,15
2025-01-20T21:00:00.000Z,156.786,156.85,156.549,156.613,15
2025-01-20T22:00:00.000Z,156.613,156.677,156.375,156.439,15
2025-01-20T23:00:00.000Z,156.439,156.503,156.242,156.306,15
2025-01-21T00:00:00.000Z,155.249,155.319,155.227,155.297,25
2025-01-21T01:00:00.000Z,155.297,155.353,155.275,155.331,25
2025-01-21T02:00:00.000Z,155.331,155.387,155.309,155.365,25
2025-01-21T03:00:00.000Z,155.365,155.407,155.343,155.385,25
2025-01-21T04:00:00.000Z,155.385,155.437,155.273,155.325,30
2025-01-21T05:00:00.000Z,155.325,155.377,155.246,155.298,30
2025-01-21T06:00:00.000Z,155.298,155.35,155.218,155.27,30
2025-01-21T07:00:00.000Z,155.27,155.328,155.218,155.276,30
2025-01-21T08:00:00.000Z,155.276,155.518,155.211,155.453,70
2025-01-21T09:00:00.000Z,155.453,155.654,155.388,155.589,70
2025-01-21T10:00:00.000Z,155.589,155.791,155.524,155.726,70
2025-01-21T11:00:00.000Z,155.726,155.886,155.661,155.821,70
2025-01-21T12:00:00.000Z,155.821,156.012,155.777,155.968,80
2025-01-21T13:00:00.000Z,155.968,156.131,155.924,156.087,80
2025-01-21T14:00:00.000Z,156.087,156.25,156.043,156.206,80
2025-01-21T15:00:00.000Z,156.206,156.342,156.162,156.298,80
2025-01-21T16:00:00.000Z,156.298,156.32,156.228,156.25,30
2025-01-21T17:00:00.000Z,156.25,156.272,156.194,156.216,30
2025-01-21T18:00:00.000Z,156.216,156.238,156.16,156.182,30
2025-01-21T19:00:00.000Z,156.182,156.204,156.14,156.162,30
2025-01-21T20:00:00.000Z,156.162,156.246,155.797,155.881,15
2025-01-21T21:00:00.000Z,155.881,155.965,155.569,155.653,15
2025-01-21T22:00:00.000Z,155.653,155.737,155.341,155.425,15
2025-01-21T23:00:00.000Z,155.425,155.509,155.165,155.249,15
2025-01-22T00:00:00.000Z,155.774,155.838,155.754,155.818,25
2025-01-22T01:00:00.000Z,155.818,155.869,155.798,155.849,25
2025-01-22T02:00:00.000Z,155.849,155.9,155.829,155.88,25
2025-01-22T03:00:00.000Z,155.88,155.919,155.86,155.899,25
2025-01-22T04:00:00.000Z,155.899,155.945,155.799,155.845,30
2025-01-22T05:00:00.000Z,155.845,155.891,155.774,155.82,30
2025-01-22T06:00:00.000Z,155.82,155.866,155.749,155.795,30
2025-01-22T07:00:00.000Z,155.795,155.845,155.749,155.799,30
2025-01-22T08:00:00.000Z,155.799,156.022,155.739,155.962,70
2025-01-22T09:00:00.000Z,155.962,156.147,155.902,156.087,70
2025-01-22T10:00:00.000Z,156.087,156.272,156.027,156.212,70
2025-01-22T11:00:00.000Z,156.212,156.359,156.152,156.299,70
2025-01-22T12:00:00.000Z,156.299,156.474,156.259,156.434,80
2025-01-22T13:00:00.000Z,156.434,156.583,156.394,156.543,80
2025-01-22T14:00:00.000Z,156.543,156.693,156.503,156.653,80
2025-01-22T15:00:00.000Z,156.653,156.777,156.613,156.737,80
2025-01-22T16:00:00.000Z,156.737,156.757,156.673,156.693,30
2025-01-22T17:00:00.000Z,156.693,156.713,156.642,156.662,30
2025-01-22T18:00:00.000Z,156.662,156.682,156.611,156.631,30
2025-01-22T19:00:00.000Z,156.631,156.651,156.592,156.612,30
2025-01-22T20:00:00.000Z,156.612,156.689,156.277,156.354,15
2025-01-22T21:00:00.000Z,156.354,156.431,156.068,156.145,15
2025-01-22T22:00:00.000Z,156.145,156.222,155.858,155.935,15
2025-01-22T23:00:00.000Z,155.935,156.012,155.697,155.774,15
2025-01-23T00:00:00.000Z,156.44,156.484,156.426,156.47,25
2025-01-23T01:00:00.000Z,156.47,156.506,156.456,156.492,25
2025-01-23T02:00:00.000Z,156.492,156.528,156.478,156.514,25
2025-01-23T03:00:00.000Z,156.514,156.541,156.5,156.527,25
2025-01-23T04:00:00.000Z,156.527,156.583,156.419,156.475,30
2025-01-23T05:00:00.000Z,156.475,156.531,156.401,156.457,30
2025-01-23T06:00:00.000Z,156.457,156.513,156.384,156.44,30
2025-01-23T07:00:00.000Z,156.44,156.513,156.384,156.457,30
2025-01-23T08:00:00.000Z,156.457,156.613,156.415,156.571,70
2025-01-23T09:00:00.000Z,156.571,156.7,156.529,156.658,70
2025-01-23T10:00:00.000Z,156.658,156.788,156.616,156.746,70
2025-01-23T11:00:00.000Z,156.746,156.849,156.704,156.807,70
2025-01-23T12:00:00.000Z,156.807,156.929,156.779,156.901,80
2025-01-23T13:00:00.000Z,156.901,157.005,156.873,156.977,80
2025-01-23T14:00:00.000Z,156.977,157.081,156.949,157.053,80
2025-01-23T15:00:00.000Z,157.053,157.14,157.025,157.112,80
2025-01-23T16:00:00.000Z,157.112,157.126,157.068,157.082,30
2025-01-23T17:00:00.000Z,157.082,157.096,157.046,157.06,30
2025-01-23T18:00:00.000Z,157.06,157.074,157.024,157.038,30
2025-01-23T19:00:00.000Z,157.038,157.052,157.011,157.025,30
2025-01-23T20:00:00.000Z,157.025,157.079,156.791,156.845,15
2025-01-23T21:00:00.000Z,156.845,156.899,156.645,156.699,15
2025-01-23T22:00:00.000Z,156.699,156.753,156.499,156.553,15
2025-01-23T23:00:00.000Z,156.553,156.607,156.386,156.44,15
2025-01-24T00:00:00.000Z,156.155,156.242,156.128,156.215,25
2025-01-24T01:00:00.000Z,156.215,156.285,156.188,156.258,25
2025-01-24T02:00:00.000Z,156.258,156.327,156.231,156.3,25
2025-01-24T03:00:00.000Z,156.3,156.353,156.273,156.326,25
2025-01-24T04:00:00.000Z,156.326,156.45,156.09,156.214,30
2025-01-24T05:00:00.000Z,156.214,156.338,156.056,156.18,30
2025-01-24T06:00:00.000Z,156.18,156.304,156.022,156.146,30
2025-01-24T07:00:00.000Z,156.146,156.313,156.022,156.189,30
2025-01-24T08:00:00.000Z,156.189,156.493,156.107,156.411,70
2025-01-24T09:00:00.000Z,156.411,156.664,156.329,156.582,70
2025-01-24T10:00:00.000Z,156.582,156.834,156.5,156.752,70
2025-01-24T11:00:00.000Z,156.752,156.954,156.67,156.872,70
2025-01-24T12:00:00.000Z,156.872,157.11,156.817,157.055,80
2025-01-24T13:00:00.000Z,157.055,157.26,157,157.205,80
2025-01-24T14:00:00.000Z,157.205,157.409,157.15,157.354,80
2025-01-24T15:00:00.000Z,157.354,157.524,157.299,157.469,80
2025-01-24T16:00:00.000Z,157.469,157.496,157.382,157.409,30
2025-01-24T17:00:00.000Z,157.409,157.436,157.339,157.366,30
2025-01-24T18:00:00.000Z,157.366,157.393,157.297,157.324,30
2025-01-24T19:00:00.000Z,157.324,157.351,157.271,157.298,30
2025-01-24T20:00:00.000Z,157.298,157.403,156.842,156.947,15
2025-01-24T21:00:00.000Z,156.947,157.052,156.556,156.661,15
2025-01-24T22:00:00.000Z,156.661,156.766,156.27,156.375,15
2025-01-24T23:00:00.000Z,156.375,156.48,156.05,156.155,15
2025-01-27T00:00:00.000Z,155.744,155.872,155.704,155.832,25
2025-01-27T01:00:00.000Z,155.832,155.934,155.792,155.894,25
2025-01-27T02:00:00.000Z,155.894,155.997,155.854,155.957,25
2025-01-27T03:00:00.000Z,155.957,156.034,155.917,155.994,25
2025-01-27T04:00:00.000Z,155.994,156.186,155.632,155.824,30
2025-01-27T05:00:00.000Z,155.824,156.016,155.582,155.774,30
2025-01-27T06:00:00.000Z,155.774,155.966,155.532,155.724,30
2025-01-27T07:00:00.000Z,155.724,155.986,155.532,155.794,30
2025-01-27T08:00:00.000Z,155.794,156.239,155.674,156.119,70
2025-01-27T09:00:00.000Z,156.119,156.489,155.999,156.369,70
2025-01-27T10:00:00.000Z,156.369,156.739,156.249,156.619,70
2025-01-27T11:00:00.000Z,156.619,156.914,156.499,156.794,70
2025-01-27T12:00:00.000Z,156.794,157.143,156.714,157.063,80
2025-01-27T13:00:00.000Z,157.063,157.362,156.983,157.282,80
2025-01-27T14:00:00.000Z,157.282,157.581,157.202,157.501,80
2025-01-27T15:00:00.000Z,157.501,157.75,157.421,157.67,80
2025-01-27T16:00:00.000Z,157.67,157.71,157.542,157.582,30
2025-01-27T17:00:00.000Z,157.582,157.622,157.48,157.52,30
2025-01-27T18:00:00.000Z,157.52,157.56,157.417,157.457,30
2025-01-27T19:00:00.000Z,157.457,157.497,157.38,157.42,30
2025-01-27T20:00:00.000Z,157.42,157.574,156.751,156.905,15
2025-01-27T21:00:00.000Z,156.905,157.059,156.332,156.486,15
2025-01-27T22:00:00.000Z,156.486,156.64,155.913,156.067,15
2025-01-27T23:00:00.000Z,156.067,156.221,155.59,155.744,15
2025-01-28T00:00:00.000Z,154.909,154.969,154.89,154.95,25
2025-01-28T01:00:00.000Z,154.95,154.998,154.931,154.979,25
2025-01-28T02:00:00.000Z,154.979,155.027,154.96,155.008,25
2025-01-28T03:00:00.000Z,155.008,155.044,154.989,155.025,25
2025-01-28T04:00:00.000Z,155.025,155.047,154.966,154.988,30
2025-01-28T05:00:00.000Z,154.988,155.01,154.943,154.965,30
2025-01-28T06:00:00.000Z,154.965,154.987,154.919,154.941,30
2025-01-28T07:00:00.000Z,154.941,154.963,154.91,154.932,30
2025-01-28T08:00:00.000Z,154.932,155.139,154.876,155.083,70
2025-01-28T09:00:00.000Z,155.083,155.256,155.027,155.2,70
2025-01-28T10:00:00.000Z,155.2,155.372,155.144,155.316,70
2025-01-28T11:00:00.000Z,155.316,155.454,155.26,155.398,70
2025-01-28T12:00:00.000Z,155.398,155.581,155.348,155.531,80
2025-01-28T13:00:00.000Z,155.531,155.683,155.481,155.633,80
2025-01-28T14:00:00.000Z,155.633,155.785,155.583,155.735,80
2025-01-28T15:00:00.000Z,155.735,155.855,155.685,155.805,80
2025-01-28T16:00:00.000Z,155.805,155.824,155.745,155.764,30
2025-01-28T17:00:00.000Z,155.764,155.783,155.716,155.735,30
2025-01-28T18:00:00.000Z,155.735,155.754,155.687,155.706,30
2025-01-28T19:00:00.000Z,155.706,155.725,155.67,155.689,30
2025-01-28T20:00:00.000Z,155.689,155.761,155.377,155.449,15
2025-01-28T21:00:00.000Z,155.449,155.521,155.182,155.254,15
2025-01-28T22:00:00.000Z,155.254,155.326,154.987,155.059,15
2025-01-28T23:00:00.000Z,155.059,155.131,154.837,154.909,15
2025-01-29T00:00:00.000Z,155.559,155.6,155.546,155.587,25
2025-01-29T01:00:00.000Z,155.587,155.62,155.574,155.607,25
2025-01-29T02:00:00.000Z,155.607,155.64,155.594,155.627,25
2025-01-29T03:00:00.000Z,155.627,155.652,155.614,155.639,25
2025-01-29T04:00:00.000Z,155.639,155.696,155.531,155.588,30
2025-01-29T05:00:00.000Z,155.588,155.645,155.515,155.572,30
2025-01-29T06:00:00.000Z,155.572,155.629,155.499,155.556,30
2025-01-29T07:00:00.000Z,155.556,155.632,155.499,155.575,30
2025-01-29T08:00:00.000Z,155.575,155.719,155.536,155.68,70
2025-01-29T09:00:00.000Z,155.68,155.799,155.641,155.76,70
2025-01-29T10:00:00.000Z,155.76,155.88,155.721,155.841,70
2025-01-29T11:00:00.000Z,155.841,155.936,155.802,155.897,70
2025-01-29T12:00:00.000Z,155.897,156.009,155.871,155.983,80
2025-01-29T13:00:00.000Z,155.983,156.08,155.957,156.054,80
2025-01-29T14:00:00.000Z,156.054,156.15,156.028,156.124,80
2025-01-29T15:00:00.000Z,156.124,156.204,156.098,156.178,80
2025-01-29T16:00:00.000Z,156.178,156.191,156.137,156.15,30
2025-01-29T17:00:00.000Z,156.15,156.163,156.117,156.13,30
2025-01-29T18:00:00.000Z,156.13,156.143,156.097,156.11,30
2025-01-29T19:00:00.000Z,156.11,156.123,156.085,156.098,30
2025-01-29T20:00:00.000Z,156.098,156.148,155.882,155.932,15
2025-01-29T21:00:00.000Z,155.932,155.982,155.748,155.798,15
2025-01-29T22:00:00.000Z,155.798,155.848,155.613,155.663,15
2025-01-29T23:00:00.000Z,155.663,155.713,155.509,155.559,15
2025-01-30T00:00:00.000Z,155.17,155.24,155.148,155.218,25
2025-01-30T01:00:00.000Z,155.218,155.274,155.196,155.252,25
2025-01-30T02:00:00.000Z,155.252,155.308,155.23,155.286,25
2025-01-30T03:00:00.000Z,155.286,155.329,155.264,155.307,25
2025-01-30T04:00:00.000Z,155.307,155.433,155.075,155.201,30
2025-01-30T05:00:00.000Z,155.201,155.327,155.047,155.173,30
2025-01-30T06:00:00.000Z,155.173,155.299,155.02,155.146,30
2025-01-30T07:00:00.000Z,155.146,155.323,155.02,155.197,30
2025-01-30T08:00:00.000Z,155.197,155.442,155.131,155.376,70
2025-01-30T09:00:00.000Z,155.376,155.579,155.31,155.513,70
2025-01-30T10:00:00.000Z,155.513,155.717,155.447,155.651,70
2025-01-30T11:00:00.000Z,155.651,155.813,155.585,155.747,70
2025-01-30T12:00:00.000Z,155.747,155.939,155.703,155.895,80
2025-01-30T13:00:00.000Z,155.895,156.059,155.851,156.015,80
2025-01-30T14:00:00.000Z,156.015,156.179,155.971,156.135,80
2025-01-30T15:00:00.000Z,156.135,156.272,156.091,156.228,80
2025-01-30T16:00:00.000Z,156.228,156.25,156.158,156.18,30
2025-01-30T17:00:00.000Z,156.18,156.202,156.124,156.146,30
2025-01-30T18:00:00.000Z,156.146,156.168,156.09,156.112,30
2025-01-30T19:00:00.000Z,156.112,156.134,156.069,156.091,30
2025-01-30T20:00:00.000Z,156.091,156.176,155.723,155.808,15
2025-01-30T21:00:00.000Z,155.808,155.893,155.493,155.578,15
2025-01-30T22:00:00.000Z,155.578,155.663,155.262,155.347,15
2025-01-30T23:00:00.000Z,155.347,155.432,155.085,155.17,15
2025-01-31T00:00:00.000Z,154.097,154.151,154.08,154.134,25
2025-01-31T01:00:00.000Z,154.134,154.178,154.117,154.161,25
2025-01-31T02:00:00.000Z,154.161,154.204,154.144,154.187,25
2025-01-31T03:00:00.000Z,154.187,154.22,154.17,154.203,25
2025-01-31T04:00:00.000Z,154.203,154.229,154.14,154.166,30
2025-01-31T05:00:00.000Z,154.166,154.192,154.118,154.144,30
2025-01-31T06:00:00.000Z,154.144,154.17,154.097,154.123,30
2025-01-31T07:00:00.000Z,154.123,154.149,154.092,154.118,30
2025-01-31T08:00:00.000Z,154.118,154.307,154.067,154.256,70
2025-01-31T09:00:00.000Z,154.256,154.413,154.205,154.362,70
2025-01-31T10:00:00.000Z,154.362,154.52,154.311,154.469,70
2025-01-31T11:00:00.000Z,154.469,154.594,154.418,154.543,70
2025-01-31T12:00:00.000Z,154.543,154.701,154.503,154.661,80
2025-01-31T13:00:00.000Z,154.661,154.794,154.621,154.754,80
2025-01-31T14:00:00.000Z,154.754,154.887,154.714,154.847,80
2025-01-31T15:00:00.000Z,154.847,154.955,154.807,154.915,80
2025-01-31T16:00:00.000Z,154.915,154.932,154.861,154.878,30
2025-01-31T17:00:00.000Z,154.878,154.895,154.834,154.851,30
2025-01-31T18:00:00.000Z,154.851,154.868,154.808,154.825,30
2025-01-31T19:00:00.000Z,154.825,154.842,154.792,154.809,30
2025-01-31T20:00:00.000Z,154.809,154.874,154.525,154.59,15
2025-01-31T21:00:00.000Z,154.59,154.655,154.347,154.412,15
2025-01-31T22:00:00.000Z,154.412,154.477,154.169,154.234,15
2025-01-31T23:00:00.000Z,154.234,154.299,154.032,154.097,15
2025-02-03T00:00:00.000Z,155.363,155.458,155.333,155.428,25
2025-02-03T01:00:00.000Z,155.428,155.504,155.398,155.474,25
2025-02-03T02:00:00.000Z,155.474,155.55,155.444,155.52,25
2025-02-03T03:00:00.000Z,155.52,155.578,155.49,155.548,25
2025-02-03T04:00:00.000Z,155.548,155.678,155.3,155.43,30
2025-02-03T05:00:00.000Z,155.43,155.56,155.263,155.393,30
2025-02-03T06:00:00.000Z,155.393,155.523,155.226,155.356,30
2025-02-03T07:00:00.000Z,155.356,155.53,155.226,155.4,30
2025-02-03T08:00:00.000Z,155.4,155.729,155.311,155.64,70
2025-02-03T09:00:00.000Z,155.64,155.913,155.551,155.824,70
2025-02-03T10:00:00.000Z,155.824,156.098,155.735,156.009,70
2025-02-03T11:00:00.000Z,156.009,156.227,155.92,156.138,70
2025-02-03T12:00:00.000Z,156.138,156.395,156.079,156.336,80
2025-02-03T13:00:00.000Z,156.336,156.557,156.277,156.498,80
2025-02-03T14:00:00.000Z,156.498,156.718,156.439,156.659,80
2025-02-03T15:00:00.000Z,156.659,156.843,156.6,156.784,80
2025-02-03T16:00:00.000Z,156.784,156.814,156.689,156.719,30
2025-02-03T17:00:00.000Z,156.719,156.749,156.643,156.673,30
2025-02-03T18:00:00.000Z,156.673,156.703,156.597,156.627,30
2025-02-03T19:00:00.000Z,156.627,156.657,156.569,156.599,30
2025-02-03T20:00:00.000Z,156.599,156.713,156.105,156.219,15
2025-02-03T21:00:00.000Z,156.219,156.333,155.796,155.91,15
2025-02-03T22:00:00.000Z,155.91,156.024,155.487,155.601,15
2025-02-03T23:00:00.000Z,155.601,155.715,155.249,155.363,15
2025-02-04T00:00:00.000Z,155.277,155.329,155.261,155.313,25
2025-02-04T01:00:00.000Z,155.313,155.354,155.297,155.338,25
2025-02-04T02:00:00.000Z,155.338,155.38,155.322,155.364,25
2025-02-04T03:00:00.000Z,155.364,155.395,155.348,155.379,25
2025-02-04T04:00:00.000Z,155.379,155.455,155.235,155.311,30
2025-02-04T05:00:00.000Z,155.311,155.387,155.214,155.29,30
2025-02-04T06:00:00.000Z,155.29,155.366,155.194,155.27,30
2025-02-04T07:00:00.000Z,155.27,155.373,155.194,155.297,30
2025-02-04T08:00:00.000Z,155.297,155.478,155.248,155.429,70
2025-02-04T09:00:00.000Z,155.429,155.58,155.38,155.531,70
2025-02-04T10:00:00.000Z,155.531,155.682,155.482,155.633,70
2025-02-04T11:00:00.000Z,155.633,155.753,155.584,155.704,70
2025-02-04T12:00:00.000Z,155.704,155.846,155.671,155.813,80
2025-02-04T13:00:00.000Z,155.813,155.935,155.78,155.902,80
2025-02-04T14:00:00.000Z,155.902,156.024,155.869,155.991,80
2025-02-04T15:00:00.000Z,155.991,156.093,155.958,156.06,80
2025-02-04T16:00:00.000Z,156.06,156.076,156.008,156.024,30
2025-02-04T17:00:00.000Z,156.024,156.04,155.983,155.999,30
2025-02-04T18:00:00.000Z,155.999,156.015,155.957,155.973,30
2025-02-04T19:00:00.000Z,155.973,155.989,155.942,155.958,30
2025-02-04T20:00:00.000Z,155.958,156.021,155.686,155.749,15
2025-02-04T21:00:00.000Z,155.749,155.812,155.515,155.578,15
2025-02-04T22:00:00.000Z,155.578,155.641,155.345,155.408,15
2025-02-04T23:00:00.000Z,155.408,155.471,155.214,155.277,15
2025-02-05T00:00:00.000Z,154.133,154.247,154.097,154.211,25
2025-02-05T01:00:00.000Z,154.211,154.303,154.175,154.267,25
2025-02-05T02:00:00.000Z,154.267,154.359,154.231,154.323,25
2025-02-05T03:00:00.000Z,154.323,154.392,154.287,154.356,25
2025-02-05T04:00:00.000Z,154.356,154.544,154.006,154.194,30
2025-02-05T05:00:00.000Z,154.194,154.382,153.961,154.149,30
2025-02-05T06:00:00.000Z,154.149,154.337,153.917,154.105,30
2025-02-05T07:00:00.000Z,154.105,154.366,153.917,154.178,30
2025-02-05T08:00:00.000Z,154.178,154.575,154.071,154.468,70
2025-02-05T09:00:00.000Z,154.468,154.798,154.361,154.691,70
2025-02-05T10:00:00.000Z,154.691,155.021,154.584,154.914,70
2025-02-05T11:00:00.000Z,154.914,155.177,154.807,155.07,70
2025-02-05T12:00:00.000Z,155.07,155.381,154.999,155.31,80
2025-02-05T13:00:00.000Z,155.31,155.577,155.239,155.506,80
2025-02-05T14:00:00.000Z,155.506,155.772,155.435,155.701,80
2025-02-05T15:00:00.000Z,155.701,155.923,155.63,155.852,80
2025-02-05T16:00:00.000Z,155.852,155.888,155.738,155.774,30
2025-02-05T17:00:00.000Z,155.774,155.81,155.682,155.718,30
2025-02-05T18:00:00.000Z,155.718,155.754,155.626,155.662,30
2025-02-05T19:00:00.000Z,155.662,155.698,155.592,155.628,30
2025-02-05T20:00:00.000Z,155.628,155.766,155.03,155.168,15
2025-02-05T21:00:00.000Z,155.168,155.306,154.657,154.795,15
2025-02-05T22:00:00.000Z,154.795,154.933,154.283,154.421,15
2025-02-05T23:00:00.000Z,154.421,154.559,153.995,154.133,15
2025-02-06T00:00:00.000Z,152.606,152.666,152.587,152.647,25
2025-02-06T01:00:00.000Z,152.647,152.696,152.628,152.677,25
2025-02-06T02:00:00.000Z,152.677,152.725,152.658,152.706,25
2025-02-06T03:00:00.000Z,152.706,152.743,152.687,152.724,25
2025-02-06T04:00:00.000Z,152.724,152.812,152.558,152.646,30
2025-02-06T05:00:00.000Z,152.646,152.734,152.534,152.622,30
2025-02-06T06:00:00.000Z,152.622,152.71,152.511,152.599,30
2025-02-06T07:00:00.000Z,152.599,152.718,152.511,152.63,30
2025-02-06T08:00:00.000Z,152.63,152.839,152.574,152.783,70
2025-02-06T09:00:00.000Z,152.783,152.956,152.727,152.9,70
2025-02-06T10:00:00.000Z,152.9,153.074,152.844,153.018,70
2025-02-06T11:00:00.000Z,153.018,153.156,152.962,153.1,70
2025-02-06T12:00:00.000Z,153.1,153.265,153.062,153.227,80
2025-02-06T13:00:00.000Z,153.227,153.368,153.189,153.33,80
2025-02-06T14:00:00.000Z,153.33,153.471,153.292,153.433,80
2025-02-06T15:00:00.000Z,153.433,153.55,153.395,153.512,80
2025-02-06T16:00:00.000Z,153.512,153.531,153.452,153.471,30
2025-02-06T17:00:00.000Z,153.471,153.49,153.423,153.442,30
2025-02-06T18:00:00.000Z,153.442,153.461,153.393,153.412,30
2025-02-06T19:00:00.000Z,153.412,153.431,153.376,153.395,30
2025-02-06T20:00:00.000Z,153.395,153.467,153.08,153.152,15
2025-02-06T21:00:00.000Z,153.152,153.224,152.883,152.955,15
2025-02-06T22:00:00.000Z,152.955,153.027,152.686,152.758,15
2025-02-06T23:00:00.000Z,152.758,152.83,152.534,152.606,15
2025-02-07T00:00:00.000Z,151.193,151.261,151.172,151.24,25
2025-02-07T01:00:00.000Z,151.24,151.294,151.219,151.273,25
2025-02-07T02:00:00.000Z,151.273,151.327,151.252,151.306,25
2025-02-07T03:00:00.000Z,151.306,151.347,151.285,151.326,25
2025-02-07T04:00:00.000Z,151.326,151.362,151.241,151.277,30
2025-02-07T05:00:00.000Z,151.277,151.313,151.215,151.251,30
2025-02-07T06:00:00.000Z,151.251,151.287,151.188,151.224,30
2025-02-07T07:00:00.000Z,151.224,151.26,151.184,151.22,30
2025-02-07T08:00:00.000Z,151.22,151.457,151.156,151.393,70
2025-02-07T09:00:00.000Z,151.393,151.59,151.329,151.526,70
2025-02-07T10:00:00.000Z,151.526,151.724,151.462,151.66,70
2025-02-07T11:00:00.000Z,151.66,151.817,151.596,151.753,70
2025-02-07T12:00:00.000Z,151.753,151.946,151.706,151.899,80
2025-02-07T13:00:00.000Z,151.899,152.063,151.852,152.016,80
2025-02-07T14:00:00.000Z,152.016,152.179,151.969,152.132,80
2025-02-07T15:00:00.000Z,152.132,152.266,152.085,152.219,80
2025-02-07T16:00:00.000Z,152.219,152.24,152.151,152.172,30
2025-02-07T17:00:00.000Z,152.172,152.193,152.118,152.139,30
2025-02-07T18:00:00.000Z,152.139,152.16,152.085,152.106,30
2025-02-07T19:00:00.000Z,152.106,152.127,152.065,152.086,30
2025-02-07T20:00:00.000Z,152.086,152.168,151.729,151.811,15
2025-02-07T21:00:00.000Z,151.811,151.893,151.506,151.588,15
2025-02-07T22:00:00.000Z,151.588,151.67,151.283,151.365,15
2025-02-07T23:00:00.000Z,151.365,151.447,151.111,151.193,15
2025-02-10T00:00:00.000Z,151.846,151.894,151.831,151.879,25
2025-02-10T01:00:00.000Z,151.879,151.918,151.864,151.903,25
2025-02-10T02:00:00.000Z,151.903,151.942,151.888,151.927,25
2025-02-10T03:00:00.000Z,151.927,151.956,151.912,151.941,25
2025-02-10T04:00:00.000Z,151.941,151.974,151.869,151.902,30
2025-02-10T05:00:00.000Z,151.902,151.935,151.85,151.883,30
2025-02-10T06:00:00.000Z,151.883,151.916,151.831,151.864,30
2025-02-10T07:00:00.000Z,151.864,151.898,151.831,151.865,30
2025-02-10T08:00:00.000Z,151.865,152.033,151.82,151.988,70
2025-02-10T09:00:00.000Z,151.988,152.127,151.943,152.082,70
2025-02-10T10:00:00.000Z,152.082,152.222,152.037,152.177,70
2025-02-10T11:00:00.000Z,152.177,152.288,152.132,152.243,70
2025-02-10T12:00:00.000Z,152.243,152.375,152.213,152.345,80
2025-02-10T13:00:00.000Z,152.345,152.457,152.315,152.427,80
2025-02-10T14:00:00.000Z,152.427,152.54,152.397,152.51,80
2025-02-10T15:00:00.000Z,152.51,152.604,152.48,152.574,80
2025-02-10T16:00:00.000Z,152.574,152.589,152.526,152.541,30
2025-02-10T17:00:00.000Z,152.541,152.556,152.503,152.518,30
2025-02-10T18:00:00.000Z,152.518,152.533,152.479,152.494,30
2025-02-10T19:00:00.000Z,152.494,152.509,152.465,152.48,30
2025-02-10T20:00:00.000Z,152.48,152.538,152.227,152.285,15
2025-02-10T21:00:00.000Z,152.285,152.343,152.069,152.127,15
2025-02-10T22:00:00.000Z,152.127,152.185,151.91,151.968,15
2025-02-10T23:00:00.000Z,151.968,152.026,151.788,151.846,15
2025-02-11T00:00:00.000Z,151.759,151.804,151.745,151.79,25
2025-02-11T01:00:00.000Z,151.79,151.826,151.776,151.812,25
2025-02-11T02:00:00.000Z,151.812,151.849,151.798,151.835,25
2025-02-11T03:00:00.000Z,151.835,151.862,151.821,151.848,25
2025-02-11T04:00:00.000Z,151.848,151.864,151.804,151.82,30
2025-02-11T05:00:00.000Z,151.82,151.836,151.786,151.802,30
2025-02-11T06:00:00.000Z,151.802,151.818,151.768,151.784,30
2025-02-11T07:00:00.000Z,151.784,151.8,151.761,151.777,30
2025-02-11T08:00:00.000Z,151.777,151.936,151.734,151.893,70
2025-02-11T09:00:00.000Z,151.893,152.025,151.85,151.982,70
2025-02-11T10:00:00.000Z,151.982,152.114,151.939,152.071,70
2025-02-11T11:00:00.000Z,152.071,152.177,152.028,152.134,70
2025-02-11T12:00:00.000Z,152.134,152.275,152.095,152.236,80
2025-02-11T13:00:00.000Z,152.236,152.353,152.197,152.314,80
2025-02-11T14:00:00.000Z,152.314,152.431,152.275,152.392,80
2025-02-11T15:00:00.000Z,152.392,152.485,152.353,152.446,80
2025-02-11T16:00:00.000Z,152.446,152.46,152.401,152.415,30
2025-02-11T17:00:00.000Z,152.415,152.429,152.379,152.393,30
2025-02-11T18:00:00.000Z,152.393,152.407,152.356,152.37,30
2025-02-11T19:00:00.000Z,152.37,152.384,152.343,152.357,30
2025-02-11T20:00:00.000Z,152.357,152.412,152.118,152.173,15
2025-02-11T21:00:00.000Z,152.173,152.228,151.969,152.024,15
2025-02-11T22:00:00.000Z,152.024,152.079,151.819,151.874,15
2025-02-11T23:00:00.000Z,151.874,151.929,151.704,151.759,15
2025-02-12T00:00:00.000Z,152.739,152.844,152.706,152.811,25
2025-02-12T01:00:00.000Z,152.811,152.895,152.778,152.862,25
2025-02-12T02:00:00.000Z,152.862,152.946,152.829,152.913,25
2025-02-12T03:00:00.000Z,152.913,152.977,152.88,152.944,25
2025-02-12T04:00:00.000Z,152.944,152.969,152.863,152.888,30
2025-02-12T05:00:00.000Z,152.888,152.913,152.822,152.847,30
2025-02-12T06:00:00.000Z,152.847,152.872,152.781,152.806,30
2025-02-12T07:00:00.000Z,152.806,152.831,152.755,152.78,30
2025-02-12T08:00:00.000Z,152.78,153.146,152.681,153.047,70
2025-02-12T09:00:00.000Z,153.047,153.351,152.948,153.252,70
2025-02-12T10:00:00.000Z,153.252,153.556,153.153,153.457,70
2025-02-12T11:00:00.000Z,153.457,153.7,153.358,153.601,70
2025-02-12T12:00:00.000Z,153.601,153.948,153.498,153.845,80
2025-02-12T13:00:00.000Z,153.845,154.128,153.742,154.025,80
2025-02-12T14:00:00.000Z,154.025,154.308,153.922,154.205,80
2025-02-12T15:00:00.000Z,154.205,154.423,154.102,154.32,80
2025-02-12T16:00:00.000Z,154.32,154.353,154.215,154.248,30
2025-02-12T17:00:00.000Z,154.248,154.281,154.164,154.197,30
2025-02-12T18:00:00.000Z,154.197,154.23,154.113,154.146,30
2025-02-12T19:00:00.000Z,154.146,154.179,154.082,154.115,30
2025-02-12T20:00:00.000Z,154.115,154.241,153.566,153.692,15
2025-02-12T21:00:00.000Z,153.692,153.818,153.222,153.348,15
2025-02-12T22:00:00.000Z,153.348,153.474,152.878,153.004,15
2025-02-12T23:00:00.000Z,153.004,153.13,152.613,152.739,15
2025-02-13T00:00:00.000Z,154.255,154.342,154.228,154.315,25
2025-02-13T01:00:00.000Z,154.315,154.385,154.288,154.358,25
2025-02-13T02:00:00.000Z,154.358,154.428,154.331,154.401,25
2025-02-13T03:00:00.000Z,154.401,154.454,154.374,154.427,25
2025-02-13T04:00:00.000Z,154.427,154.553,154.187,154.313,30
2025-02-13T05:00:00.000Z,154.313,154.439,154.153,154.279,30
2025-02-13T06:00:00.000Z,154.279,154.405,154.118,154.244,30
2025-02-13T07:00:00.000Z,154.244,154.415,154.118,154.289,30
2025-02-13T08:00:00.000Z,154.289,154.594,154.207,154.512,70
2025-02-13T09:00:00.000Z,154.512,154.765,154.43,154.683,70
2025-02-13T10:00:00.000Z,154.683,154.937,154.601,154.855,70
2025-02-13T11:00:00.000Z,154.855,155.057,154.773,154.975,70
2025-02-13T12:00:00.000Z,154.975,155.215,154.92,155.16,80
2025-02-13T13:00:00.000Z,155.16,155.365,155.105,155.31,80
2025-02-13T14:00:00.000Z,155.31,155.515,155.255,155.46,80
2025-02-13T15:00:00.000Z,155.46,155.631,155.405,155.576,80
2025-02-13T16:00:00.000Z,155.576,155.603,155.489,155.516,30
2025-02-13T17:00:00.000Z,155.516,155.543,155.446,155.473,30
2025-02-13T18:00:00.000Z,155.473,155.5,155.403,155.43,30
2025-02-13T19:00:00.000Z,155.43,155.457,155.377,155.404,30
2025-02-13T20:00:00.000Z,155.404,155.51,154.945,155.051,15
2025-02-13T21:00:00.000Z,155.051,155.157,154.657,154.763,15
2025-02-13T22:00:00.000Z,154.763,154.869,154.37,154.476,15
2025-02-13T23:00:00.000Z,154.476,154.582,154.149,154.255,15
2025-02-14T00:00:00.000Z,152.989,153.043,152.972,153.026,25
2025-02-14T01:00:00.000Z,153.026,153.069,153.009,153.052,25
2025-02-14T02:00:00.000Z,153.052,153.095,153.035,153.078,25
2025-02-14T03:00:00.000Z,153.078,153.111,153.061,153.094,25
2025-02-14T04:00:00.000Z,153.094,153.183,152.928,153.017,30
2025-02-14T05:00:00.000Z,153.017,153.106,152.907,152.996,30
2025-02-14T06:00:00.000Z,152.996,153.085,152.886,152.975,30
2025-02-14T07:00:00.000Z,152.975,153.099,152.886,153.01,30
2025-02-14T08:00:00.000Z,153.01,153.197,152.96,153.147,70
2025-02-14T09:00:00.000Z,153.147,153.301,153.097,153.251,70
2025-02-14T10:00:00.000Z,153.251,153.406,153.201,153.356,70
2025-02-14T11:00:00.000Z,153.356,153.48,153.306,153.43,70
2025-02-14T12:00:00.000Z,153.43,153.577,153.396,153.543,80
2025-02-14T13:00:00.000Z,153.543,153.668,153.509,153.634,80
2025-02-14T14:00:00.000Z,153.634,153.76,153.6,153.726,80
2025-02-14T15:00:00.000Z,153.726,153.831,153.692,153.797,80
2025-02-14T16:00:00.000Z,153.797,153.814,153.743,153.76,30
2025-02-14T17:00:00.000Z,153.76,153.777,153.717,153.734,30
2025-02-14T18:00:00.000Z,153.734,153.751,153.691,153.708,30
2025-02-14T19:00:00.000Z,153.708,153.725,153.675,153.692,30
2025-02-14T20:00:00.000Z,153.692,153.757,153.411,153.476,15
2025-02-14T21:00:00.000Z,153.476,153.541,153.235,153.3,15
2025-02-14T22:00:00.000Z,153.3,153.365,153.059,153.124,15
2025-02-14T23:00:00.000Z,153.124,153.189,152.924,152.989,15
2025-02-17T00:00:00.000Z,152.023,152.062,152.011,152.05,25
2025-02-17T01:00:00.000Z,152.05,152.081,152.038,152.069,25
2025-02-17T02:00:00.000Z,152.069,152.1,152.057,152.088,25
2025-02-17T03:00:00.000Z,152.088,152.111,152.076,152.099,25
2025-02-17T04:00:00.000Z,152.099,152.163,151.98,152.044,30
2025-02-17T05:00:00.000Z,152.044,152.108,151.965,152.029,30
2025-02-17T06:00:00.000Z,152.029,152.093,151.949,152.013,30
2025-02-17T07:00:00.000Z,152.013,152.102,151.949,152.038,30
2025-02-17T08:00:00.000Z,152.038,152.173,152.002,152.137,70
2025-02-17T09:00:00.000Z,152.137,152.248,152.101,152.212,70
2025-02-17T10:00:00.000Z,152.212,152.324,152.176,152.288,70
2025-02-17T11:00:00.000Z,152.288,152.377,152.252,152.341,70
2025-02-17T12:00:00.000Z,152.341,152.446,152.317,152.422,80
2025-02-17T13:00:00.000Z,152.422,152.513,152.398,152.489,80
2025-02-17T14:00:00.000Z,152.489,152.579,152.465,152.555,80
2025-02-17T15:00:00.000Z,152.555,152.63,152.531,152.606,80
2025-02-17T16:00:00.000Z,152.606,152.618,152.567,152.579,30
2025-02-17T17:00:00.000Z,152.579,152.591,152.548,152.56,30
2025-02-17T18:00:00.000Z,152.56,152.572,152.529,152.541,30
2025-02-17T19:00:00.000Z,152.541,152.553,152.518,152.53,30
2025-02-17T20:00:00.000Z,152.53,152.577,152.327,152.374,15
2025-02-17T21:00:00.000Z,152.374,152.421,152.2,152.247,15
2025-02-17T22:00:00.000Z,152.247,152.294,152.074,152.121,15
2025-02-17T23:00:00.000Z,152.121,152.168,151.976,152.023,15
2025-02-18T00:00:00.000Z,151.444,151.483,151.432,151.471,25
2025-02-18T01:00:00.000Z,151.471,151.502,151.459,151.49,25
2025-02-18T02:00:00.000Z,151.49,151.521,151.478,151.509,25
2025-02-18T03:00:00.000Z,151.509,151.533,151.497,151.521,25
2025-02-18T04:00:00.000Z,151.521,151.531,151.489,151.499,30
2025-02-18T05:00:00.000Z,151.499,151.509,151.474,151.484,30
2025-02-18T06:00:00.000Z,151.484,151.494,151.458,151.468,30
2025-02-18T07:00:00.000Z,151.468,151.478,151.449,151.459,30
2025-02-18T08:00:00.000Z,151.459,151.596,151.422,151.559,70
2025-02-18T09:00:00.000Z,151.559,151.674,151.522,151.637,70
2025-02-18T10:00:00.000Z,151.637,151.751,151.6,151.714,70
2025-02-18T11:00:00.000Z,151.714,151.805,151.677,151.768,70
2025-02-18T12:00:00.000Z,151.768,151.897,151.73,151.859,80
2025-02-18T13:00:00.000Z,151.859,151.965,151.821,151.927,80
2025-02-18T14:00:00.000Z,151.927,152.032,151.889,151.994,80
2025-02-18T15:00:00.000Z,151.994,152.076,151.956,152.038,80
2025-02-18T16:00:00.000Z,152.038,152.05,151.999,152.011,30
2025-02-18T17:00:00.000Z,152.011,152.023,151.98,151.992,30
2025-02-18T18:00:00.000Z,151.992,152.004,151.961,151.973,30
2025-02-18T19:00:00.000Z,151.973,151.985,151.949,151.961,30
2025-02-18T20:00:00.000Z,151.961,152.009,151.754,151.802,15
2025-02-18T21:00:00.000Z,151.802,151.85,151.625,151.673,15
2025-02-18T22:00:00.000Z,151.673,151.721,151.496,151.544,15
2025-02-18T23:00:00.000Z,151.544,151.592,151.396,151.444,15
2025-02-19T00:00:00.000Z,151.931,151.984,151.914,151.967,25
2025-02-19T01:00:00.000Z,151.967,152.01,151.95,151.993,25
2025-02-19T02:00:00.000Z,151.993,152.036,151.976,152.019,25
2025-02-19T03:00:00.000Z,152.019,152.052,152.002,152.035,25
2025-02-19T04:00:00.000Z,152.035,152.102,151.906,151.973,30
2025-02-19T05:00:00.000Z,151.973,152.04,151.885,151.952,30
2025-02-19T06:00:00.000Z,151.952,152.019,151.864,151.931,30
2025-02-19T07:00:00.000Z,151.931,152.019,151.864,151.952,30
2025-02-19T08:00:00.000Z,151.952,152.138,151.902,152.088,70
2025-02-19T09:00:00.000Z,152.088,152.242,152.038,152.192,70
2025-02-19T10:00:00.000Z,152.192,152.346,152.142,152.296,70
2025-02-19T11:00:00.000Z,152.296,152.419,152.246,152.369,70
2025-02-19T12:00:00.000Z,152.369,152.514,152.336,152.481,80
2025-02-19T13:00:00.000Z,152.481,152.605,152.448,152.572,80
2025-02-19T14:00:00.000Z,152.572,152.697,152.539,152.664,80
2025-02-19T15:00:00.000Z,152.664,152.767,152.631,152.734,80
2025-02-19T16:00:00.000Z,152.734,152.751,152.681,152.698,30
2025-02-19T17:00:00.000Z,152.698,152.715,152.655,152.672,30
2025-02-19T18:00:00.000Z,152.672,152.689,152.629,152.646,30
2025-02-19T19:00:00.000Z,152.646,152.663,152.613,152.63,30
2025-02-19T20:00:00.000Z,152.63,152.694,152.351,152.415,15
2025-02-19T21:00:00.000Z,152.415,152.479,152.176,152.24,15
2025-02-19T22:00:00.000Z,152.24,152.304,152.002,152.066,15
2025-02-19T23:00:00.000Z,152.066,152.13,151.867,151.931,15
2025-02-20T00:00:00.000Z,151.22,151.308,151.192,151.28,25
2025-02-20T01:00:00.000Z,151.28,151.351,151.252,151.323,25
2025-02-20T02:00:00.000Z,151.323,151.394,151.295,151.366,25
2025-02-20T03:00:00.000Z,151.366,151.42,151.338,151.392,25
2025-02-20T04:00:00.000Z,151.392,151.551,151.099,151.258,30
2025-02-20T05:00:00.000Z,151.258,151.417,151.065,151.224,30
2025-02-20T06:00:00.000Z,151.224,151.383,151.03,151.189,30
2025-02-20T07:00:00.000Z,151.189,151.413,151.03,151.254,30
2025-02-20T08:00:00.000Z,151.254,151.559,151.172,151.477,70
2025-02-20T09:00:00.000Z,151.477,151.731,151.395,151.649,70
2025-02-20T10:00:00.000Z,151.649,151.903,151.567,151.821,70
2025-02-20T11:00:00.000Z,151.821,152.023,151.739,151.941,70
2025-02-20T12:00:00.000Z,151.941,152.181,151.886,152.126,80
2025-02-20T13:00:00.000Z,152.126,152.331,152.071,152.276,80
2025-02-20T14:00:00.000Z,152.276,152.481,152.221,152.426,80
2025-02-20T15:00:00.000Z,152.426,152.597,152.371,152.542,80
2025-02-20T16:00:00.000Z,152.542,152.569,152.455,152.482,30
2025-02-20T17:00:00.000Z,152.482,152.509,152.412,152.439,30
2025-02-20T18:00:00.000Z,152.439,152.466,152.369,152.396,30
2025-02-20T19:00:00.000Z,152.396,152.423,152.343,152.37,30
2025-02-20T20:00:00.000Z,152.37,152.476,151.91,152.016,15
2025-02-20T21:00:00.000Z,152.016,152.122,151.623,151.729,15
2025-02-20T22:00:00.000Z,151.729,151.835,151.335,151.441,15
2025-02-20T23:00:00.000Z,151.441,151.547,151.114,151.22,15
2025-02-21T00:00:00.000Z,149.408,149.475,149.387,149.454,25
2025-02-21T01:00:00.000Z,149.454,149.508,149.433,149.487,25
2025-02-21T02:00:00.000Z,149.487,149.541,149.466,149.52,25
2025-02-21T03:00:00.000Z,149.52,149.561,149.499,149.54,25
2025-02-21T04:00:00.000Z,149.54,149.556,149.488,149.504,30
2025-02-21T05:00:00.000Z,149.504,149.52,149.461,149.477,30
2025-02-21T06:00:00.000Z,149.477,149.493,149.435,149.451,30
2025-02-21T07:00:00.000Z,149.451,149.467,149.418,149.434,30
2025-02-21T08:00:00.000Z,149.434,149.67,149.37,149.606,70
2025-02-21T09:00:00.000Z,149.606,149.803,149.542,149.739,70
2025-02-21T10:00:00.000Z,149.739,149.935,149.675,149.871,70
2025-02-21T11:00:00.000Z,149.871,150.028,149.807,149.964,70
2025-02-21T12:00:00.000Z,149.964,150.189,149.897,150.122,80
2025-02-21T13:00:00.000Z,150.122,150.304,150.055,150.237,80
2025-02-21T14:00:00.000Z,150.237,150.42,150.17,150.353,80
2025-02-21T15:00:00.000Z,150.353,150.494,150.286,150.427,80
2025-02-21T16:00:00.000Z,150.427,150.448,150.36,150.381,30
2025-02-21T17:00:00.000Z,150.381,150.402,150.327,150.348,30
2025-02-21T18:00:00.000Z,150.348,150.369,150.294,150.315,30
2025-02-21T19:00:00.000Z,150.315,150.336,150.274,150.295,30
2025-02-21T20:00:00.000Z,150.295,150.377,149.94,150.022,15
2025-02-21T21:00:00.000Z,150.022,150.104,149.719,149.801,15
2025-02-21T22:00:00.000Z,149.801,149.883,149.497,149.579,15
2025-02-21T23:00:00.000Z,149.579,149.661,149.326,149.408,15
2025-02-24T00:00:00.000Z,149.387,149.439,149.371,149.423,25
2025-02-24T01:00:00.000Z,149.423,149.464,149.407,149.448,25
2025-02-24T02:00:00.000Z,149.448,149.49,149.432,149.474,25
2025-02-24T03:00:00.000Z,149.474,149.505,149.458,149.489,25
2025-02-24T04:00:00.000Z,149.489,149.545,149.378,149.434,30
2025-02-24T05:00:00.000Z,149.434,149.49,149.357,149.413,30
2025-02-24T06:00:00.000Z,149.413,149.469,149.337,149.393,30
2025-02-24T07:00:00.000Z,149.393,149.463,149.337,149.407,30
2025-02-24T08:00:00.000Z,149.407,149.588,149.358,149.539,70
2025-02-24T09:00:00.000Z,149.539,149.69,149.49,149.641,70
2025-02-24T10:00:00.000Z,149.641,149.792,149.592,149.743,70
2025-02-24T11:00:00.000Z,149.743,149.863,149.694,149.814,70
2025-02-24T12:00:00.000Z,149.814,149.955,149.782,149.923,80
2025-02-24T13:00:00.000Z,149.923,150.044,149.891,150.012,80
2025-02-24T14:00:00.000Z,150.012,150.133,149.98,150.101,80
2025-02-24T15:00:00.000Z,150.101,150.201,150.069,150.169,80
2025-02-24T16:00:00.000Z,150.169,150.185,150.118,150.134,30
2025-02-24T17:00:00.000Z,150.134,150.15,150.092,150.108,30
2025-02-24T18:00:00.000Z,150.108,150.124,150.067,150.083,30
2025-02-24T19:00:00.000Z,150.083,150.099,150.052,150.068,30
2025-02-24T20:00:00.000Z,150.068,150.131,149.796,149.859,15
2025-02-24T21:00:00.000Z,149.859,149.922,149.625,149.688,15
2025-02-24T22:00:00.000Z,149.688,149.751,149.455,149.518,15
2025-02-24T23:00:00.000Z,149.518,149.581,149.324,149.387,15
2025-02-25T00:00:00.000Z,149.864,149.95,149.837,149.923,25
2025-02-25T01:00:00.000Z,149.923,149.992,149.896,149.965,25
2025-02-25T02:00:00.000Z,149.965,150.035,149.938,150.008,25
2025-02-25T03:00:00.000Z,150.008,150.06,149.981,150.033,25
2025-02-25T04:00:00.000Z,150.033,150.155,149.801,149.923,30
2025-02-25T05:00:00.000Z,149.923,150.045,149.767,149.889,30
2025-02-25T06:00:00.000Z,149.889,150.011,149.734,149.856,30
2025-02-25T07:00:00.000Z,149.856,150.02,149.734,149.898,30
2025-02-25T08:00:00.000Z,149.898,150.199,149.817,150.118,70
2025-02-25T09:00:00.000Z,150.118,150.368,150.037,150.287,70
2025-02-25T10:00:00.000Z,150.287,150.537,150.206,150.456,70
2025-02-25T11:00:00.000Z,150.456,150.655,150.375,150.574,70
2025-02-25T12:00:00.000Z,150.574,150.81,150.52,150.756,80
2025-02-25T13:00:00.000Z,150.756,150.958,150.702,150.904,80
2025-02-25T14:00:00.000Z,150.904,151.106,150.85,151.052,80
2025-02-25T15:00:00.000Z,151.052,151.22,150.998,151.166,80
2025-02-25T16:00:00.000Z,151.166,151.193,151.08,151.107,30
2025-02-25T17:00:00.000Z,151.107,151.134,151.038,151.065,30
2025-02-25T18:00:00.000Z,151.065,151.092,150.995,151.022,30
2025-02-25T19:00:00.000Z,151.022,151.049,150.97,150.997,30
2025-02-25T20:00:00.000Z,150.997,151.101,150.545,150.649,15
2025-02-25T21:00:00.000Z,150.649,150.753,150.261,150.365,15
2025-02-25T22:00:00.000Z,150.365,150.469,149.978,150.082,15
2025-02-25T23:00:00.000Z,150.082,150.186,149.76,149.864,15
2025-02-26T00:00:00.000Z,149.078,149.141,149.058,149.121,25
2025-02-26T01:00:00.000Z,149.121,149.172,149.101,149.152,25
2025-02-26T02:00:00.000Z,149.152,149.203,149.132,149.183,25
2025-02-26T03:00:00.000Z,149.183,149.221,149.163,149.201,25
2025-02-26T04:00:00.000Z,149.201,149.249,149.098,149.146,30
2025-02-26T05:00:00.000Z,149.146,149.194,149.074,149.122,30
2025-02-26T06:00:00.000Z,149.122,149.17,149.049,149.097,30
2025-02-26T07:00:00.000Z,149.097,149.151,149.049,149.103,30
2025-02-26T08:00:00.000Z,149.103,149.321,149.044,149.262,70
2025-02-26T09:00:00.000Z,149.262,149.444,149.203,149.385,70
2025-02-26T10:00:00.000Z,149.385,149.566,149.326,149.507,70
2025-02-26T11:00:00.000Z,149.507,149.652,149.448,149.593,70
2025-02-26T12:00:00.000Z,149.593,149.764,149.554,149.725,80
2025-02-26T13:00:00.000Z,149.725,149.872,149.686,149.833,80
2025-02-26T14:00:00.000Z,149.833,149.979,149.794,149.94,80
2025-02-26T15:00:00.000Z,149.94,150.062,149.901,150.023,80
2025-02-26T16:00:00.000Z,150.023,150.043,149.96,149.98,30
2025-02-26T17:00:00.000Z,149.98,150,149.929,149.949,30
2025-02-26T18:00:00.000Z,149.949,149.969,149.898,149.918,30
2025-02-26T19:00:00.000Z,149.918,149.938,149.88,149.9,30
2025-02-26T20:00:00.000Z,149.9,149.976,149.571,149.647,15
2025-02-26T21:00:00.000Z,149.647,149.723,149.366,149.442,15
2025-02-26T22:00:00.000Z,149.442,149.518,149.16,149.236,15
2025-02-26T23:00:00.000Z,149.236,149.312,149.002,149.078,15
2025-02-27T00:00:00.000Z,148.838,148.907,148.816,148.885,25
2025-02-27T01:00:00.000Z,148.885,148.94,148.863,148.918,25
2025-02-27T02:00:00.000Z,148.918,148.974,148.896,148.952,25
2025-02-27T03:00:00.000Z,148.952,148.994,148.93,148.972,25
2025-02-27T04:00:00.000Z,148.972,148.991,148.914,148.933,30
2025-02-27T05:00:00.000Z,148.933,148.952,148.888,148.907,30
2025-02-27T06:00:00.000Z,148.907,148.926,148.861,148.88,30
2025-02-27T07:00:00.000Z,148.88,148.899,148.846,148.865,30
2025-02-27T08:00:00.000Z,148.865,149.105,148.8,149.04,70
2025-02-27T09:00:00.000Z,149.04,149.239,148.975,149.174,70
2025-02-27T10:00:00.000Z,149.174,149.374,149.109,149.309,70
2025-02-27T11:00:00.000Z,149.309,149.468,149.244,149.403,70
2025-02-27T12:00:00.000Z,149.403,149.626,149.338,149.561,80
2025-02-27T13:00:00.000Z,149.561,149.744,149.496,149.679,80
2025-02-27T14:00:00.000Z,149.679,149.862,149.614,149.797,80
2025-02-27T15:00:00.000Z,149.797,149.939,149.732,149.874,80
2025-02-27T16:00:00.000Z,149.874,149.896,149.805,149.827,30
2025-02-27T17:00:00.000Z,149.827,149.849,149.771,149.793,30
2025-02-27T18:00:00.000Z,149.793,149.815,149.737,149.759,30
2025-02-27T19:00:00.000Z,149.759,149.781,149.717,149.739,30
2025-02-27T20:00:00.000Z,149.739,149.822,149.379,149.462,15
2025-02-27T21:00:00.000Z,149.462,149.545,149.154,149.237,15
2025-02-27T22:00:00.000Z,149.237,149.32,148.928,149.011,15
2025-02-27T23:00:00.000Z,149.011,149.094,148.755,148.838,15
2025-02-28T00:00:00.000Z,150.012,150.107,149.982,150.077,25
2025-02-28T01:00:00.000Z,150.077,150.154,150.047,150.124,25
2025-02-28T02:00:00.000Z,150.124,150.2,150.094,150.17,25
2025-02-28T03:00:00.000Z,150.17,150.228,150.14,150.198,25
2025-02-28T04:00:00.000Z,150.198,150.293,150.007,150.102,30
2025-02-28T05:00:00.000Z,150.102,150.197,149.969,150.064,30
2025-02-28T06:00:00.000Z,150.064,150.159,149.932,150.027,30
2025-02-28T07:00:00.000Z,150.027,150.144,149.932,150.049,30
2025-02-28T08:00:00.000Z,150.049,150.38,149.96,150.291,70
2025-02-28T09:00:00.000Z,150.291,150.565,150.202,150.476,70
2025-02-28T10:00:00.000Z,150.476,150.751,150.387,150.662,70
2025-02-28T11:00:00.000Z,150.662,150.881,150.573,150.792,70
2025-02-28T12:00:00.000Z,150.792,151.052,150.732,150.992,80
2025-02-28T13:00:00.000Z,150.992,151.215,150.932,151.155,80
2025-02-28T14:00:00.000Z,151.155,151.377,151.095,151.317,80
2025-02-28T15:00:00.000Z,151.317,151.503,151.257,151.443,80
2025-02-28T16:00:00.000Z,151.443,151.473,151.348,151.378,30
2025-02-28T17:00:00.000Z,151.378,151.408,151.301,151.331,30
2025-02-28T18:00:00.000Z,151.331,151.361,151.255,151.285,30
2025-02-28T19:00:00.000Z,151.285,151.315,151.227,151.257,30
2025-02-28T20:00:00.000Z,151.257,151.371,150.76,150.874,15
2025-02-28T21:00:00.000Z,150.874,150.988,150.449,150.563,15
2025-02-28T22:00:00.000Z,150.563,150.677,150.138,150.252,15
2025-02-28T23:00:00.000Z,150.252,150.366,149.898,150.012,15
2025-03-03T00:00:00.000Z,150.771,150.84,150.749,150.818,25
2025-03-03T01:00:00.000Z,150.818,150.874,150.796,150.852,25
2025-03-03T02:00:00.000Z,150.852,150.908,150.83,150.886,25
2025-03-03T03:00:00.000Z,150.886,150.928,150.864,150.906,25
2025-03-03T04:00:00.000Z,150.906,150.988,150.746,150.828,30
2025-03-03T05:00:00.000Z,150.828,150.91,150.719,150.801,30
2025-03-03T06:00:00.000Z,150.801,150.883,150.692,150.774,30
2025-03-03T07:00:00.000Z,150.774,150.88,150.692,150.798,30
2025-03-03T08:00:00.000Z,150.798,151.039,150.733,150.974,70
2025-03-03T09:00:00.000Z,150.974,151.173,150.909,151.108,70
2025-03-03T10:00:00.000Z,151.108,151.309,151.043,151.244,70
2025-03-03T11:00:00.000Z,151.244,151.403,151.179,151.338,70
2025-03-03T12:00:00.000Z,151.338,151.526,151.295,151.483,80
2025-03-03T13:00:00.000Z,151.483,151.644,151.44,151.601,80
2025-03-03T14:00:00.000Z,151.601,151.762,151.558,151.719,80
2025-03-03T15:00:00.000Z,151.719,151.853,151.676,151.81,80
2025-03-03T16:00:00.000Z,151.81,151.832,151.741,151.763,30
2025-03-03T17:00:00.000Z,151.763,151.785,151.707,151.729,30
2025-03-03T18:00:00.000Z,151.729,151.751,151.673,151.695,30
2025-03-03T19:00:00.000Z,151.695,151.717,151.653,151.675,30
2025-03-03T20:00:00.000Z,151.675,151.758,151.314,151.397,15
2025-03-03T21:00:00.000Z,151.397,151.48,151.088,151.171,15
2025-03-03T22:00:00.000Z,151.171,151.254,150.862,150.945,15
2025-03-03T23:00:00.000Z,150.945,151.028,150.688,150.771,15
2025-03-04T00:00:00.000Z,149.305,149.379,149.282,149.356,25
2025-03-04T01:00:00.000Z,149.356,149.415,149.333,149.392,25
2025-03-04T02:00:00.000Z,149.392,149.451,149.369,149.428,25
2025-03-04T03:00:00.000Z,149.428,149.473,149.405,149.45,25
2025-03-04T04:00:00.000Z,149.45,149.564,149.236,149.35,30
2025-03-04T05:00:00.000Z,149.35,149.464,149.207,149.321,30
2025-03-04T06:00:00.000Z,149.321,149.435,149.178,149.292,30
2025-03-04T07:00:00.000Z,149.292,149.448,149.178,149.334,30
2025-03-04T08:00:00.000Z,149.334,149.593,149.264,149.523,70
2025-03-04T09:00:00.000Z,149.523,149.739,149.453,149.669,70
2025-03-04T10:00:00.000Z,149.669,149.884,149.599,149.814,70
2025-03-04T11:00:00.000Z,149.814,149.986,149.744,149.916,70
2025-03-04T12:00:00.000Z,149.916,150.119,149.869,150.072,80
2025-03-04T13:00:00.000Z,150.072,150.247,150.025,150.2,80
2025-03-04T14:00:00.000Z,150.2,150.374,150.153,150.327,80
2025-03-04T15:00:00.000Z,150.327,150.472,150.28,150.425,80
2025-03-04T16:00:00.000Z,150.425,150.448,150.351,150.374,30
2025-03-04T17:00:00.000Z,150.374,150.397,150.314,150.337,30
2025-03-04T18:00:00.000Z,150.337,150.36,150.278,150.301,30
2025-03-04T19:00:00.000Z,150.301,150.324,150.256,150.279,30
2025-03-04T20:00:00.000Z,150.279,150.369,149.89,149.98,15
2025-03-04T21:00:00.000Z,149.98,150.07,149.646,149.736,15
2025-03-04T22:00:00.000Z,149.736,149.826,149.402,149.492,15
2025-03-04T23:00:00.000Z,149.492,149.582,149.215,149.305,15
2025-03-05T00:00:00.000Z,149.799,149.889,149.771,149.861,25
2025-03-05T01:00:00.000Z,149.861,149.933,149.833,149.905,25
2025-03-05T02:00:00.000Z,149.905,149.977,149.877,149.949,25
2025-03-05T03:00:00.000Z,149.949,150.003,149.921,149.975,25
2025-03-05T04:00:00.000Z,149.975,150.106,149.727,149.858,30
2025-03-05T05:00:00.000Z,149.858,149.989,149.691,149.822,30
2025-03-05T06:00:00.000Z,149.822,149.953,149.656,149.787,30
2025-03-05T07:00:00.000Z,149.787,149.965,149.656,149.834,30
2025-03-05T08:00:00.000Z,149.834,150.147,149.75,150.063,70
2025-03-05T09:00:00.000Z,150.063,150.323,149.979,150.239,70
2025-03-05T10:00:00.000Z,150.239,150.499,150.155,150.415,70
2025-03-05T11:00:00.000Z,150.415,150.622,150.331,150.538,70
2025-03-05T12:00:00.000Z,150.538,150.783,150.482,150.727,80
2025-03-05T13:00:00.000Z,150.727,150.937,150.671,150.881,80
2025-03-05T14:00:00.000Z,150.881,151.09,150.825,151.034,80
2025-03-05T15:00:00.000Z,151.034,151.209,150.978,151.153,80
2025-03-05T16:00:00.000Z,151.153,151.181,151.064,151.092,30
2025-03-05T17:00:00.000Z,151.092,151.12,151.02,151.048,30
2025-03-05T18:00:00.000Z,151.048,151.076,150.976,151.004,30
2025-03-05T19:00:00.000Z,151.004,151.032,150.95,150.978,30
2025-03-05T20:00:00.000Z,150.978,151.086,150.508,150.616,15
2025-03-05T21:00:00.000Z,150.616,150.724,150.213,150.321,15
2025-03-05T22:00:00.000Z,150.321,150.429,149.918,150.026,15
2025-03-05T23:00:00.000Z,150.026,150.134,149.691,149.799,15
2025-03-06T00:00:00.000Z,148.898,149,148.866,148.968,25
2025-03-06T01:00:00.000Z,148.968,149.049,148.936,149.017,25
2025-03-06T02:00:00.000Z,149.017,149.099,148.985,149.067,25
2025-03-06T03:00:00.000Z,149.067,149.129,149.035,149.097,25
2025-03-06T04:00:00.000Z,149.097,149.246,148.815,148.964,30
2025-03-06T05:00:00.000Z,148.964,149.113,148.775,148.924,30
2025-03-06T06:00:00.000Z,148.924,149.073,148.735,148.884,30
2025-03-06T07:00:00.000Z,148.884,149.087,148.735,148.938,30
2025-03-06T08:00:00.000Z,148.938,149.291,148.843,149.196,70
2025-03-06T09:00:00.000Z,149.196,149.49,149.101,149.395,70
2025-03-06T10:00:00.000Z,149.395,149.688,149.3,149.593,70
2025-03-06T11:00:00.000Z,149.593,149.827,149.498,149.732,70
2025-03-06T12:00:00.000Z,149.732,150.009,149.668,149.945,80
2025-03-06T13:00:00.000Z,149.945,150.183,149.881,150.119,80
2025-03-06T14:00:00.000Z,150.119,150.357,150.055,150.293,80
2025-03-06T15:00:00.000Z,150.293,150.491,150.229,150.427,80
2025-03-06T16:00:00.000Z,150.427,150.459,150.326,150.358,30
2025-03-06T17:00:00.000Z,150.358,150.39,150.276,150.308,30
2025-03-06T18:00:00.000Z,150.308,150.34,150.227,150.259,30
2025-03-06T19:00:00.000Z,150.259,150.291,150.197,150.229,30
2025-03-06T20:00:00.000Z,150.229,150.351,149.698,149.82,15
2025-03-06T21:00:00.000Z,149.82,149.942,149.365,149.487,15
2025-03-06T22:00:00.000Z,149.487,149.609,149.032,149.154,15
2025-03-06T23:00:00.000Z,149.154,149.276,148.776,148.898,15
2025-03-07T00:00:00.000Z,148.108,148.166,148.09,148.148,25
2025-03-07T01:00:00.000Z,148.148,148.195,148.13,148.177,25
2025-03-07T02:00:00.000Z,148.177,148.224,148.159,148.206,25
2025-03-07T03:00:00.000Z,148.206,148.241,148.188,148.223,25
2025-03-07T04:00:00.000Z,148.223,148.326,148.033,148.136,30
2025-03-07T05:00:00.000Z,148.136,148.239,148.01,148.113,30
2025-03-07T06:00:00.000Z,148.113,148.216,147.986,148.089,30
2025-03-07T07:00:00.000Z,148.089,148.234,147.986,148.131,30
2025-03-07T08:00:00.000Z,148.131,148.335,148.076,148.28,70
2025-03-07T09:00:00.000Z,148.28,148.45,148.225,148.395,70
2025-03-07T10:00:00.000Z,148.395,148.565,148.34,148.51,70
2025-03-07T11:00:00.000Z,148.51,148.645,148.455,148.59,70
2025-03-07T12:00:00.000Z,148.59,148.75,148.553,148.713,80
2025-03-07T13:00:00.000Z,148.713,148.85,148.676,148.813,80
2025-03-07T14:00:00.000Z,148.813,148.951,148.776,148.914,80
2025-03-07T15:00:00.000Z,148.914,149.028,148.877,148.991,80
2025-03-07T16:00:00.000Z,148.991,149.009,148.933,148.951,30
2025-03-07T17:00:00.000Z,148.951,148.969,148.904,148.922,30
2025-03-07T18:00:00.000Z,148.922,148.94,148.875,148.893,30
2025-03-07T19:00:00.000Z,148.893,148.911,148.858,148.876,30
2025-03-07T20:00:00.000Z,148.876,148.947,148.569,148.64,15
2025-03-07T21:00:00.000Z,148.64,148.711,148.377,148.448,15
2025-03-07T22:00:00.000Z,148.448,148.519,148.185,148.256,15
2025-03-07T23:00:00.000Z,148.256,148.327,148.037,148.108,15
2025-03-10T00:00:00.000Z,147.608,147.666,147.59,147.648,25
2025-03-10T01:00:00.000Z,147.648,147.695,147.63,147.677,25
2025-03-10T02:00:00.000Z,147.677,147.724,147.659,147.706,25
2025-03-10T03:00:00.000Z,147.706,147.741,147.688,147.723,25
2025-03-10T04:00:00.000Z,147.723,147.814,147.552,147.643,30
2025-03-10T05:00:00.000Z,147.643,147.734,147.529,147.62,30
2025-03-10T06:00:00.000Z,147.62,147.711,147.506,147.597,30
2025-03-10T07:00:00.000Z,147.597,147.722,147.506,147.631,30
2025-03-10T08:00:00.000Z,147.631,147.835,147.576,147.78,70
2025-03-10T09:00:00.000Z,147.78,147.949,147.725,147.894,70
2025-03-10T10:00:00.000Z,147.894,148.064,147.839,148.009,70
2025-03-10T11:00:00.000Z,148.009,148.144,147.954,148.089,70
2025-03-10T12:00:00.000Z,148.089,148.249,148.052,148.212,80
2025-03-10T13:00:00.000Z,148.212,148.349,148.175,148.312,80
2025-03-10T14:00:00.000Z,148.312,148.45,148.275,148.413,80
2025-03-10T15:00:00.000Z,148.413,148.527,148.376,148.49,80
2025-03-10T16:00:00.000Z,148.49,148.508,148.432,148.45,30
2025-03-10T17:00:00.000Z,148.45,148.468,148.403,148.421,30
2025-03-10T18:00:00.000Z,148.421,148.439,148.374,148.392,30
2025-03-10T19:00:00.000Z,148.392,148.41,148.357,148.375,30
2025-03-10T20:00:00.000Z,148.375,148.445,148.069,148.139,15
2025-03-10T21:00:00.000Z,148.139,148.209,147.877,147.947,15
2025-03-10T22:00:00.000Z,147.947,148.017,147.686,147.756,15
2025-03-10T23:00:00.000Z,147.756,147.826,147.538,147.608,15
2025-03-11T00:00:00.000Z,147.069,147.149,147.044,147.124,25
2025-03-11T01:00:00.000Z,147.124,147.188,147.099,147.163,25
2025-03-11T02:00:00.000Z,147.163,147.227,147.138,147.202,25
2025-03-11T03:00:00.000Z,147.202,147.251,147.177,147.226,25
2025-03-11T04:00:00.000Z,147.226,147.287,147.096,147.157,30
2025-03-11T05:00:00.000Z,147.157,147.218,147.064,147.125,30
2025-03-11T06:00:00.000Z,147.125,147.186,147.033,147.094,30
2025-03-11T07:00:00.000Z,147.094,147.161,147.033,147.1,30
2025-03-11T08:00:00.000Z,147.1,147.379,147.025,147.304,70
2025-03-11T09:00:00.000Z,147.304,147.535,147.229,147.46,70
2025-03-11T10:00:00.000Z,147.46,147.692,147.385,147.617,70
2025-03-11T11:00:00.000Z,147.617,147.802,147.542,147.727,70
2025-03-11T12:00:00.000Z,147.727,147.946,147.677,147.896,80
2025-03-11T13:00:00.000Z,147.896,148.083,147.846,148.033,80
2025-03-11T14:00:00.000Z,148.033,148.22,147.983,148.17,80
2025-03-11T15:00:00.000Z,148.17,148.326,148.12,148.276,80
2025-03-11T16:00:00.000Z,148.276,148.301,148.196,148.221,30
2025-03-11T17:00:00.000Z,148.221,148.246,148.157,148.182,30
2025-03-11T18:00:00.000Z,148.182,148.207,148.118,148.143,30
2025-03-11T19:00:00.000Z,148.143,148.168,148.094,148.119,30
2025-03-11T20:00:00.000Z,148.119,148.215,147.7,147.796,15
2025-03-11T21:00:00.000Z,147.796,147.892,147.438,147.534,15
2025-03-11T22:00:00.000Z,147.534,147.63,147.175,147.271,15
2025-03-11T23:00:00.000Z,147.271,147.367,146.973,147.069,15
2025-03-12T00:00:00.000Z,148.042,148.11,148.021,148.089,25
2025-03-12T01:00:00.000Z,148.089,148.143,148.068,148.122,25
2025-03-12T02:00:00.000Z,148.122,148.177,148.101,148.156,25
2025-03-12T03:00:00.000Z,148.156,148.197,148.135,148.176,25
2025-03-12T04:00:00.000Z,148.176,148.208,148.098,148.13,30
2025-03-12T05:00:00.000Z,148.13,148.162,148.071,148.103,30
2025-03-12T06:00:00.000Z,148.103,148.135,148.044,148.076,30
2025-03-12T07:00:00.000Z,148.076,148.108,148.037,148.069,30
2025-03-12T08:00:00.000Z,148.069,148.307,148.005,148.243,70
2025-03-12T09:00:00.000Z,148.243,148.441,148.179,148.377,70
2025-03-12T10:00:00.000Z,148.377,148.574,148.313,148.51,70
2025-03-12T11:00:00.000Z,148.51,148.668,148.446,148.604,70
2025-03-12T12:00:00.000Z,148.604,148.805,148.552,148.753,80
2025-03-12T13:00:00.000Z,148.753,148.922,148.701,148.87,80
2025-03-12T14:00:00.000Z,148.87,149.039,148.818,148.987,80
2025-03-12T15:00:00.000Z,148.987,149.124,148.935,149.072,80
2025-03-12T16:00:00.000Z,149.072,149.093,149.004,149.025,30
2025-03-12T17:00:00.000Z,149.025,149.046,148.971,148.992,30
2025-03-12T18:00:00.000Z,148.992,149.013,148.937,148.958,30
2025-03-12T19:00:00.000Z,148.958,148.979,148.917,148.938,30
2025-03-12T20:00:00.000Z,148.938,149.02,148.58,148.662,15
2025-03-12T21:00:00.000Z,148.662,148.744,148.357,148.439,15
2025-03-12T22:00:00.000Z,148.439,148.521,148.132,148.214,15
2025-03-12T23:00:00.000Z,148.214,148.296,147.96,148.042,15
2025-03-13T00:00:00.000Z,148.279,148.318,148.267,148.306,25
2025-03-13T01:00:00.000Z,148.306,148.337,148.294,148.325,25
2025-03-13T02:00:00.000Z,148.325,148.356,148.313,148.344,25
2025-03-13T03:00:00.000Z,148.344,148.368,148.332,148.356,25
2025-03-13T04:00:00.000Z,148.356,148.421,148.235,148.3,30
2025-03-13T05:00:00.000Z,148.3,148.365,148.22,148.285,30
2025-03-13T06:00:00.000Z,148.285,148.35,148.204,148.269,30
2025-03-13T07:00:00.000Z,148.269,148.359,148.204,148.294,30
2025-03-13T08:00:00.000Z,148.294,148.431,148.257,148.394,70
2025-03-13T09:00:00.000Z,148.394,148.509,148.357,148.472,70
2025-03-13T10:00:00.000Z,148.472,148.586,148.435,148.549,70
2025-03-13T11:00:00.000Z,148.549,148.64,148.512,148.603,70
2025-03-13T12:00:00.000Z,148.603,148.711,148.578,148.686,80
2025-03-13T13:00:00.000Z,148.686,148.778,148.661,148.753,80
2025-03-13T14:00:00.000Z,148.753,148.846,148.728,148.821,80
2025-03-13T15:00:00.000Z,148.821,148.898,148.796,148.873,80
2025-03-13T16:00:00.000Z,148.873,148.885,148.834,148.846,30
2025-03-13T17:00:00.000Z,148.846,148.858,148.815,148.827,30
2025-03-13T18:00:00.000Z,148.827,148.839,148.796,148.808,30
2025-03-13T19:00:00.000Z,148.808,148.82,148.784,148.796,30
2025-03-13T20:00:00.000Z,148.796,148.844,148.589,148.637,15
2025-03-13T21:00:00.000Z,148.637,148.685,148.46,148.508,15
2025-03-13T22:00:00.000Z,148.508,148.556,148.331,148.379,15
2025-03-13T23:00:00.000Z,148.379,148.427,148.231,148.279,15
2025-03-14T00:00:00.000Z,147.949,148.007,147.931,147.989,25
2025-03-14T01:00:00.000Z,147.989,148.036,147.971,148.018,25
2025-03-14T02:00:00.000Z,148.018,148.065,148,148.047,25
2025-03-14T03:00:00.000Z,148.047,148.082,148.029,148.064,25
2025-03-14T04:00:00.000Z,148.064,148.086,148.005,148.027,30
2025-03-14T05:00:00.000Z,148.027,148.049,147.982,148.004,30
2025-03-14T06:00:00.000Z,148.004,148.026,147.959,147.981,30
2025-03-14T07:00:00.000Z,147.981,148.003,147.95,147.972,30
2025-03-14T08:00:00.000Z,147.972,148.176,147.917,148.121,70
2025-03-14T09:00:00.000Z,148.121,148.29,148.066,148.235,70
2025-03-14T10:00:00.000Z,148.235,148.405,148.18,148.35,70
2025-03-14T11:00:00.000Z,148.35,148.485,148.295,148.43,70
2025-03-14T12:00:00.000Z,148.43,148.611,148.38,148.561,80
2025-03-14T13:00:00.000Z,148.561,148.712,148.511,148.662,80
2025-03-14T14:00:00.000Z,148.662,148.812,148.612,148.762,80
2025-03-14T15:00:00.000Z,148.762,148.881,148.712,148.831,80
2025-03-14T16:00:00.000Z,148.831,148.849,148.773,148.791,30
2025-03-14T17:00:00.000Z,148.791,148.809,148.745,148.763,30
2025-03-14T18:00:00.000Z,148.763,148.781,148.716,148.734,30
2025-03-14T19:00:00.000Z,148.734,148.752,148.699,148.717,30
2025-03-14T20:00:00.000Z,148.717,148.788,148.41,148.481,15
2025-03-14T21:00:00.000Z,148.481,148.552,148.218,148.289,15
2025-03-14T22:00:00.000Z,148.289,148.36,148.026,148.097,15
2025-03-14T23:00:00.000Z,148.097,148.168,147.878,147.949,15
2025-03-17T00:00:00.000Z,148.598,148.639,148.585,148.626,25
2025-03-17T01:00:00.000Z,148.626,148.658,148.613,148.645,25
2025-03-17T02:00:00.000Z,148.645,148.678,148.632,148.665,25
2025-03-17T03:00:00.000Z,148.665,148.69,148.652,148.677,25
2025-03-17T04:00:00.000Z,148.677,148.711,148.606,148.64,30
2025-03-17T05:00:00.000Z,148.64,148.674,148.59,148.624,30
2025-03-17T06:00:00.000Z,148.624,148.658,148.574,148.608,30
2025-03-17T07:00:00.000Z,148.608,148.648,148.574,148.614,30
2025-03-17T08:00:00.000Z,148.614,148.755,148.576,148.717,70
2025-03-17T09:00:00.000Z,148.717,148.834,148.679,148.796,70
2025-03-17T10:00:00.000Z,148.796,148.914,148.758,148.876,70
2025-03-17T11:00:00.000Z,148.876,148.969,148.838,148.931,70
2025-03-17T12:00:00.000Z,148.931,149.041,148.906,149.016,80
2025-03-17T13:00:00.000Z,149.016,149.11,148.991,149.085,80
2025-03-17T14:00:00.000Z,149.085,149.18,149.06,149.155,80
2025-03-17T15:00:00.000Z,149.155,149.233,149.13,149.208,80
2025-03-17T16:00:00.000Z,149.208,149.221,149.167,149.18,30
2025-03-17T17:00:00.000Z,149.18,149.193,149.148,149.161,30
2025-03-17T18:00:00.000Z,149.161,149.174,149.128,149.141,30
2025-03-17T19:00:00.000Z,149.141,149.154,149.116,149.129,30
2025-03-17T20:00:00.000Z,149.129,149.178,148.917,148.966,15
2025-03-17T21:00:00.000Z,148.966,149.015,148.784,148.833,15
2025-03-17T22:00:00.000Z,148.833,148.882,148.651,148.7,15
2025-03-17T23:00:00.000Z,148.7,148.749,148.549,148.598,15
2025-03-18T00:00:00.000Z,149.379,149.414,149.368,149.403,25
2025-03-18T01:00:00.000Z,149.403,149.43,149.392,149.419,25
2025-03-18T02:00:00.000Z,149.419,149.447,149.408,149.436,25
2025-03-18T03:00:00.000Z,149.436,149.457,149.425,149.446,25
2025-03-18T04:00:00.000Z,149.446,149.464,149.403,149.421,30
2025-03-18T05:00:00.000Z,149.421,149.439,149.39,149.408,30
2025-03-18T06:00:00.000Z,149.408,149.426,149.376,149.394,30
2025-03-18T07:00:00.000Z,149.394,149.412,149.374,149.392,30
2025-03-18T08:00:00.000Z,149.392,149.512,149.36,149.48,70
2025-03-18T09:00:00.000Z,149.48,149.579,149.448,149.547,70
2025-03-18T10:00:00.000Z,149.547,149.647,149.515,149.615,70
2025-03-18T11:00:00.000Z,149.615,149.694,149.583,149.662,70
2025-03-18T12:00:00.000Z,149.662,149.76,149.638,149.736,80
2025-03-18T13:00:00.000Z,149.736,149.819,149.712,149.795,80
2025-03-18T14:00:00.000Z,149.795,149.878,149.771,149.854,80
2025-03-18T15:00:00.000Z,149.854,149.922,149.83,149.898,80
2025-03-18T16:00:00.000Z,149.898,149.909,149.863,149.874,30
2025-03-18T17:00:00.000Z,149.874,149.885,149.847,149.858,30
2025-03-18T18:00:00.000Z,149.858,149.869,149.83,149.841,30
2025-03-18T19:00:00.000Z,149.841,149.852,149.82,149.831,30
2025-03-18T20:00:00.000Z,149.831,149.873,149.65,149.692,15
2025-03-18T21:00:00.000Z,149.692,149.734,149.537,149.579,15
2025-03-18T22:00:00.000Z,149.579,149.621,149.424,149.466,15
2025-03-18T23:00:00.000Z,149.466,149.508,149.337,149.379,15
2025-03-19T00:00:00.000Z,149.452,149.503,149.436,149.487,25
2025-03-19T01:00:00.000Z,149.487,149.527,149.471,149.511,25
2025-03-19T02:00:00.000Z,149.511,149.552,149.495,149.536,25
2025-03-19T03:00:00.000Z,149.536,149.567,149.52,149.551,25
2025-03-19T04:00:00.000Z,149.551,149.587,149.473,149.509,30
2025-03-19T05:00:00.000Z,149.509,149.545,149.453,149.489,30
2025-03-19T06:00:00.000Z,149.489,149.525,149.433,149.469,30
2025-03-19T07:00:00.000Z,149.469,149.508,149.433,149.472,30
2025-03-19T08:00:00.000Z,149.472,149.647,149.425,149.6,70
2025-03-19T09:00:00.000Z,149.6,149.746,149.553,149.699,70
2025-03-19T10:00:00.000Z,149.699,149.845,149.652,149.798,70
2025-03-19T11:00:00.000Z,149.798,149.914,149.751,149.867,70
2025-03-19T12:00:00.000Z,149.867,150.005,149.835,149.973,80
2025-03-19T13:00:00.000Z,149.973,150.091,149.941,150.059,80
2025-03-19T14:00:00.000Z,150.059,150.177,150.027,150.145,80
2025-03-19T15:00:00.000Z,150.145,150.244,150.113,150.212,80
2025-03-19T16:00:00.000Z,150.212,150.228,150.161,150.177,30
2025-03-19T17:00:00.000Z,150.177,150.193,150.137,150.153,30
2025-03-19T18:00:00.000Z,150.153,150.169,150.112,150.128,30
2025-03-19T19:00:00.000Z,150.128,150.144,150.097,150.113,30
2025-03-19T20:00:00.000Z,150.113,150.174,149.849,149.91,15
2025-03-19T21:00:00.000Z,149.91,149.971,149.683,149.744,15
2025-03-19T22:00:00.000Z,149.744,149.805,149.518,149.579,15
2025-03-19T23:00:00.000Z,149.579,149.64,149.391,149.452,15
2025-03-20T00:00:00.000Z,148.49,148.529,148.478,148.517,25
2025-03-20T01:00:00.000Z,148.517,148.548,148.505,148.536,25
2025-03-20T02:00:00.000Z,148.536,148.567,148.524,148.555,25
2025-03-20T03:00:00.000Z,148.555,148.578,148.543,148.566,25
2025-03-20T04:00:00.000Z,148.566,148.6,148.496,148.53,30
2025-03-20T05:00:00.000Z,148.53,148.564,148.48,148.514,30
2025-03-20T06:00:00.000Z,148.514,148.548,148.465,148.499,30
2025-03-20T07:00:00.000Z,148.499,148.539,148.465,148.505,30
2025-03-20T08:00:00.000Z,148.505,148.641,148.468,148.604,70
2025-03-20T09:00:00.000Z,148.604,148.717,148.567,148.68,70
2025-03-20T10:00:00.000Z,148.68,148.794,148.643,148.757,70
2025-03-20T11:00:00.000Z,148.757,148.847,148.72,148.81,70
2025-03-20T12:00:00.000Z,148.81,148.916,148.786,148.892,80
2025-03-20T13:00:00.000Z,148.892,148.983,148.868,148.959,80
2025-03-20T14:00:00.000Z,148.959,149.049,148.935,149.025,80
2025-03-20T15:00:00.000Z,149.025,149.101,149.001,149.077,80
2025-03-20T16:00:00.000Z,149.077,149.089,149.038,149.05,30
2025-03-20T17:00:00.000Z,149.05,149.062,149.019,149.031,30
2025-03-20T18:00:00.000Z,149.031,149.043,149,149.012,30
2025-03-20T19:00:00.000Z,149.012,149.024,148.989,149.001,30
2025-03-20T20:00:00.000Z,149.001,149.048,148.797,148.844,15
2025-03-20T21:00:00.000Z,148.844,148.891,148.669,148.716,15
2025-03-20T22:00:00.000Z,148.716,148.763,148.541,148.588,15
2025-03-20T23:00:00.000Z,148.588,148.635,148.443,148.49,15
2025-03-21T00:00:00.000Z,148.596,148.65,148.579,148.633,25
2025-03-21T01:00:00.000Z,148.633,148.676,148.616,148.659,25
2025-03-21T02:00:00.000Z,148.659,148.702,148.642,148.685,25
2025-03-21T03:00:00.000Z,148.685,148.718,148.668,148.701,25
2025-03-21T04:00:00.000Z,148.701,148.714,148.659,148.672,30
2025-03-21T05:00:00.000Z,148.672,148.685,148.638,148.651,30
2025-03-21T06:00:00.000Z,148.651,148.664,148.617,148.63,30
2025-03-21T07:00:00.000Z,148.63,148.643,148.604,148.617,30
2025-03-21T08:00:00.000Z,148.617,148.805,148.566,148.754,70
2025-03-21T09:00:00.000Z,148.754,148.911,148.703,148.86,70
2025-03-21T10:00:00.000Z,148.86,149.016,148.809,148.965,70
2025-03-21T11:00:00.000Z,148.965,149.09,148.914,149.039,70
2025-03-21T12:00:00.000Z,149.039,149.218,148.986,149.165,80
2025-03-21T13:00:00.000Z,149.165,149.31,149.112,149.257,80
2025-03-21T14:00:00.000Z,149.257,149.402,149.204,149.349,80
2025-03-21T15:00:00.000Z,149.349,149.461,149.296,149.408,80
2025-03-21T16:00:00.000Z,149.408,149.425,149.354,149.371,30
2025-03-21T17:00:00.000Z,149.371,149.388,149.327,149.344,30
2025-03-21T18:00:00.000Z,149.344,149.361,149.301,149.318,30
2025-03-21T19:00:00.000Z,149.318,149.335,149.285,149.302,30
2025-03-21T20:00:00.000Z,149.302,149.367,149.02,149.085,15
2025-03-21T21:00:00.000Z,149.085,149.15,148.843,148.908,15
2025-03-21T22:00:00.000Z,148.908,148.973,148.667,148.732,15
2025-03-21T23:00:00.000Z,148.732,148.797,148.531,148.596,15
2025-03-24T00:00:00.000Z,149.677,149.742,149.657,149.722,25
2025-03-24T01:00:00.000Z,149.722,149.773,149.702,149.753,25
2025-03-24T02:00:00.000Z,149.753,149.805,149.733,149.785,25
2025-03-24T03:00:00.000Z,149.785,149.824,149.765,149.804,25
2025-03-24T04:00:00.000Z,149.804,149.836,149.727,149.759,30
2025-03-24T05:00:00.000Z,149.759,149.791,149.701,149.733,30
2025-03-24T06:00:00.000Z,149.733,149.765,149.676,149.708,30
2025-03-24T07:00:00.000Z,149.708,149.74,149.67,149.702,30
2025-03-24T08:00:00.000Z,149.702,149.929,149.641,149.868,70
2025-03-24T09:00:00.000Z,149.868,150.056,149.807,149.995,70
2025-03-24T10:00:00.000Z,149.995,150.184,149.934,150.123,70
2025-03-24T11:00:00.000Z,150.123,150.273,150.062,150.212,70
2025-03-24T12:00:00.000Z,150.212,150.401,150.164,150.353,80
2025-03-24T13:00:00.000Z,150.353,150.512,150.305,150.464,80
2025-03-24T14:00:00.000Z,150.464,150.624,150.416,150.576,80
2025-03-24T15:00:00.000Z,150.576,150.705,150.528,150.657,80
2025-03-24T16:00:00.000Z,150.657,150.677,150.592,150.612,30
2025-03-24T17:00:00.000Z,150.612,150.632,150.561,150.581,30
2025-03-24T18:00:00.000Z,150.581,150.601,150.529,150.549,30
2025-03-24T19:00:00.000Z,150.549,150.569,150.51,150.53,30
2025-03-24T20:00:00.000Z,150.53,150.608,150.19,150.268,15
2025-03-24T21:00:00.000Z,150.268,150.346,149.976,150.054,15
2025-03-24T22:00:00.000Z,150.054,150.132,149.763,149.841,15
2025-03-24T23:00:00.000Z,149.841,149.919,149.599,149.677,15
2025-03-25T00:00:00.000Z,150.774,150.844,150.752,150.822,25
2025-03-25T01:00:00.000Z,150.822,150.879,150.8,150.857,25
2025-03-25T02:00:00.000Z,150.857,150.913,150.835,150.891,25
2025-03-25T03:00:00.000Z,150.891,150.934,150.869,150.912,25
2025-03-25T04:00:00.000Z,150.912,151.026,150.699,150.813,30
2025-03-25T05:00:00.000Z,150.813,150.927,150.672,150.786,30
2025-03-25T06:00:00.000Z,150.786,150.9,150.644,150.758,30
2025-03-25T07:00:00.000Z,150.758,150.916,150.644,150.802,30
2025-03-25T08:00:00.000Z,150.802,151.048,150.736,150.982,70
2025-03-25T09:00:00.000Z,150.982,151.186,150.916,151.12,70
2025-03-25T10:00:00.000Z,151.12,151.324,151.054,151.258,70
2025-03-25T11:00:00.000Z,151.258,151.421,151.192,151.355,70
2025-03-25T12:00:00.000Z,151.355,151.548,151.311,151.504,80
2025-03-25T13:00:00.000Z,151.504,151.669,151.46,151.625,80
2025-03-25T14:00:00.000Z,151.625,151.79,151.581,151.746,80
2025-03-25T15:00:00.000Z,151.746,151.883,151.702,151.839,80
2025-03-25T16:00:00.000Z,151.839,151.861,151.769,151.791,30
2025-03-25T17:00:00.000Z,151.791,151.813,151.734,151.756,30
2025-03-25T18:00:00.000Z,151.756,151.778,151.7,151.722,30
2025-03-25T19:00:00.000Z,151.722,151.744,151.679,151.701,30
2025-03-25T20:00:00.000Z,151.701,151.786,151.331,151.416,15
2025-03-25T21:00:00.000Z,151.416,151.501,151.099,151.184,15
2025-03-25T22:00:00.000Z,151.184,151.269,150.868,150.953,15
2025-03-25T23:00:00.000Z,150.953,151.038,150.689,150.774,15
2025-03-26T00:00:00.000Z,149.95,149.995,149.936,149.981,25
2025-03-26T01:00:00.000Z,149.981,150.017,149.967,150.003,25
2025-03-26T02:00:00.000Z,150.003,150.04,149.989,150.026,25
2025-03-26T03:00:00.000Z,150.026,150.053,150.012,150.039,25
2025-03-26T04:00:00.000Z,150.039,150.058,149.991,150.01,30
2025-03-26T05:00:00.000Z,150.01,150.029,149.973,149.992,30
2025-03-26T06:00:00.000Z,149.992,150.011,149.955,149.974,30
2025-03-26T07:00:00.000Z,149.974,149.993,149.949,149.968,30
2025-03-26T08:00:00.000Z,149.968,150.127,149.925,150.084,70
2025-03-26T09:00:00.000Z,150.084,150.216,150.041,150.173,70
2025-03-26T10:00:00.000Z,150.173,150.305,150.13,150.262,70
2025-03-26T11:00:00.000Z,150.262,150.367,150.219,150.324,70
2025-03-26T12:00:00.000Z,150.324,150.462,150.287,150.425,80
2025-03-26T13:00:00.000Z,150.425,150.54,150.388,150.503,80
2025-03-26T14:00:00.000Z,150.503,150.618,150.466,150.581,80
2025-03-26T15:00:00.000Z,150.581,150.673,150.544,150.636,80
2025-03-26T16:00:00.000Z,150.636,150.65,150.591,150.605,30
2025-03-26T17:00:00.000Z,150.605,150.619,150.569,150.583,30
2025-03-26T18:00:00.000Z,150.583,150.597,150.546,150.56,30
2025-03-26T19:00:00.000Z,150.56,150.574,150.533,150.547,30
2025-03-26T20:00:00.000Z,150.547,150.602,150.308,150.363,15
2025-03-26T21:00:00.000Z,150.363,150.418,150.159,150.214,15
2025-03-26T22:00:00.000Z,150.214,150.269,150.01,150.065,15
2025-03-26T23:00:00.000Z,150.065,150.12,149.895,149.95,15
2025-03-27T00:00:00.000Z,150.473,150.525,150.457,150.509,25
2025-03-27T01:00:00.000Z,150.509,150.55,150.493,150.534,25
2025-03-27T02:00:00.000Z,150.534,150.576,150.518,150.56,25
2025-03-27T03:00:00.000Z,150.56,150.591,150.544,150.575,25
2025-03-27T04:00:00.000Z,150.575,150.62,150.481,150.526,30
2025-03-27T05:00:00.000Z,150.526,150.571,150.461,150.506,30
2025-03-27T06:00:00.000Z,150.506,150.551,150.44,150.485,30
2025-03-27T07:00:00.000Z,150.485,150.538,150.44,150.493,30
2025-03-27T08:00:00.000Z,150.493,150.674,150.444,150.625,70
2025-03-27T09:00:00.000Z,150.625,150.776,150.576,150.727,70
2025-03-27T10:00:00.000Z,150.727,150.878,150.678,150.829,70
2025-03-27T11:00:00.000Z,150.829,150.95,150.78,150.901,70
2025-03-27T12:00:00.000Z,150.901,151.043,150.868,151.01,80
2025-03-27T13:00:00.000Z,151.01,151.132,150.977,151.099,80
2025-03-27T14:00:00.000Z,151.099,151.221,151.066,151.188,80
2025-03-27T15:00:00.000Z,151.188,151.29,151.155,151.257,80
2025-03-27T16:00:00.000Z,151.257,151.273,151.205,151.221,30
2025-03-27T17:00:00.000Z,151.221,151.237,151.18,151.196,30
2025-03-27T18:00:00.000Z,151.196,151.212,151.154,151.17,30
2025-03-27T19:00:00.000Z,151.17,151.186,151.139,151.155,30
2025-03-27T20:00:00.000Z,151.155,151.218,150.882,150.945,15
2025-03-27T21:00:00.000Z,150.945,151.008,150.712,150.775,15
2025-03-27T22:00:00.000Z,150.775,150.838,150.541,150.604,15
2025-03-27T23:00:00.000Z,150.604,150.667,150.41,150.473,15
2025-03-28T00:00:00.000Z,150.847,150.912,150.827,150.892,25
2025-03-28T01:00:00.000Z,150.892,150.944,150.872,150.924,25
2025-03-28T02:00:00.000Z,150.924,150.976,150.904,150.956,25
2025-03-28T03:00:00.000Z,150.956,150.995,150.936,150.975,25
2025-03-28T04:00:00.000Z,150.975,151.064,150.805,150.894,30
2025-03-28T05:00:00.000Z,150.894,150.983,150.779,150.868,30
2025-03-28T06:00:00.000Z,150.868,150.957,150.754,150.843,30
2025-03-28T07:00:00.000Z,150.843,150.962,150.754,150.873,30
2025-03-28T08:00:00.000Z,150.873,151.1,150.812,151.039,70
2025-03-28T09:00:00.000Z,151.039,151.227,150.978,151.166,70
2025-03-28T10:00:00.000Z,151.166,151.355,151.105,151.294,70
2025-03-28T11:00:00.000Z,151.294,151.444,151.233,151.383,70
2025-03-28T12:00:00.000Z,151.383,151.561,151.342,151.52,80
2025-03-28T13:00:00.000Z,151.52,151.673,151.479,151.632,80
2025-03-28T14:00:00.000Z,151.632,151.785,151.591,151.744,80
2025-03-28T15:00:00.000Z,151.744,151.871,151.703,151.83,80
2025-03-28T16:00:00.000Z,151.83,151.85,151.765,151.785,30
2025-03-28T17:00:00.000Z,151.785,151.805,151.734,151.754,30
2025-03-28T18:00:00.000Z,151.754,151.774,151.702,151.722,30
2025-03-28T19:00:00.000Z,151.722,151.742,151.683,151.703,30
2025-03-28T20:00:00.000Z,151.703,151.782,151.361,151.44,15
2025-03-28T21:00:00.000Z,151.44,151.519,151.147,151.226,15
2025-03-28T22:00:00.000Z,151.226,151.305,150.933,151.012,15
2025-03-28T23:00:00.000Z,151.012,151.091,150.768,150.847,15
2025-03-30T00:00:00.000Z,149.617,149.68,149.597,149.66,25
2025-03-30T01:00:00.000Z,149.66,149.711,149.64,149.691,25
2025-03-30T02:00:00.000Z,149.691,149.742,149.671,149.722,25
2025-03-30T03:00:00.000Z,149.722,149.761,149.702,149.741,25
2025-03-30T04:00:00.000Z,149.741,149.828,149.575,149.662,30
2025-03-30T05:00:00.000Z,149.662,149.749,149.55,149.637,30
2025-03-30T06:00:00.000Z,149.637,149.724,149.525,149.612,30
2025-03-30T07:00:00.000Z,149.612,149.729,149.525,149.642,30
2025-03-30T08:00:00.000Z,149.642,149.864,149.582,149.804,70
2025-03-30T09:00:00.000Z,149.804,149.988,149.744,149.928,70
2025-03-30T10:00:00.000Z,149.928,150.112,149.868,150.052,70
2025-03-30T11:00:00.000Z,150.052,150.199,149.992,150.139,70
2025-03-30T12:00:00.000Z,150.139,150.313,150.099,150.273,80
2025-03-30T13:00:00.000Z,150.273,150.421,150.233,150.381,80
2025-03-30T14:00:00.000Z,150.381,150.53,150.341,150.49,80
2025-03-30T15:00:00.000Z,150.49,150.614,150.45,150.574,80
2025-03-30T16:00:00.000Z,150.574,150.594,150.511,150.531,30
2025-03-30T17:00:00.000Z,150.531,150.551,150.48,150.5,30
2025-03-30T18:00:00.000Z,150.5,150.52,150.449,150.469,30
2025-03-30T19:00:00.000Z,150.469,150.489,150.43,150.45,30
2025-03-30T20:00:00.000Z,150.45,150.527,150.117,150.194,15
2025-03-30T21:00:00.000Z,150.194,150.271,149.909,149.986,15
2025-03-30T22:00:00.000Z,149.986,150.063,149.7,149.777,15
2025-03-30T23:00:00.000Z,149.777,149.854,149.54,149.617,15
2025-03-31T00:00:00.000Z,149.913,149.964,149.897,149.948,25
2025-03-31T01:00:00.000Z,149.948,149.989,149.932,149.973,25
2025-03-31T02:00:00.000Z,149.973,150.014,149.957,149.998,25
2025-03-31T03:00:00.000Z,149.998,150.029,149.982,150.013,25
2025-03-31T04:00:00.000Z,150.013,150.1,149.852,149.939,30
2025-03-31T05:00:00.000Z,149.939,150.026,149.832,149.919,30
2025-03-31T06:00:00.000Z,149.919,150.006,149.812,149.899,30
2025-03-31T07:00:00.000Z,149.899,150.02,149.812,149.933,30
2025-03-31T08:00:00.000Z,149.933,150.111,149.885,150.063,70
2025-03-31T09:00:00.000Z,150.063,150.212,150.015,150.164,70
2025-03-31T10:00:00.000Z,150.164,150.312,150.116,150.264,70
2025-03-31T11:00:00.000Z,150.264,150.382,150.216,150.334,70
2025-03-31T12:00:00.000Z,150.334,150.474,150.302,150.442,80
2025-03-31T13:00:00.000Z,150.442,150.562,150.41,150.53,80
2025-03-31T14:00:00.000Z,150.53,150.649,150.498,150.617,80
2025-03-31T15:00:00.000Z,150.617,150.717,150.585,150.685,80
2025-03-31T16:00:00.000Z,150.685,150.701,150.634,150.65,30
2025-03-31T17:00:00.000Z,150.65,150.666,150.609,150.625,30
2025-03-31T18:00:00.000Z,150.625,150.641,150.584,150.6,30
2025-03-31T19:00:00.000Z,150.6,150.616,150.569,150.585,30
2025-03-31T20:00:00.000Z,150.585,150.647,150.316,150.378,15
2025-03-31T21:00:00.000Z,150.378,150.44,150.148,150.21,15
2025-03-31T22:00:00.000Z,150.21,150.272,149.98,150.042,15
2025-03-31T23:00:00.000Z,150.042,150.104,149.851,149.913,15
2025-04-01T00:00:00.000Z,149.783,149.832,149.768,149.817,25
2025-04-01T01:00:00.000Z,149.817,149.856,149.802,149.841,25
2025-04-01T02:00:00.000Z,149.841,149.88,149.826,149.865,25
2025-04-01T03:00:00.000Z,149.865,149.895,149.85,149.88,25
2025-04-01T04:00:00.000Z,149.88,149.945,149.755,149.82,30
2025-04-01T05:00:00.000Z,149.82,149.885,149.735,149.8,30
2025-04-01T06:00:00.000Z,149.8,149.865,149.716,149.781,30
2025-04-01T07:00:00.000Z,149.781,149.867,149.716,149.802,30
2025-04-01T08:00:00.000Z,149.802,149.973,149.756,149.927,70
2025-04-01T09:00:00.000Z,149.927,150.07,149.881,150.024,70
2025-04-01T10:00:00.000Z,150.024,150.166,149.978,150.12,70
2025-04-01T11:00:00.000Z,150.12,150.234,150.074,150.188,70
2025-04-01T12:00:00.000Z,150.188,150.323,150.157,150.292,80
2025-04-01T13:00:00.000Z,150.292,150.407,150.261,150.376,80
2025-04-01T14:00:00.000Z,150.376,150.492,150.345,150.461,80
2025-04-01T15:00:00.000Z,150.461,150.557,150.43,150.526,80
2025-04-01T16:00:00.000Z,150.526,150.541,150.477,150.492,30
2025-04-01T17:00:00.000Z,150.492,150.507,150.453,150.468,30
2025-04-01T18:00:00.000Z,150.468,150.483,150.429,150.444,30
2025-04-01T19:00:00.000Z,150.444,150.459,150.415,150.43,30
2025-04-01T20:00:00.000Z,150.43,150.489,150.172,150.231,15
2025-04-01T21:00:00.000Z,150.231,150.29,150.01,150.069,15
2025-04-01T22:00:00.000Z,150.069,150.128,149.849,149.908,15
2025-04-01T23:00:00.000Z,149.908,149.967,149.724,149.783,15
2025-04-02T00:00:00.000Z,147.872,148.024,147.824,147.976,25
2025-04-02T01:00:00.000Z,147.976,148.099,147.928,148.051,25
2025-04-02T02:00:00.000Z,148.051,148.173,148.003,148.125,25
2025-04-02T03:00:00.000Z,148.125,148.218,148.077,148.17,25
2025-04-02T04:00:00.000Z,148.17,148.408,147.724,147.962,30
2025-04-02T05:00:00.000Z,147.962,148.2,147.664,147.902,30
2025-04-02T06:00:00.000Z,147.902,148.14,147.604,147.842,30
2025-04-02T07:00:00.000Z,147.842,148.17,147.604,147.932,30
2025-04-02T08:00:00.000Z,147.932,148.462,147.789,148.319,70
2025-04-02T09:00:00.000Z,148.319,148.76,148.176,148.617,70
2025-04-02T10:00:00.000Z,148.617,149.058,148.474,148.915,70
2025-04-02T11:00:00.000Z,148.915,149.266,148.772,149.123,70
2025-04-02T12:00:00.000Z,149.123,149.538,149.028,149.443,80
2025-04-02T13:00:00.000Z,149.443,149.799,149.348,149.704,80
2025-04-02T14:00:00.000Z,149.704,150.06,149.609,149.965,80
2025-04-02T15:00:00.000Z,149.965,150.261,149.87,150.166,80
2025-04-02T16:00:00.000Z,150.166,150.214,150.014,150.062,30
2025-04-02T17:00:00.000Z,150.062,150.11,149.939,149.987,30
2025-04-02T18:00:00.000Z,149.987,150.035,149.865,149.913,30
2025-04-02T19:00:00.000Z,149.913,149.961,149.82,149.868,30
2025-04-02T20:00:00.000Z,149.868,150.052,149.07,149.254,15
2025-04-02T21:00:00.000Z,149.254,149.438,148.571,148.755,15
2025-04-02T22:00:00.000Z,148.755,148.939,148.072,148.256,15
2025-04-02T23:00:00.000Z,148.256,148.44,147.688,147.872,15
2025-04-03T00:00:00.000Z,146.231,146.328,146.201,146.298,25
2025-04-03T01:00:00.000Z,146.298,146.375,146.268,146.345,25
2025-04-03T02:00:00.000Z,146.345,146.422,146.315,146.392,25
2025-04-03T03:00:00.000Z,146.392,146.451,146.362,146.421,25
2025-04-03T04:00:00.000Z,146.421,146.574,146.134,146.287,30
2025-04-03T05:00:00.000Z,146.287,146.44,146.096,146.249,30
2025-04-03T06:00:00.000Z,146.249,146.402,146.058,146.211,30
2025-04-03T07:00:00.000Z,146.211,146.422,146.058,146.269,30
2025-04-03T08:00:00.000Z,146.269,146.607,146.178,146.516,70
2025-04-03T09:00:00.000Z,146.516,146.796,146.425,146.705,70
2025-04-03T10:00:00.000Z,146.705,146.986,146.614,146.895,70
2025-04-03T11:00:00.000Z,146.895,147.119,146.804,147.028,70
2025-04-03T12:00:00.000Z,147.028,147.293,146.967,147.232,80
2025-04-03T13:00:00.000Z,147.232,147.459,147.171,147.398,80
2025-04-03T14:00:00.000Z,147.398,147.625,147.337,147.564,80
2025-04-03T15:00:00.000Z,147.564,147.753,147.503,147.692,80
2025-04-03T16:00:00.000Z,147.692,147.722,147.596,147.626,30
2025-04-03T17:00:00.000Z,147.626,147.656,147.549,147.579,30
2025-04-03T18:00:00.000Z,147.579,147.609,147.501,147.531,30
2025-04-03T19:00:00.000Z,147.531,147.561,147.473,147.503,30
2025-04-03T20:00:00.000Z,147.503,147.62,146.995,147.112,15
2025-04-03T21:00:00.000Z,147.112,147.229,146.677,146.794,15
2025-04-03T22:00:00.000Z,146.794,146.911,146.359,146.476,15
2025-04-03T23:00:00.000Z,146.476,146.593,146.114,146.231,15
2025-04-06T00:00:00.000Z,145.433,145.579,145.387,145.533,25
2025-04-06T01:00:00.000Z,145.533,145.651,145.487,145.605,25
2025-04-06T02:00:00.000Z,145.605,145.723,145.559,145.677,25
2025-04-06T03:00:00.000Z,145.677,145.766,145.631,145.72,25
2025-04-06T04:00:00.000Z,145.72,145.781,145.563,145.624,30
2025-04-06T05:00:00.000Z,145.624,145.685,145.506,145.567,30
2025-04-06T06:00:00.000Z,145.567,145.628,145.448,145.509,30
2025-04-06T07:00:00.000Z,145.509,145.57,145.429,145.49,30
2025-04-06T08:00:00.000Z,145.49,146.001,145.352,145.863,70
2025-04-06T09:00:00.000Z,145.863,146.288,145.725,146.15,70
2025-04-06T10:00:00.000Z,146.15,146.574,146.012,146.436,70
2025-04-06T11:00:00.000Z,146.436,146.775,146.298,146.637,70
2025-04-06T12:00:00.000Z,146.637,147.078,146.52,146.961,80
2025-04-06T13:00:00.000Z,146.961,147.329,146.844,147.212,80
2025-04-06T14:00:00.000Z,147.212,147.58,147.095,147.463,80
2025-04-06T15:00:00.000Z,147.463,147.758,147.346,147.641,80
2025-04-06T16:00:00.000Z,147.641,147.687,147.495,147.541,30
2025-04-06T17:00:00.000Z,147.541,147.587,147.423,147.469,30
2025-04-06T18:00:00.000Z,147.469,147.515,147.351,147.397,30
2025-04-06T19:00:00.000Z,147.397,147.443,147.308,147.354,30
2025-04-06T20:00:00.000Z,147.354,147.531,146.586,146.763,15
2025-04-06T21:00:00.000Z,146.763,146.94,146.106,146.283,15
2025-04-06T22:00:00.000Z,146.283,146.46,145.626,145.803,15
2025-04-06T23:00:00.000Z,145.803,145.98,145.256,145.433,15
2025-04-07T00:00:00.000Z,147.789,147.853,147.769,147.833,25
2025-04-07T01:00:00.000Z,147.833,147.884,147.813,147.864,25
2025-04-07T02:00:00.000Z,147.864,147.915,147.844,147.895,25
2025-04-07T03:00:00.000Z,147.895,147.934,147.875,147.914,25
2025-04-07T04:00:00.000Z,147.914,148.018,147.72,147.824,30
2025-04-07T05:00:00.000Z,147.824,147.928,147.695,147.799,30
2025-04-07T06:00:00.000Z,147.799,147.903,147.67,147.774,30
2025-04-07T07:00:00.000Z,147.774,147.918,147.67,147.814,30
2025-04-07T08:00:00.000Z,147.814,148.037,147.754,147.977,70
2025-04-07T09:00:00.000Z,147.977,148.162,147.917,148.102,70
2025-04-07T10:00:00.000Z,148.102,148.287,148.042,148.227,70
2025-04-07T11:00:00.000Z,148.227,148.375,148.167,148.315,70
2025-04-07T12:00:00.000Z,148.315,148.49,148.275,148.45,80
2025-04-07T13:00:00.000Z,148.45,148.6,148.41,148.56,80
2025-04-07T14:00:00.000Z,148.56,148.709,148.52,148.669,80
2025-04-07T15:00:00.000Z,148.669,148.794,148.629,148.754,80
2025-04-07T16:00:00.000Z,148.754,148.774,148.69,148.71,30
2025-04-07T17:00:00.000Z,148.71,148.73,148.659,148.679,30
2025-04-07T18:00:00.000Z,148.679,148.699,148.628,148.648,30
2025-04-07T19:00:00.000Z,148.648,148.668,148.609,148.629,30
2025-04-07T20:00:00.000Z,148.629,148.706,148.294,148.371,15
2025-04-07T21:00:00.000Z,148.371,148.448,148.084,148.161,15
2025-04-07T22:00:00.000Z,148.161,148.238,147.874,147.951,15
2025-04-07T23:00:00.000Z,147.951,148.028,147.712,147.789,15
2025-04-08T00:00:00.000Z,145.845,145.938,145.816,145.909,25
2025-04-08T01:00:00.000Z,145.909,145.984,145.88,145.955,25
2025-04-08T02:00:00.000Z,145.955,146.03,145.926,146.001,25
2025-04-08T03:00:00.000Z,146.001,146.058,145.972,146.029,25
2025-04-08T04:00:00.000Z,146.029,146.195,145.722,145.888,30
2025-04-08T05:00:00.000Z,145.888,146.054,145.686,145.852,30
2025-04-08T06:00:00.000Z,145.852,146.018,145.649,145.815,30
2025-04-08T07:00:00.000Z,145.815,146.048,145.649,145.882,30
2025-04-08T08:00:00.000Z,145.882,146.209,145.794,146.121,70
2025-04-08T09:00:00.000Z,146.121,146.393,146.033,146.305,70
2025-04-08T10:00:00.000Z,146.305,146.577,146.217,146.489,70
2025-04-08T11:00:00.000Z,146.489,146.706,146.401,146.618,70
2025-04-08T12:00:00.000Z,146.618,146.875,146.559,146.816,80
2025-04-08T13:00:00.000Z,146.816,147.036,146.757,146.977,80
2025-04-08T14:00:00.000Z,146.977,147.197,146.918,147.138,80
2025-04-08T15:00:00.000Z,147.138,147.321,147.079,147.262,80
2025-04-08T16:00:00.000Z,147.262,147.291,147.169,147.198,30
2025-04-08T17:00:00.000Z,147.198,147.227,147.123,147.152,30
2025-04-08T18:00:00.000Z,147.152,147.181,147.077,147.106,30
2025-04-08T19:00:00.000Z,147.106,147.135,147.049,147.078,30
2025-04-08T20:00:00.000Z,147.078,147.191,146.586,146.699,15
2025-04-08T21:00:00.000Z,146.699,146.812,146.278,146.391,15
2025-04-08T22:00:00.000Z,146.391,146.504,145.969,146.082,15
2025-04-08T23:00:00.000Z,146.082,146.195,145.732,145.845,15
2025-04-09T00:00:00.000Z,147.399,147.571,147.345,147.517,25
2025-04-09T01:00:00.000Z,147.517,147.655,147.463,147.601,25
2025-04-09T02:00:00.000Z,147.601,147.739,147.547,147.685,25
2025-04-09T03:00:00.000Z,147.685,147.79,147.631,147.736,25
2025-04-09T04:00:00.000Z,147.736,148.043,147.17,147.477,30
2025-04-09T05:00:00.000Z,147.477,147.784,147.102,147.409,30
2025-04-09T06:00:00.000Z,147.409,147.716,147.035,147.342,30
2025-04-09T07:00:00.000Z,147.342,147.773,147.035,147.466,30
2025-04-09T08:00:00.000Z,147.466,148.066,147.304,147.904,70
2025-04-09T09:00:00.000Z,147.904,148.403,147.742,148.241,70
2025-04-09T10:00:00.000Z,148.241,148.74,148.079,148.578,70
2025-04-09T11:00:00.000Z,148.578,148.976,148.416,148.814,70
2025-04-09T12:00:00.000Z,148.814,149.284,148.706,149.176,80
2025-04-09T13:00:00.000Z,149.176,149.578,149.068,149.47,80
2025-04-09T14:00:00.000Z,149.47,149.873,149.362,149.765,80
2025-04-09T15:00:00.000Z,149.765,150.1,149.657,149.992,80
2025-04-09T16:00:00.000Z,149.992,150.046,149.82,149.874,30
2025-04-09T17:00:00.000Z,149.874,149.928,149.736,149.79,30
2025-04-09T18:00:00.000Z,149.79,149.844,149.652,149.706,30
2025-04-09T19:00:00.000Z,149.706,149.76,149.602,149.656,30
2025-04-09T20:00:00.000Z,149.656,149.863,148.755,148.962,15
2025-04-09T21:00:00.000Z,148.962,149.169,148.191,148.398,15
2025-04-09T22:00:00.000Z,148.398,148.605,147.627,147.834,15
2025-04-09T23:00:00.000Z,147.834,148.041,147.192,147.399,15
2025-04-10T00:00:00.000Z,143.747,143.849,143.715,143.817,25
2025-04-10T01:00:00.000Z,143.817,143.9,143.785,143.868,25
2025-04-10T02:00:00.000Z,143.868,143.95,143.836,143.918,25
2025-04-10T03:00:00.000Z,143.918,143.98,143.886,143.948,25
2025-04-10T04:00:00.000Z,143.948,144.104,143.654,143.81,30
2025-04-10T05:00:00.000Z,143.81,143.966,143.614,143.77,30
2025-04-10T06:00:00.000Z,143.77,143.926,143.574,143.73,30
2025-04-10T07:00:00.000Z,143.73,143.943,143.574,143.787,30
2025-04-10T08:00:00.000Z,143.787,144.144,143.691,144.048,70
2025-04-10T09:00:00.000Z,144.048,144.345,143.952,144.249,70
2025-04-10T10:00:00.000Z,144.249,144.546,144.153,144.45,70
2025-04-10T11:00:00.000Z,144.45,144.687,144.354,144.591,70
2025-04-10T12:00:00.000Z,144.591,144.871,144.527,144.807,80
2025-04-10T13:00:00.000Z,144.807,145.047,144.743,144.983,80
2025-04-10T14:00:00.000Z,144.983,145.222,144.919,145.158,80
2025-04-10T15:00:00.000Z,145.158,145.358,145.094,145.294,80
2025-04-10T16:00:00.000Z,145.294,145.326,145.192,145.224,30
2025-04-10T17:00:00.000Z,145.224,145.256,145.141,145.173,30
2025-04-10T18:00:00.000Z,145.173,145.205,145.091,145.123,30
2025-04-10T19:00:00.000Z,145.123,145.155,145.061,145.093,30
2025-04-10T20:00:00.000Z,145.093,145.217,144.555,144.679,15
2025-04-10T21:00:00.000Z,144.679,144.803,144.219,144.343,15
2025-04-10T22:00:00.000Z,144.343,144.467,143.882,144.006,15
2025-04-10T23:00:00.000Z,144.006,144.13,143.623,143.747,15
2025-04-13T00:00:00.000Z,143.696,143.786,143.668,143.758,25
2025-04-13T01:00:00.000Z,143.758,143.831,143.73,143.803,25
2025-04-13T02:00:00.000Z,143.803,143.875,143.775,143.847,25
2025-04-13T03:00:00.000Z,143.847,143.902,143.819,143.874,25
2025-04-13T04:00:00.000Z,143.874,144.01,143.618,143.754,30
2025-04-13T05:00:00.000Z,143.754,143.89,143.582,143.718,30
2025-04-13T06:00:00.000Z,143.718,143.854,143.547,143.683,30
2025-04-13T07:00:00.000Z,143.683,143.868,143.547,143.732,30
2025-04-13T08:00:00.000Z,143.732,144.05,143.646,143.964,70
2025-04-13T09:00:00.000Z,143.964,144.228,143.878,144.142,70
2025-04-13T10:00:00.000Z,144.142,144.406,144.056,144.32,70
2025-04-13T11:00:00.000Z,144.32,144.53,144.234,144.444,70
2025-04-13T12:00:00.000Z,144.444,144.693,144.387,144.636,80
2025-04-13T13:00:00.000Z,144.636,144.849,144.579,144.792,80
2025-04-13T14:00:00.000Z,144.792,145.005,144.735,144.948,80
2025-04-13T15:00:00.000Z,144.948,145.125,144.891,145.068,80
2025-04-13T16:00:00.000Z,145.068,145.096,144.978,145.006,30
2025-04-13T17:00:00.000Z,145.006,145.034,144.933,144.961,30
2025-04-13T18:00:00.000Z,144.961,144.989,144.889,144.917,30
2025-04-13T19:00:00.000Z,144.917,144.945,144.862,144.89,30
2025-04-13T20:00:00.000Z,144.89,145,144.413,144.523,15
2025-04-13T21:00:00.000Z,144.523,144.633,144.114,144.224,15
2025-04-13T22:00:00.000Z,144.224,144.334,143.816,143.926,15
2025-04-13T23:00:00.000Z,143.926,144.036,143.586,143.696,15
2025-04-14T00:00:00.000Z,143.221,143.27,143.206,143.255,25
2025-04-14T01:00:00.000Z,143.255,143.294,143.24,143.279,25
2025-04-14T02:00:00.000Z,143.279,143.318,143.264,143.303,25
2025-04-14T03:00:00.000Z,143.303,143.333,143.288,143.318,25
2025-04-14T04:00:00.000Z,143.318,143.378,143.201,143.261,30
2025-04-14T05:00:00.000Z,143.261,143.321,143.181,143.241,30
2025-04-14T06:00:00.000Z,143.241,143.301,143.162,143.222,30
2025-04-14T07:00:00.000Z,143.222,143.3,143.162,143.24,30
2025-04-14T08:00:00.000Z,143.24,143.412,143.194,143.366,70
2025-04-14T09:00:00.000Z,143.366,143.509,143.32,143.463,70
2025-04-14T10:00:00.000Z,143.463,143.605,143.417,143.559,70
2025-04-14T11:00:00.000Z,143.559,143.673,143.513,143.627,70
2025-04-14T12:00:00.000Z,143.627,143.762,143.596,143.731,80
2025-04-14T13:00:00.000Z,143.731,143.847,143.7,143.816,80
2025-04-14T14:00:00.000Z,143.816,143.932,143.785,143.901,80
2025-04-14T15:00:00.000Z,143.901,143.997,143.87,143.966,80
2025-04-14T16:00:00.000Z,143.966,143.981,143.917,143.932,30
2025-04-14T17:00:00.000Z,143.932,143.947,143.893,143.908,30
2025-04-14T18:00:00.000Z,143.908,143.923,143.869,143.884,30
2025-04-14T19:00:00.000Z,143.884,143.899,143.854,143.869,30
2025-04-14T20:00:00.000Z,143.869,143.929,143.61,143.67,15
2025-04-14T21:00:00.000Z,143.67,143.73,143.448,143.508,15
2025-04-14T22:00:00.000Z,143.508,143.568,143.286,143.346,15
2025-04-14T23:00:00.000Z,143.346,143.406,143.161,143.221,15
2025-04-15T00:00:00.000Z,143.181,143.236,143.164,143.219,25
2025-04-15T01:00:00.000Z,143.219,143.263,143.202,143.246,25
2025-04-15T02:00:00.000Z,143.246,143.291,143.229,143.274,25
2025-04-15T03:00:00.000Z,143.274,143.307,143.257,143.29,25
2025-04-15T04:00:00.000Z,143.29,143.392,143.103,143.205,30
2025-04-15T05:00:00.000Z,143.205,143.307,143.081,143.183,30
2025-04-15T06:00:00.000Z,143.183,143.285,143.059,143.161,30
2025-04-15T07:00:00.000Z,143.161,143.305,143.059,143.203,30
2025-04-15T08:00:00.000Z,143.203,143.396,143.151,143.344,70
2025-04-15T09:00:00.000Z,143.344,143.505,143.292,143.453,70
2025-04-15T10:00:00.000Z,143.453,143.614,143.401,143.562,70
2025-04-15T11:00:00.000Z,143.562,143.69,143.51,143.638,70
2025-04-15T12:00:00.000Z,143.638,143.79,143.603,143.755,80
2025-04-15T13:00:00.000Z,143.755,143.885,143.72,143.85,80
2025-04-15T14:00:00.000Z,143.85,143.98,143.815,143.945,80
2025-04-15T15:00:00.000Z,143.945,144.053,143.91,144.018,80
2025-04-15T16:00:00.000Z,144.018,144.035,143.963,143.98,30
2025-04-15T17:00:00.000Z,143.98,143.997,143.936,143.953,30
2025-04-15T18:00:00.000Z,143.953,143.97,143.908,143.925,30
2025-04-15T19:00:00.000Z,143.925,143.942,143.892,143.909,30
2025-04-15T20:00:00.000Z,143.909,143.976,143.618,143.685,15
2025-04-15T21:00:00.000Z,143.685,143.752,143.436,143.503,15
2025-04-15T22:00:00.000Z,143.503,143.57,143.254,143.321,15
2025-04-15T23:00:00.000Z,143.321,143.388,143.114,143.181,15
2025-04-16T00:00:00.000Z,141.928,141.985,141.91,141.967,25
2025-04-16T01:00:00.000Z,141.967,142.012,141.949,141.994,25
2025-04-16T02:00:00.000Z,141.994,142.04,141.976,142.022,25
2025-04-16T03:00:00.000Z,142.022,142.056,142.004,142.038,25
2025-04-16T04:00:00.000Z,142.038,142.052,141.993,142.007,30
2025-04-16T05:00:00.000Z,142.007,142.021,141.971,141.985,30
2025-04-16T06:00:00.000Z,141.985,141.999,141.949,141.963,30
2025-04-16T07:00:00.000Z,141.963,141.977,141.936,141.95,30
2025-04-16T08:00:00.000Z,141.95,142.147,141.897,142.094,70
2025-04-16T09:00:00.000Z,142.094,142.257,142.041,142.204,70
2025-04-16T10:00:00.000Z,142.204,142.368,142.151,142.315,70
2025-04-16T11:00:00.000Z,142.315,142.445,142.262,142.392,70
2025-04-16T12:00:00.000Z,142.392,142.578,142.337,142.523,80
2025-04-16T13:00:00.000Z,142.523,142.675,142.468,142.62,80
2025-04-16T14:00:00.000Z,142.62,142.771,142.565,142.716,80
2025-04-16T15:00:00.000Z,142.716,142.834,142.661,142.779,80
2025-04-16T16:00:00.000Z,142.779,142.797,142.722,142.74,30
2025-04-16T17:00:00.000Z,142.74,142.758,142.694,142.712,30
2025-04-16T18:00:00.000Z,142.712,142.73,142.667,142.685,30
2025-04-16T19:00:00.000Z,142.685,142.703,142.65,142.668,30
2025-04-16T20:00:00.000Z,142.668,142.736,142.372,142.44,15
2025-04-16T21:00:00.000Z,142.44,142.508,142.187,142.255,15
2025-04-16T22:00:00.000Z,142.255,142.323,142.002,142.07,15
2025-04-16T23:00:00.000Z,142.07,142.138,141.86,141.928,15
2025-04-21T00:00:00.000Z,140.876,140.94,140.856,140.92,25
2025-04-21T01:00:00.000Z,140.92,140.971,140.9,140.951,25
2025-04-21T02:00:00.000Z,140.951,141.002,140.931,140.982,25
2025-04-21T03:00:00.000Z,140.982,141.021,140.962,141.001,25
2025-04-21T04:00:00.000Z,141.001,141.095,140.823,140.917,30
2025-04-21T05:00:00.000Z,140.917,141.011,140.798,140.892,30
2025-04-21T06:00:00.000Z,140.892,140.986,140.773,140.867,30
2025-04-21T07:00:00.000Z,140.867,140.995,140.773,140.901,30
2025-04-21T08:00:00.000Z,140.901,141.123,140.841,141.063,70
2025-04-21T09:00:00.000Z,141.063,141.248,141.003,141.188,70
2025-04-21T10:00:00.000Z,141.188,141.373,141.128,141.313,70
2025-04-21T11:00:00.000Z,141.313,141.46,141.253,141.4,70
2025-04-21T12:00:00.000Z,141.4,141.574,141.36,141.534,80
2025-04-21T13:00:00.000Z,141.534,141.683,141.494,141.643,80
2025-04-21T14:00:00.000Z,141.643,141.793,141.603,141.753,80
2025-04-21T15:00:00.000Z,141.753,141.877,141.713,141.837,80
2025-04-21T16:00:00.000Z,141.837,141.857,141.773,141.793,30
2025-04-21T17:00:00.000Z,141.793,141.813,141.742,141.762,30
2025-04-21T18:00:00.000Z,141.762,141.782,141.711,141.731,30
2025-04-21T19:00:00.000Z,141.731,141.751,141.692,141.712,30
2025-04-21T20:00:00.000Z,141.712,141.789,141.378,141.455,15
2025-04-21T21:00:00.000Z,141.455,141.532,141.169,141.246,15
2025-04-21T22:00:00.000Z,141.246,141.323,140.96,141.037,15
2025-04-21T23:00:00.000Z,141.037,141.114,140.799,140.876,15
2025-04-22T00:00:00.000Z,142.688,142.751,142.668,142.731,25
2025-04-22T01:00:00.000Z,142.731,142.781,142.711,142.761,25
2025-04-22T02:00:00.000Z,142.761,142.812,142.741,142.792,25
2025-04-22T03:00:00.000Z,142.792,142.83,142.772,142.81,25
2025-04-22T04:00:00.000Z,142.81,142.917,142.612,142.719,30
2025-04-22T05:00:00.000Z,142.719,142.826,142.587,142.694,30
2025-04-22T06:00:00.000Z,142.694,142.801,142.562,142.669,30
2025-04-22T07:00:00.000Z,142.669,142.819,142.562,142.712,30
2025-04-22T08:00:00.000Z,142.712,142.93,142.653,142.871,70
2025-04-22T09:00:00.000Z,142.871,143.052,142.812,142.993,70
2025-04-22T10:00:00.000Z,142.993,143.174,142.934,143.115,70
2025-04-22T11:00:00.000Z,143.115,143.26,143.056,143.201,70
2025-04-22T12:00:00.000Z,143.201,143.371,143.162,143.332,80
2025-04-22T13:00:00.000Z,143.332,143.478,143.293,143.439,80
2025-04-22T14:00:00.000Z,143.439,143.585,143.4,143.546,80
2025-04-22T15:00:00.000Z,143.546,143.667,143.507,143.628,80
2025-04-22T16:00:00.000Z,143.628,143.648,143.565,143.585,30
2025-04-22T17:00:00.000Z,143.585,143.605,143.535,143.555,30
2025-04-22T18:00:00.000Z,143.555,143.575,143.504,143.524,30
2025-04-22T19:00:00.000Z,143.524,143.544,143.486,143.506,30
2025-04-22T20:00:00.000Z,143.506,143.581,143.18,143.255,15
2025-04-22T21:00:00.000Z,143.255,143.33,142.975,143.05,15
2025-04-22T22:00:00.000Z,143.05,143.125,142.77,142.845,15
2025-04-22T23:00:00.000Z,142.845,142.92,142.613,142.688,15
2025-04-23T00:00:00.000Z,143.223,143.275,143.207,143.259,25
2025-04-23T01:00:00.000Z,143.259,143.301,143.243,143.285,25
2025-04-23T02:00:00.000Z,143.285,143.327,143.269,143.311,25
2025-04-23T03:00:00.000Z,143.311,143.342,143.295,143.326,25
2025-04-23T04:00:00.000Z,143.326,143.412,143.166,143.252,30
2025-04-23T05:00:00.000Z,143.252,143.338,143.146,143.232,30
2025-04-23T06:00:00.000Z,143.232,143.318,143.125,143.211,30
2025-04-23T07:00:00.000Z,143.211,143.33,143.125,143.244,30
2025-04-23T08:00:00.000Z,143.244,143.426,143.195,143.377,70
2025-04-23T09:00:00.000Z,143.377,143.529,143.328,143.48,70
2025-04-23T10:00:00.000Z,143.48,143.631,143.431,143.582,70
2025-04-23T11:00:00.000Z,143.582,143.703,143.533,143.654,70
2025-04-23T12:00:00.000Z,143.654,143.797,143.621,143.764,80
2025-04-23T13:00:00.000Z,143.764,143.886,143.731,143.853,80
2025-04-23T14:00:00.000Z,143.853,143.976,143.82,143.943,80
2025-04-23T15:00:00.000Z,143.943,144.045,143.91,144.012,80
2025-04-23T16:00:00.000Z,144.012,144.028,143.96,143.976,30
2025-04-23T17:00:00.000Z,143.976,143.992,143.935,143.951,30
2025-04-23T18:00:00.000Z,143.951,143.967,143.909,143.925,30
2025-04-23T19:00:00.000Z,143.925,143.941,143.894,143.91,30
2025-04-23T20:00:00.000Z,143.91,143.973,143.636,143.699,15
2025-04-23T21:00:00.000Z,143.699,143.762,143.464,143.527,15
2025-04-23T22:00:00.000Z,143.527,143.59,143.292,143.355,15
2025-04-23T23:00:00.000Z,143.355,143.418,143.16,143.223,15
2025-04-24T00:00:00.000Z,142.879,142.939,142.86,142.92,25
2025-04-24T01:00:00.000Z,142.92,142.969,142.901,142.95,25
2025-04-24T02:00:00.000Z,142.95,142.998,142.931,142.979,25
2025-04-24T03:00:00.000Z,142.979,143.016,142.96,142.997,25
2025-04-24T04:00:00.000Z,142.997,143.014,142.946,142.963,30
2025-04-24T05:00:00.000Z,142.963,142.98,142.922,142.939,30
2025-04-24T06:00:00.000Z,142.939,142.956,142.899,142.916,30
2025-04-24T07:00:00.000Z,142.916,142.933,142.886,142.903,30
2025-04-24T08:00:00.000Z,142.903,143.113,142.846,143.056,70
2025-04-24T09:00:00.000Z,143.056,143.231,142.999,143.174,70
2025-04-24T10:00:00.000Z,143.174,143.349,143.117,143.292,70
2025-04-24T11:00:00.000Z,143.292,143.431,143.235,143.374,70
2025-04-24T12:00:00.000Z,143.374,143.57,143.317,143.513,80
2025-04-24T13:00:00.000Z,143.513,143.673,143.456,143.616,80
2025-04-24T14:00:00.000Z,143.616,143.776,143.559,143.719,80
2025-04-24T15:00:00.000Z,143.719,143.844,143.662,143.787,80
2025-04-24T16:00:00.000Z,143.787,143.806,143.727,143.746,30
2025-04-24T17:00:00.000Z,143.746,143.765,143.697,143.716,30
2025-04-24T18:00:00.000Z,143.716,143.735,143.668,143.687,30
2025-04-24T19:00:00.000Z,143.687,143.706,143.65,143.669,30
2025-04-24T20:00:00.000Z,143.669,143.742,143.353,143.426,15
2025-04-24T21:00:00.000Z,143.426,143.499,143.156,143.229,15
2025-04-24T22:00:00.000Z,143.229,143.302,142.958,143.031,15
2025-04-24T23:00:00.000Z,143.031,143.104,142.806,142.879,15
2025-04-27T00:00:00.000Z,143.841,143.904,143.821,143.884,25
2025-04-27T01:00:00.000Z,143.884,143.934,143.864,143.914,25
2025-04-27T02:00:00.000Z,143.914,143.965,143.894,143.945,25
2025-04-27T03:00:00.000Z,143.945,143.983,143.925,143.963,25
2025-04-27T04:00:00.000Z,143.963,144.073,143.76,143.87,30
2025-04-27T05:00:00.000Z,143.87,143.98,143.735,143.845,30
2025-04-27T06:00:00.000Z,143.845,143.955,143.711,143.821,30
2025-04-27T07:00:00.000Z,143.821,143.975,143.711,143.865,30
2025-04-27T08:00:00.000Z,143.865,144.083,143.806,144.024,70
2025-04-27T09:00:00.000Z,144.024,144.205,143.965,144.146,70
2025-04-27T10:00:00.000Z,144.146,144.327,144.087,144.268,70
2025-04-27T11:00:00.000Z,144.268,144.412,144.209,144.353,70
2025-04-27T12:00:00.000Z,144.353,144.523,144.314,144.484,80
2025-04-27T13:00:00.000Z,144.484,144.63,144.445,144.591,80
2025-04-27T14:00:00.000Z,144.591,144.737,144.552,144.698,80
2025-04-27T15:00:00.000Z,144.698,144.819,144.659,144.78,80
2025-04-27T16:00:00.000Z,144.78,144.8,144.717,144.737,30
2025-04-27T17:00:00.000Z,144.737,144.757,144.687,144.707,30
2025-04-27T18:00:00.000Z,144.707,144.727,144.656,144.676,30
2025-04-27T19:00:00.000Z,144.676,144.696,144.638,144.658,30
2025-04-27T20:00:00.000Z,144.658,144.733,144.332,144.407,15
2025-04-27T21:00:00.000Z,144.407,144.482,144.128,144.203,15
2025-04-27T22:00:00.000Z,144.203,144.278,143.923,143.998,15
2025-04-27T23:00:00.000Z,143.998,144.073,143.766,143.841,15
2025-04-28T00:00:00.000Z,142.178,142.216,142.166,142.204,25
2025-04-28T01:00:00.000Z,142.204,142.234,142.192,142.222,25
2025-04-28T02:00:00.000Z,142.222,142.252,142.21,142.24,25
2025-04-28T03:00:00.000Z,142.24,142.263,142.228,142.251,25
2025-04-28T04:00:00.000Z,142.251,142.272,142.202,142.223,30
2025-04-28T05:00:00.000Z,142.223,142.244,142.188,142.209,30
2025-04-28T06:00:00.000Z,142.209,142.23,142.173,142.194,30
2025-04-28T07:00:00.000Z,142.194,142.215,142.172,142.193,30
2025-04-28T08:00:00.000Z,142.193,142.324,142.158,142.289,70
2025-04-28T09:00:00.000Z,142.289,142.397,142.254,142.362,70
2025-04-28T10:00:00.000Z,142.362,142.471,142.327,142.436,70
2025-04-28T11:00:00.000Z,142.436,142.522,142.401,142.487,70
2025-04-28T12:00:00.000Z,142.487,142.592,142.462,142.567,80
2025-04-28T13:00:00.000Z,142.567,142.656,142.542,142.631,80
2025-04-28T14:00:00.000Z,142.631,142.72,142.606,142.695,80
2025-04-28T15:00:00.000Z,142.695,142.769,142.67,142.744,80
2025-04-28T16:00:00.000Z,142.744,142.756,142.706,142.718,30
2025-04-28T17:00:00.000Z,142.718,142.73,142.688,142.7,30
2025-04-28T18:00:00.000Z,142.7,142.712,142.669,142.681,30
2025-04-28T19:00:00.000Z,142.681,142.693,142.658,142.67,30
2025-04-28T20:00:00.000Z,142.67,142.715,142.474,142.519,15
2025-04-28T21:00:00.000Z,142.519,142.564,142.351,142.396,15
2025-04-28T22:00:00.000Z,142.396,142.441,142.228,142.273,15
2025-04-28T23:00:00.000Z,142.273,142.318,142.133,142.178,15
2025-04-29T00:00:00.000Z,142.299,142.349,142.283,142.333,25
2025-04-29T01:00:00.000Z,142.333,142.373,142.317,142.357,25
2025-04-29T02:00:00.000Z,142.357,142.397,142.341,142.381,25
2025-04-29T03:00:00.000Z,142.381,142.412,142.365,142.396,25
2025-04-29T04:00:00.000Z,142.396,142.418,142.341,142.363,30
2025-04-29T05:00:00.000Z,142.363,142.385,142.321,142.343,30
2025-04-29T06:00:00.000Z,142.343,142.365,142.302,142.324,30
2025-04-29T07:00:00.000Z,142.324,142.346,142.296,142.318,30
2025-04-29T08:00:00.000Z,142.318,142.491,142.271,142.444,70
2025-04-29T09:00:00.000Z,142.444,142.589,142.397,142.542,70
2025-04-29T10:00:00.000Z,142.542,142.686,142.495,142.639,70
2025-04-29T11:00:00.000Z,142.639,142.754,142.592,142.707,70
2025-04-29T12:00:00.000Z,142.707,142.855,142.668,142.816,80
2025-04-29T13:00:00.000Z,142.816,142.94,142.777,142.901,80
2025-04-29T14:00:00.000Z,142.901,143.025,142.862,142.986,80
2025-04-29T15:00:00.000Z,142.986,143.086,142.947,143.047,80
2025-04-29T16:00:00.000Z,143.047,143.063,142.997,143.013,30
2025-04-29T17:00:00.000Z,143.013,143.029,142.973,142.989,30
2025-04-29T18:00:00.000Z,142.989,143.005,142.949,142.965,30
2025-04-29T19:00:00.000Z,142.965,142.981,142.934,142.95,30
2025-04-29T20:00:00.000Z,142.95,143.01,142.69,142.75,15
2025-04-29T21:00:00.000Z,142.75,142.81,142.527,142.587,15
2025-04-29T22:00:00.000Z,142.587,142.647,142.364,142.424,15
2025-04-29T23:00:00.000Z,142.424,142.484,142.239,142.299,15
2025-04-30T00:00:00.000Z,143.009,143.149,142.965,143.105,25
2025-04-30T01:00:00.000Z,143.105,143.217,143.061,143.173,25
2025-04-30T02:00:00.000Z,143.173,143.286,143.129,143.242,25
2025-04-30T03:00:00.000Z,143.242,143.327,143.198,143.283,25
2025-04-30T04:00:00.000Z,143.283,143.325,143.16,143.202,30
2025-04-30T05:00:00.000Z,143.202,143.244,143.105,143.147,30
2025-04-30T06:00:00.000Z,143.147,143.189,143.05,143.092,30
2025-04-30T07:00:00.000Z,143.092,143.134,143.022,143.064,30
2025-04-30T08:00:00.000Z,143.064,143.553,142.932,143.421,70
2025-04-30T09:00:00.000Z,143.421,143.827,143.289,143.695,70
2025-04-30T10:00:00.000Z,143.695,144.101,143.563,143.969,70
2025-04-30T11:00:00.000Z,143.969,144.293,143.837,144.161,70
2025-04-30T12:00:00.000Z,144.161,144.611,144.032,144.482,80
2025-04-30T13:00:00.000Z,144.482,144.851,144.353,144.722,80
2025-04-30T14:00:00.000Z,144.722,145.091,144.593,144.962,80
2025-04-30T15:00:00.000Z,144.962,145.251,144.833,145.122,80
2025-04-30T16:00:00.000Z,145.122,145.166,144.982,145.026,30
2025-04-30T17:00:00.000Z,145.026,145.07,144.913,144.957,30
2025-04-30T18:00:00.000Z,144.957,145.001,144.844,144.888,30
2025-04-30T19:00:00.000Z,144.888,144.932,144.803,144.847,30
2025-04-30T20:00:00.000Z,144.847,145.016,144.113,144.282,15
2025-04-30T21:00:00.000Z,144.282,144.451,143.653,143.822,15
2025-04-30T22:00:00.000Z,143.822,143.991,143.194,143.363,15
2025-04-30T23:00:00.000Z,143.363,143.532,142.84,143.009,15
2025-05-01T00:00:00.000Z,145.448,145.559,145.413,145.524,25
2025-05-01T01:00:00.000Z,145.524,145.613,145.489,145.578,25
2025-05-01T02:00:00.000Z,145.578,145.667,145.543,145.632,25
2025-05-01T03:00:00.000Z,145.632,145.7,145.597,145.665,25
2025-05-01T04:00:00.000Z,145.665,145.828,145.357,145.52,30
2025-05-01T05:00:00.000Z,145.52,145.683,145.313,145.476,30
2025-05-01T06:00:00.000Z,145.476,145.639,145.27,145.433,30
2025-05-01T07:00:00.000Z,145.433,145.654,145.27,145.491,30
2025-05-01T08:00:00.000Z,145.491,145.877,145.387,145.773,70
2025-05-01T09:00:00.000Z,145.773,146.094,145.669,145.99,70
2025-05-01T10:00:00.000Z,145.99,146.311,145.886,146.207,70
2025-05-01T11:00:00.000Z,146.207,146.463,146.103,146.359,70
2025-05-01T12:00:00.000Z,146.359,146.661,146.29,146.592,80
2025-05-01T13:00:00.000Z,146.592,146.85,146.523,146.781,80
2025-05-01T14:00:00.000Z,146.781,147.04,146.712,146.971,80
2025-05-01T15:00:00.000Z,146.971,147.186,146.902,147.117,80
2025-05-01T16:00:00.000Z,147.117,147.152,147.006,147.041,30
2025-05-01T17:00:00.000Z,147.041,147.076,146.952,146.987,30
2025-05-01T18:00:00.000Z,146.987,147.022,146.898,146.933,30
2025-05-01T19:00:00.000Z,146.933,146.968,146.866,146.901,30
2025-05-01T20:00:00.000Z,146.901,147.035,146.32,146.454,15
2025-05-01T21:00:00.000Z,146.454,146.588,145.957,146.091,15
2025-05-01T22:00:00.000Z,146.091,146.225,145.594,145.728,15
2025-05-01T23:00:00.000Z,145.728,145.862,145.314,145.448,15
2025-05-04T00:00:00.000Z,144.624,144.687,144.604,144.667,25
2025-05-04T01:00:00.000Z,144.667,144.718,144.647,144.698,25
2025-05-04T02:00:00.000Z,144.698,144.749,144.678,144.729,25
2025-05-04T03:00:00.000Z,144.729,144.767,144.709,144.747,25
2025-05-04T04:00:00.000Z,144.747,144.848,144.558,144.659,30
2025-05-04T05:00:00.000Z,144.659,144.76,144.534,144.635,30
2025-05-04T06:00:00.000Z,144.635,144.736,144.509,144.61,30
2025-05-04T07:00:00.000Z,144.61,144.75,144.509,144.649,30
2025-05-04T08:00:00.000Z,144.649,144.868,144.59,144.809,70
2025-05-04T09:00:00.000Z,144.809,144.992,144.75,144.933,70
2025-05-04T10:00:00.000Z,144.933,145.115,144.874,145.056,70
2025-05-04T11:00:00.000Z,145.056,145.201,144.997,145.142,70
2025-05-04T12:00:00.000Z,145.142,145.313,145.103,145.274,80
2025-05-04T13:00:00.000Z,145.274,145.421,145.235,145.382,80
2025-05-04T14:00:00.000Z,145.382,145.529,145.343,145.49,80
2025-05-04T15:00:00.000Z,145.49,145.612,145.451,145.573,80
2025-05-04T16:00:00.000Z,145.573,145.593,145.51,145.53,30
2025-05-04T17:00:00.000Z,145.53,145.55,145.479,145.499,30
2025-05-04T18:00:00.000Z,145.499,145.519,145.448,145.468,30
2025-05-04T19:00:00.000Z,145.468,145.488,145.43,145.45,30
2025-05-04T20:00:00.000Z,145.45,145.526,145.12,145.196,15
2025-05-04T21:00:00.000Z,145.196,145.272,144.913,144.989,15
2025-05-04T22:00:00.000Z,144.989,145.065,144.707,144.783,15
2025-05-04T23:00:00.000Z,144.783,144.859,144.548,144.624,15
2025-05-05T00:00:00.000Z,143.654,143.75,143.624,143.72,25
2025-05-05T01:00:00.000Z,143.72,143.797,143.69,143.767,25
2025-05-05T02:00:00.000Z,143.767,143.845,143.737,143.815,25
2025-05-05T03:00:00.000Z,143.815,143.873,143.785,143.843,25
2025-05-05T04:00:00.000Z,143.843,143.969,143.601,143.727,30
2025-05-05T05:00:00.000Z,143.727,143.853,143.563,143.689,30
2025-05-05T06:00:00.000Z,143.689,143.815,143.525,143.651,30
2025-05-05T07:00:00.000Z,143.651,143.818,143.525,143.692,30
2025-05-05T08:00:00.000Z,143.692,144.028,143.601,143.937,70
2025-05-05T09:00:00.000Z,143.937,144.217,143.846,144.126,70
2025-05-05T10:00:00.000Z,144.126,144.406,144.035,144.315,70
2025-05-05T11:00:00.000Z,144.315,144.538,144.224,144.447,70
2025-05-05T12:00:00.000Z,144.447,144.71,144.387,144.65,80
2025-05-05T13:00:00.000Z,144.65,144.875,144.59,144.815,80
2025-05-05T14:00:00.000Z,144.815,145.04,144.755,144.98,80
2025-05-05T15:00:00.000Z,144.98,145.167,144.92,145.107,80
2025-05-05T16:00:00.000Z,145.107,145.137,145.011,145.041,30
2025-05-05T17:00:00.000Z,145.041,145.071,144.964,144.994,30
2025-05-05T18:00:00.000Z,144.994,145.024,144.916,144.946,30
2025-05-05T19:00:00.000Z,144.946,144.976,144.888,144.918,30
2025-05-05T20:00:00.000Z,144.918,145.034,144.413,144.529,15
2025-05-05T21:00:00.000Z,144.529,144.645,144.097,144.213,15
2025-05-05T22:00:00.000Z,144.213,144.329,143.781,143.897,15
2025-05-05T23:00:00.000Z,143.897,144.013,143.538,143.654,15
2025-05-06T00:00:00.000Z,143.035,143.073,143.023,143.061,25
2025-05-06T01:00:00.000Z,143.061,143.091,143.049,143.079,25
2025-05-06T02:00:00.000Z,143.079,143.11,143.067,143.098,25
2025-05-06T03:00:00.000Z,143.098,143.121,143.086,143.109,25
2025-05-06T04:00:00.000Z,143.109,143.139,143.045,143.075,30
2025-05-06T05:00:00.000Z,143.075,143.105,143.031,143.061,30
2025-05-06T06:00:00.000Z,143.061,143.091,143.016,143.046,30
2025-05-06T07:00:00.000Z,143.046,143.08,143.016,143.05,30
2025-05-06T08:00:00.000Z,143.05,143.182,143.014,143.146,70
2025-05-06T09:00:00.000Z,143.146,143.256,143.11,143.22,70
2025-05-06T10:00:00.000Z,143.22,143.33,143.184,143.294,70
2025-05-06T11:00:00.000Z,143.294,143.382,143.258,143.346,70
2025-05-06T12:00:00.000Z,143.346,143.45,143.322,143.426,80
2025-05-06T13:00:00.000Z,143.426,143.514,143.402,143.49,80
2025-05-06T14:00:00.000Z,143.49,143.579,143.466,143.555,80
2025-05-06T15:00:00.000Z,143.555,143.629,143.531,143.605,80
2025-05-06T16:00:00.000Z,143.605,143.617,143.567,143.579,30
2025-05-06T17:00:00.000Z,143.579,143.591,143.549,143.561,30
2025-05-06T18:00:00.000Z,143.561,143.573,143.53,143.542,30
2025-05-06T19:00:00.000Z,143.542,143.554,143.519,143.531,30
2025-05-06T20:00:00.000Z,143.531,143.577,143.333,143.379,15
2025-05-06T21:00:00.000Z,143.379,143.425,143.209,143.255,15
2025-05-06T22:00:00.000Z,143.255,143.301,143.084,143.13,15
2025-05-06T23:00:00.000Z,143.13,143.176,142.989,143.035,15
2025-05-07T00:00:00.000Z,143.848,143.954,143.815,143.921,25
2025-05-07T01:00:00.000Z,143.921,144.006,143.888,143.973,25
2025-05-07T02:00:00.000Z,143.973,144.059,143.94,144.026,25
2025-05-07T03:00:00.000Z,144.026,144.09,143.993,144.057,25
2025-05-07T04:00:00.000Z,144.057,144.112,143.926,143.981,30
2025-05-07T05:00:00.000Z,143.981,144.036,143.884,143.939,30
2025-05-07T06:00:00.000Z,143.939,143.994,143.842,143.897,30
2025-05-07T07:00:00.000Z,143.897,143.952,143.835,143.89,30
2025-05-07T08:00:00.000Z,143.89,144.261,143.79,144.161,70
2025-05-07T09:00:00.000Z,144.161,144.47,144.061,144.37,70
2025-05-07T10:00:00.000Z,144.37,144.678,144.27,144.578,70
2025-05-07T11:00:00.000Z,144.578,144.824,144.478,144.724,70
2025-05-07T12:00:00.000Z,144.724,145.028,144.649,144.953,80
2025-05-07T13:00:00.000Z,144.953,145.211,144.878,145.136,80
2025-05-07T14:00:00.000Z,145.136,145.393,145.061,145.318,80
2025-05-07T15:00:00.000Z,145.318,145.529,145.243,145.454,80
2025-05-07T16:00:00.000Z,145.454,145.487,145.348,145.381,30
2025-05-07T17:00:00.000Z,145.381,145.414,145.296,145.329,30
2025-05-07T18:00:00.000Z,145.329,145.362,145.244,145.277,30
2025-05-07T19:00:00.000Z,145.277,145.31,145.213,145.246,30
2025-05-07T20:00:00.000Z,145.246,145.374,144.688,144.816,15
2025-05-07T21:00:00.000Z,144.816,144.944,144.339,144.467,15
2025-05-07T22:00:00.000Z,144.467,144.595,143.989,144.117,15
2025-05-07T23:00:00.000Z,144.117,144.245,143.72,143.848,15
2025-05-08T00:00:00.000Z,146.015,146.082,145.994,146.061,25
2025-05-08T01:00:00.000Z,146.061,146.115,146.04,146.094,25
2025-05-08T02:00:00.000Z,146.094,146.148,146.073,146.127,25
2025-05-08T03:00:00.000Z,146.127,146.168,146.106,146.147,25
2025-05-08T04:00:00.000Z,146.147,146.256,145.943,146.052,30
2025-05-08T05:00:00.000Z,146.052,146.161,145.917,146.026,30
2025-05-08T06:00:00.000Z,146.026,146.135,145.89,145.999,30
2025-05-08T07:00:00.000Z,145.999,146.15,145.89,146.041,30
2025-05-08T08:00:00.000Z,146.041,146.275,145.978,146.212,70
2025-05-08T09:00:00.000Z,146.212,146.407,146.149,146.344,70
2025-05-08T10:00:00.000Z,146.344,146.539,146.281,146.476,70
2025-05-08T11:00:00.000Z,146.476,146.631,146.413,146.568,70
2025-05-08T12:00:00.000Z,146.568,146.752,146.526,146.71,80
2025-05-08T13:00:00.000Z,146.71,146.867,146.668,146.825,80
2025-05-08T14:00:00.000Z,146.825,146.982,146.783,146.94,80
2025-05-08T15:00:00.000Z,146.94,147.071,146.898,147.029,80
2025-05-08T16:00:00.000Z,147.029,147.05,146.962,146.983,30
2025-05-08T17:00:00.000Z,146.983,147.004,146.929,146.95,30
2025-05-08T18:00:00.000Z,146.95,146.971,146.896,146.917,30
2025-05-08T19:00:00.000Z,146.917,146.938,146.876,146.897,30
2025-05-08T20:00:00.000Z,146.897,146.978,146.545,146.626,15
2025-05-08T21:00:00.000Z,146.626,146.707,146.324,146.405,15
2025-05-08T22:00:00.000Z,146.405,146.486,146.104,146.185,15
2025-05-08T23:00:00.000Z,146.185,146.266,145.934,146.015,15
2025-05-11T00:00:00.000Z,145.812,145.958,145.766,145.912,25
2025-05-11T01:00:00.000Z,145.912,146.03,145.866,145.984,25
2025-05-11T02:00:00.000Z,145.984,146.101,145.938,146.055,25
2025-05-11T03:00:00.000Z,146.055,146.144,146.009,146.098,25
2025-05-11T04:00:00.000Z,146.098,146.14,145.973,146.015,30
2025-05-11T05:00:00.000Z,146.015,146.057,145.915,145.957,30
2025-05-11T06:00:00.000Z,145.957,145.999,145.858,145.9,30
2025-05-11T07:00:00.000Z,145.9,145.942,145.827,145.869,30
2025-05-11T08:00:00.000Z,145.869,146.378,145.732,146.241,70
2025-05-11T09:00:00.000Z,146.241,146.665,146.104,146.528,70
2025-05-11T10:00:00.000Z,146.528,146.951,146.391,146.814,70
2025-05-11T11:00:00.000Z,146.814,147.152,146.677,147.015,70
2025-05-11T12:00:00.000Z,147.015,147.488,146.878,147.351,80
2025-05-11T13:00:00.000Z,147.351,147.738,147.214,147.601,80
2025-05-11T14:00:00.000Z,147.601,147.989,147.464,147.852,80
2025-05-11T15:00:00.000Z,147.852,148.154,147.715,148.017,80
2025-05-11T16:00:00.000Z,148.017,148.063,147.871,147.917,30
2025-05-11T17:00:00.000Z,147.917,147.963,147.799,147.845,30
2025-05-11T18:00:00.000Z,147.845,147.891,147.728,147.774,30
2025-05-11T19:00:00.000Z,147.774,147.82,147.685,147.731,30
2025-05-11T20:00:00.000Z,147.731,147.907,146.965,147.141,15
2025-05-11T21:00:00.000Z,147.141,147.317,146.485,146.661,15
2025-05-11T22:00:00.000Z,146.661,146.837,146.005,146.181,15
2025-05-11T23:00:00.000Z,146.181,146.357,145.636,145.812,15
2025-05-12T00:00:00.000Z,148.31,148.34,148.301,148.331,25
2025-05-12T01:00:00.000Z,148.331,148.354,148.322,148.345,25
2025-05-12T02:00:00.000Z,148.345,148.369,148.336,148.36,25
2025-05-12T03:00:00.000Z,148.36,148.378,148.351,148.369,25
2025-05-12T04:00:00.000Z,148.369,148.428,148.261,148.32,30
2025-05-12T05:00:00.000Z,148.32,148.379,148.249,148.308,30
2025-05-12T06:00:00.000Z,148.308,148.367,148.238,148.297,30
2025-05-12T07:00:00.000Z,148.297,148.381,148.238,148.322,30
2025-05-12T08:00:00.000Z,148.322,148.426,148.294,148.398,70
2025-05-12T09:00:00.000Z,148.398,148.485,148.37,148.457,70
2025-05-12T10:00:00.000Z,148.457,148.544,148.429,148.516,70
2025-05-12T11:00:00.000Z,148.516,148.585,148.488,148.557,70
2025-05-12T12:00:00.000Z,148.557,148.64,148.538,148.621,80
2025-05-12T13:00:00.000Z,148.621,148.691,148.602,148.672,80
2025-05-12T14:00:00.000Z,148.672,148.743,148.653,148.724,80
2025-05-12T15:00:00.000Z,148.724,148.783,148.705,148.764,80
2025-05-12T16:00:00.000Z,148.764,148.773,148.734,148.743,30
2025-05-12T17:00:00.000Z,148.743,148.752,148.72,148.729,30
2025-05-12T18:00:00.000Z,148.729,148.738,148.705,148.714,30
2025-05-12T19:00:00.000Z,148.714,148.723,148.696,148.705,30
2025-05-12T20:00:00.000Z,148.705,148.741,148.548,148.584,15
2025-05-12T21:00:00.000Z,148.584,148.62,148.449,148.485,15
2025-05-12T22:00:00.000Z,148.485,148.521,148.35,148.386,15
2025-05-12T23:00:00.000Z,148.386,148.422,148.274,148.31,15
2025-05-13T00:00:00.000Z,147.528,147.631,147.496,147.599,25
2025-05-13T01:00:00.000Z,147.599,147.681,147.567,147.649,25
2025-05-13T02:00:00.000Z,147.649,147.732,147.617,147.7,25
2025-05-13T03:00:00.000Z,147.7,147.762,147.668,147.73,25
2025-05-13T04:00:00.000Z,147.73,147.906,147.403,147.579,30
2025-05-13T05:00:00.000Z,147.579,147.755,147.363,147.539,30
2025-05-13T06:00:00.000Z,147.539,147.715,147.322,147.498,30
2025-05-13T07:00:00.000Z,147.498,147.744,147.322,147.568,30
2025-05-13T08:00:00.000Z,147.568,147.927,147.471,147.83,70
2025-05-13T09:00:00.000Z,147.83,148.129,147.733,148.032,70
2025-05-13T10:00:00.000Z,148.032,148.331,147.935,148.234,70
2025-05-13T11:00:00.000Z,148.234,148.472,148.137,148.375,70
2025-05-13T12:00:00.000Z,148.375,148.657,148.31,148.592,80
2025-05-13T13:00:00.000Z,148.592,148.833,148.527,148.768,80
2025-05-13T14:00:00.000Z,148.768,149.01,148.703,148.945,80
2025-05-13T15:00:00.000Z,148.945,149.146,148.88,149.081,80
2025-05-13T16:00:00.000Z,149.081,149.113,148.978,149.01,30
2025-05-13T17:00:00.000Z,149.01,149.042,148.928,148.96,30
2025-05-13T18:00:00.000Z,148.96,148.992,148.877,148.909,30
2025-05-13T19:00:00.000Z,148.909,148.941,148.847,148.879,30
2025-05-13T20:00:00.000Z,148.879,149.003,148.34,148.464,15
2025-05-13T21:00:00.000Z,148.464,148.588,148.002,148.126,15
2025-05-13T22:00:00.000Z,148.126,148.25,147.664,147.788,15
2025-05-13T23:00:00.000Z,147.788,147.912,147.404,147.528,15
2025-05-14T00:00:00.000Z,146.65,146.717,146.629,146.696,25
2025-05-14T01:00:00.000Z,146.696,146.749,146.675,146.728,25
2025-05-14T02:00:00.000Z,146.728,146.782,146.707,146.761,25
2025-05-14T03:00:00.000Z,146.761,146.801,146.74,146.78,25
2025-05-14T04:00:00.000Z,146.78,146.894,146.569,146.683,30
2025-05-14T05:00:00.000Z,146.683,146.797,146.542,146.656,30
2025-05-14T06:00:00.000Z,146.656,146.77,146.516,146.63,30
2025-05-14T07:00:00.000Z,146.63,146.79,146.516,146.676,30
2025-05-14T08:00:00.000Z,146.676,146.909,146.613,146.846,70
2025-05-14T09:00:00.000Z,146.846,147.039,146.783,146.976,70
2025-05-14T10:00:00.000Z,146.976,147.17,146.913,147.107,70
2025-05-14T11:00:00.000Z,147.107,147.261,147.044,147.198,70
2025-05-14T12:00:00.000Z,147.198,147.38,147.156,147.338,80
2025-05-14T13:00:00.000Z,147.338,147.495,147.296,147.453,80
2025-05-14T14:00:00.000Z,147.453,147.609,147.411,147.567,80
2025-05-14T15:00:00.000Z,147.567,147.697,147.525,147.655,80
2025-05-14T16:00:00.000Z,147.655,147.676,147.588,147.609,30
2025-05-14T17:00:00.000Z,147.609,147.63,147.555,147.576,30
2025-05-14T18:00:00.000Z,147.576,147.597,147.523,147.544,30
2025-05-14T19:00:00.000Z,147.544,147.565,147.503,147.524,30
2025-05-14T20:00:00.000Z,147.524,147.604,147.175,147.255,15
2025-05-14T21:00:00.000Z,147.255,147.335,146.957,147.037,15
2025-05-14T22:00:00.000Z,147.037,147.117,146.738,146.818,15
2025-05-14T23:00:00.000Z,146.818,146.898,146.57,146.65,15
2025-05-15T00:00:00.000Z,145.613,145.671,145.595,145.653,25
2025-05-15T01:00:00.000Z,145.653,145.699,145.635,145.681,25
2025-05-15T02:00:00.000Z,145.681,145.727,145.663,145.709,25
2025-05-15T03:00:00.000Z,145.709,145.744,145.691,145.726,25
2025-05-15T04:00:00.000Z,145.726,145.794,145.593,145.661,30
2025-05-15T05:00:00.000Z,145.661,145.729,145.57,145.638,30
2025-05-15T06:00:00.000Z,145.638,145.706,145.548,145.616,30
2025-05-15T07:00:00.000Z,145.616,145.704,145.548,145.636,30
2025-05-15T08:00:00.000Z,145.636,145.836,145.582,145.782,70
2025-05-15T09:00:00.000Z,145.782,145.949,145.728,145.895,70
2025-05-15T10:00:00.000Z,145.895,146.061,145.841,146.007,70
2025-05-15T11:00:00.000Z,146.007,146.14,145.953,146.086,70
2025-05-15T12:00:00.000Z,146.086,146.243,146.05,146.207,80
2025-05-15T13:00:00.000Z,146.207,146.341,146.171,146.305,80
2025-05-15T14:00:00.000Z,146.305,146.439,146.269,146.403,80
2025-05-15T15:00:00.000Z,146.403,146.515,146.367,146.479,80
2025-05-15T16:00:00.000Z,146.479,146.497,146.422,146.44,30
2025-05-15T17:00:00.000Z,146.44,146.458,146.394,146.412,30
2025-05-15T18:00:00.000Z,146.412,146.43,146.366,146.384,30
2025-05-15T19:00:00.000Z,146.384,146.402,146.349,146.367,30
2025-05-15T20:00:00.000Z,146.367,146.436,146.066,146.135,15
2025-05-15T21:00:00.000Z,146.135,146.204,145.878,145.947,15
2025-05-15T22:00:00.000Z,145.947,146.016,145.689,145.758,15
2025-05-15T23:00:00.000Z,145.758,145.827,145.544,145.613,15
2025-05-18T00:00:00.000Z,145.298,145.333,145.287,145.322,25
2025-05-18T01:00:00.000Z,145.322,145.35,145.311,145.339,25
2025-05-18T02:00:00.000Z,145.339,145.367,145.328,145.356,25
2025-05-18T03:00:00.000Z,145.356,145.377,145.345,145.366,25
2025-05-18T04:00:00.000Z,145.366,145.425,145.256,145.315,30
2025-05-18T05:00:00.000Z,145.315,145.374,145.243,145.302,30
2025-05-18T06:00:00.000Z,145.302,145.361,145.229,145.288,30
2025-05-18T07:00:00.000Z,145.288,145.371,145.229,145.312,30
2025-05-18T08:00:00.000Z,145.312,145.433,145.279,145.4,70
2025-05-18T09:00:00.000Z,145.4,145.501,145.367,145.468,70
2025-05-18T10:00:00.000Z,145.468,145.569,145.435,145.536,70
2025-05-18T11:00:00.000Z,145.536,145.617,145.503,145.584,70
2025-05-18T12:00:00.000Z,145.584,145.679,145.562,145.657,80
2025-05-18T13:00:00.000Z,145.657,145.739,145.635,145.717,80
2025-05-18T14:00:00.000Z,145.717,145.798,145.695,145.776,80
2025-05-18T15:00:00.000Z,145.776,145.844,145.754,145.822,80
2025-05-18T16:00:00.000Z,145.822,145.833,145.787,145.798,30
2025-05-18T17:00:00.000Z,145.798,145.809,145.77,145.781,30
2025-05-18T18:00:00.000Z,145.781,145.792,145.753,145.764,30
2025-05-18T19:00:00.000Z,145.764,145.775,145.743,145.754,30
2025-05-18T20:00:00.000Z,145.754,145.796,145.572,145.614,15
2025-05-18T21:00:00.000Z,145.614,145.656,145.458,145.5,15
2025-05-18T22:00:00.000Z,145.5,145.542,145.344,145.386,15
2025-05-18T23:00:00.000Z,145.386,145.428,145.256,145.298,15
2025-05-19T00:00:00.000Z,144.975,145.044,144.953,145.022,25
2025-05-19T01:00:00.000Z,145.022,145.078,145,145.056,25
2025-05-19T02:00:00.000Z,145.056,145.112,145.034,145.09,25
2025-05-19T03:00:00.000Z,145.09,145.132,145.068,145.11,25
2025-05-19T04:00:00.000Z,145.11,145.196,144.943,145.029,30
2025-05-19T05:00:00.000Z,145.029,145.115,144.916,145.002,30
2025-05-19T06:00:00.000Z,145.002,145.088,144.889,144.975,30
2025-05-19T07:00:00.000Z,144.975,145.088,144.889,145.002,30
2025-05-19T08:00:00.000Z,145.002,145.243,144.937,145.178,70
2025-05-19T09:00:00.000Z,145.178,145.378,145.113,145.313,70
2025-05-19T10:00:00.000Z,145.313,145.513,145.248,145.448,70
2025-05-19T11:00:00.000Z,145.448,145.608,145.383,145.543,70
2025-05-19T12:00:00.000Z,145.543,145.731,145.5,145.688,80
2025-05-19T13:00:00.000Z,145.688,145.85,145.645,145.807,80
2025-05-19T14:00:00.000Z,145.807,145.968,145.764,145.925,80
2025-05-19T15:00:00.000Z,145.925,146.059,145.882,146.016,80
2025-05-19T16:00:00.000Z,146.016,146.038,145.947,145.969,30
2025-05-19T17:00:00.000Z,145.969,145.991,145.913,145.935,30
2025-05-19T18:00:00.000Z,145.935,145.957,145.879,145.901,30
2025-05-19T19:00:00.000Z,145.901,145.923,145.859,145.881,30
2025-05-19T20:00:00.000Z,145.881,145.964,145.519,145.602,15
2025-05-19T21:00:00.000Z,145.602,145.685,145.293,145.376,15
2025-05-19T22:00:00.000Z,145.376,145.459,145.066,145.149,15
2025-05-19T23:00:00.000Z,145.149,145.232,144.892,144.975,15
2025-05-20T00:00:00.000Z,144.328,144.373,144.314,144.359,25
2025-05-20T01:00:00.000Z,144.359,144.395,144.345,144.381,25
2025-05-20T02:00:00.000Z,144.381,144.418,144.367,144.404,25
2025-05-20T03:00:00.000Z,144.404,144.431,144.39,144.417,25
2025-05-20T04:00:00.000Z,144.417,144.497,144.269,144.349,30
2025-05-20T05:00:00.000Z,144.349,144.429,144.251,144.331,30
2025-05-20T06:00:00.000Z,144.331,144.411,144.234,144.314,30
2025-05-20T07:00:00.000Z,144.314,144.426,144.234,144.346,30
2025-05-20T08:00:00.000Z,144.346,144.504,144.303,144.461,70
2025-05-20T09:00:00.000Z,144.461,144.593,144.418,144.55,70
2025-05-20T10:00:00.000Z,144.55,144.682,144.507,144.639,70
2025-05-20T11:00:00.000Z,144.639,144.744,144.596,144.701,70
2025-05-20T12:00:00.000Z,144.701,144.825,144.673,144.797,80
2025-05-20T13:00:00.000Z,144.797,144.902,144.769,144.874,80
2025-05-20T14:00:00.000Z,144.874,144.98,144.846,144.952,80
2025-05-20T15:00:00.000Z,144.952,145.04,144.924,145.012,80
2025-05-20T16:00:00.000Z,145.012,145.026,144.967,144.981,30
2025-05-20T17:00:00.000Z,144.981,144.995,144.945,144.959,30
2025-05-20T18:00:00.000Z,144.959,144.973,144.922,144.936,30
2025-05-20T19:00:00.000Z,144.936,144.95,144.909,144.923,30
2025-05-20T20:00:00.000Z,144.923,144.978,144.685,144.74,15
2025-05-20T21:00:00.000Z,144.74,144.795,144.536,144.591,15
2025-05-20T22:00:00.000Z,144.591,144.646,144.388,144.443,15
2025-05-20T23:00:00.000Z,144.443,144.498,144.273,144.328,15
2025-05-21T00:00:00.000Z,143.755,143.818,143.735,143.798,25
2025-05-21T01:00:00.000Z,143.798,143.848,143.778,143.828,25
2025-05-21T02:00:00.000Z,143.828,143.879,143.808,143.859,25
2025-05-21T03:00:00.000Z,143.859,143.897,143.839,143.877,25
2025-05-21T04:00:00.000Z,143.877,143.966,143.708,143.797,30
2025-05-21T05:00:00.000Z,143.797,143.886,143.684,143.773,30
2025-05-21T06:00:00.000Z,143.773,143.862,143.659,143.748,30
2025-05-21T07:00:00.000Z,143.748,143.868,143.659,143.779,30
2025-05-21T08:00:00.000Z,143.779,143.995,143.721,143.937,70
2025-05-21T09:00:00.000Z,143.937,144.117,143.879,144.059,70
2025-05-21T10:00:00.000Z,144.059,144.239,144.001,144.181,70
2025-05-21T11:00:00.000Z,144.181,144.324,144.123,144.266,70
2025-05-21T12:00:00.000Z,144.266,144.436,144.227,144.397,80
2025-05-21T13:00:00.000Z,144.397,144.542,144.358,144.503,80
2025-05-21T14:00:00.000Z,144.503,144.649,144.464,144.61,80
2025-05-21T15:00:00.000Z,144.61,144.731,144.571,144.692,80
2025-05-21T16:00:00.000Z,144.692,144.711,144.63,144.649,30
2025-05-21T17:00:00.000Z,144.649,144.668,144.6,144.619,30
2025-05-21T18:00:00.000Z,144.619,144.638,144.569,144.588,30
2025-05-21T19:00:00.000Z,144.588,144.607,144.551,144.57,30
2025-05-21T20:00:00.000Z,144.57,144.645,144.244,144.319,15
2025-05-21T21:00:00.000Z,144.319,144.394,144.041,144.116,15
2025-05-21T22:00:00.000Z,144.116,144.191,143.837,143.912,15
2025-05-21T23:00:00.000Z,143.912,143.987,143.68,143.755,15
2025-05-22T00:00:00.000Z,143.858,143.937,143.833,143.912,25
2025-05-22T01:00:00.000Z,143.912,143.975,143.887,143.95,25
2025-05-22T02:00:00.000Z,143.95,144.014,143.925,143.989,25
2025-05-22T03:00:00.000Z,143.989,144.037,143.964,144.012,25
2025-05-22T04:00:00.000Z,144.012,144.142,143.77,143.9,30
2025-05-22T05:00:00.000Z,143.9,144.03,143.74,143.87,30
2025-05-22T06:00:00.000Z,143.87,144,143.709,143.839,30
2025-05-22T07:00:00.000Z,143.839,144.019,143.709,143.889,30
2025-05-22T08:00:00.000Z,143.889,144.163,143.815,144.089,70
2025-05-22T09:00:00.000Z,144.089,144.317,144.015,144.243,70
2025-05-22T10:00:00.000Z,144.243,144.471,144.169,144.397,70
2025-05-22T11:00:00.000Z,144.397,144.579,144.323,144.505,70
2025-05-22T12:00:00.000Z,144.505,144.72,144.456,144.671,80
2025-05-22T13:00:00.000Z,144.671,144.855,144.622,144.806,80
2025-05-22T14:00:00.000Z,144.806,144.99,144.757,144.941,80
2025-05-22T15:00:00.000Z,144.941,145.094,144.892,145.045,80
2025-05-22T16:00:00.000Z,145.045,145.07,144.966,144.991,30
2025-05-22T17:00:00.000Z,144.991,145.016,144.927,144.952,30
2025-05-22T18:00:00.000Z,144.952,144.977,144.888,144.913,30
2025-05-22T19:00:00.000Z,144.913,144.938,144.865,144.89,30
2025-05-22T20:00:00.000Z,144.89,144.985,144.478,144.573,15
2025-05-22T21:00:00.000Z,144.573,144.668,144.22,144.315,15
2025-05-22T22:00:00.000Z,144.315,144.41,143.962,144.057,15
2025-05-22T23:00:00.000Z,144.057,144.152,143.763,143.858,15
2025-05-25T00:00:00.000Z,142.867,142.908,142.854,142.895,25
2025-05-25T01:00:00.000Z,142.895,142.928,142.882,142.915,25
2025-05-25T02:00:00.000Z,142.915,142.948,142.902,142.935,25
2025-05-25T03:00:00.000Z,142.935,142.96,142.922,142.947,25
2025-05-25T04:00:00.000Z,142.947,143.007,142.833,142.893,30
2025-05-25T05:00:00.000Z,142.893,142.953,142.817,142.877,30
2025-05-25T06:00:00.000Z,142.877,142.937,142.801,142.861,30
2025-05-25T07:00:00.000Z,142.861,142.943,142.801,142.883,30
2025-05-25T08:00:00.000Z,142.883,143.025,142.845,142.987,70
2025-05-25T09:00:00.000Z,142.987,143.105,142.949,143.067,70
2025-05-25T10:00:00.000Z,143.067,143.185,143.029,143.147,70
2025-05-25T11:00:00.000Z,143.147,143.241,143.109,143.203,70
2025-05-25T12:00:00.000Z,143.203,143.315,143.177,143.289,80
2025-05-25T13:00:00.000Z,143.289,143.384,143.263,143.358,80
2025-05-25T14:00:00.000Z,143.358,143.454,143.332,143.428,80
2025-05-25T15:00:00.000Z,143.428,143.508,143.402,143.482,80
2025-05-25T16:00:00.000Z,143.482,143.495,143.441,143.454,30
2025-05-25T17:00:00.000Z,143.454,143.467,143.421,143.434,30
2025-05-25T18:00:00.000Z,143.434,143.447,143.401,143.414,30
2025-05-25T19:00:00.000Z,143.414,143.427,143.389,143.402,30
2025-05-25T20:00:00.000Z,143.402,143.451,143.188,143.237,15
2025-05-25T21:00:00.000Z,143.237,143.286,143.055,143.104,15
2025-05-25T22:00:00.000Z,143.104,143.153,142.921,142.97,15
2025-05-25T23:00:00.000Z,142.97,143.019,142.818,142.867,15
2025-05-26T00:00:00.000Z,142.655,142.773,142.618,142.736,25
2025-05-26T01:00:00.000Z,142.736,142.831,142.699,142.794,25
2025-05-26T02:00:00.000Z,142.794,142.889,142.757,142.852,25
2025-05-26T03:00:00.000Z,142.852,142.924,142.815,142.887,25
2025-05-26T04:00:00.000Z,142.887,142.957,142.727,142.797,30
2025-05-26T05:00:00.000Z,142.797,142.867,142.68,142.75,30
2025-05-26T06:00:00.000Z,142.75,142.82,142.634,142.704,30
2025-05-26T07:00:00.000Z,142.704,142.774,142.631,142.701,30
2025-05-26T08:00:00.000Z,142.701,143.113,142.59,143.002,70
2025-05-26T09:00:00.000Z,143.002,143.345,142.891,143.234,70
2025-05-26T10:00:00.000Z,143.234,143.577,143.123,143.466,70
2025-05-26T11:00:00.000Z,143.466,143.74,143.355,143.629,70
2025-05-26T12:00:00.000Z,143.629,143.954,143.554,143.879,80
2025-05-26T13:00:00.000Z,143.879,144.156,143.804,144.081,80
2025-05-26T14:00:00.000Z,144.081,144.359,144.006,144.284,80
2025-05-26T15:00:00.000Z,144.284,144.515,144.209,144.44,80
2025-05-26T16:00:00.000Z,144.44,144.477,144.322,144.359,30
2025-05-26T17:00:00.000Z,144.359,144.396,144.264,144.301,30
2025-05-26T18:00:00.000Z,144.301,144.338,144.206,144.243,30
2025-05-26T19:00:00.000Z,144.243,144.28,144.171,144.208,30
2025-05-26T20:00:00.000Z,144.208,144.351,143.588,143.731,15
2025-05-26T21:00:00.000Z,143.731,143.874,143.199,143.342,15
2025-05-26T22:00:00.000Z,143.342,143.485,142.811,142.954,15
2025-05-26T23:00:00.000Z,142.954,143.097,142.512,142.655,15
2025-05-27T00:00:00.000Z,144.177,144.238,144.158,144.219,25
2025-05-27T01:00:00.000Z,144.219,144.268,144.2,144.249,25
2025-05-27T02:00:00.000Z,144.249,144.298,144.23,144.279,25
2025-05-27T03:00:00.000Z,144.279,144.316,144.26,144.297,25
2025-05-27T04:00:00.000Z,144.297,144.336,144.21,144.249,30
2025-05-27T05:00:00.000Z,144.249,144.288,144.186,144.225,30
2025-05-27T06:00:00.000Z,144.225,144.264,144.162,144.201,30
2025-05-27T07:00:00.000Z,144.201,144.24,144.162,144.201,30
2025-05-27T08:00:00.000Z,144.201,144.413,144.144,144.356,70
2025-05-27T09:00:00.000Z,144.356,144.533,144.299,144.476,70
2025-05-27T10:00:00.000Z,144.476,144.652,144.419,144.595,70
2025-05-27T11:00:00.000Z,144.595,144.736,144.538,144.679,70
2025-05-27T12:00:00.000Z,144.679,144.845,144.641,144.807,80
2025-05-27T13:00:00.000Z,144.807,144.95,144.769,144.912,80
2025-05-27T14:00:00.000Z,144.912,145.054,144.874,145.016,80
2025-05-27T15:00:00.000Z,145.016,145.135,144.978,145.097,80
2025-05-27T16:00:00.000Z,145.097,145.116,145.036,145.055,30
2025-05-27T17:00:00.000Z,145.055,145.074,145.007,145.026,30
2025-05-27T18:00:00.000Z,145.026,145.045,144.977,144.996,30
2025-05-27T19:00:00.000Z,144.996,145.015,144.959,144.978,30
2025-05-27T20:00:00.000Z,144.978,145.052,144.658,144.732,15
2025-05-27T21:00:00.000Z,144.732,144.806,144.457,144.531,15
2025-05-27T22:00:00.000Z,144.531,144.605,144.257,144.331,15
2025-05-27T23:00:00.000Z,144.331,144.405,144.103,144.177,15
2025-05-28T00:00:00.000Z,145.697,145.808,145.662,145.773,25
2025-05-28T01:00:00.000Z,145.773,145.863,145.738,145.828,25
2025-05-28T02:00:00.000Z,145.828,145.917,145.793,145.882,25
2025-05-28T03:00:00.000Z,145.882,145.95,145.847,145.915,25
2025-05-28T04:00:00.000Z,145.915,146.072,145.617,145.774,30
2025-05-28T05:00:00.000Z,145.774,145.931,145.573,145.73,30
2025-05-28T06:00:00.000Z,145.73,145.887,145.53,145.687,30
2025-05-28T07:00:00.000Z,145.687,145.898,145.53,145.741,30
2025-05-28T08:00:00.000Z,145.741,146.13,145.636,146.025,70
2025-05-28T09:00:00.000Z,146.025,146.348,145.92,146.243,70
2025-05-28T10:00:00.000Z,146.243,146.566,146.138,146.461,70
2025-05-28T11:00:00.000Z,146.461,146.719,146.356,146.614,70
2025-05-28T12:00:00.000Z,146.614,146.919,146.544,146.849,80
2025-05-28T13:00:00.000Z,146.849,147.11,146.779,147.04,80
2025-05-28T14:00:00.000Z,147.04,147.301,146.97,147.231,80
2025-05-28T15:00:00.000Z,147.231,147.449,147.161,147.379,80
2025-05-28T16:00:00.000Z,147.379,147.414,147.267,147.302,30
2025-05-28T17:00:00.000Z,147.302,147.337,147.213,147.248,30
2025-05-28T18:00:00.000Z,147.248,147.283,147.158,147.193,30
2025-05-28T19:00:00.000Z,147.193,147.228,147.125,147.16,30
2025-05-28T20:00:00.000Z,147.16,147.294,146.576,146.71,15
2025-05-28T21:00:00.000Z,146.71,146.844,146.21,146.344,15
2025-05-28T22:00:00.000Z,146.344,146.478,145.845,145.979,15
2025-05-28T23:00:00.000Z,145.979,146.113,145.563,145.697,15
2025-05-29T00:00:00.000Z,143.779,143.828,143.764,143.813,25
2025-05-29T01:00:00.000Z,143.813,143.852,143.798,143.837,25
2025-05-29T02:00:00.000Z,143.837,143.876,143.822,143.861,25
2025-05-29T03:00:00.000Z,143.861,143.89,143.846,143.875,25
2025-05-29T04:00:00.000Z,143.875,143.913,143.794,143.832,30
2025-05-29T05:00:00.000Z,143.832,143.87,143.775,143.813,30
2025-05-29T06:00:00.000Z,143.813,143.851,143.755,143.793,30
2025-05-29T07:00:00.000Z,143.793,143.836,143.755,143.798,30
2025-05-29T08:00:00.000Z,143.798,143.969,143.752,143.923,70
2025-05-29T09:00:00.000Z,143.923,144.064,143.877,144.018,70
2025-05-29T10:00:00.000Z,144.018,144.16,143.972,144.114,70
2025-05-29T11:00:00.000Z,144.114,144.227,144.068,144.181,70
2025-05-29T12:00:00.000Z,144.181,144.315,144.15,144.284,80
2025-05-29T13:00:00.000Z,144.284,144.399,144.253,144.368,80
2025-05-29T14:00:00.000Z,144.368,144.482,144.337,144.451,80
2025-05-29T15:00:00.000Z,144.451,144.547,144.42,144.516,80
2025-05-29T16:00:00.000Z,144.516,144.531,144.467,144.482,30
2025-05-29T17:00:00.000Z,144.482,144.497,144.443,144.458,30
2025-05-29T18:00:00.000Z,144.458,144.473,144.419,144.434,30
2025-05-29T19:00:00.000Z,144.434,144.449,144.405,144.42,30
2025-05-29T20:00:00.000Z,144.42,144.479,144.164,144.223,15
2025-05-29T21:00:00.000Z,144.223,144.282,144.004,144.063,15
2025-05-29T22:00:00.000Z,144.063,144.122,143.843,143.902,15
2025-05-29T23:00:00.000Z,143.902,143.961,143.72,143.779,15
2025-06-01T00:00:00.000Z,143.815,143.879,143.795,143.859,25
2025-06-01T01:00:00.000Z,143.859,143.91,143.839,143.89,25
2025-06-01T02:00:00.000Z,143.89,143.941,143.87,143.921,25
2025-06-01T03:00:00.000Z,143.921,143.96,143.901,143.94,25
2025-06-01T04:00:00.000Z,143.94,144.057,143.725,143.842,30
2025-06-01T05:00:00.000Z,143.842,143.959,143.7,143.817,30
2025-06-01T06:00:00.000Z,143.817,143.934,143.675,143.792,30
2025-06-01T07:00:00.000Z,143.792,143.957,143.675,143.84,30
2025-06-01T08:00:00.000Z,143.84,144.063,143.78,144.003,70
2025-06-01T09:00:00.000Z,144.003,144.188,143.943,144.128,70
2025-06-01T10:00:00.000Z,144.128,144.313,144.068,144.253,70
2025-06-01T11:00:00.000Z,144.253,144.4,144.193,144.34,70
2025-06-01T12:00:00.000Z,144.34,144.515,144.3,144.475,80
2025-06-01T13:00:00.000Z,144.475,144.624,144.435,144.584,80
2025-06-01T14:00:00.000Z,144.584,144.734,144.544,144.694,80
2025-06-01T15:00:00.000Z,144.694,144.818,144.654,144.778,80
2025-06-01T16:00:00.000Z,144.778,144.798,144.714,144.734,30
2025-06-01T17:00:00.000Z,144.734,144.754,144.683,144.703,30
2025-06-01T18:00:00.000Z,144.703,144.723,144.652,144.672,30
2025-06-01T19:00:00.000Z,144.672,144.692,144.633,144.653,30
2025-06-01T20:00:00.000Z,144.653,144.73,144.318,144.395,15
2025-06-01T21:00:00.000Z,144.395,144.472,144.109,144.186,15
2025-06-01T22:00:00.000Z,144.186,144.263,143.899,143.976,15
2025-06-01T23:00:00.000Z,143.976,144.053,143.738,143.815,15
2025-06-02T00:00:00.000Z,142.452,142.531,142.427,142.506,25
2025-06-02T01:00:00.000Z,142.506,142.57,142.481,142.545,25
2025-06-02T02:00:00.000Z,142.545,142.609,142.52,142.584,25
2025-06-02T03:00:00.000Z,142.584,142.632,142.559,142.607,25
2025-06-02T04:00:00.000Z,142.607,142.628,142.542,142.563,30
2025-06-02T05:00:00.000Z,142.563,142.584,142.511,142.532,30
2025-06-02T06:00:00.000Z,142.532,142.553,142.48,142.501,30
2025-06-02T07:00:00.000Z,142.501,142.522,142.462,142.483,30
2025-06-02T08:00:00.000Z,142.483,142.759,142.409,142.685,70
2025-06-02T09:00:00.000Z,142.685,142.914,142.611,142.84,70
2025-06-02T10:00:00.000Z,142.84,143.069,142.766,142.995,70
2025-06-02T11:00:00.000Z,142.995,143.177,142.921,143.103,70
2025-06-02T12:00:00.000Z,143.103,143.362,143.027,143.286,80
2025-06-02T13:00:00.000Z,143.286,143.497,143.21,143.421,80
2025-06-02T14:00:00.000Z,143.421,143.633,143.345,143.557,80
2025-06-02T15:00:00.000Z,143.557,143.721,143.481,143.645,80
2025-06-02T16:00:00.000Z,143.645,143.67,143.566,143.591,30
2025-06-02T17:00:00.000Z,143.591,143.616,143.527,143.552,30
2025-06-02T18:00:00.000Z,143.552,143.577,143.488,143.513,30
2025-06-02T19:00:00.000Z,143.513,143.538,143.465,143.49,30
2025-06-02T20:00:00.000Z,143.49,143.586,143.075,143.171,15
2025-06-02T21:00:00.000Z,143.171,143.267,142.815,142.911,15
2025-06-02T22:00:00.000Z,142.911,143.007,142.556,142.652,15
2025-06-02T23:00:00.000Z,142.652,142.748,142.356,142.452,15
2025-06-03T00:00:00.000Z,143.837,143.911,143.814,143.888,25
2025-06-03T01:00:00.000Z,143.888,143.947,143.865,143.924,25
2025-06-03T02:00:00.000Z,143.924,143.983,143.901,143.96,25
2025-06-03T03:00:00.000Z,143.96,144.005,143.937,143.982,25
2025-06-03T04:00:00.000Z,143.982,144.074,143.803,143.895,30
2025-06-03T05:00:00.000Z,143.895,143.987,143.774,143.866,30
2025-06-03T06:00:00.000Z,143.866,143.958,143.745,143.837,30
2025-06-03T07:00:00.000Z,143.837,143.958,143.745,143.866,30
2025-06-03T08:00:00.000Z,143.866,144.123,143.797,144.054,70
2025-06-03T09:00:00.000Z,144.054,144.267,143.985,144.198,70
2025-06-03T10:00:00.000Z,144.198,144.412,144.129,144.343,70
2025-06-03T11:00:00.000Z,144.343,144.513,144.274,144.444,70
2025-06-03T12:00:00.000Z,144.444,144.645,144.398,144.599,80
2025-06-03T13:00:00.000Z,144.599,144.772,144.553,144.726,80
2025-06-03T14:00:00.000Z,144.726,144.898,144.68,144.852,80
2025-06-03T15:00:00.000Z,144.852,144.996,144.806,144.95,80
2025-06-03T16:00:00.000Z,144.95,144.973,144.877,144.9,30
2025-06-03T17:00:00.000Z,144.9,144.923,144.841,144.864,30
2025-06-03T18:00:00.000Z,144.864,144.887,144.805,144.828,30
2025-06-03T19:00:00.000Z,144.828,144.851,144.783,144.806,30
2025-06-03T20:00:00.000Z,144.806,144.895,144.419,144.508,15
2025-06-03T21:00:00.000Z,144.508,144.597,144.177,144.266,15
2025-06-03T22:00:00.000Z,144.266,144.355,143.935,144.024,15
2025-06-03T23:00:00.000Z,144.024,144.113,143.748,143.837,15
2025-06-04T00:00:00.000Z,142.732,142.802,142.71,142.78,25
2025-06-04T01:00:00.000Z,142.78,142.836,142.758,142.814,25
2025-06-04T02:00:00.000Z,142.814,142.87,142.792,142.848,25
2025-06-04T03:00:00.000Z,142.848,142.89,142.826,142.868,25
2025-06-04T04:00:00.000Z,142.868,142.896,142.795,142.823,30
2025-06-04T05:00:00.000Z,142.823,142.851,142.768,142.796,30
2025-06-04T06:00:00.000Z,142.796,142.824,142.741,142.769,30
2025-06-04T07:00:00.000Z,142.769,142.797,142.731,142.759,30
2025-06-04T08:00:00.000Z,142.759,143.001,142.694,142.936,70
2025-06-04T09:00:00.000Z,142.936,143.137,142.871,143.072,70
2025-06-04T10:00:00.000Z,143.072,143.274,143.007,143.209,70
2025-06-04T11:00:00.000Z,143.209,143.369,143.144,143.304,70
2025-06-04T12:00:00.000Z,143.304,143.516,143.247,143.459,80
2025-06-04T13:00:00.000Z,143.459,143.635,143.402,143.578,80
2025-06-04T14:00:00.000Z,143.578,143.754,143.521,143.697,80
2025-06-04T15:00:00.000Z,143.697,143.837,143.64,143.78,80
2025-06-04T16:00:00.000Z,143.78,143.802,143.71,143.732,30
2025-06-04T17:00:00.000Z,143.732,143.754,143.676,143.698,30
2025-06-04T18:00:00.000Z,143.698,143.72,143.642,143.664,30
2025-06-04T19:00:00.000Z,143.664,143.686,143.622,143.644,30
2025-06-04T20:00:00.000Z,143.644,143.728,143.28,143.364,15
2025-06-04T21:00:00.000Z,143.364,143.448,143.052,143.136,15
2025-06-04T22:00:00.000Z,143.136,143.22,142.824,142.908,15
2025-06-04T23:00:00.000Z,142.908,142.992,142.648,142.732,15
2025-06-05T00:00:00.000Z,143.542,143.62,143.518,143.596,25
2025-06-05T01:00:00.000Z,143.596,143.658,143.572,143.634,25
2025-06-05T02:00:00.000Z,143.634,143.696,143.61,143.672,25
2025-06-05T03:00:00.000Z,143.672,143.719,143.648,143.695,25
2025-06-05T04:00:00.000Z,143.695,143.713,143.635,143.653,30
2025-06-05T05:00:00.000Z,143.653,143.671,143.605,143.623,30
2025-06-05T06:00:00.000Z,143.623,143.641,143.574,143.592,30
2025-06-05T07:00:00.000Z,143.592,143.61,143.555,143.573,30
2025-06-05T08:00:00.000Z,143.573,143.845,143.5,143.772,70
2025-06-05T09:00:00.000Z,143.772,143.998,143.699,143.925,70
2025-06-05T10:00:00.000Z,143.925,144.151,143.852,144.078,70
2025-06-05T11:00:00.000Z,144.078,144.258,144.005,144.185,70
2025-06-05T12:00:00.000Z,144.185,144.444,144.108,144.367,80
2025-06-05T13:00:00.000Z,144.367,144.578,144.29,144.501,80
2025-06-05T14:00:00.000Z,144.501,144.712,144.424,144.635,80
2025-06-05T15:00:00.000Z,144.635,144.797,144.558,144.72,80
2025-06-05T16:00:00.000Z,144.72,144.744,144.642,144.666,30
2025-06-05T17:00:00.000Z,144.666,144.69,144.604,144.628,30
2025-06-05T18:00:00.000Z,144.628,144.652,144.566,144.59,30
2025-06-05T19:00:00.000Z,144.59,144.614,144.543,144.567,30
2025-06-05T20:00:00.000Z,144.567,144.661,144.158,144.252,15
2025-06-05T21:00:00.000Z,144.252,144.346,143.902,143.996,15
2025-06-05T22:00:00.000Z,143.996,144.09,143.645,143.739,15
2025-06-05T23:00:00.000Z,143.739,143.833,143.448,143.542,15
2025-06-08T00:00:00.000Z,144.691,144.74,144.676,144.725,25
2025-06-08T01:00:00.000Z,144.725,144.764,144.71,144.749,25
2025-06-08T02:00:00.000Z,144.749,144.788,144.734,144.773,25
2025-06-08T03:00:00.000Z,144.773,144.802,144.758,144.787,25
2025-06-08T04:00:00.000Z,144.787,144.855,144.657,144.725,30
2025-06-08T05:00:00.000Z,144.725,144.793,144.638,144.706,30
2025-06-08T06:00:00.000Z,144.706,144.774,144.619,144.687,30
2025-06-08T07:00:00.000Z,144.687,144.778,144.619,144.71,30
2025-06-08T08:00:00.000Z,144.71,144.88,144.664,144.834,70
2025-06-08T09:00:00.000Z,144.834,144.976,144.788,144.93,70
2025-06-08T10:00:00.000Z,144.93,145.072,144.884,145.026,70
2025-06-08T11:00:00.000Z,145.026,145.139,144.98,145.093,70
2025-06-08T12:00:00.000Z,145.093,145.227,145.062,145.196,80
2025-06-08T13:00:00.000Z,145.196,145.311,145.165,145.28,80
2025-06-08T14:00:00.000Z,145.28,145.394,145.249,145.363,80
2025-06-08T15:00:00.000Z,145.363,145.459,145.332,145.428,80
2025-06-08T16:00:00.000Z,145.428,145.443,145.379,145.394,30
2025-06-08T17:00:00.000Z,145.394,145.409,145.355,145.37,30
2025-06-08T18:00:00.000Z,145.37,145.385,145.331,145.346,30
2025-06-08T19:00:00.000Z,145.346,145.361,145.317,145.332,30
2025-06-08T20:00:00.000Z,145.332,145.391,145.076,145.135,15
2025-06-08T21:00:00.000Z,145.135,145.194,144.916,144.975,15
2025-06-08T22:00:00.000Z,144.975,145.034,144.755,144.814,15
2025-06-08T23:00:00.000Z,144.814,144.873,144.632,144.691,15
2025-06-09T00:00:00.000Z,144.54,144.585,144.526,144.571,25
2025-06-09T01:00:00.000Z,144.571,144.607,144.557,144.593,25
2025-06-09T02:00:00.000Z,144.593,144.629,144.579,144.615,25
2025-06-09T03:00:00.000Z,144.615,144.642,144.601,144.628,25
2025-06-09T04:00:00.000Z,144.628,144.649,144.576,144.597,30
2025-06-09T05:00:00.000Z,144.597,144.618,144.559,144.58,30
2025-06-09T06:00:00.000Z,144.58,144.601,144.541,144.562,30
2025-06-09T07:00:00.000Z,144.562,144.583,144.537,144.558,30
2025-06-09T08:00:00.000Z,144.558,144.714,144.516,144.672,70
2025-06-09T09:00:00.000Z,144.672,144.802,144.63,144.76,70
2025-06-09T10:00:00.000Z,144.76,144.89,144.718,144.848,70
2025-06-09T11:00:00.000Z,144.848,144.951,144.806,144.909,70
2025-06-09T12:00:00.000Z,144.909,145.041,144.875,145.007,80
2025-06-09T13:00:00.000Z,145.007,145.118,144.973,145.084,80
2025-06-09T14:00:00.000Z,145.084,145.194,145.05,145.16,80
2025-06-09T15:00:00.000Z,145.16,145.25,145.126,145.216,80
2025-06-09T16:00:00.000Z,145.216,145.23,145.171,145.185,30
2025-06-09T17:00:00.000Z,145.185,145.199,145.149,145.163,30
2025-06-09T18:00:00.000Z,145.163,145.177,145.127,145.141,30
2025-06-09T19:00:00.000Z,145.141,145.155,145.114,145.128,30
2025-06-09T20:00:00.000Z,145.128,145.182,144.893,144.947,15
2025-06-09T21:00:00.000Z,144.947,145.001,144.746,144.8,15
2025-06-09T22:00:00.000Z,144.8,144.854,144.599,144.653,15
2025-06-09T23:00:00.000Z,144.653,144.707,144.486,144.54,15
2025-06-10T00:00:00.000Z,144.838,144.891,144.821,144.874,25
2025-06-10T01:00:00.000Z,144.874,144.917,144.857,144.9,25
2025-06-10T02:00:00.000Z,144.9,144.943,144.883,144.926,25
2025-06-10T03:00:00.000Z,144.926,144.959,144.909,144.942,25
2025-06-10T04:00:00.000Z,144.942,144.991,144.841,144.89,30
2025-06-10T05:00:00.000Z,144.89,144.939,144.821,144.87,30
2025-06-10T06:00:00.000Z,144.87,144.919,144.8,144.849,30
2025-06-10T07:00:00.000Z,144.849,144.908,144.8,144.859,30
2025-06-10T08:00:00.000Z,144.859,145.044,144.809,144.994,70
2025-06-10T09:00:00.000Z,144.994,145.147,144.944,145.097,70
2025-06-10T10:00:00.000Z,145.097,145.251,145.047,145.201,70
2025-06-10T11:00:00.000Z,145.201,145.323,145.151,145.273,70
2025-06-10T12:00:00.000Z,145.273,145.417,145.24,145.384,80
2025-06-10T13:00:00.000Z,145.384,145.508,145.351,145.475,80
2025-06-10T14:00:00.000Z,145.475,145.599,145.442,145.566,80
2025-06-10T15:00:00.000Z,145.566,145.669,145.533,145.636,80
2025-06-10T16:00:00.000Z,145.636,145.653,145.583,145.6,30
2025-06-10T17:00:00.000Z,145.6,145.617,145.557,145.574,30
2025-06-10T18:00:00.000Z,145.574,145.591,145.531,145.548,30
2025-06-10T19:00:00.000Z,145.548,145.565,145.515,145.532,30
2025-06-10T20:00:00.000Z,145.532,145.596,145.255,145.319,15
2025-06-10T21:00:00.000Z,145.319,145.383,145.081,145.145,15
2025-06-10T22:00:00.000Z,145.145,145.209,144.908,144.972,15
2025-06-10T23:00:00.000Z,144.972,145.036,144.774,144.838,15
2025-06-11T00:00:00.000Z,144.203,144.26,144.185,144.242,25
2025-06-11T01:00:00.000Z,144.242,144.288,144.224,144.27,25
2025-06-11T02:00:00.000Z,144.27,144.316,144.252,144.298,25
2025-06-11T03:00:00.000Z,144.298,144.333,144.28,144.315,25
2025-06-11T04:00:00.000Z,144.315,144.408,144.141,144.234,30
2025-06-11T05:00:00.000Z,144.234,144.327,144.119,144.212,30
2025-06-11T06:00:00.000Z,144.212,144.305,144.096,144.189,30
2025-06-11T07:00:00.000Z,144.189,144.318,144.096,144.225,30
2025-06-11T08:00:00.000Z,144.225,144.425,144.171,144.371,70
2025-06-11T09:00:00.000Z,144.371,144.537,144.317,144.483,70
2025-06-11T10:00:00.000Z,144.483,144.649,144.429,144.595,70
2025-06-11T11:00:00.000Z,144.595,144.727,144.541,144.673,70
2025-06-11T12:00:00.000Z,144.673,144.829,144.637,144.793,80
2025-06-11T13:00:00.000Z,144.793,144.927,144.757,144.891,80
2025-06-11T14:00:00.000Z,144.891,145.025,144.855,144.989,80
2025-06-11T15:00:00.000Z,144.989,145.101,144.953,145.065,80
2025-06-11T16:00:00.000Z,145.065,145.083,145.008,145.026,30
2025-06-11T17:00:00.000Z,145.026,145.044,144.98,144.998,30
2025-06-11T18:00:00.000Z,144.998,145.016,144.952,144.97,30
2025-06-11T19:00:00.000Z,144.97,144.988,144.935,144.953,30
2025-06-11T20:00:00.000Z,144.953,145.022,144.653,144.722,15
2025-06-11T21:00:00.000Z,144.722,144.791,144.466,144.535,15
2025-06-11T22:00:00.000Z,144.535,144.604,144.278,144.347,15
2025-06-11T23:00:00.000Z,144.347,144.416,144.134,144.203,15
2025-06-12T00:00:00.000Z,143.194,143.278,143.168,143.252,25
2025-06-12T01:00:00.000Z,143.252,143.319,143.226,143.293,25
2025-06-12T02:00:00.000Z,143.293,143.36,143.267,143.334,25
2025-06-12T03:00:00.000Z,143.334,143.385,143.308,143.359,25
2025-06-12T04:00:00.000Z,143.359,143.409,143.245,143.295,30
2025-06-12T05:00:00.000Z,143.295,143.345,143.212,143.262,30
2025-06-12T06:00:00.000Z,143.262,143.312,143.179,143.229,30
2025-06-12T07:00:00.000Z,143.229,143.279,143.177,143.227,30
2025-06-12T08:00:00.000Z,143.227,143.52,143.148,143.441,70
2025-06-12T09:00:00.000Z,143.441,143.685,143.362,143.606,70
2025-06-12T10:00:00.000Z,143.606,143.85,143.527,143.771,70
2025-06-12T11:00:00.000Z,143.771,143.965,143.692,143.886,70
2025-06-12T12:00:00.000Z,143.886,144.116,143.833,144.063,80
2025-06-12T13:00:00.000Z,144.063,144.26,144.01,144.207,80
2025-06-12T14:00:00.000Z,144.207,144.404,144.154,144.351,80
2025-06-12T15:00:00.000Z,144.351,144.515,144.298,144.462,80
2025-06-12T16:00:00.000Z,144.462,144.488,144.378,144.404,30
2025-06-12T17:00:00.000Z,144.404,144.43,144.337,144.363,30
2025-06-12T18:00:00.000Z,144.363,144.389,144.296,144.322,30
2025-06-12T19:00:00.000Z,144.322,144.348,144.271,144.297,30
2025-06-12T20:00:00.000Z,144.297,144.398,143.857,143.958,15
2025-06-12T21:00:00.000Z,143.958,144.059,143.581,143.682,15
2025-06-12T22:00:00.000Z,143.682,143.783,143.305,143.406,15
2025-06-12T23:00:00.000Z,143.406,143.507,143.093,143.194,15
2025-06-15T00:00:00.000Z,144.091,144.138,144.076,144.123,25
2025-06-15T01:00:00.000Z,144.123,144.161,144.108,144.146,25
2025-06-15T02:00:00.000Z,144.146,144.183,144.131,144.168,25
2025-06-15T03:00:00.000Z,144.168,144.197,144.153,144.182,25
2025-06-15T04:00:00.000Z,144.182,144.227,144.09,144.135,30
2025-06-15T05:00:00.000Z,144.135,144.18,144.072,144.117,30
2025-06-15T06:00:00.000Z,144.117,144.162,144.054,144.099,30
2025-06-15T07:00:00.000Z,144.099,144.154,144.054,144.109,30
2025-06-15T08:00:00.000Z,144.109,144.272,144.065,144.228,70
2025-06-15T09:00:00.000Z,144.228,144.363,144.184,144.319,70
2025-06-15T10:00:00.000Z,144.319,144.454,144.275,144.41,70
2025-06-15T11:00:00.000Z,144.41,144.518,144.366,144.474,70
2025-06-15T12:00:00.000Z,144.474,144.601,144.445,144.572,80
2025-06-15T13:00:00.000Z,144.572,144.68,144.543,144.651,80
2025-06-15T14:00:00.000Z,144.651,144.76,144.622,144.731,80
2025-06-15T15:00:00.000Z,144.731,144.821,144.702,144.792,80
2025-06-15T16:00:00.000Z,144.792,144.807,144.745,144.76,30
2025-06-15T17:00:00.000Z,144.76,144.775,144.722,144.737,30
2025-06-15T18:00:00.000Z,144.737,144.752,144.7,144.715,30
2025-06-15T19:00:00.000Z,144.715,144.73,144.686,144.701,30
2025-06-15T20:00:00.000Z,144.701,144.757,144.457,144.513,15
2025-06-15T21:00:00.000Z,144.513,144.569,144.305,144.361,15
2025-06-15T22:00:00.000Z,144.361,144.417,144.152,144.208,15
2025-06-15T23:00:00.000Z,144.208,144.264,144.035,144.091,15
2025-06-16T00:00:00.000Z,144.729,144.773,144.715,144.759,25
2025-06-16T01:00:00.000Z,144.759,144.794,144.745,144.78,25
2025-06-16T02:00:00.000Z,144.78,144.815,144.766,144.801,25
2025-06-16T03:00:00.000Z,144.801,144.828,144.787,144.814,25
2025-06-16T04:00:00.000Z,144.814,144.849,144.74,144.775,30
2025-06-16T05:00:00.000Z,144.775,144.81,144.723,144.758,30
2025-06-16T06:00:00.000Z,144.758,144.793,144.706,144.741,30
2025-06-16T07:00:00.000Z,144.741,144.781,144.706,144.746,30
2025-06-16T08:00:00.000Z,144.746,144.897,144.705,144.856,70
2025-06-16T09:00:00.000Z,144.856,144.982,144.815,144.941,70
2025-06-16T10:00:00.000Z,144.941,145.067,144.9,145.026,70
2025-06-16T11:00:00.000Z,145.026,145.127,144.985,145.086,70
2025-06-16T12:00:00.000Z,145.086,145.204,145.059,145.177,80
2025-06-16T13:00:00.000Z,145.177,145.279,145.15,145.252,80
2025-06-16T14:00:00.000Z,145.252,145.353,145.225,145.326,80
2025-06-16T15:00:00.000Z,145.326,145.41,145.299,145.383,80
2025-06-16T16:00:00.000Z,145.383,145.397,145.339,145.353,30
2025-06-16T17:00:00.000Z,145.353,145.367,145.318,145.332,30
2025-06-16T18:00:00.000Z,145.332,145.346,145.297,145.311,30
2025-06-16T19:00:00.000Z,145.311,145.325,145.284,145.298,30
2025-06-16T20:00:00.000Z,145.298,145.35,145.071,145.123,15
2025-06-16T21:00:00.000Z,145.123,145.175,144.929,144.981,15
2025-06-16T22:00:00.000Z,144.981,145.033,144.787,144.839,15
2025-06-16T23:00:00.000Z,144.839,144.891,144.677,144.729,15
2025-06-17T00:00:00.000Z,145.376,145.421,145.362,145.407,25
2025-06-17T01:00:00.000Z,145.407,145.443,145.393,145.429,25
2025-06-17T02:00:00.000Z,145.429,145.466,145.415,145.452,25
2025-06-17T03:00:00.000Z,145.452,145.479,145.438,145.465,25
2025-06-17T04:00:00.000Z,145.465,145.542,145.322,145.399,30
2025-06-17T05:00:00.000Z,145.399,145.476,145.305,145.382,30
2025-06-17T06:00:00.000Z,145.382,145.459,145.287,145.364,30
2025-06-17T07:00:00.000Z,145.364,145.471,145.287,145.394,30
2025-06-17T08:00:00.000Z,145.394,145.552,145.351,145.509,70
2025-06-17T09:00:00.000Z,145.509,145.641,145.466,145.598,70
2025-06-17T10:00:00.000Z,145.598,145.73,145.555,145.687,70
2025-06-17T11:00:00.000Z,145.687,145.792,145.644,145.749,70
2025-06-17T12:00:00.000Z,145.749,145.873,145.721,145.845,80
2025-06-17T13:00:00.000Z,145.845,145.95,145.817,145.922,80
2025-06-17T14:00:00.000Z,145.922,146.028,145.894,146,80
2025-06-17T15:00:00.000Z,146,146.088,145.972,146.06,80
2025-06-17T16:00:00.000Z,146.06,146.074,146.015,146.029,30
2025-06-17T17:00:00.000Z,146.029,146.043,145.993,146.007,30
2025-06-17T18:00:00.000Z,146.007,146.021,145.97,145.984,30
2025-06-17T19:00:00.000Z,145.984,145.998,145.957,145.971,30
2025-06-17T20:00:00.000Z,145.971,146.026,145.733,145.788,15
2025-06-17T21:00:00.000Z,145.788,145.843,145.584,145.639,15
2025-06-17T22:00:00.000Z,145.639,145.694,145.436,145.491,15
2025-06-17T23:00:00.000Z,145.491,145.546,145.321,145.376,15
2025-06-18T00:00:00.000Z,144.955,145.007,144.939,144.991,25
2025-06-18T01:00:00.000Z,144.991,145.032,144.975,145.016,25
2025-06-18T02:00:00.000Z,145.016,145.058,145,145.042,25
2025-06-18T03:00:00.000Z,145.042,145.073,145.026,145.057,25
2025-06-18T04:00:00.000Z,145.057,145.086,144.989,145.018,30
2025-06-18T05:00:00.000Z,145.018,145.047,144.969,144.998,30
2025-06-18T06:00:00.000Z,144.998,145.027,144.948,144.977,30
2025-06-18T07:00:00.000Z,144.977,145.006,144.946,144.975,30
2025-06-18T08:00:00.000Z,144.975,145.156,144.926,145.107,70
2025-06-18T09:00:00.000Z,145.107,145.258,145.058,145.209,70
2025-06-18T10:00:00.000Z,145.209,145.36,145.16,145.311,70
2025-06-18T11:00:00.000Z,145.311,145.431,145.262,145.382,70
2025-06-18T12:00:00.000Z,145.382,145.528,145.347,145.493,80
2025-06-18T13:00:00.000Z,145.493,145.617,145.458,145.582,80
2025-06-18T14:00:00.000Z,145.582,145.706,145.547,145.671,80
2025-06-18T15:00:00.000Z,145.671,145.773,145.636,145.738,80
2025-06-18T16:00:00.000Z,145.738,145.754,145.686,145.702,30
2025-06-18T17:00:00.000Z,145.702,145.718,145.661,145.677,30
2025-06-18T18:00:00.000Z,145.677,145.693,145.635,145.651,30
2025-06-18T19:00:00.000Z,145.651,145.667,145.62,145.636,30
2025-06-18T20:00:00.000Z,145.636,145.699,145.364,145.427,15
2025-06-18T21:00:00.000Z,145.427,145.49,145.193,145.256,15
2025-06-18T22:00:00.000Z,145.256,145.319,145.023,145.086,15
2025-06-18T23:00:00.000Z,145.086,145.149,144.892,144.955,15
2025-06-19T00:00:00.000Z,145.218,145.259,145.205,145.246,25
2025-06-19T01:00:00.000Z,145.246,145.28,145.233,145.267,25
2025-06-19T02:00:00.000Z,145.267,145.3,145.254,145.287,25
2025-06-19T03:00:00.000Z,145.287,145.312,145.274,145.299,25
2025-06-19T04:00:00.000Z,145.299,145.314,145.258,145.273,30
2025-06-19T05:00:00.000Z,145.273,145.288,145.242,145.257,30
2025-06-19T06:00:00.000Z,145.257,145.272,145.226,145.241,30
2025-06-19T07:00:00.000Z,145.241,145.256,145.219,145.234,30
2025-06-19T08:00:00.000Z,145.234,145.378,145.195,145.339,70
2025-06-19T09:00:00.000Z,145.339,145.459,145.3,145.42,70
2025-06-19T10:00:00.000Z,145.42,145.539,145.381,145.5,70
2025-06-19T11:00:00.000Z,145.5,145.596,145.461,145.557,70
2025-06-19T12:00:00.000Z,145.557,145.684,145.522,145.649,80
2025-06-19T13:00:00.000Z,145.649,145.755,145.614,145.72,80
2025-06-19T14:00:00.000Z,145.72,145.825,145.685,145.79,80
2025-06-19T15:00:00.000Z,145.79,145.874,145.755,145.839,80
2025-06-19T16:00:00.000Z,145.839,145.852,145.798,145.811,30
2025-06-19T17:00:00.000Z,145.811,145.824,145.777,145.79,30
2025-06-19T18:00:00.000Z,145.79,145.803,145.757,145.77,30
2025-06-19T19:00:00.000Z,145.77,145.783,145.745,145.758,30
2025-06-19T20:00:00.000Z,145.758,145.808,145.542,145.592,15
2025-06-19T21:00:00.000Z,145.592,145.642,145.407,145.457,15
2025-06-19T22:00:00.000Z,145.457,145.507,145.272,145.322,15
2025-06-19T23:00:00.000Z,145.322,145.372,145.168,145.218,15
2025-06-22T00:00:00.000Z,146.224,146.319,146.194,146.289,25
2025-06-22T01:00:00.000Z,146.289,146.366,146.259,146.336,25
2025-06-22T02:00:00.000Z,146.336,146.412,146.306,146.382,25
2025-06-22T03:00:00.000Z,146.382,146.44,146.352,146.41,25
2025-06-22T04:00:00.000Z,146.41,146.439,146.326,146.355,30
2025-06-22T05:00:00.000Z,146.355,146.384,146.288,146.317,30
2025-06-22T06:00:00.000Z,146.317,146.346,146.251,146.28,30
2025-06-22T07:00:00.000Z,146.28,146.309,146.232,146.261,30
2025-06-22T08:00:00.000Z,146.261,146.592,146.172,146.503,70
2025-06-22T09:00:00.000Z,146.503,146.778,146.414,146.689,70
2025-06-22T10:00:00.000Z,146.689,146.965,146.6,146.876,70
2025-06-22T11:00:00.000Z,146.876,147.095,146.787,147.006,70
2025-06-22T12:00:00.000Z,147.006,147.31,146.919,147.223,80
2025-06-22T13:00:00.000Z,147.223,147.473,147.136,147.386,80
2025-06-22T14:00:00.000Z,147.386,147.636,147.299,147.549,80
2025-06-22T15:00:00.000Z,147.549,147.744,147.462,147.657,80
2025-06-22T16:00:00.000Z,147.657,147.687,147.562,147.592,30
2025-06-22T17:00:00.000Z,147.592,147.622,147.515,147.545,30
2025-06-22T18:00:00.000Z,147.545,147.575,147.469,147.499,30
2025-06-22T19:00:00.000Z,147.499,147.529,147.441,147.471,30
2025-06-22T20:00:00.000Z,147.471,147.586,146.973,147.088,15
2025-06-22T21:00:00.000Z,147.088,147.203,146.661,146.776,15
2025-06-22T22:00:00.000Z,146.776,146.891,146.349,146.464,15
2025-06-22T23:00:00.000Z,146.464,146.579,146.109,146.224,15
2025-06-23T00:00:00.000Z,145.928,145.998,145.906,145.976,25
2025-06-23T01:00:00.000Z,145.976,146.032,145.954,146.01,25
2025-06-23T02:00:00.000Z,146.01,146.066,145.988,146.044,25
2025-06-23T03:00:00.000Z,146.044,146.087,146.022,146.065,25
2025-06-23T04:00:00.000Z,146.065,146.194,145.828,145.957,30
2025-06-23T05:00:00.000Z,145.957,146.086,145.801,145.93,30
2025-06-23T06:00:00.000Z,145.93,146.059,145.773,145.902,30
2025-06-23T07:00:00.000Z,145.902,146.084,145.773,145.955,30
2025-06-23T08:00:00.000Z,145.955,146.2,145.889,146.134,70
2025-06-23T09:00:00.000Z,146.134,146.337,146.068,146.271,70
2025-06-23T10:00:00.000Z,146.271,146.475,146.205,146.409,70
2025-06-23T11:00:00.000Z,146.409,146.571,146.343,146.505,70
2025-06-23T12:00:00.000Z,146.505,146.696,146.461,146.652,80
2025-06-23T13:00:00.000Z,146.652,146.816,146.608,146.772,80
2025-06-23T14:00:00.000Z,146.772,146.936,146.728,146.892,80
2025-06-23T15:00:00.000Z,146.892,147.029,146.848,146.985,80
2025-06-23T16:00:00.000Z,146.985,147.007,146.915,146.937,30
2025-06-23T17:00:00.000Z,146.937,146.959,146.881,146.903,30
2025-06-23T18:00:00.000Z,146.903,146.925,146.847,146.869,30
2025-06-23T19:00:00.000Z,146.869,146.891,146.826,146.848,30
2025-06-23T20:00:00.000Z,146.848,146.933,146.48,146.565,15
2025-06-23T21:00:00.000Z,146.565,146.65,146.25,146.335,15
2025-06-23T22:00:00.000Z,146.335,146.42,146.02,146.105,15
2025-06-23T23:00:00.000Z,146.105,146.19,145.843,145.928,15
2025-06-24T00:00:00.000Z,144.957,145.024,144.936,145.003,25
2025-06-24T01:00:00.000Z,145.003,145.057,144.982,145.036,25
2025-06-24T02:00:00.000Z,145.036,145.09,145.015,145.069,25
2025-06-24T03:00:00.000Z,145.069,145.11,145.048,145.089,25
2025-06-24T04:00:00.000Z,145.089,145.131,144.994,145.036,30
2025-06-24T05:00:00.000Z,145.036,145.078,144.968,145.01,30
2025-06-24T06:00:00.000Z,145.01,145.052,144.941,144.983,30
2025-06-24T07:00:00.000Z,144.983,145.025,144.941,144.983,30
2025-06-24T08:00:00.000Z,144.983,145.218,144.92,145.155,70
2025-06-24T09:00:00.000Z,145.155,145.35,145.092,145.287,70
2025-06-24T10:00:00.000Z,145.287,145.482,145.224,145.419,70
2025-06-24T11:00:00.000Z,145.419,145.575,145.356,145.512,70
2025-06-24T12:00:00.000Z,145.512,145.696,145.47,145.654,80
2025-06-24T13:00:00.000Z,145.654,145.811,145.612,145.769,80
2025-06-24T14:00:00.000Z,145.769,145.927,145.727,145.885,80
2025-06-24T15:00:00.000Z,145.885,146.016,145.843,145.974,80
2025-06-24T16:00:00.000Z,145.974,145.995,145.907,145.928,30
2025-06-24T17:00:00.000Z,145.928,145.949,145.874,145.895,30
2025-06-24T18:00:00.000Z,145.895,145.916,145.841,145.862,30
2025-06-24T19:00:00.000Z,145.862,145.883,145.821,145.842,30
2025-06-24T20:00:00.000Z,145.842,145.923,145.489,145.57,15
2025-06-24T21:00:00.000Z,145.57,145.651,145.268,145.349,15
2025-06-24T22:00:00.000Z,145.349,145.43,145.046,145.127,15
2025-06-24T23:00:00.000Z,145.127,145.208,144.876,144.957,15
2025-06-25T00:00:00.000Z,144.904,144.964,144.885,144.945,25
2025-06-25T01:00:00.000Z,144.945,144.993,144.926,144.974,25
2025-06-25T02:00:00.000Z,144.974,145.022,144.955,145.003,25
2025-06-25T03:00:00.000Z,145.003,145.039,144.984,145.02,25
2025-06-25T04:00:00.000Z,145.02,145.125,144.826,144.931,30
2025-06-25T05:00:00.000Z,144.931,145.036,144.803,144.908,30
2025-06-25T06:00:00.000Z,144.908,145.013,144.78,144.885,30
2025-06-25T07:00:00.000Z,144.885,145.032,144.78,144.927,30
2025-06-25T08:00:00.000Z,144.927,145.134,144.871,145.078,70
2025-06-25T09:00:00.000Z,145.078,145.251,145.022,145.195,70
2025-06-25T10:00:00.000Z,145.195,145.367,145.139,145.311,70
2025-06-25T11:00:00.000Z,145.311,145.449,145.255,145.393,70
2025-06-25T12:00:00.000Z,145.393,145.555,145.356,145.518,80
2025-06-25T13:00:00.000Z,145.518,145.657,145.481,145.62,80
2025-06-25T14:00:00.000Z,145.62,145.758,145.583,145.721,80
2025-06-25T15:00:00.000Z,145.721,145.837,145.684,145.8,80
2025-06-25T16:00:00.000Z,145.8,145.819,145.74,145.759,30
2025-06-25T17:00:00.000Z,145.759,145.778,145.711,145.73,30
2025-06-25T18:00:00.000Z,145.73,145.749,145.682,145.701,30
2025-06-25T19:00:00.000Z,145.701,145.72,145.665,145.684,30
2025-06-25T20:00:00.000Z,145.684,145.756,145.372,145.444,15
2025-06-25T21:00:00.000Z,145.444,145.516,145.177,145.249,15
2025-06-25T22:00:00.000Z,145.249,145.321,144.982,145.054,15
2025-06-25T23:00:00.000Z,145.054,145.126,144.832,144.904,15
2025-06-26T00:00:00.000Z,144.694,144.732,144.682,144.72,25
2025-06-26T01:00:00.000Z,144.72,144.75,144.708,144.738,25
2025-06-26T02:00:00.000Z,144.738,144.769,144.726,144.757,25
2025-06-26T03:00:00.000Z,144.757,144.78,144.745,144.768,25
2025-06-26T04:00:00.000Z,144.768,144.817,144.674,144.723,30
2025-06-26T05:00:00.000Z,144.723,144.772,144.659,144.708,30
2025-06-26T06:00:00.000Z,144.708,144.757,144.644,144.693,30
2025-06-26T07:00:00.000Z,144.693,144.758,144.644,144.709,30
2025-06-26T08:00:00.000Z,144.709,144.84,144.674,144.805,70
2025-06-26T09:00:00.000Z,144.805,144.913,144.77,144.878,70
2025-06-26T10:00:00.000Z,144.878,144.987,144.843,144.952,70
2025-06-26T11:00:00.000Z,144.952,145.038,144.917,145.003,70
2025-06-26T12:00:00.000Z,145.003,145.106,144.979,145.082,80
2025-06-26T13:00:00.000Z,145.082,145.17,145.058,145.146,80
2025-06-26T14:00:00.000Z,145.146,145.234,145.122,145.21,80
2025-06-26T15:00:00.000Z,145.21,145.284,145.186,145.26,80
2025-06-26T16:00:00.000Z,145.26,145.272,145.222,145.234,30
2025-06-26T17:00:00.000Z,145.234,145.246,145.204,145.216,30
2025-06-26T18:00:00.000Z,145.216,145.228,145.185,145.197,30
2025-06-26T19:00:00.000Z,145.197,145.209,145.174,145.186,30
2025-06-26T20:00:00.000Z,145.186,145.231,144.99,145.035,15
2025-06-26T21:00:00.000Z,145.035,145.08,144.867,144.912,15
2025-06-26T22:00:00.000Z,144.912,144.957,144.744,144.789,15
2025-06-26T23:00:00.000Z,144.789,144.834,144.649,144.694,15
2025-06-29T00:00:00.000Z,144.517,144.565,144.502,144.55,25
2025-06-29T01:00:00.000Z,144.55,144.588,144.535,144.573,25
2025-06-29T02:00:00.000Z,144.573,144.611,144.558,144.596,25
2025-06-29T03:00:00.000Z,144.596,144.625,144.581,144.61,25
2025-06-29T04:00:00.000Z,144.61,144.679,144.48,144.549,30
2025-06-29T05:00:00.000Z,144.549,144.618,144.461,144.53,30
2025-06-29T06:00:00.000Z,144.53,144.599,144.443,144.512,30
2025-06-29T07:00:00.000Z,144.512,144.605,144.443,144.536,30
2025-06-29T08:00:00.000Z,144.536,144.702,144.491,144.657,70
2025-06-29T09:00:00.000Z,144.657,144.794,144.612,144.749,70
2025-06-29T10:00:00.000Z,144.749,144.887,144.704,144.842,70
2025-06-29T11:00:00.000Z,144.842,144.952,144.797,144.907,70
2025-06-29T12:00:00.000Z,144.907,145.037,144.877,145.007,80
2025-06-29T13:00:00.000Z,145.007,145.118,144.977,145.088,80
2025-06-29T14:00:00.000Z,145.088,145.199,145.058,145.169,80
2025-06-29T15:00:00.000Z,145.169,145.262,145.139,145.232,80
2025-06-29T16:00:00.000Z,145.232,145.247,145.184,145.199,30
2025-06-29T17:00:00.000Z,145.199,145.214,145.161,145.176,30
2025-06-29T18:00:00.000Z,145.176,145.191,145.138,145.153,30
2025-06-29T19:00:00.000Z,145.153,145.168,145.124,145.139,30
2025-06-29T20:00:00.000Z,145.139,145.196,144.891,144.948,15
2025-06-29T21:00:00.000Z,144.948,145.005,144.735,144.792,15
2025-06-29T22:00:00.000Z,144.792,144.849,144.58,144.637,15
2025-06-29T23:00:00.000Z,144.637,144.694,144.46,144.517,15
2025-06-30T00:00:00.000Z,143.8,143.863,143.78,143.843,25
2025-06-30T01:00:00.000Z,143.843,143.894,143.823,143.874,25
2025-06-30T02:00:00.000Z,143.874,143.924,143.854,143.904,25
2025-06-30T03:00:00.000Z,143.904,143.943,143.884,143.923,25
2025-06-30T04:00:00.000Z,143.923,144.026,143.731,143.834,30
2025-06-30T05:00:00.000Z,143.834,143.937,143.707,143.81,30
2025-06-30T06:00:00.000Z,143.81,143.913,143.682,143.785,30
2025-06-30T07:00:00.000Z,143.785,143.928,143.682,143.825,30
2025-06-30T08:00:00.000Z,143.825,144.044,143.766,143.985,70
2025-06-30T09:00:00.000Z,143.985,144.166,143.926,144.107,70
2025-06-30T10:00:00.000Z,144.107,144.289,144.048,144.23,70
2025-06-30T11:00:00.000Z,144.23,144.375,144.171,144.316,70
2025-06-30T12:00:00.000Z,144.316,144.487,144.277,144.448,80
2025-06-30T13:00:00.000Z,144.448,144.595,144.409,144.556,80
2025-06-30T14:00:00.000Z,144.556,144.702,144.517,144.663,80
2025-06-30T15:00:00.000Z,144.663,144.785,144.624,144.746,80
2025-06-30T16:00:00.000Z,144.746,144.766,144.683,144.703,30
2025-06-30T17:00:00.000Z,144.703,144.723,144.652,144.672,30
2025-06-30T18:00:00.000Z,144.672,144.692,144.621,144.641,30
2025-06-30T19:00:00.000Z,144.641,144.661,144.603,144.623,30
2025-06-30T20:00:00.000Z,144.623,144.699,144.294,144.37,15
2025-06-30T21:00:00.000Z,144.37,144.446,144.088,144.164,15
2025-06-30T22:00:00.000Z,144.164,144.24,143.882,143.958,15
2025-06-30T23:00:00.000Z,143.958,144.034,143.724,143.8,15
2025-07-01T00:00:00.000Z,143.402,143.446,143.388,143.432,25
2025-07-01T01:00:00.000Z,143.432,143.467,143.418,143.453,25
2025-07-01T02:00:00.000Z,143.453,143.488,143.439,143.474,25
2025-07-01T03:00:00.000Z,143.474,143.501,143.46,143.487,25
2025-07-01T04:00:00.000Z,143.487,143.499,143.45,143.462,30
2025-07-01T05:00:00.000Z,143.462,143.474,143.433,143.445,30
2025-07-01T06:00:00.000Z,143.445,143.457,143.416,143.428,30
2025-07-01T07:00:00.000Z,143.428,143.44,143.407,143.419,30
2025-07-01T08:00:00.000Z,143.419,143.57,143.378,143.529,70
2025-07-01T09:00:00.000Z,143.529,143.654,143.488,143.613,70
2025-07-01T10:00:00.000Z,143.613,143.739,143.572,143.698,70
2025-07-01T11:00:00.000Z,143.698,143.798,143.657,143.757,70
2025-07-01T12:00:00.000Z,143.757,143.896,143.717,143.856,80
2025-07-01T13:00:00.000Z,143.856,143.97,143.816,143.93,80
2025-07-01T14:00:00.000Z,143.93,144.044,143.89,144.004,80
2025-07-01T15:00:00.000Z,144.004,144.093,143.964,144.053,80
2025-07-01T16:00:00.000Z,144.053,144.067,144.01,144.024,30
2025-07-01T17:00:00.000Z,144.024,144.038,143.989,144.003,30
2025-07-01T18:00:00.000Z,144.003,144.017,143.968,143.982,30
2025-07-01T19:00:00.000Z,143.982,143.996,143.955,143.969,30
2025-07-01T20:00:00.000Z,143.969,144.021,143.743,143.795,15
2025-07-01T21:00:00.000Z,143.795,143.847,143.601,143.653,15
2025-07-01T22:00:00.000Z,143.653,143.705,143.459,143.511,15
2025-07-01T23:00:00.000Z,143.511,143.563,143.35,143.402,15
2025-07-02T00:00:00.000Z,143.526,143.616,143.498,143.588,25
2025-07-02T01:00:00.000Z,143.588,143.66,143.56,143.632,25
2025-07-02T02:00:00.000Z,143.632,143.704,143.604,143.676,25
2025-07-02T03:00:00.000Z,143.676,143.73,143.648,143.702,25
2025-07-02T04:00:00.000Z,143.702,143.729,143.623,143.65,30
2025-07-02T05:00:00.000Z,143.65,143.677,143.588,143.615,30
2025-07-02T06:00:00.000Z,143.615,143.642,143.552,143.579,30
2025-07-02T07:00:00.000Z,143.579,143.606,143.534,143.561,30
2025-07-02T08:00:00.000Z,143.561,143.875,143.476,143.79,70
2025-07-02T09:00:00.000Z,143.79,144.051,143.705,143.966,70
2025-07-02T10:00:00.000Z,143.966,144.228,143.881,144.143,70
2025-07-02T11:00:00.000Z,144.143,144.351,144.058,144.266,70
2025-07-02T12:00:00.000Z,144.266,144.555,144.183,144.472,80
2025-07-02T13:00:00.000Z,144.472,144.709,144.389,144.626,80
2025-07-02T14:00:00.000Z,144.626,144.863,144.543,144.78,80
2025-07-02T15:00:00.000Z,144.78,144.965,144.697,144.882,80
2025-07-02T16:00:00.000Z,144.882,144.91,144.792,144.82,30
2025-07-02T17:00:00.000Z,144.82,144.848,144.748,144.776,30
2025-07-02T18:00:00.000Z,144.776,144.804,144.704,144.732,30
2025-07-02T19:00:00.000Z,144.732,144.76,144.678,144.706,30
2025-07-02T20:00:00.000Z,144.706,144.814,144.235,144.343,15
2025-07-02T21:00:00.000Z,144.343,144.451,143.94,144.048,15
2025-07-02T22:00:00.000Z,144.048,144.156,143.645,143.753,15
2025-07-02T23:00:00.000Z,143.753,143.861,143.418,143.526,15
2025-07-03T00:00:00.000Z,144.682,144.712,144.673,144.703,25
2025-07-03T01:00:00.000Z,144.703,144.726,144.694,144.717,25
2025-07-03T02:00:00.000Z,144.717,144.741,144.708,144.732,25
2025-07-03T03:00:00.000Z,144.732,144.75,144.723,144.741,25
2025-07-03T04:00:00.000Z,144.741,144.787,144.654,144.7,30
2025-07-03T05:00:00.000Z,144.7,144.746,144.643,144.689,30
2025-07-03T06:00:00.000Z,144.689,144.735,144.631,144.677,30
2025-07-03T07:00:00.000Z,144.677,144.74,144.631,144.694,30
2025-07-03T08:00:00.000Z,144.694,144.798,144.666,144.77,70
2025-07-03T09:00:00.000Z,144.77,144.857,144.742,144.829,70
2025-07-03T10:00:00.000Z,144.829,144.916,144.801,144.888,70
2025-07-03T11:00:00.000Z,144.888,144.957,144.86,144.929,70
2025-07-03T12:00:00.000Z,144.929,145.011,144.91,144.992,80
2025-07-03T13:00:00.000Z,144.992,145.062,144.973,145.043,80
2025-07-03T14:00:00.000Z,145.043,145.113,145.024,145.094,80
2025-07-03T15:00:00.000Z,145.094,145.153,145.075,145.134,80
2025-07-03T16:00:00.000Z,145.134,145.143,145.104,145.113,30
2025-07-03T17:00:00.000Z,145.113,145.122,145.09,145.099,30
2025-07-03T18:00:00.000Z,145.099,145.108,145.075,145.084,30
2025-07-03T19:00:00.000Z,145.084,145.093,145.066,145.075,30
2025-07-03T20:00:00.000Z,145.075,145.111,144.918,144.954,15
2025-07-03T21:00:00.000Z,144.954,144.99,144.82,144.856,15
2025-07-03T22:00:00.000Z,144.856,144.892,144.722,144.758,15
2025-07-03T23:00:00.000Z,144.758,144.794,144.646,144.682,15
2025-07-06T00:00:00.000Z,144.498,144.582,144.472,144.556,25
2025-07-06T01:00:00.000Z,144.556,144.623,144.53,144.597,25
2025-07-06T02:00:00.000Z,144.597,144.664,144.571,144.638,25
2025-07-06T03:00:00.000Z,144.638,144.689,144.612,144.663,25
2025-07-06T04:00:00.000Z,144.663,144.704,144.563,144.604,30
2025-07-06T05:00:00.000Z,144.604,144.645,144.53,144.571,30
2025-07-06T06:00:00.000Z,144.571,144.612,144.497,144.538,30
2025-07-06T07:00:00.000Z,144.538,144.579,144.49,144.531,30
2025-07-06T08:00:00.000Z,144.531,144.825,144.452,144.746,70
2025-07-06T09:00:00.000Z,144.746,144.991,144.667,144.912,70
2025-07-06T10:00:00.000Z,144.912,145.156,144.833,145.077,70
2025-07-06T11:00:00.000Z,145.077,145.272,144.998,145.193,70
2025-07-06T12:00:00.000Z,145.193,145.439,145.131,145.377,80
2025-07-06T13:00:00.000Z,145.377,145.583,145.315,145.521,80
2025-07-06T14:00:00.000Z,145.521,145.728,145.459,145.666,80
2025-07-06T15:00:00.000Z,145.666,145.834,145.604,145.772,80
2025-07-06T16:00:00.000Z,145.772,145.798,145.688,145.714,30
2025-07-06T17:00:00.000Z,145.714,145.74,145.646,145.672,30
2025-07-06T18:00:00.000Z,145.672,145.698,145.605,145.631,30
2025-07-06T19:00:00.000Z,145.631,145.657,145.58,145.606,30
2025-07-06T20:00:00.000Z,145.606,145.708,145.163,145.265,15
2025-07-06T21:00:00.000Z,145.265,145.367,144.886,144.988,15
2025-07-06T22:00:00.000Z,144.988,145.09,144.609,144.711,15
2025-07-06T23:00:00.000Z,144.711,144.813,144.396,144.498,15
2025-07-07T00:00:00.000Z,145.892,145.949,145.874,145.931,25
2025-07-07T01:00:00.000Z,145.931,145.977,145.913,145.959,25
2025-07-07T02:00:00.000Z,145.959,146.004,145.941,145.986,25
2025-07-07T03:00:00.000Z,145.986,146.021,145.968,146.003,25
2025-07-07T04:00:00.000Z,146.003,146.02,145.953,145.97,30
2025-07-07T05:00:00.000Z,145.97,145.987,145.931,145.948,30
2025-07-07T06:00:00.000Z,145.948,145.965,145.909,145.926,30
2025-07-07T07:00:00.000Z,145.926,145.943,145.897,145.914,30
2025-07-07T08:00:00.000Z,145.914,146.112,145.861,146.059,70
2025-07-07T09:00:00.000Z,146.059,146.223,146.006,146.17,70
2025-07-07T10:00:00.000Z,146.17,146.335,146.117,146.282,70
2025-07-07T11:00:00.000Z,146.282,146.413,146.229,146.36,70
2025-07-07T12:00:00.000Z,146.36,146.543,146.307,146.49,80
2025-07-07T13:00:00.000Z,146.49,146.641,146.437,146.588,80
2025-07-07T14:00:00.000Z,146.588,146.738,146.535,146.685,80
2025-07-07T15:00:00.000Z,146.685,146.803,146.632,146.75,80
2025-07-07T16:00:00.000Z,146.75,146.768,146.693,146.711,30
2025-07-07T17:00:00.000Z,146.711,146.729,146.665,146.683,30
2025-07-07T18:00:00.000Z,146.683,146.701,146.637,146.655,30
2025-07-07T19:00:00.000Z,146.655,146.673,146.62,146.638,30
2025-07-07T20:00:00.000Z,146.638,146.707,146.34,146.409,15
2025-07-07T21:00:00.000Z,146.409,146.478,146.153,146.222,15
2025-07-07T22:00:00.000Z,146.222,146.291,145.967,146.036,15
2025-07-07T23:00:00.000Z,146.036,146.105,145.823,145.892,15
2025-07-08T00:00:00.000Z,146.849,146.894,146.835,146.88,25
2025-07-08T01:00:00.000Z,146.88,146.917,146.866,146.903,25
2025-07-08T02:00:00.000Z,146.903,146.939,146.889,146.925,25
2025-07-08T03:00:00.000Z,146.925,146.953,146.911,146.939,25
2025-07-08T04:00:00.000Z,146.939,146.996,146.828,146.885,30
2025-07-08T05:00:00.000Z,146.885,146.942,146.81,146.867,30
2025-07-08T06:00:00.000Z,146.867,146.924,146.792,146.849,30
2025-07-08T07:00:00.000Z,146.849,146.924,146.792,146.867,30
2025-07-08T08:00:00.000Z,146.867,147.027,146.824,146.984,70
2025-07-08T09:00:00.000Z,146.984,147.117,146.941,147.074,70
2025-07-08T10:00:00.000Z,147.074,147.207,147.031,147.164,70
2025-07-08T11:00:00.000Z,147.164,147.27,147.121,147.227,70
2025-07-08T12:00:00.000Z,147.227,147.353,147.198,147.324,80
2025-07-08T13:00:00.000Z,147.324,147.432,147.295,147.403,80
2025-07-08T14:00:00.000Z,147.403,147.511,147.374,147.482,80
2025-07-08T15:00:00.000Z,147.482,147.572,147.453,147.543,80
2025-07-08T16:00:00.000Z,147.543,147.557,147.498,147.512,30
2025-07-08T17:00:00.000Z,147.512,147.526,147.475,147.489,30
2025-07-08T18:00:00.000Z,147.489,147.503,147.452,147.466,30
2025-07-08T19:00:00.000Z,147.466,147.48,147.439,147.453,30
2025-07-08T20:00:00.000Z,147.453,147.509,147.211,147.267,15
2025-07-08T21:00:00.000Z,147.267,147.323,147.06,147.116,15
2025-07-08T22:00:00.000Z,147.116,147.172,146.909,146.965,15
2025-07-08T23:00:00.000Z,146.965,147.021,146.793,146.849,15
2025-07-09T00:00:00.000Z,146.114,146.165,146.098,146.149,25
2025-07-09T01:00:00.000Z,146.149,146.19,146.133,146.174,25
2025-07-09T02:00:00.000Z,146.174,146.215,146.158,146.199,25
2025-07-09T03:00:00.000Z,146.199,146.23,146.183,146.214,25
2025-07-09T04:00:00.000Z,146.214,146.254,146.129,146.169,30
2025-07-09T05:00:00.000Z,146.169,146.209,146.109,146.149,30
2025-07-09T06:00:00.000Z,146.149,146.189,146.089,146.129,30
2025-07-09T07:00:00.000Z,146.129,146.174,146.089,146.134,30
2025-07-09T08:00:00.000Z,146.134,146.312,146.086,146.264,70
2025-07-09T09:00:00.000Z,146.264,146.411,146.216,146.363,70
2025-07-09T10:00:00.000Z,146.363,146.511,146.315,146.463,70
2025-07-09T11:00:00.000Z,146.463,146.581,146.415,146.533,70
2025-07-09T12:00:00.000Z,146.533,146.672,146.501,146.64,80
2025-07-09T13:00:00.000Z,146.64,146.759,146.608,146.727,80
2025-07-09T14:00:00.000Z,146.727,146.847,146.695,146.815,80
2025-07-09T15:00:00.000Z,146.815,146.914,146.783,146.882,80
2025-07-09T16:00:00.000Z,146.882,146.898,146.831,146.847,30
2025-07-09T17:00:00.000Z,146.847,146.863,146.807,146.823,30
2025-07-09T18:00:00.000Z,146.823,146.839,146.782,146.798,30
2025-07-09T19:00:00.000Z,146.798,146.814,146.767,146.783,30
2025-07-09T20:00:00.000Z,146.783,146.845,146.515,146.577,15
2025-07-09T21:00:00.000Z,146.577,146.639,146.348,146.41,15
2025-07-09T22:00:00.000Z,146.41,146.472,146.181,146.243,15
2025-07-09T23:00:00.000Z,146.243,146.305,146.052,146.114,15
2025-07-10T00:00:00.000Z,146.288,146.351,146.268,146.331,25
2025-07-10T01:00:00.000Z,146.331,146.382,146.311,146.362,25
2025-07-10T02:00:00.000Z,146.362,146.413,146.342,146.393,25
2025-07-10T03:00:00.000Z,146.393,146.431,146.373,146.411,25
2025-07-10T04:00:00.000Z,146.411,146.428,146.359,146.376,30
2025-07-10T05:00:00.000Z,146.376,146.393,146.334,146.351,30
2025-07-10T06:00:00.000Z,146.351,146.368,146.31,146.327,30
2025-07-10T07:00:00.000Z,146.327,146.344,146.296,146.313,30
2025-07-10T08:00:00.000Z,146.313,146.532,146.254,146.473,70
2025-07-10T09:00:00.000Z,146.473,146.655,146.414,146.596,70
2025-07-10T10:00:00.000Z,146.596,146.778,146.537,146.719,70
2025-07-10T11:00:00.000Z,146.719,146.864,146.66,146.805,70
2025-07-10T12:00:00.000Z,146.805,147.01,146.745,146.95,80
2025-07-10T13:00:00.000Z,146.95,147.117,146.89,147.057,80
2025-07-10T14:00:00.000Z,147.057,147.225,146.997,147.165,80
2025-07-10T15:00:00.000Z,147.165,147.295,147.105,147.235,80
2025-07-10T16:00:00.000Z,147.235,147.255,147.172,147.192,30
2025-07-10T17:00:00.000Z,147.192,147.212,147.141,147.161,30
2025-07-10T18:00:00.000Z,147.161,147.181,147.11,147.13,30
2025-07-10T19:00:00.000Z,147.13,147.15,147.092,147.112,30
2025-07-10T20:00:00.000Z,147.112,147.188,146.783,146.859,15
2025-07-10T21:00:00.000Z,146.859,146.935,146.577,146.653,15
2025-07-10T22:00:00.000Z,146.653,146.729,146.371,146.447,15
2025-07-10T23:00:00.000Z,146.447,146.523,146.212,146.288,15
2025-07-13T00:00:00.000Z,147.295,147.337,147.282,147.324,25
2025-07-13T01:00:00.000Z,147.324,147.358,147.311,147.345,25
2025-07-13T02:00:00.000Z,147.345,147.378,147.332,147.365,25
2025-07-13T03:00:00.000Z,147.365,147.391,147.352,147.378,25
2025-07-13T04:00:00.000Z,147.378,147.421,147.292,147.335,30
2025-07-13T05:00:00.000Z,147.335,147.378,147.275,147.318,30
2025-07-13T06:00:00.000Z,147.318,147.361,147.259,147.302,30
2025-07-13T07:00:00.000Z,147.302,147.355,147.259,147.312,30
2025-07-13T08:00:00.000Z,147.312,147.459,147.272,147.419,70
2025-07-13T09:00:00.000Z,147.419,147.542,147.379,147.502,70
2025-07-13T10:00:00.000Z,147.502,147.624,147.462,147.584,70
2025-07-13T11:00:00.000Z,147.584,147.682,147.544,147.642,70
2025-07-13T12:00:00.000Z,147.642,147.757,147.616,147.731,80
2025-07-13T13:00:00.000Z,147.731,147.83,147.705,147.804,80
2025-07-13T14:00:00.000Z,147.804,147.902,147.778,147.876,80
2025-07-13T15:00:00.000Z,147.876,147.958,147.85,147.932,80
2025-07-13T16:00:00.000Z,147.932,147.945,147.89,147.903,30
2025-07-13T17:00:00.000Z,147.903,147.916,147.869,147.882,30
2025-07-13T18:00:00.000Z,147.882,147.895,147.848,147.861,30
2025-07-13T19:00:00.000Z,147.861,147.874,147.836,147.849,30
2025-07-13T20:00:00.000Z,147.849,147.9,147.628,147.679,15
2025-07-13T21:00:00.000Z,147.679,147.73,147.489,147.54,15
2025-07-13T22:00:00.000Z,147.54,147.591,147.351,147.402,15
2025-07-13T23:00:00.000Z,147.402,147.453,147.244,147.295,15
2025-07-14T00:00:00.000Z,147.792,147.866,147.769,147.843,25
2025-07-14T01:00:00.000Z,147.843,147.903,147.82,147.88,25
2025-07-14T02:00:00.000Z,147.88,147.939,147.857,147.916,25
2025-07-14T03:00:00.000Z,147.916,147.961,147.893,147.938,25
2025-07-14T04:00:00.000Z,147.938,147.975,147.849,147.886,30
2025-07-14T05:00:00.000Z,147.886,147.923,147.82,147.857,30
2025-07-14T06:00:00.000Z,147.857,147.894,147.79,147.827,30
2025-07-14T07:00:00.000Z,147.827,147.864,147.784,147.821,30
2025-07-14T08:00:00.000Z,147.821,148.081,147.751,148.011,70
2025-07-14T09:00:00.000Z,148.011,148.227,147.941,148.157,70
2025-07-14T10:00:00.000Z,148.157,148.374,148.087,148.304,70
2025-07-14T11:00:00.000Z,148.304,148.476,148.234,148.406,70
2025-07-14T12:00:00.000Z,148.406,148.622,148.352,148.568,80
2025-07-14T13:00:00.000Z,148.568,148.749,148.514,148.695,80
2025-07-14T14:00:00.000Z,148.695,148.877,148.641,148.823,80
2025-07-14T15:00:00.000Z,148.823,148.971,148.769,148.917,80
2025-07-14T16:00:00.000Z,148.917,148.94,148.843,148.866,30
2025-07-14T17:00:00.000Z,148.866,148.889,148.806,148.829,30
2025-07-14T18:00:00.000Z,148.829,148.852,148.77,148.793,30
2025-07-14T19:00:00.000Z,148.793,148.816,148.748,148.771,30
2025-07-14T20:00:00.000Z,148.771,148.861,148.38,148.47,15
2025-07-14T21:00:00.000Z,148.47,148.56,148.135,148.225,15
2025-07-14T22:00:00.000Z,148.225,148.315,147.89,147.98,15
2025-07-14T23:00:00.000Z,147.98,148.07,147.702,147.792,15
2025-07-15T00:00:00.000Z,148.761,148.873,148.726,148.838,25
2025-07-15T01:00:00.000Z,148.838,148.928,148.803,148.893,25
2025-07-15T02:00:00.000Z,148.893,148.983,148.858,148.948,25
2025-07-15T03:00:00.000Z,148.948,149.016,148.913,148.981,25
2025-07-15T04:00:00.000Z,148.981,149.151,148.661,148.831,30
2025-07-15T05:00:00.000Z,148.831,149.001,148.617,148.787,30
2025-07-15T06:00:00.000Z,148.787,148.957,148.573,148.743,30
2025-07-15T07:00:00.000Z,148.743,148.975,148.573,148.805,30
2025-07-15T08:00:00.000Z,148.805,149.197,148.699,149.091,70
2025-07-15T09:00:00.000Z,149.091,149.417,148.985,149.311,70
2025-07-15T10:00:00.000Z,149.311,149.637,149.205,149.531,70
2025-07-15T11:00:00.000Z,149.531,149.791,149.425,149.685,70
2025-07-15T12:00:00.000Z,149.685,149.992,149.615,149.922,80
2025-07-15T13:00:00.000Z,149.922,150.184,149.852,150.114,80
2025-07-15T14:00:00.000Z,150.114,150.377,150.044,150.307,80
2025-07-15T15:00:00.000Z,150.307,150.525,150.237,150.455,80
2025-07-15T16:00:00.000Z,150.455,150.49,150.343,150.378,30
2025-07-15T17:00:00.000Z,150.378,150.413,150.288,150.323,30
2025-07-15T18:00:00.000Z,150.323,150.358,150.233,150.268,30
2025-07-15T19:00:00.000Z,150.268,150.303,150.2,150.235,30
2025-07-15T20:00:00.000Z,150.235,150.371,149.646,149.782,15
2025-07-15T21:00:00.000Z,149.782,149.918,149.277,149.413,15
2025-07-15T22:00:00.000Z,149.413,149.549,148.909,149.045,15
2025-07-15T23:00:00.000Z,149.045,149.181,148.625,148.761,15
2025-07-16T00:00:00.000Z,148.003,148.054,147.987,148.038,25
2025-07-16T01:00:00.000Z,148.038,148.08,148.022,148.064,25
2025-07-16T02:00:00.000Z,148.064,148.105,148.048,148.089,25
2025-07-16T03:00:00.000Z,148.089,148.12,148.073,148.104,25
2025-07-16T04:00:00.000Z,148.104,148.116,148.064,148.076,30
2025-07-16T05:00:00.000Z,148.076,148.088,148.044,148.056,30
2025-07-16T06:00:00.000Z,148.056,148.068,148.024,148.036,30
2025-07-16T07:00:00.000Z,148.036,148.048,148.011,148.023,30
2025-07-16T08:00:00.000Z,148.023,148.202,147.975,148.154,70
2025-07-16T09:00:00.000Z,148.154,148.303,148.106,148.255,70
2025-07-16T10:00:00.000Z,148.255,148.403,148.207,148.355,70
2025-07-16T11:00:00.000Z,148.355,148.474,148.307,148.426,70
2025-07-16T12:00:00.000Z,148.426,148.597,148.375,148.546,80
2025-07-16T13:00:00.000Z,148.546,148.685,148.495,148.634,80
2025-07-16T14:00:00.000Z,148.634,148.774,148.583,148.723,80
2025-07-16T15:00:00.000Z,148.723,148.83,148.672,148.779,80
2025-07-16T16:00:00.000Z,148.779,148.795,148.728,148.744,30
2025-07-16T17:00:00.000Z,148.744,148.76,148.702,148.718,30
2025-07-16T18:00:00.000Z,148.718,148.734,148.677,148.693,30
2025-07-16T19:00:00.000Z,148.693,148.709,148.662,148.678,30
2025-07-16T20:00:00.000Z,148.678,148.74,148.408,148.47,15
2025-07-16T21:00:00.000Z,148.47,148.532,148.24,148.302,15
2025-07-16T22:00:00.000Z,148.302,148.364,148.071,148.133,15
2025-07-16T23:00:00.000Z,148.133,148.195,147.941,148.003,15
2025-07-17T00:00:00.000Z,148.442,148.476,148.431,148.465,25
2025-07-17T01:00:00.000Z,148.465,148.493,148.454,148.482,25
2025-07-17T02:00:00.000Z,148.482,148.51,148.471,148.499,25
2025-07-17T03:00:00.000Z,148.499,148.52,148.488,148.509,25
2025-07-17T04:00:00.000Z,148.509,148.535,148.453,148.479,30
2025-07-17T05:00:00.000Z,148.479,148.505,148.44,148.466,30
2025-07-17T06:00:00.000Z,148.466,148.492,148.426,148.452,30
2025-07-17T07:00:00.000Z,148.452,148.481,148.426,148.455,30
2025-07-17T08:00:00.000Z,148.455,148.574,148.423,148.542,70
2025-07-17T09:00:00.000Z,148.542,148.641,148.51,148.609,70
2025-07-17T10:00:00.000Z,148.609,148.708,148.577,148.676,70
2025-07-17T11:00:00.000Z,148.676,148.755,148.644,148.723,70
2025-07-17T12:00:00.000Z,148.723,148.816,148.702,148.795,80
2025-07-17T13:00:00.000Z,148.795,148.874,148.774,148.853,80
2025-07-17T14:00:00.000Z,148.853,148.933,148.832,148.912,80
2025-07-17T15:00:00.000Z,148.912,148.978,148.891,148.957,80
2025-07-17T16:00:00.000Z,148.957,148.968,148.923,148.934,30
2025-07-17T17:00:00.000Z,148.934,148.945,148.906,148.917,30
2025-07-17T18:00:00.000Z,148.917,148.928,148.889,148.9,30
2025-07-17T19:00:00.000Z,148.9,148.911,148.879,148.89,30
2025-07-17T20:00:00.000Z,148.89,148.931,148.711,148.752,15
2025-07-17T21:00:00.000Z,148.752,148.793,148.599,148.64,15
2025-07-17T22:00:00.000Z,148.64,148.681,148.487,148.528,15
2025-07-17T23:00:00.000Z,148.528,148.569,148.401,148.442,15
2025-07-20T00:00:00.000Z,148.431,148.497,148.41,148.476,25
2025-07-20T01:00:00.000Z,148.476,148.529,148.455,148.508,25
2025-07-20T02:00:00.000Z,148.508,148.562,148.487,148.541,25
2025-07-20T03:00:00.000Z,148.541,148.581,148.52,148.56,25
2025-07-20T04:00:00.000Z,148.56,148.669,148.357,148.466,30
2025-07-20T05:00:00.000Z,148.466,148.575,148.331,148.44,30
2025-07-20T06:00:00.000Z,148.44,148.549,148.305,148.414,30
2025-07-20T07:00:00.000Z,148.414,148.566,148.305,148.457,30
2025-07-20T08:00:00.000Z,148.457,148.687,148.395,148.625,70
2025-07-20T09:00:00.000Z,148.625,148.816,148.563,148.754,70
2025-07-20T10:00:00.000Z,148.754,148.946,148.692,148.884,70
2025-07-20T11:00:00.000Z,148.884,149.036,148.822,148.974,70
2025-07-20T12:00:00.000Z,148.974,149.154,148.933,149.113,80
2025-07-20T13:00:00.000Z,149.113,149.267,149.072,149.226,80
2025-07-20T14:00:00.000Z,149.226,149.381,149.185,149.34,80
2025-07-20T15:00:00.000Z,149.34,149.468,149.299,149.427,80
2025-07-20T16:00:00.000Z,149.427,149.448,149.361,149.382,30
2025-07-20T17:00:00.000Z,149.382,149.403,149.329,149.35,30
2025-07-20T18:00:00.000Z,149.35,149.371,149.296,149.317,30
2025-07-20T19:00:00.000Z,149.317,149.338,149.277,149.298,30
2025-07-20T20:00:00.000Z,149.298,149.378,148.951,149.031,15
2025-07-20T21:00:00.000Z,149.031,149.111,148.735,148.815,15
2025-07-20T22:00:00.000Z,148.815,148.895,148.518,148.598,15
2025-07-20T23:00:00.000Z,148.598,148.678,148.351,148.431,15
2025-07-21T00:00:00.000Z,147.409,147.489,147.384,147.464,25
2025-07-21T01:00:00.000Z,147.464,147.529,147.439,147.504,25
2025-07-21T02:00:00.000Z,147.504,147.568,147.479,147.543,25
2025-07-21T03:00:00.000Z,147.543,147.592,147.518,147.567,25
2025-07-21T04:00:00.000Z,147.567,147.671,147.366,147.47,30
2025-07-21T05:00:00.000Z,147.47,147.574,147.335,147.439,30
2025-07-21T06:00:00.000Z,147.439,147.543,147.303,147.407,30
2025-07-21T07:00:00.000Z,147.407,147.545,147.303,147.441,30
2025-07-21T08:00:00.000Z,147.441,147.723,147.365,147.647,70
2025-07-21T09:00:00.000Z,147.647,147.882,147.571,147.806,70
2025-07-21T10:00:00.000Z,147.806,148.04,147.73,147.964,70
2025-07-21T11:00:00.000Z,147.964,148.151,147.888,148.075,70
2025-07-21T12:00:00.000Z,148.075,148.296,148.024,148.245,80
2025-07-21T13:00:00.000Z,148.245,148.435,148.194,148.384,80
2025-07-21T14:00:00.000Z,148.384,148.573,148.333,148.522,80
2025-07-21T15:00:00.000Z,148.522,148.68,148.471,148.629,80
2025-07-21T16:00:00.000Z,148.629,148.654,148.549,148.574,30
2025-07-21T17:00:00.000Z,148.574,148.599,148.509,148.534,30
2025-07-21T18:00:00.000Z,148.534,148.559,148.47,148.495,30
2025-07-21T19:00:00.000Z,148.495,148.52,148.446,148.471,30
2025-07-21T20:00:00.000Z,148.471,148.569,148.046,148.144,15
2025-07-21T21:00:00.000Z,148.144,148.242,147.781,147.879,15
2025-07-21T22:00:00.000Z,147.879,147.977,147.515,147.613,15
2025-07-21T23:00:00.000Z,147.613,147.711,147.311,147.409,15
2025-07-22T00:00:00.000Z,146.785,146.839,146.768,146.822,25
2025-07-22T01:00:00.000Z,146.822,146.865,146.805,146.848,25
2025-07-22T02:00:00.000Z,146.848,146.891,146.831,146.874,25
2025-07-22T03:00:00.000Z,146.874,146.907,146.857,146.89,25
2025-07-22T04:00:00.000Z,146.89,146.954,146.765,146.829,30
2025-07-22T05:00:00.000Z,146.829,146.893,146.744,146.808,30
2025-07-22T06:00:00.000Z,146.808,146.872,146.723,146.787,30
2025-07-22T07:00:00.000Z,146.787,146.87,146.723,146.806,30
2025-07-22T08:00:00.000Z,146.806,146.992,146.756,146.942,70
2025-07-22T09:00:00.000Z,146.942,147.097,146.892,147.047,70
2025-07-22T10:00:00.000Z,147.047,147.202,146.997,147.152,70
2025-07-22T11:00:00.000Z,147.152,147.276,147.102,147.226,70
2025-07-22T12:00:00.000Z,147.226,147.373,147.192,147.339,80
2025-07-22T13:00:00.000Z,147.339,147.464,147.305,147.43,80
2025-07-22T14:00:00.000Z,147.43,147.556,147.396,147.522,80
2025-07-22T15:00:00.000Z,147.522,147.627,147.488,147.593,80
2025-07-22T16:00:00.000Z,147.593,147.61,147.539,147.556,30
2025-07-22T17:00:00.000Z,147.556,147.573,147.513,147.53,30
2025-07-22T18:00:00.000Z,147.53,147.547,147.487,147.504,30
2025-07-22T19:00:00.000Z,147.504,147.521,147.471,147.488,30
2025-07-22T20:00:00.000Z,147.488,147.553,147.207,147.272,15
2025-07-22T21:00:00.000Z,147.272,147.337,147.031,147.096,15
2025-07-22T22:00:00.000Z,147.096,147.161,146.855,146.92,15
2025-07-22T23:00:00.000Z,146.92,146.985,146.72,146.785,15
2025-07-23T00:00:00.000Z,146.349,146.404,146.332,146.387,25
2025-07-23T01:00:00.000Z,146.387,146.431,146.37,146.414,25
2025-07-23T02:00:00.000Z,146.414,146.459,146.397,146.442,25
2025-07-23T03:00:00.000Z,146.442,146.475,146.425,146.458,25
2025-07-23T04:00:00.000Z,146.458,146.51,146.351,146.403,30
2025-07-23T05:00:00.000Z,146.403,146.455,146.33,146.382,30
2025-07-23T06:00:00.000Z,146.382,146.434,146.308,146.36,30
2025-07-23T07:00:00.000Z,146.36,146.423,146.308,146.371,30
2025-07-23T08:00:00.000Z,146.371,146.564,146.319,146.512,70
2025-07-23T09:00:00.000Z,146.512,146.673,146.46,146.621,70
2025-07-23T10:00:00.000Z,146.621,146.782,146.569,146.73,70
2025-07-23T11:00:00.000Z,146.73,146.858,146.678,146.806,70
2025-07-23T12:00:00.000Z,146.806,146.958,146.771,146.923,80
2025-07-23T13:00:00.000Z,146.923,147.054,146.888,147.019,80
2025-07-23T14:00:00.000Z,147.019,147.149,146.984,147.114,80
2025-07-23T15:00:00.000Z,147.114,147.223,147.079,147.188,80
2025-07-23T16:00:00.000Z,147.188,147.205,147.133,147.15,30
2025-07-23T17:00:00.000Z,147.15,147.167,147.106,147.123,30
2025-07-23T18:00:00.000Z,147.123,147.14,147.078,147.095,30
2025-07-23T19:00:00.000Z,147.095,147.112,147.062,147.079,30
2025-07-23T20:00:00.000Z,147.079,147.146,146.788,146.855,15
2025-07-23T21:00:00.000Z,146.855,146.922,146.605,146.672,15
2025-07-23T22:00:00.000Z,146.672,146.739,146.423,146.49,15
2025-07-23T23:00:00.000Z,146.49,146.557,146.282,146.349,15
2025-07-24T00:00:00.000Z,147.005,147.059,146.988,147.042,25
2025-07-24T01:00:00.000Z,147.042,147.086,147.025,147.069,25
2025-07-24T02:00:00.000Z,147.069,147.112,147.052,147.095,25
2025-07-24T03:00:00.000Z,147.095,147.128,147.078,147.111,25
2025-07-24T04:00:00.000Z,147.111,147.135,147.051,147.075,30
2025-07-24T05:00:00.000Z,147.075,147.099,147.03,147.054,30
2025-07-24T06:00:00.000Z,147.054,147.078,147.008,147.032,30
2025-07-24T07:00:00.000Z,147.032,147.056,147.002,147.026,30
2025-07-24T08:00:00.000Z,147.026,147.215,146.975,147.164,70
2025-07-24T09:00:00.000Z,147.164,147.321,147.113,147.27,70
2025-07-24T10:00:00.000Z,147.27,147.427,147.219,147.376,70
2025-07-24T11:00:00.000Z,147.376,147.501,147.325,147.45,70
2025-07-24T12:00:00.000Z,147.45,147.611,147.408,147.569,80
2025-07-24T13:00:00.000Z,147.569,147.703,147.527,147.661,80
2025-07-24T14:00:00.000Z,147.661,147.796,147.619,147.754,80
2025-07-24T15:00:00.000Z,147.754,147.862,147.712,147.82,80
2025-07-24T16:00:00.000Z,147.82,147.837,147.766,147.783,30
2025-07-24T17:00:00.000Z,147.783,147.8,147.74,147.757,30
2025-07-24T18:00:00.000Z,147.757,147.774,147.714,147.731,30
2025-07-24T19:00:00.000Z,147.731,147.748,147.698,147.715,30
2025-07-24T20:00:00.000Z,147.715,147.78,147.432,147.497,15
2025-07-24T21:00:00.000Z,147.497,147.562,147.254,147.319,15
2025-07-24T22:00:00.000Z,147.319,147.384,147.077,147.142,15
2025-07-24T23:00:00.000Z,147.142,147.207,146.94,147.005,15
2025-07-27T00:00:00.000Z,147.813,147.862,147.798,147.847,25
2025-07-27T01:00:00.000Z,147.847,147.886,147.832,147.871,25
2025-07-27T02:00:00.000Z,147.871,147.91,147.856,147.895,25
2025-07-27T03:00:00.000Z,147.895,147.924,147.88,147.909,25
2025-07-27T04:00:00.000Z,147.909,147.944,147.833,147.868,30
2025-07-27T05:00:00.000Z,147.868,147.903,147.814,147.849,30
2025-07-27T06:00:00.000Z,147.849,147.884,147.795,147.83,30
2025-07-27T07:00:00.000Z,147.83,147.867,147.795,147.832,30
2025-07-27T08:00:00.000Z,147.832,148.003,147.786,147.957,70
2025-07-27T09:00:00.000Z,147.957,148.099,147.911,148.053,70
2025-07-27T10:00:00.000Z,148.053,148.195,148.007,148.149,70
2025-07-27T11:00:00.000Z,148.149,148.262,148.103,148.216,70
2025-07-27T12:00:00.000Z,148.216,148.35,148.185,148.319,80
2025-07-27T13:00:00.000Z,148.319,148.434,148.288,148.403,80
2025-07-27T14:00:00.000Z,148.403,148.517,148.372,148.486,80
2025-07-27T15:00:00.000Z,148.486,148.582,148.455,148.551,80
2025-07-27T16:00:00.000Z,148.551,148.566,148.503,148.518,30
2025-07-27T17:00:00.000Z,148.518,148.533,148.479,148.494,30
2025-07-27T18:00:00.000Z,148.494,148.509,148.455,148.47,30
2025-07-27T19:00:00.000Z,148.47,148.485,148.441,148.456,30
2025-07-27T20:00:00.000Z,148.456,148.515,148.199,148.258,15
2025-07-27T21:00:00.000Z,148.258,148.317,148.039,148.098,15
2025-07-27T22:00:00.000Z,148.098,148.157,147.878,147.937,15
2025-07-27T23:00:00.000Z,147.937,147.996,147.754,147.813,15
2025-07-28T00:00:00.000Z,148.479,148.511,148.469,148.501,25
2025-07-28T01:00:00.000Z,148.501,148.527,148.491,148.517,25
2025-07-28T02:00:00.000Z,148.517,148.542,148.507,148.532,25
2025-07-28T03:00:00.000Z,148.532,148.552,148.522,148.542,25
2025-07-28T04:00:00.000Z,148.542,148.574,148.477,148.509,30
2025-07-28T05:00:00.000Z,148.509,148.541,148.465,148.497,30
2025-07-28T06:00:00.000Z,148.497,148.529,148.452,148.484,30
2025-07-28T07:00:00.000Z,148.484,148.524,148.452,148.492,30
2025-07-28T08:00:00.000Z,148.492,148.604,148.462,148.574,70
2025-07-28T09:00:00.000Z,148.574,148.666,148.544,148.636,70
2025-07-28T10:00:00.000Z,148.636,148.729,148.606,148.699,70
2025-07-28T11:00:00.000Z,148.699,148.773,148.669,148.743,70
2025-07-28T12:00:00.000Z,148.743,148.831,148.723,148.811,80
2025-07-28T13:00:00.000Z,148.811,148.886,148.791,148.866,80
2025-07-28T14:00:00.000Z,148.866,148.941,148.846,148.921,80
2025-07-28T15:00:00.000Z,148.921,148.983,148.901,148.963,80
2025-07-28T16:00:00.000Z,148.963,148.973,148.931,148.941,30
2025-07-28T17:00:00.000Z,148.941,148.951,148.915,148.925,30
2025-07-28T18:00:00.000Z,148.925,148.935,148.899,148.909,30
2025-07-28T19:00:00.000Z,148.909,148.919,148.89,148.9,30
2025-07-28T20:00:00.000Z,148.9,148.939,148.732,148.771,15
2025-07-28T21:00:00.000Z,148.771,148.81,148.626,148.665,15
2025-07-28T22:00:00.000Z,148.665,148.704,148.521,148.56,15
2025-07-28T23:00:00.000Z,148.56,148.599,148.44,148.479,15
2025-07-29T00:00:00.000Z,148.442,148.508,148.421,148.487,25
2025-07-29T01:00:00.000Z,148.487,148.54,148.466,148.519,25
2025-07-29T02:00:00.000Z,148.519,148.573,148.498,148.552,25
2025-07-29T03:00:00.000Z,148.552,148.592,148.531,148.571,25
2025-07-29T04:00:00.000Z,148.571,148.637,148.438,148.504,30
2025-07-29T05:00:00.000Z,148.504,148.57,148.412,148.478,30
2025-07-29T06:00:00.000Z,148.478,148.544,148.387,148.453,30
2025-07-29T07:00:00.000Z,148.453,148.534,148.387,148.468,30
2025-07-29T08:00:00.000Z,148.468,148.697,148.406,148.635,70
2025-07-29T09:00:00.000Z,148.635,148.826,148.573,148.764,70
2025-07-29T10:00:00.000Z,148.764,148.954,148.702,148.892,70
2025-07-29T11:00:00.000Z,148.892,149.044,148.83,148.982,70
2025-07-29T12:00:00.000Z,148.982,149.161,148.941,149.12,80
2025-07-29T13:00:00.000Z,149.12,149.273,149.079,149.232,80
2025-07-29T14:00:00.000Z,149.232,149.385,149.191,149.344,80
2025-07-29T15:00:00.000Z,149.344,149.472,149.303,149.431,80
2025-07-29T16:00:00.000Z,149.431,149.452,149.365,149.386,30
2025-07-29T17:00:00.000Z,149.386,149.407,149.333,149.354,30
2025-07-29T18:00:00.000Z,149.354,149.375,149.301,149.322,30
2025-07-29T19:00:00.000Z,149.322,149.343,149.282,149.303,30
2025-07-29T20:00:00.000Z,149.303,149.382,148.959,149.038,15
2025-07-29T21:00:00.000Z,149.038,149.117,148.744,148.823,15
2025-07-29T22:00:00.000Z,148.823,148.902,148.529,148.608,15
2025-07-29T23:00:00.000Z,148.608,148.687,148.363,148.442,15
2025-07-30T00:00:00.000Z,149.226,149.329,149.194,149.297,25
2025-07-30T01:00:00.000Z,149.297,149.379,149.265,149.347,25
2025-07-30T02:00:00.000Z,149.347,149.43,149.315,149.398,25
2025-07-30T03:00:00.000Z,149.398,149.46,149.366,149.428,25
2025-07-30T04:00:00.000Z,149.428,149.502,149.267,149.341,30
2025-07-30T05:00:00.000Z,149.341,149.415,149.227,149.301,30
2025-07-30T06:00:00.000Z,149.301,149.375,149.186,149.26,30
2025-07-30T07:00:00.000Z,149.26,149.34,149.186,149.266,30
2025-07-30T08:00:00.000Z,149.266,149.627,149.169,149.53,70
2025-07-30T09:00:00.000Z,149.53,149.829,149.433,149.732,70
2025-07-30T10:00:00.000Z,149.732,150.032,149.635,149.935,70
2025-07-30T11:00:00.000Z,149.935,150.174,149.838,150.077,70
2025-07-30T12:00:00.000Z,150.077,150.359,150.012,150.294,80
2025-07-30T13:00:00.000Z,150.294,150.536,150.229,150.471,80
2025-07-30T14:00:00.000Z,150.471,150.714,150.406,150.649,80
2025-07-30T15:00:00.000Z,150.649,150.85,150.584,150.785,80
2025-07-30T16:00:00.000Z,150.785,150.817,150.682,150.714,30
2025-07-30T17:00:00.000Z,150.714,150.746,150.632,150.664,30
2025-07-30T18:00:00.000Z,150.664,150.696,150.581,150.613,30
2025-07-30T19:00:00.000Z,150.613,150.645,150.551,150.583,30
2025-07-30T20:00:00.000Z,150.583,150.708,150.041,150.166,15
2025-07-30T21:00:00.000Z,150.166,150.291,149.702,149.827,15
2025-07-30T22:00:00.000Z,149.827,149.952,149.362,149.487,15
2025-07-30T23:00:00.000Z,149.487,149.612,149.101,149.226,15
2025-07-31T00:00:00.000Z,150.772,150.937,150.72,150.885,25
2025-07-31T01:00:00.000Z,150.885,151.018,150.833,150.966,25
2025-07-31T02:00:00.000Z,150.966,151.099,150.914,151.047,25
2025-07-31T03:00:00.000Z,151.047,151.147,150.995,151.095,25
2025-07-31T04:00:00.000Z,151.095,151.381,150.566,150.852,30
2025-07-31T05:00:00.000Z,150.852,151.138,150.501,150.787,30
2025-07-31T06:00:00.000Z,150.787,151.073,150.437,150.723,30
2025-07-31T07:00:00.000Z,150.723,151.123,150.437,150.837,30
2025-07-31T08:00:00.000Z,150.837,151.412,150.682,151.257,70
2025-07-31T09:00:00.000Z,151.257,151.736,151.102,151.581,70
2025-07-31T10:00:00.000Z,151.581,152.059,151.426,151.904,70
2025-07-31T11:00:00.000Z,151.904,152.285,151.749,152.13,70
2025-07-31T12:00:00.000Z,152.13,152.581,152.027,152.478,80
2025-07-31T13:00:00.000Z,152.478,152.864,152.375,152.761,80
2025-07-31T14:00:00.000Z,152.761,153.147,152.658,153.044,80
2025-07-31T15:00:00.000Z,153.044,153.365,152.941,153.262,80
2025-07-31T16:00:00.000Z,153.262,153.314,153.097,153.149,30
2025-07-31T17:00:00.000Z,153.149,153.201,153.016,153.068,30
2025-07-31T18:00:00.000Z,153.068,153.12,152.935,152.987,30
2025-07-31T19:00:00.000Z,152.987,153.039,152.887,152.939,30
2025-07-31T20:00:00.000Z,152.939,153.138,152.074,152.273,15
2025-07-31T21:00:00.000Z,152.273,152.472,151.532,151.731,15
2025-07-31T22:00:00.000Z,151.731,151.93,150.99,151.189,15
2025-07-31T23:00:00.000Z,151.189,151.388,150.573,150.772,15
2025-08-03T00:00:00.000Z,147.343,147.404,147.324,147.385,25
2025-08-03T01:00:00.000Z,147.385,147.433,147.366,147.414,25
2025-08-03T02:00:00.000Z,147.414,147.463,147.395,147.444,25
2025-08-03T03:00:00.000Z,147.444,147.481,147.425,147.462,25
2025-08-03T04:00:00.000Z,147.462,147.513,147.355,147.406,30
2025-08-03T05:00:00.000Z,147.406,147.457,147.331,147.382,30
2025-08-03T06:00:00.000Z,147.382,147.433,147.308,147.359,30
2025-08-03T07:00:00.000Z,147.359,147.418,147.308,147.367,30
2025-08-03T08:00:00.000Z,147.367,147.578,147.31,147.521,70
2025-08-03T09:00:00.000Z,147.521,147.697,147.464,147.64,70
2025-08-03T10:00:00.000Z,147.64,147.816,147.583,147.759,70
2025-08-03T11:00:00.000Z,147.759,147.899,147.702,147.842,70
2025-08-03T12:00:00.000Z,147.842,148.008,147.804,147.97,80
2025-08-03T13:00:00.000Z,147.97,148.112,147.932,148.074,80
2025-08-03T14:00:00.000Z,148.074,148.217,148.036,148.179,80
2025-08-03T15:00:00.000Z,148.179,148.297,148.141,148.259,80
2025-08-03T16:00:00.000Z,148.259,148.278,148.198,148.217,30
2025-08-03T17:00:00.000Z,148.217,148.236,148.169,148.188,30
2025-08-03T18:00:00.000Z,148.188,148.207,148.139,148.158,30
2025-08-03T19:00:00.000Z,148.158,148.177,148.121,148.14,30
2025-08-03T20:00:00.000Z,148.14,148.213,147.822,147.895,15
2025-08-03T21:00:00.000Z,147.895,147.968,147.623,147.696,15
2025-08-03T22:00:00.000Z,147.696,147.769,147.423,147.496,15
2025-08-03T23:00:00.000Z,147.496,147.569,147.27,147.343,15
2025-08-04T00:00:00.000Z,146.793,146.854,146.774,146.835,25
2025-08-04T01:00:00.000Z,146.835,146.885,146.816,146.866,25
2025-08-04T02:00:00.000Z,146.866,146.915,146.847,146.896,25
2025-08-04T03:00:00.000Z,146.896,146.933,146.877,146.914,25
2025-08-04T04:00:00.000Z,146.914,146.943,146.843,146.872,30
2025-08-04T05:00:00.000Z,146.872,146.901,146.819,146.848,30
2025-08-04T06:00:00.000Z,146.848,146.877,146.794,146.823,30
2025-08-04T07:00:00.000Z,146.823,146.852,146.788,146.817,30
2025-08-04T08:00:00.000Z,146.817,147.032,146.759,146.974,70
2025-08-04T09:00:00.000Z,146.974,147.153,146.916,147.095,70
2025-08-04T10:00:00.000Z,147.095,147.274,147.037,147.216,70
2025-08-04T11:00:00.000Z,147.216,147.359,147.158,147.301,70
2025-08-04T12:00:00.000Z,147.301,147.483,147.254,147.436,80
2025-08-04T13:00:00.000Z,147.436,147.589,147.389,147.542,80
2025-08-04T14:00:00.000Z,147.542,147.695,147.495,147.648,80
2025-08-04T15:00:00.000Z,147.648,147.772,147.601,147.725,80
2025-08-04T16:00:00.000Z,147.725,147.744,147.664,147.683,30
2025-08-04T17:00:00.000Z,147.683,147.702,147.633,147.652,30
2025-08-04T18:00:00.000Z,147.652,147.671,147.603,147.622,30
2025-08-04T19:00:00.000Z,147.622,147.641,147.585,147.604,30
2025-08-04T20:00:00.000Z,147.604,147.679,147.28,147.355,15
2025-08-04T21:00:00.000Z,147.355,147.43,147.077,147.152,15
2025-08-04T22:00:00.000Z,147.152,147.227,146.874,146.949,15
2025-08-04T23:00:00.000Z,146.949,147.024,146.718,146.793,15
2025-08-05T00:00:00.000Z,147.56,147.592,147.55,147.582,25
2025-08-05T01:00:00.000Z,147.582,147.608,147.572,147.598,25
2025-08-05T02:00:00.000Z,147.598,147.624,147.588,147.614,25
2025-08-05T03:00:00.000Z,147.614,147.634,147.604,147.624,25
2025-08-05T04:00:00.000Z,147.624,147.658,147.556,147.59,30
2025-08-05T05:00:00.000Z,147.59,147.624,147.543,147.577,30
2025-08-05T06:00:00.000Z,147.577,147.611,147.53,147.564,30
2025-08-05T07:00:00.000Z,147.564,147.607,147.53,147.573,30
2025-08-05T08:00:00.000Z,147.573,147.688,147.542,147.657,70
2025-08-05T09:00:00.000Z,147.657,147.752,147.626,147.721,70
2025-08-05T10:00:00.000Z,147.721,147.817,147.69,147.786,70
2025-08-05T11:00:00.000Z,147.786,147.862,147.755,147.831,70
2025-08-05T12:00:00.000Z,147.831,147.921,147.81,147.9,80
2025-08-05T13:00:00.000Z,147.9,147.978,147.879,147.957,80
2025-08-05T14:00:00.000Z,147.957,148.034,147.936,148.013,80
2025-08-05T15:00:00.000Z,148.013,148.078,147.992,148.057,80
2025-08-05T16:00:00.000Z,148.057,148.067,148.024,148.034,30
2025-08-05T17:00:00.000Z,148.034,148.044,148.008,148.018,30
2025-08-05T18:00:00.000Z,148.018,148.028,147.992,148.002,30
2025-08-05T19:00:00.000Z,148.002,148.012,147.982,147.992,30
2025-08-05T20:00:00.000Z,147.992,148.032,147.819,147.859,15
2025-08-05T21:00:00.000Z,147.859,147.899,147.711,147.751,15
2025-08-05T22:00:00.000Z,147.751,147.791,147.603,147.643,15
2025-08-05T23:00:00.000Z,147.643,147.683,147.52,147.56,15
2025-08-06T00:00:00.000Z,147.193,147.244,147.177,147.228,25
2025-08-06T01:00:00.000Z,147.228,147.268,147.212,147.252,25
2025-08-06T02:00:00.000Z,147.252,147.293,147.236,147.277,25
2025-08-06T03:00:00.000Z,147.277,147.308,147.261,147.292,25
2025-08-06T04:00:00.000Z,147.292,147.343,147.189,147.24,30
2025-08-06T05:00:00.000Z,147.24,147.291,147.169,147.22,30
2025-08-06T06:00:00.000Z,147.22,147.271,147.15,147.201,30
2025-08-06T07:00:00.000Z,147.201,147.264,147.15,147.213,30
2025-08-06T08:00:00.000Z,147.213,147.39,147.165,147.342,70
2025-08-06T09:00:00.000Z,147.342,147.489,147.294,147.441,70
2025-08-06T10:00:00.000Z,147.441,147.589,147.393,147.541,70
2025-08-06T11:00:00.000Z,147.541,147.658,147.493,147.61,70
2025-08-06T12:00:00.000Z,147.61,147.749,147.578,147.717,80
2025-08-06T13:00:00.000Z,147.717,147.836,147.685,147.804,80
2025-08-06T14:00:00.000Z,147.804,147.923,147.772,147.891,80
2025-08-06T15:00:00.000Z,147.891,147.99,147.859,147.958,80
2025-08-06T16:00:00.000Z,147.958,147.974,147.907,147.923,30
2025-08-06T17:00:00.000Z,147.923,147.939,147.883,147.899,30
2025-08-06T18:00:00.000Z,147.899,147.915,147.858,147.874,30
2025-08-06T19:00:00.000Z,147.874,147.89,147.843,147.859,30
2025-08-06T20:00:00.000Z,147.859,147.92,147.593,147.654,15
2025-08-06T21:00:00.000Z,147.654,147.715,147.427,147.488,15
2025-08-06T22:00:00.000Z,147.488,147.549,147.26,147.321,15
2025-08-06T23:00:00.000Z,147.321,147.382,147.132,147.193,15
2025-08-07T00:00:00.000Z,146.837,146.894,146.819,146.876,25
2025-08-07T01:00:00.000Z,146.876,146.922,146.858,146.904,25
2025-08-07T02:00:00.000Z,146.904,146.949,146.886,146.931,25
2025-08-07T03:00:00.000Z,146.931,146.966,146.913,146.948,25
2025-08-07T04:00:00.000Z,146.948,146.967,146.895,146.914,30
2025-08-07T05:00:00.000Z,146.914,146.933,146.873,146.892,30
2025-08-07T06:00:00.000Z,146.892,146.911,146.851,146.87,30
2025-08-07T07:00:00.000Z,146.87,146.889,146.84,146.859,30
2025-08-07T08:00:00.000Z,146.859,147.056,146.806,147.003,70
2025-08-07T09:00:00.000Z,147.003,147.167,146.95,147.114,70
2025-08-07T10:00:00.000Z,147.114,147.278,147.061,147.225,70
2025-08-07T11:00:00.000Z,147.225,147.356,147.172,147.303,70
2025-08-07T12:00:00.000Z,147.303,147.483,147.252,147.432,80
2025-08-07T13:00:00.000Z,147.432,147.58,147.381,147.529,80
2025-08-07T14:00:00.000Z,147.529,147.677,147.478,147.626,80
2025-08-07T15:00:00.000Z,147.626,147.743,147.575,147.692,80
2025-08-07T16:00:00.000Z,147.692,147.71,147.635,147.653,30
2025-08-07T17:00:00.000Z,147.653,147.671,147.607,147.625,30
2025-08-07T18:00:00.000Z,147.625,147.643,147.58,147.598,30
2025-08-07T19:00:00.000Z,147.598,147.616,147.563,147.581,30
2025-08-07T20:00:00.000Z,147.581,147.649,147.284,147.352,15
2025-08-07T21:00:00.000Z,147.352,147.42,147.098,147.166,15
2025-08-07T22:00:00.000Z,147.166,147.234,146.912,146.98,15
2025-08-07T23:00:00.000Z,146.98,147.048,146.769,146.837,15
2025-08-10T00:00:00.000Z,147.664,147.702,147.652,147.69,25
2025-08-10T01:00:00.000Z,147.69,147.721,147.678,147.709,25
2025-08-10T02:00:00.000Z,147.709,147.74,147.697,147.728,25
2025-08-10T03:00:00.000Z,147.728,147.751,147.716,147.739,25
2025-08-10T04:00:00.000Z,147.739,147.773,147.669,147.703,30
2025-08-10T05:00:00.000Z,147.703,147.737,147.654,147.688,30
2025-08-10T06:00:00.000Z,147.688,147.722,147.639,147.673,30
2025-08-10T07:00:00.000Z,147.673,147.713,147.639,147.679,30
2025-08-10T08:00:00.000Z,147.679,147.812,147.643,147.776,70
2025-08-10T09:00:00.000Z,147.776,147.886,147.74,147.85,70
2025-08-10T10:00:00.000Z,147.85,147.961,147.814,147.925,70
2025-08-10T11:00:00.000Z,147.925,148.013,147.889,147.977,70
2025-08-10T12:00:00.000Z,147.977,148.081,147.953,148.057,80
2025-08-10T13:00:00.000Z,148.057,148.146,148.033,148.122,80
2025-08-10T14:00:00.000Z,148.122,148.212,148.098,148.188,80
2025-08-10T15:00:00.000Z,148.188,148.262,148.164,148.238,80
2025-08-10T16:00:00.000Z,148.238,148.25,148.2,148.212,30
2025-08-10T17:00:00.000Z,148.212,148.224,148.182,148.194,30
2025-08-10T18:00:00.000Z,148.194,148.206,148.163,148.175,30
2025-08-10T19:00:00.000Z,148.175,148.187,148.152,148.164,30
2025-08-10T20:00:00.000Z,148.164,148.21,147.964,148.01,15
2025-08-10T21:00:00.000Z,148.01,148.056,147.839,147.885,15
2025-08-10T22:00:00.000Z,147.885,147.931,147.714,147.76,15
2025-08-10T23:00:00.000Z,147.76,147.806,147.618,147.664,15
2025-08-11T00:00:00.000Z,148.125,148.17,148.111,148.156,25
2025-08-11T01:00:00.000Z,148.156,148.193,148.142,148.179,25
2025-08-11T02:00:00.000Z,148.179,148.215,148.165,148.201,25
2025-08-11T03:00:00.000Z,148.201,148.229,148.187,148.215,25
2025-08-11T04:00:00.000Z,148.215,148.267,148.112,148.164,30
2025-08-11T05:00:00.000Z,148.164,148.216,148.094,148.146,30
2025-08-11T06:00:00.000Z,148.146,148.198,148.076,148.128,30
2025-08-11T07:00:00.000Z,148.128,148.195,148.076,148.143,30
2025-08-11T08:00:00.000Z,148.143,148.303,148.1,148.26,70
2025-08-11T09:00:00.000Z,148.26,148.393,148.217,148.35,70
2025-08-11T10:00:00.000Z,148.35,148.483,148.307,148.44,70
2025-08-11T11:00:00.000Z,148.44,148.546,148.397,148.503,70
2025-08-11T12:00:00.000Z,148.503,148.628,148.474,148.599,80
2025-08-11T13:00:00.000Z,148.599,148.707,148.57,148.678,80
2025-08-11T14:00:00.000Z,148.678,148.785,148.649,148.756,80
2025-08-11T15:00:00.000Z,148.756,148.846,148.727,148.817,80
2025-08-11T16:00:00.000Z,148.817,148.831,148.772,148.786,30
2025-08-11T17:00:00.000Z,148.786,148.8,148.749,148.763,30
2025-08-11T18:00:00.000Z,148.763,148.777,148.726,148.74,30
2025-08-11T19:00:00.000Z,148.74,148.754,148.713,148.727,30
2025-08-11T20:00:00.000Z,148.727,148.782,148.487,148.542,15
2025-08-11T21:00:00.000Z,148.542,148.597,148.336,148.391,15
2025-08-11T22:00:00.000Z,148.391,148.446,148.186,148.241,15
2025-08-11T23:00:00.000Z,148.241,148.296,148.07,148.125,15
2025-08-12T00:00:00.000Z,147.758,147.812,147.741,147.795,25
2025-08-12T01:00:00.000Z,147.795,147.839,147.778,147.822,25
2025-08-12T02:00:00.000Z,147.822,147.865,147.805,147.848,25
2025-08-12T03:00:00.000Z,147.848,147.881,147.831,147.864,25
2025-08-12T04:00:00.000Z,147.864,147.929,147.737,147.802,30
2025-08-12T05:00:00.000Z,147.802,147.867,147.716,147.781,30
2025-08-12T06:00:00.000Z,147.781,147.846,147.695,147.76,30
2025-08-12T07:00:00.000Z,147.76,147.844,147.695,147.779,30
2025-08-12T08:00:00.000Z,147.779,147.967,147.728,147.916,70
2025-08-12T09:00:00.000Z,147.916,148.073,147.865,148.022,70
2025-08-12T10:00:00.000Z,148.022,148.179,147.971,148.128,70
2025-08-12T11:00:00.000Z,148.128,148.253,148.077,148.202,70
2025-08-12T12:00:00.000Z,148.202,148.35,148.168,148.316,80
2025-08-12T13:00:00.000Z,148.316,148.442,148.282,148.408,80
2025-08-12T14:00:00.000Z,148.408,148.535,148.374,148.501,80
2025-08-12T15:00:00.000Z,148.501,148.606,148.467,148.572,80
2025-08-12T16:00:00.000Z,148.572,148.589,148.518,148.535,30
2025-08-12T17:00:00.000Z,148.535,148.552,148.491,148.508,30
2025-08-12T18:00:00.000Z,148.508,148.525,148.465,148.482,30
2025-08-12T19:00:00.000Z,148.482,148.499,148.449,148.466,30
2025-08-12T20:00:00.000Z,148.466,148.531,148.183,148.248,15
2025-08-12T21:00:00.000Z,148.248,148.313,148.006,148.071,15
2025-08-12T22:00:00.000Z,148.071,148.136,147.829,147.894,15
2025-08-12T23:00:00.000Z,147.894,147.959,147.693,147.758,15
2025-08-13T00:00:00.000Z,147.12,147.2,147.095,147.175,25
2025-08-13T01:00:00.000Z,147.175,147.24,147.15,147.215,25
2025-08-13T02:00:00.000Z,147.215,147.279,147.19,147.254,25
2025-08-13T03:00:00.000Z,147.254,147.303,147.229,147.278,25
2025-08-13T04:00:00.000Z,147.278,147.369,147.099,147.19,30
2025-08-13T05:00:00.000Z,147.19,147.281,147.067,147.158,30
2025-08-13T06:00:00.000Z,147.158,147.249,147.036,147.127,30
2025-08-13T07:00:00.000Z,147.127,147.243,147.036,147.152,30
2025-08-13T08:00:00.000Z,147.152,147.433,147.076,147.357,70
2025-08-13T09:00:00.000Z,147.357,147.59,147.281,147.514,70
2025-08-13T10:00:00.000Z,147.514,147.748,147.438,147.672,70
2025-08-13T11:00:00.000Z,147.672,147.858,147.596,147.782,70
2025-08-13T12:00:00.000Z,147.782,148.002,147.732,147.952,80
2025-08-13T13:00:00.000Z,147.952,148.14,147.902,148.09,80
2025-08-13T14:00:00.000Z,148.09,148.278,148.04,148.228,80
2025-08-13T15:00:00.000Z,148.228,148.384,148.178,148.334,80
2025-08-13T16:00:00.000Z,148.334,148.359,148.254,148.279,30
2025-08-13T17:00:00.000Z,148.279,148.304,148.214,148.239,30
2025-08-13T18:00:00.000Z,148.239,148.264,148.175,148.2,30
2025-08-13T19:00:00.000Z,148.2,148.225,148.151,148.176,30
2025-08-13T20:00:00.000Z,148.176,148.273,147.754,147.851,15
2025-08-13T21:00:00.000Z,147.851,147.948,147.49,147.587,15
2025-08-13T22:00:00.000Z,147.587,147.684,147.226,147.323,15
2025-08-13T23:00:00.000Z,147.323,147.42,147.023,147.12,15
2025-08-14T00:00:00.000Z,147.691,147.74,147.676,147.725,25
2025-08-14T01:00:00.000Z,147.725,147.764,147.71,147.749,25
2025-08-14T02:00:00.000Z,147.749,147.788,147.734,147.773,25
2025-08-14T03:00:00.000Z,147.773,147.802,147.758,147.787,25
2025-08-14T04:00:00.000Z,147.787,147.873,147.628,147.714,30
2025-08-14T05:00:00.000Z,147.714,147.8,147.609,147.695,30
2025-08-14T06:00:00.000Z,147.695,147.781,147.589,147.675,30
2025-08-14T07:00:00.000Z,147.675,147.796,147.589,147.71,30
2025-08-14T08:00:00.000Z,147.71,147.88,147.664,147.834,70
2025-08-14T09:00:00.000Z,147.834,147.976,147.788,147.93,70
2025-08-14T10:00:00.000Z,147.93,148.072,147.884,148.026,70
2025-08-14T11:00:00.000Z,148.026,148.139,147.98,148.093,70
2025-08-14T12:00:00.000Z,148.093,148.227,148.062,148.196,80
2025-08-14T13:00:00.000Z,148.196,148.311,148.165,148.28,80
2025-08-14T14:00:00.000Z,148.28,148.394,148.249,148.363,80
2025-08-14T15:00:00.000Z,148.363,148.459,148.332,148.428,80
2025-08-14T16:00:00.000Z,148.428,148.443,148.379,148.394,30
2025-08-14T17:00:00.000Z,148.394,148.409,148.355,148.37,30
2025-08-14T18:00:00.000Z,148.37,148.385,148.331,148.346,30
2025-08-14T19:00:00.000Z,148.346,148.361,148.317,148.332,30
2025-08-14T20:00:00.000Z,148.332,148.391,148.076,148.135,15
2025-08-14T21:00:00.000Z,148.135,148.194,147.916,147.975,15
2025-08-14T22:00:00.000Z,147.975,148.034,147.755,147.814,15
2025-08-14T23:00:00.000Z,147.814,147.873,147.632,147.691,15
2025-08-17T00:00:00.000Z,147.264,147.308,147.25,147.294,25
2025-08-17T01:00:00.000Z,147.294,147.329,147.28,147.315,25
2025-08-17T02:00:00.000Z,147.315,147.35,147.301,147.336,25
2025-08-17T03:00:00.000Z,147.336,147.363,147.322,147.349,25
2025-08-17T04:00:00.000Z,147.349,147.37,147.298,147.319,30
2025-08-17T05:00:00.000Z,147.319,147.34,147.281,147.302,30
2025-08-17T06:00:00.000Z,147.302,147.323,147.264,147.285,30
2025-08-17T07:00:00.000Z,147.285,147.306,147.26,147.281,30
2025-08-17T08:00:00.000Z,147.281,147.433,147.24,147.392,70
2025-08-17T09:00:00.000Z,147.392,147.519,147.351,147.478,70
2025-08-17T10:00:00.000Z,147.478,147.604,147.437,147.563,70
2025-08-17T11:00:00.000Z,147.563,147.664,147.522,147.623,70
2025-08-17T12:00:00.000Z,147.623,147.75,147.591,147.718,80
2025-08-17T13:00:00.000Z,147.718,147.825,147.686,147.793,80
2025-08-17T14:00:00.000Z,147.793,147.899,147.761,147.867,80
2025-08-17T15:00:00.000Z,147.867,147.954,147.835,147.922,80
2025-08-17T16:00:00.000Z,147.922,147.936,147.878,147.892,30
2025-08-17T17:00:00.000Z,147.892,147.906,147.856,147.87,30
2025-08-17T18:00:00.000Z,147.87,147.884,147.835,147.849,30
2025-08-17T19:00:00.000Z,147.849,147.863,147.822,147.836,30
2025-08-17T20:00:00.000Z,147.836,147.889,147.607,147.66,15
2025-08-17T21:00:00.000Z,147.66,147.713,147.464,147.517,15
2025-08-17T22:00:00.000Z,147.517,147.57,147.321,147.374,15
2025-08-17T23:00:00.000Z,147.374,147.427,147.211,147.264,15
2025-08-18T00:00:00.000Z,147.916,147.944,147.907,147.935,25
2025-08-18T01:00:00.000Z,147.935,147.958,147.926,147.949,25
2025-08-18T02:00:00.000Z,147.949,147.972,147.94,147.963,25
2025-08-18T03:00:00.000Z,147.963,147.98,147.954,147.971,25
2025-08-18T04:00:00.000Z,147.971,148.007,147.901,147.937,30
2025-08-18T05:00:00.000Z,147.937,147.973,147.89,147.926,30
2025-08-18T06:00:00.000Z,147.926,147.962,147.879,147.915,30
2025-08-18T07:00:00.000Z,147.915,147.963,147.879,147.927,30
2025-08-18T08:00:00.000Z,147.927,148.024,147.901,147.998,70
2025-08-18T09:00:00.000Z,147.998,148.079,147.972,148.053,70
2025-08-18T10:00:00.000Z,148.053,148.134,148.027,148.108,70
2025-08-18T11:00:00.000Z,148.108,148.172,148.082,148.146,70
2025-08-18T12:00:00.000Z,148.146,148.223,148.128,148.205,80
2025-08-18T13:00:00.000Z,148.205,148.27,148.187,148.252,80
2025-08-18T14:00:00.000Z,148.252,148.318,148.234,148.3,80
2025-08-18T15:00:00.000Z,148.3,148.355,148.282,148.337,80
2025-08-18T16:00:00.000Z,148.337,148.346,148.309,148.318,30
2025-08-18T17:00:00.000Z,148.318,148.327,148.295,148.304,30
2025-08-18T18:00:00.000Z,148.304,148.313,148.281,148.29,30
2025-08-18T19:00:00.000Z,148.29,148.299,148.273,148.282,30
2025-08-18T20:00:00.000Z,148.282,148.316,148.135,148.169,15
2025-08-18T21:00:00.000Z,148.169,148.203,148.044,148.078,15
2025-08-18T22:00:00.000Z,148.078,148.112,147.952,147.986,15
2025-08-18T23:00:00.000Z,147.986,148.02,147.882,147.916,15
2025-08-19T00:00:00.000Z,147.731,147.779,147.716,147.764,25
2025-08-19T01:00:00.000Z,147.764,147.802,147.749,147.787,25
2025-08-19T02:00:00.000Z,147.787,147.825,147.772,147.81,25
2025-08-19T03:00:00.000Z,147.81,147.839,147.795,147.824,25
2025-08-19T04:00:00.000Z,147.824,147.903,147.677,147.756,30
2025-08-19T05:00:00.000Z,147.756,147.835,147.659,147.738,30
2025-08-19T06:00:00.000Z,147.738,147.817,147.64,147.719,30
2025-08-19T07:00:00.000Z,147.719,147.829,147.64,147.75,30
2025-08-19T08:00:00.000Z,147.75,147.914,147.706,147.87,70
2025-08-19T09:00:00.000Z,147.87,148.007,147.826,147.963,70
2025-08-19T10:00:00.000Z,147.963,148.099,147.919,148.055,70
2025-08-19T11:00:00.000Z,148.055,148.164,148.011,148.12,70
2025-08-19T12:00:00.000Z,148.12,148.249,148.09,148.219,80
2025-08-19T13:00:00.000Z,148.219,148.33,148.189,148.3,80
2025-08-19T14:00:00.000Z,148.3,148.411,148.27,148.381,80
2025-08-19T15:00:00.000Z,148.381,148.473,148.351,148.443,80
2025-08-19T16:00:00.000Z,148.443,148.458,148.396,148.411,30
2025-08-19T17:00:00.000Z,148.411,148.426,148.373,148.388,30
2025-08-19T18:00:00.000Z,148.388,148.403,148.35,148.365,30
2025-08-19T19:00:00.000Z,148.365,148.38,148.336,148.351,30
2025-08-19T20:00:00.000Z,148.351,148.408,148.103,148.16,15
2025-08-19T21:00:00.000Z,148.16,148.217,147.948,148.005,15
2025-08-19T22:00:00.000Z,148.005,148.062,147.793,147.85,15
2025-08-19T23:00:00.000Z,147.85,147.907,147.674,147.731,15
2025-08-20T00:00:00.000Z,147.318,147.375,147.3,147.357,25
2025-08-20T01:00:00.000Z,147.357,147.403,147.339,147.385,25
2025-08-20T02:00:00.000Z,147.385,147.43,147.367,147.412,25
2025-08-20T03:00:00.000Z,147.412,147.447,147.394,147.429,25
2025-08-20T04:00:00.000Z,147.429,147.447,147.378,147.396,30
2025-08-20T05:00:00.000Z,147.396,147.414,147.355,147.373,30
2025-08-20T06:00:00.000Z,147.373,147.391,147.333,147.351,30
2025-08-20T07:00:00.000Z,147.351,147.369,147.322,147.34,30
2025-08-20T08:00:00.000Z,147.34,147.537,147.287,147.484,70
2025-08-20T09:00:00.000Z,147.484,147.648,147.431,147.595,70
2025-08-20T10:00:00.000Z,147.595,147.759,147.542,147.706,70
2025-08-20T11:00:00.000Z,147.706,147.836,147.653,147.783,70
2025-08-20T12:00:00.000Z,147.783,147.963,147.732,147.912,80
2025-08-20T13:00:00.000Z,147.912,148.06,147.861,148.009,80
2025-08-20T14:00:00.000Z,148.009,148.156,147.958,148.105,80
2025-08-20T15:00:00.000Z,148.105,148.221,148.054,148.17,80
2025-08-20T16:00:00.000Z,148.17,148.188,148.113,148.131,30
2025-08-20T17:00:00.000Z,148.131,148.149,148.086,148.104,30
2025-08-20T18:00:00.000Z,148.104,148.122,148.058,148.076,30
2025-08-20T19:00:00.000Z,148.076,148.094,148.042,148.06,30
2025-08-20T20:00:00.000Z,148.06,148.128,147.764,147.832,15
2025-08-20T21:00:00.000Z,147.832,147.9,147.578,147.646,15
2025-08-20T22:00:00.000Z,147.646,147.714,147.393,147.461,15
2025-08-20T23:00:00.000Z,147.461,147.529,147.25,147.318,15
2025-08-21T00:00:00.000Z,148.386,148.497,148.351,148.462,25
2025-08-21T01:00:00.000Z,148.462,148.552,148.427,148.517,25
2025-08-21T02:00:00.000Z,148.517,148.606,148.482,148.571,25
2025-08-21T03:00:00.000Z,148.571,148.639,148.536,148.604,25
2025-08-21T04:00:00.000Z,148.604,148.774,148.284,148.454,30
2025-08-21T05:00:00.000Z,148.454,148.624,148.241,148.411,30
2025-08-21T06:00:00.000Z,148.411,148.581,148.197,148.367,30
2025-08-21T07:00:00.000Z,148.367,148.6,148.197,148.43,30
2025-08-21T08:00:00.000Z,148.43,148.818,148.325,148.713,70
2025-08-21T09:00:00.000Z,148.713,149.036,148.608,148.931,70
2025-08-21T10:00:00.000Z,148.931,149.254,148.826,149.149,70
2025-08-21T11:00:00.000Z,149.149,149.406,149.044,149.301,70
2025-08-21T12:00:00.000Z,149.301,149.605,149.231,149.535,80
2025-08-21T13:00:00.000Z,149.535,149.796,149.465,149.726,80
2025-08-21T14:00:00.000Z,149.726,149.986,149.656,149.916,80
2025-08-21T15:00:00.000Z,149.916,150.133,149.846,150.063,80
2025-08-21T16:00:00.000Z,150.063,150.098,149.952,149.987,30
2025-08-21T17:00:00.000Z,149.987,150.022,149.897,149.932,30
2025-08-21T18:00:00.000Z,149.932,149.967,149.843,149.878,30
2025-08-21T19:00:00.000Z,149.878,149.913,149.81,149.845,30
2025-08-21T20:00:00.000Z,149.845,149.979,149.262,149.396,15
2025-08-21T21:00:00.000Z,149.396,149.53,148.898,149.032,15
2025-08-21T22:00:00.000Z,149.032,149.166,148.533,148.667,15
2025-08-21T23:00:00.000Z,148.667,148.801,148.252,148.386,15
2025-08-24T00:00:00.000Z,147.215,147.244,147.206,147.235,25
2025-08-24T01:00:00.000Z,147.235,147.258,147.226,147.249,25
2025-08-24T02:00:00.000Z,147.249,147.272,147.24,147.263,25
2025-08-24T03:00:00.000Z,147.263,147.281,147.254,147.272,25
2025-08-24T04:00:00.000Z,147.272,147.288,147.234,147.25,30
2025-08-24T05:00:00.000Z,147.25,147.266,147.223,147.239,30
2025-08-24T06:00:00.000Z,147.239,147.255,147.211,147.227,30
2025-08-24T07:00:00.000Z,147.227,147.243,147.21,147.226,30
2025-08-24T08:00:00.000Z,147.226,147.327,147.199,147.3,70
2025-08-24T09:00:00.000Z,147.3,147.384,147.273,147.357,70
2025-08-24T10:00:00.000Z,147.357,147.441,147.33,147.414,70
2025-08-24T11:00:00.000Z,147.414,147.481,147.387,147.454,70
2025-08-24T12:00:00.000Z,147.454,147.535,147.435,147.516,80
2025-08-24T13:00:00.000Z,147.516,147.584,147.497,147.565,80
2025-08-24T14:00:00.000Z,147.565,147.634,147.546,147.615,80
2025-08-24T15:00:00.000Z,147.615,147.671,147.596,147.652,80
2025-08-24T16:00:00.000Z,147.652,147.661,147.623,147.632,30
2025-08-24T17:00:00.000Z,147.632,147.641,147.609,147.618,30
2025-08-24T18:00:00.000Z,147.618,147.627,147.595,147.604,30
2025-08-24T19:00:00.000Z,147.604,147.613,147.587,147.596,30
2025-08-24T20:00:00.000Z,147.596,147.631,147.444,147.479,15
2025-08-24T21:00:00.000Z,147.479,147.514,147.349,147.384,15
2025-08-24T22:00:00.000Z,147.384,147.419,147.253,147.288,15
2025-08-24T23:00:00.000Z,147.288,147.323,147.18,147.215,15
2025-08-25T00:00:00.000Z,147.822,147.867,147.808,147.853,25
2025-08-25T01:00:00.000Z,147.853,147.889,147.839,147.875,25
2025-08-25T02:00:00.000Z,147.875,147.912,147.861,147.898,25
2025-08-25T03:00:00.000Z,147.898,147.925,147.884,147.911,25
2025-08-25T04:00:00.000Z,147.911,147.987,147.77,147.846,30
2025-08-25T05:00:00.000Z,147.846,147.922,147.752,147.828,30
2025-08-25T06:00:00.000Z,147.828,147.904,147.734,147.81,30
2025-08-25T07:00:00.000Z,147.81,147.916,147.734,147.84,30
2025-08-25T08:00:00.000Z,147.84,147.999,147.797,147.956,70
2025-08-25T09:00:00.000Z,147.956,148.088,147.913,148.045,70
2025-08-25T10:00:00.000Z,148.045,148.177,148.002,148.134,70
2025-08-25T11:00:00.000Z,148.134,148.239,148.091,148.196,70
2025-08-25T12:00:00.000Z,148.196,148.32,148.168,148.292,80
2025-08-25T13:00:00.000Z,148.292,148.398,148.264,148.37,80
2025-08-25T14:00:00.000Z,148.37,148.476,148.342,148.448,80
2025-08-25T15:00:00.000Z,148.448,148.536,148.42,148.508,80
2025-08-25T16:00:00.000Z,148.508,148.522,148.463,148.477,30
2025-08-25T17:00:00.000Z,148.477,148.491,148.441,148.455,30
2025-08-25T18:00:00.000Z,148.455,148.469,148.418,148.432,30
2025-08-25T19:00:00.000Z,148.432,148.446,148.405,148.419,30
2025-08-25T20:00:00.000Z,148.419,148.474,148.18,148.235,15
2025-08-25T21:00:00.000Z,148.235,148.29,148.031,148.086,15
2025-08-25T22:00:00.000Z,148.086,148.141,147.882,147.937,15
2025-08-25T23:00:00.000Z,147.937,147.992,147.767,147.822,15
2025-08-26T00:00:00.000Z,147.462,147.501,147.45,147.489,25
2025-08-26T01:00:00.000Z,147.489,147.52,147.477,147.508,25
2025-08-26T02:00:00.000Z,147.508,147.539,147.496,147.527,25
2025-08-26T03:00:00.000Z,147.527,147.55,147.515,147.538,25
2025-08-26T04:00:00.000Z,147.538,147.552,147.5,147.514,30
2025-08-26T05:00:00.000Z,147.514,147.528,147.485,147.499,30
2025-08-26T06:00:00.000Z,147.499,147.513,147.47,147.484,30
2025-08-26T07:00:00.000Z,147.484,147.498,147.463,147.477,30
2025-08-26T08:00:00.000Z,147.477,147.613,147.44,147.576,70
2025-08-26T09:00:00.000Z,147.576,147.69,147.539,147.653,70
2025-08-26T10:00:00.000Z,147.653,147.766,147.616,147.729,70
2025-08-26T11:00:00.000Z,147.729,147.82,147.692,147.783,70
2025-08-26T12:00:00.000Z,147.783,147.905,147.749,147.871,80
2025-08-26T13:00:00.000Z,147.871,147.972,147.837,147.938,80
2025-08-26T14:00:00.000Z,147.938,148.038,147.904,148.004,80
2025-08-26T15:00:00.000Z,148.004,148.084,147.97,148.05,80
2025-08-26T16:00:00.000Z,148.05,148.062,148.011,148.023,30
2025-08-26T17:00:00.000Z,148.023,148.035,147.992,148.004,30
2025-08-26T18:00:00.000Z,148.004,148.016,147.973,147.985,30
2025-08-26T19:00:00.000Z,147.985,147.997,147.962,147.974,30
2025-08-26T20:00:00.000Z,147.974,148.021,147.77,147.817,15
2025-08-26T21:00:00.000Z,147.817,147.864,147.642,147.689,15
2025-08-26T22:00:00.000Z,147.689,147.736,147.514,147.561,15
2025-08-26T23:00:00.000Z,147.561,147.608,147.415,147.462,15
2025-08-27T00:00:00.000Z,147.316,147.35,147.305,147.339,25
2025-08-27T01:00:00.000Z,147.339,147.367,147.328,147.356,25
2025-08-27T02:00:00.000Z,147.356,147.383,147.345,147.372,25
2025-08-27T03:00:00.000Z,147.372,147.393,147.361,147.382,25
2025-08-27T04:00:00.000Z,147.382,147.431,147.289,147.338,30
2025-08-27T05:00:00.000Z,147.338,147.387,147.276,147.325,30
2025-08-27T06:00:00.000Z,147.325,147.374,147.263,147.312,30
2025-08-27T07:00:00.000Z,147.312,147.378,147.263,147.329,30
2025-08-27T08:00:00.000Z,147.329,147.447,147.297,147.415,70
2025-08-27T09:00:00.000Z,147.415,147.513,147.383,147.481,70
2025-08-27T10:00:00.000Z,147.481,147.579,147.449,147.547,70
2025-08-27T11:00:00.000Z,147.547,147.625,147.515,147.593,70
2025-08-27T12:00:00.000Z,147.593,147.685,147.572,147.664,80
2025-08-27T13:00:00.000Z,147.664,147.742,147.643,147.721,80
2025-08-27T14:00:00.000Z,147.721,147.8,147.7,147.779,80
2025-08-27T15:00:00.000Z,147.779,147.844,147.758,147.823,80
2025-08-27T16:00:00.000Z,147.823,147.833,147.79,147.8,30
2025-08-27T17:00:00.000Z,147.8,147.81,147.774,147.784,30
2025-08-27T18:00:00.000Z,147.784,147.794,147.758,147.768,30
2025-08-27T19:00:00.000Z,147.768,147.778,147.748,147.758,30
2025-08-27T20:00:00.000Z,147.758,147.799,147.581,147.622,15
2025-08-27T21:00:00.000Z,147.622,147.663,147.471,147.512,15
2025-08-27T22:00:00.000Z,147.512,147.553,147.36,147.401,15
2025-08-27T23:00:00.000Z,147.401,147.442,147.275,147.316,15
2025-08-28T00:00:00.000Z,146.79,146.822,146.78,146.812,25
2025-08-28T01:00:00.000Z,146.812,146.837,146.802,146.827,25
2025-08-28T02:00:00.000Z,146.827,146.853,146.817,146.843,25
2025-08-28T03:00:00.000Z,146.843,146.862,146.833,146.852,25
2025-08-28T04:00:00.000Z,146.852,146.861,146.825,146.834,30
2025-08-28T05:00:00.000Z,146.834,146.843,146.812,146.821,30
2025-08-28T06:00:00.000Z,146.821,146.83,146.8,146.809,30
2025-08-28T07:00:00.000Z,146.809,146.818,146.793,146.802,30
2025-08-28T08:00:00.000Z,146.802,146.913,146.772,146.883,70
2025-08-28T09:00:00.000Z,146.883,146.975,146.853,146.945,70
2025-08-28T10:00:00.000Z,146.945,147.037,146.915,147.007,70
2025-08-28T11:00:00.000Z,147.007,147.08,146.977,147.05,70
2025-08-28T12:00:00.000Z,147.05,147.153,147.02,147.123,80
2025-08-28T13:00:00.000Z,147.123,147.207,147.093,147.177,80
2025-08-28T14:00:00.000Z,147.177,147.261,147.147,147.231,80
2025-08-28T15:00:00.000Z,147.231,147.297,147.201,147.267,80
2025-08-28T16:00:00.000Z,147.267,147.277,147.235,147.245,30
2025-08-28T17:00:00.000Z,147.245,147.255,147.22,147.23,30
2025-08-28T18:00:00.000Z,147.23,147.24,147.204,147.214,30
2025-08-28T19:00:00.000Z,147.214,147.224,147.195,147.205,30
2025-08-28T20:00:00.000Z,147.205,147.243,147.039,147.077,15
2025-08-28T21:00:00.000Z,147.077,147.115,146.936,146.974,15
2025-08-28T22:00:00.000Z,146.974,147.012,146.832,146.87,15
2025-08-28T23:00:00.000Z,146.87,146.908,146.752,146.79,15
2025-08-31T00:00:00.000Z,147.097,147.126,147.088,147.117,25
2025-08-31T01:00:00.000Z,147.117,147.141,147.108,147.132,25
2025-08-31T02:00:00.000Z,147.132,147.155,147.123,147.146,25
2025-08-31T03:00:00.000Z,147.146,147.164,147.137,147.155,25
2025-08-31T04:00:00.000Z,147.155,147.187,147.092,147.124,30
2025-08-31T05:00:00.000Z,147.124,147.156,147.08,147.112,30
2025-08-31T06:00:00.000Z,147.112,147.144,147.069,147.101,30
2025-08-31T07:00:00.000Z,147.101,147.141,147.069,147.109,30
2025-08-31T08:00:00.000Z,147.109,147.213,147.081,147.185,70
2025-08-31T09:00:00.000Z,147.185,147.271,147.157,147.243,70
2025-08-31T10:00:00.000Z,147.243,147.329,147.215,147.301,70
2025-08-31T11:00:00.000Z,147.301,147.369,147.273,147.341,70
2025-08-31T12:00:00.000Z,147.341,147.423,147.322,147.404,80
2025-08-31T13:00:00.000Z,147.404,147.474,147.385,147.455,80
2025-08-31T14:00:00.000Z,147.455,147.525,147.436,147.506,80
2025-08-31T15:00:00.000Z,147.506,147.564,147.487,147.545,80
2025-08-31T16:00:00.000Z,147.545,147.554,147.516,147.525,30
2025-08-31T17:00:00.000Z,147.525,147.534,147.501,147.51,30
2025-08-31T18:00:00.000Z,147.51,147.519,147.487,147.496,30
2025-08-31T19:00:00.000Z,147.496,147.505,147.478,147.487,30
2025-08-31T20:00:00.000Z,147.487,147.523,147.331,147.367,15
2025-08-31T21:00:00.000Z,147.367,147.403,147.234,147.27,15
2025-08-31T22:00:00.000Z,147.27,147.306,147.136,147.172,15
2025-08-31T23:00:00.000Z,147.172,147.208,147.061,147.097,15
2025-09-01T00:00:00.000Z,147.084,147.177,147.055,147.148,25
2025-09-01T01:00:00.000Z,147.148,147.223,147.119,147.194,25
2025-09-01T02:00:00.000Z,147.194,147.269,147.165,147.24,25
2025-09-01T03:00:00.000Z,147.24,147.297,147.211,147.268,25
2025-09-01T04:00:00.000Z,147.268,147.289,147.197,147.218,30
2025-09-01T05:00:00.000Z,147.218,147.239,147.16,147.181,30
2025-09-01T06:00:00.000Z,147.181,147.202,147.123,147.144,30
2025-09-01T07:00:00.000Z,147.144,147.165,147.1,147.121,30
2025-09-01T08:00:00.000Z,147.121,147.448,147.033,147.36,70
2025-09-01T09:00:00.000Z,147.36,147.632,147.272,147.544,70
2025-09-01T10:00:00.000Z,147.544,147.816,147.456,147.728,70
2025-09-01T11:00:00.000Z,147.728,147.945,147.64,147.857,70
2025-09-01T12:00:00.000Z,147.857,148.169,147.764,148.076,80
2025-09-01T13:00:00.000Z,148.076,148.33,147.983,148.237,80
2025-09-01T14:00:00.000Z,148.237,148.491,148.144,148.398,80
2025-09-01T15:00:00.000Z,148.398,148.594,148.305,148.501,80
2025-09-01T16:00:00.000Z,148.501,148.53,148.408,148.437,30
2025-09-01T17:00:00.000Z,148.437,148.466,148.362,148.391,30
2025-09-01T18:00:00.000Z,148.391,148.42,148.316,148.345,30
2025-09-01T19:00:00.000Z,148.345,148.374,148.288,148.317,30
2025-09-01T20:00:00.000Z,148.317,148.43,147.825,147.938,15
2025-09-01T21:00:00.000Z,147.938,148.051,147.517,147.63,15
2025-09-01T22:00:00.000Z,147.63,147.743,147.208,147.321,15
2025-09-01T23:00:00.000Z,147.321,147.434,146.971,147.084,15
2025-09-02T00:00:00.000Z,148.548,148.608,148.529,148.589,25
2025-09-02T01:00:00.000Z,148.589,148.637,148.57,148.618,25
2025-09-02T02:00:00.000Z,148.618,148.666,148.599,148.647,25
2025-09-02T03:00:00.000Z,148.647,148.683,148.628,148.664,25
2025-09-02T04:00:00.000Z,148.664,148.726,148.54,148.602,30
2025-09-02T05:00:00.000Z,148.602,148.664,148.517,148.579,30
2025-09-02T06:00:00.000Z,148.579,148.641,148.494,148.556,30
2025-09-02T07:00:00.000Z,148.556,148.633,148.494,148.571,30
2025-09-02T08:00:00.000Z,148.571,148.778,148.515,148.722,70
2025-09-02T09:00:00.000Z,148.722,148.894,148.666,148.838,70
2025-09-02T10:00:00.000Z,148.838,149.011,148.782,148.955,70
2025-09-02T11:00:00.000Z,148.955,149.092,148.899,149.036,70
2025-09-02T12:00:00.000Z,149.036,149.198,148.999,149.161,80
2025-09-02T13:00:00.000Z,149.161,149.3,149.124,149.263,80
2025-09-02T14:00:00.000Z,149.263,149.402,149.226,149.365,80
2025-09-02T15:00:00.000Z,149.365,149.481,149.328,149.444,80
2025-09-02T16:00:00.000Z,149.444,149.463,149.384,149.403,30
2025-09-02T17:00:00.000Z,149.403,149.422,149.355,149.374,30
2025-09-02T18:00:00.000Z,149.374,149.393,149.326,149.345,30
2025-09-02T19:00:00.000Z,149.345,149.364,149.308,149.327,30
2025-09-02T20:00:00.000Z,149.327,149.399,149.016,149.088,15
2025-09-02T21:00:00.000Z,149.088,149.16,148.821,148.893,15
2025-09-02T22:00:00.000Z,148.893,148.965,148.626,148.698,15
2025-09-02T23:00:00.000Z,148.698,148.77,148.476,148.548,15
2025-09-03T00:00:00.000Z,147.98,148.028,147.965,148.013,25
2025-09-03T01:00:00.000Z,148.013,148.051,147.998,148.036,25
2025-09-03T02:00:00.000Z,148.036,148.074,148.021,148.059,25
2025-09-03T03:00:00.000Z,148.059,148.088,148.044,148.073,25
2025-09-03T04:00:00.000Z,148.073,148.095,148.018,148.04,30
2025-09-03T05:00:00.000Z,148.04,148.062,148,148.022,30
2025-09-03T06:00:00.000Z,148.022,148.044,147.981,148.003,30
2025-09-03T07:00:00.000Z,148.003,148.025,147.977,147.999,30
2025-09-03T08:00:00.000Z,147.999,148.165,147.954,148.12,70
2025-09-03T09:00:00.000Z,148.12,148.258,148.075,148.213,70
2025-09-03T10:00:00.000Z,148.213,148.351,148.168,148.306,70
2025-09-03T11:00:00.000Z,148.306,148.416,148.261,148.371,70
2025-09-03T12:00:00.000Z,148.371,148.511,148.335,148.475,80
2025-09-03T13:00:00.000Z,148.475,148.592,148.439,148.556,80
2025-09-03T14:00:00.000Z,148.556,148.674,148.52,148.638,80
2025-09-03T15:00:00.000Z,148.638,148.733,148.602,148.697,80
2025-09-03T16:00:00.000Z,148.697,148.712,148.649,148.664,30
2025-09-03T17:00:00.000Z,148.664,148.679,148.626,148.641,30
2025-09-03T18:00:00.000Z,148.641,148.656,148.603,148.618,30
2025-09-03T19:00:00.000Z,148.618,148.633,148.589,148.604,30
2025-09-03T20:00:00.000Z,148.604,148.661,148.355,148.412,15
2025-09-03T21:00:00.000Z,148.412,148.469,148.199,148.256,15
2025-09-03T22:00:00.000Z,148.256,148.313,148.043,148.1,15
2025-09-03T23:00:00.000Z,148.1,148.157,147.923,147.98,15
2025-09-04T00:00:00.000Z,148.375,148.457,148.349,148.431,25
2025-09-04T01:00:00.000Z,148.431,148.497,148.405,148.471,25
2025-09-04T02:00:00.000Z,148.471,148.537,148.445,148.511,25
2025-09-04T03:00:00.000Z,148.511,148.561,148.485,148.535,25
2025-09-04T04:00:00.000Z,148.535,148.678,148.27,148.413,30
2025-09-04T05:00:00.000Z,148.413,148.556,148.238,148.381,30
2025-09-04T06:00:00.000Z,148.381,148.524,148.206,148.349,30
2025-09-04T07:00:00.000Z,148.349,148.55,148.206,148.407,30
2025-09-04T08:00:00.000Z,148.407,148.693,148.33,148.616,70
2025-09-04T09:00:00.000Z,148.616,148.853,148.539,148.776,70
2025-09-04T10:00:00.000Z,148.776,149.014,148.699,148.937,70
2025-09-04T11:00:00.000Z,148.937,149.126,148.86,149.049,70
2025-09-04T12:00:00.000Z,149.049,149.272,148.998,149.221,80
2025-09-04T13:00:00.000Z,149.221,149.413,149.17,149.362,80
2025-09-04T14:00:00.000Z,149.362,149.553,149.311,149.502,80
2025-09-04T15:00:00.000Z,149.502,149.661,149.451,149.61,80
2025-09-04T16:00:00.000Z,149.61,149.636,149.528,149.554,30
2025-09-04T17:00:00.000Z,149.554,149.58,149.488,149.514,30
2025-09-04T18:00:00.000Z,149.514,149.54,149.448,149.474,30
2025-09-04T19:00:00.000Z,149.474,149.5,149.424,149.45,30
2025-09-04T20:00:00.000Z,149.45,149.549,149.02,149.119,15
2025-09-04T21:00:00.000Z,149.119,149.218,148.752,148.851,15
2025-09-04T22:00:00.000Z,148.851,148.95,148.483,148.582,15
2025-09-04T23:00:00.000Z,148.582,148.681,148.276,148.375,15
2025-09-07T00:00:00.000Z,148.344,148.398,148.327,148.381,25
2025-09-07T01:00:00.000Z,148.381,148.425,148.364,148.408,25
2025-09-07T02:00:00.000Z,148.408,148.452,148.391,148.435,25
2025-09-07T03:00:00.000Z,148.435,148.468,148.418,148.451,25
2025-09-07T04:00:00.000Z,148.451,148.534,148.295,148.378,30
2025-09-07T05:00:00.000Z,148.378,148.461,148.273,148.356,30
2025-09-07T06:00:00.000Z,148.356,148.439,148.252,148.335,30
2025-09-07T07:00:00.000Z,148.335,148.448,148.252,148.365,30
2025-09-07T08:00:00.000Z,148.365,148.557,148.313,148.505,70
2025-09-07T09:00:00.000Z,148.505,148.664,148.453,148.612,70
2025-09-07T10:00:00.000Z,148.612,148.772,148.56,148.72,70
2025-09-07T11:00:00.000Z,148.72,148.847,148.668,148.795,70
2025-09-07T12:00:00.000Z,148.795,148.945,148.761,148.911,80
2025-09-07T13:00:00.000Z,148.911,149.039,148.877,149.005,80
2025-09-07T14:00:00.000Z,149.005,149.133,148.971,149.099,80
2025-09-07T15:00:00.000Z,149.099,149.206,149.065,149.172,80
2025-09-07T16:00:00.000Z,149.172,149.189,149.117,149.134,30
2025-09-07T17:00:00.000Z,149.134,149.151,149.09,149.107,30
2025-09-07T18:00:00.000Z,149.107,149.124,149.063,149.08,30
2025-09-07T19:00:00.000Z,149.08,149.097,149.047,149.064,30
2025-09-07T20:00:00.000Z,149.064,149.13,148.777,148.843,15
2025-09-07T21:00:00.000Z,148.843,148.909,148.597,148.663,15
2025-09-07T22:00:00.000Z,148.663,148.729,148.417,148.483,15
2025-09-07T23:00:00.000Z,148.483,148.549,148.278,148.344,15
2025-09-08T00:00:00.000Z,147.364,147.419,147.347,147.402,25
2025-09-08T01:00:00.000Z,147.402,147.446,147.385,147.429,25
2025-09-08T02:00:00.000Z,147.429,147.474,147.412,147.457,25
2025-09-08T03:00:00.000Z,147.457,147.49,147.44,147.473,25
2025-09-08T04:00:00.000Z,147.473,147.569,147.295,147.391,30
2025-09-08T05:00:00.000Z,147.391,147.487,147.274,147.37,30
2025-09-08T06:00:00.000Z,147.37,147.466,147.252,147.348,30
2025-09-08T07:00:00.000Z,147.348,147.482,147.252,147.386,30
2025-09-08T08:00:00.000Z,147.386,147.579,147.334,147.527,70
2025-09-08T09:00:00.000Z,147.527,147.688,147.475,147.636,70
2025-09-08T10:00:00.000Z,147.636,147.797,147.584,147.745,70
2025-09-08T11:00:00.000Z,147.745,147.873,147.693,147.821,70
2025-09-08T12:00:00.000Z,147.821,147.973,147.786,147.938,80
2025-09-08T13:00:00.000Z,147.938,148.068,147.903,148.033,80
2025-09-08T14:00:00.000Z,148.033,148.164,147.998,148.129,80
2025-09-08T15:00:00.000Z,148.129,148.237,148.094,148.202,80
2025-09-08T16:00:00.000Z,148.202,148.219,148.147,148.164,30
2025-09-08T17:00:00.000Z,148.164,148.181,148.12,148.137,30
2025-09-08T18:00:00.000Z,148.137,148.154,148.092,148.109,30
2025-09-08T19:00:00.000Z,148.109,148.126,148.076,148.093,30
2025-09-08T20:00:00.000Z,148.093,148.16,147.802,147.869,15
2025-09-08T21:00:00.000Z,147.869,147.936,147.62,147.687,15
2025-09-08T22:00:00.000Z,147.687,147.754,147.437,147.504,15
2025-09-08T23:00:00.000Z,147.504,147.571,147.297,147.364,15
2025-09-09T00:00:00.000Z,147.392,147.415,147.385,147.408,25
2025-09-09T01:00:00.000Z,147.408,147.427,147.401,147.42,25
2025-09-09T02:00:00.000Z,147.42,147.439,147.413,147.432,25
2025-09-09T03:00:00.000Z,147.432,147.446,147.425,147.439,25
2025-09-09T04:00:00.000Z,147.439,147.466,147.386,147.413,30
2025-09-09T05:00:00.000Z,147.413,147.44,147.376,147.403,30
2025-09-09T06:00:00.000Z,147.403,147.43,147.367,147.394,30
2025-09-09T07:00:00.000Z,147.394,147.428,147.367,147.401,30
2025-09-09T08:00:00.000Z,147.401,147.484,147.379,147.462,70
2025-09-09T09:00:00.000Z,147.462,147.531,147.44,147.509,70
2025-09-09T10:00:00.000Z,147.509,147.578,147.487,147.556,70
2025-09-09T11:00:00.000Z,147.556,147.611,147.534,147.589,70
2025-09-09T12:00:00.000Z,147.589,147.654,147.574,147.639,80
2025-09-09T13:00:00.000Z,147.639,147.695,147.624,147.68,80
2025-09-09T14:00:00.000Z,147.68,147.736,147.665,147.721,80
2025-09-09T15:00:00.000Z,147.721,147.767,147.706,147.752,80
2025-09-09T16:00:00.000Z,147.752,147.76,147.728,147.736,30
2025-09-09T17:00:00.000Z,147.736,147.744,147.716,147.724,30
2025-09-09T18:00:00.000Z,147.724,147.732,147.705,147.713,30
2025-09-09T19:00:00.000Z,147.713,147.721,147.698,147.706,30
2025-09-09T20:00:00.000Z,147.706,147.735,147.58,147.609,15
2025-09-09T21:00:00.000Z,147.609,147.638,147.502,147.531,15
2025-09-09T22:00:00.000Z,147.531,147.56,147.423,147.452,15
2025-09-09T23:00:00.000Z,147.452,147.481,147.363,147.392,15
2025-09-10T00:00:00.000Z,147.332,147.382,147.316,147.366,25
2025-09-10T01:00:00.000Z,147.366,147.407,147.35,147.391,25
2025-09-10T02:00:00.000Z,147.391,147.431,147.375,147.415,25
2025-09-10T03:00:00.000Z,147.415,147.446,147.399,147.43,25
2025-09-10T04:00:00.000Z,147.43,147.468,147.349,147.387,30
2025-09-10T05:00:00.000Z,147.387,147.425,147.329,147.367,30
2025-09-10T06:00:00.000Z,147.367,147.405,147.31,147.348,30
2025-09-10T07:00:00.000Z,147.348,147.39,147.31,147.352,30
2025-09-10T08:00:00.000Z,147.352,147.526,147.305,147.479,70
2025-09-10T09:00:00.000Z,147.479,147.623,147.432,147.576,70
2025-09-10T10:00:00.000Z,147.576,147.721,147.529,147.674,70
2025-09-10T11:00:00.000Z,147.674,147.789,147.627,147.742,70
2025-09-10T12:00:00.000Z,147.742,147.878,147.711,147.847,80
2025-09-10T13:00:00.000Z,147.847,147.964,147.816,147.933,80
2025-09-10T14:00:00.000Z,147.933,148.049,147.902,148.018,80
2025-09-10T15:00:00.000Z,148.018,148.115,147.987,148.084,80
2025-09-10T16:00:00.000Z,148.084,148.1,148.034,148.05,30
2025-09-10T17:00:00.000Z,148.05,148.066,148.009,148.025,30
2025-09-10T18:00:00.000Z,148.025,148.041,147.985,148.001,30
2025-09-10T19:00:00.000Z,148.001,148.017,147.97,147.986,30
2025-09-10T20:00:00.000Z,147.986,148.046,147.725,147.785,15
2025-09-10T21:00:00.000Z,147.785,147.845,147.561,147.621,15
2025-09-10T22:00:00.000Z,147.621,147.681,147.398,147.458,15
2025-09-10T23:00:00.000Z,147.458,147.518,147.272,147.332,15
2025-09-11T00:00:00.000Z,147.224,147.269,147.21,147.255,25
2025-09-11T01:00:00.000Z,147.255,147.291,147.241,147.277,25
2025-09-11T02:00:00.000Z,147.277,147.313,147.263,147.299,25
2025-09-11T03:00:00.000Z,147.299,147.326,147.285,147.312,25
2025-09-11T04:00:00.000Z,147.312,147.327,147.27,147.285,30
2025-09-11T05:00:00.000Z,147.285,147.3,147.253,147.268,30
2025-09-11T06:00:00.000Z,147.268,147.283,147.235,147.25,30
2025-09-11T07:00:00.000Z,147.25,147.265,147.227,147.242,30
2025-09-11T08:00:00.000Z,147.242,147.399,147.2,147.357,70
2025-09-11T09:00:00.000Z,147.357,147.487,147.315,147.445,70
2025-09-11T10:00:00.000Z,147.445,147.575,147.403,147.533,70
2025-09-11T11:00:00.000Z,147.533,147.637,147.491,147.595,70
2025-09-11T12:00:00.000Z,147.595,147.738,147.555,147.698,80
2025-09-11T13:00:00.000Z,147.698,147.815,147.658,147.775,80
2025-09-11T14:00:00.000Z,147.775,147.893,147.735,147.853,80
2025-09-11T15:00:00.000Z,147.853,147.945,147.813,147.905,80
2025-09-11T16:00:00.000Z,147.905,147.919,147.86,147.874,30
2025-09-11T17:00:00.000Z,147.874,147.888,147.838,147.852,30
2025-09-11T18:00:00.000Z,147.852,147.866,147.815,147.829,30
2025-09-11T19:00:00.000Z,147.829,147.843,147.802,147.816,30
2025-09-11T20:00:00.000Z,147.816,147.87,147.58,147.634,15
2025-09-11T21:00:00.000Z,147.634,147.688,147.432,147.486,15
2025-09-11T22:00:00.000Z,147.486,147.54,147.284,147.338,15
2025-09-11T23:00:00.000Z,147.338,147.392,147.17,147.224,15
2025-09-14T00:00:00.000Z,147.666,147.688,147.659,147.681,25
2025-09-14T01:00:00.000Z,147.681,147.699,147.674,147.692,25
2025-09-14T02:00:00.000Z,147.692,147.71,147.685,147.703,25
2025-09-14T03:00:00.000Z,147.703,147.717,147.696,147.71,25
2025-09-14T04:00:00.000Z,147.71,147.75,147.636,147.676,30
2025-09-14T05:00:00.000Z,147.676,147.716,147.628,147.668,30
2025-09-14T06:00:00.000Z,147.668,147.708,147.619,147.659,30
2025-09-14T07:00:00.000Z,147.659,147.715,147.619,147.675,30
2025-09-14T08:00:00.000Z,147.675,147.754,147.654,147.733,70
2025-09-14T09:00:00.000Z,147.733,147.798,147.712,147.777,70
2025-09-14T10:00:00.000Z,147.777,147.842,147.756,147.821,70
2025-09-14T11:00:00.000Z,147.821,147.873,147.8,147.852,70
2025-09-14T12:00:00.000Z,147.852,147.914,147.838,147.9,80
2025-09-14T13:00:00.000Z,147.9,147.953,147.886,147.939,80
2025-09-14T14:00:00.000Z,147.939,147.992,147.925,147.978,80
2025-09-14T15:00:00.000Z,147.978,148.022,147.964,148.008,80
2025-09-14T16:00:00.000Z,148.008,148.015,147.985,147.992,30
2025-09-14T17:00:00.000Z,147.992,147.999,147.974,147.981,30
2025-09-14T18:00:00.000Z,147.981,147.988,147.963,147.97,30
2025-09-14T19:00:00.000Z,147.97,147.977,147.956,147.963,30
2025-09-14T20:00:00.000Z,147.963,147.99,147.845,147.872,15
2025-09-14T21:00:00.000Z,147.872,147.899,147.77,147.797,15
2025-09-14T22:00:00.000Z,147.797,147.824,147.696,147.723,15
2025-09-14T23:00:00.000Z,147.723,147.75,147.639,147.666,15
2025-09-15T00:00:00.000Z,147.405,147.457,147.389,147.441,25
2025-09-15T01:00:00.000Z,147.441,147.483,147.425,147.467,25
2025-09-15T02:00:00.000Z,147.467,147.509,147.451,147.493,25
2025-09-15T03:00:00.000Z,147.493,147.524,147.477,147.508,25
2025-09-15T04:00:00.000Z,147.508,147.592,147.351,147.435,30
2025-09-15T05:00:00.000Z,147.435,147.519,147.33,147.414,30
2025-09-15T06:00:00.000Z,147.414,147.498,147.31,147.394,30
2025-09-15T07:00:00.000Z,147.394,147.51,147.31,147.426,30
2025-09-15T08:00:00.000Z,147.426,147.609,147.377,147.56,70
2025-09-15T09:00:00.000Z,147.56,147.712,147.511,147.663,70
2025-09-15T10:00:00.000Z,147.663,147.815,147.614,147.766,70
2025-09-15T11:00:00.000Z,147.766,147.887,147.717,147.838,70
2025-09-15T12:00:00.000Z,147.838,147.982,147.805,147.949,80
2025-09-15T13:00:00.000Z,147.949,148.072,147.916,148.039,80
2025-09-15T14:00:00.000Z,148.039,148.162,148.006,148.129,80
2025-09-15T15:00:00.000Z,148.129,148.231,148.096,148.198,80
2025-09-15T16:00:00.000Z,148.198,148.214,148.146,148.162,30
2025-09-15T17:00:00.000Z,148.162,148.178,148.12,148.136,30
2025-09-15T18:00:00.000Z,148.136,148.152,148.094,148.11,30
2025-09-15T19:00:00.000Z,148.11,148.126,148.079,148.095,30
2025-09-15T20:00:00.000Z,148.095,148.159,147.819,147.883,15
2025-09-15T21:00:00.000Z,147.883,147.947,147.646,147.71,15
2025-09-15T22:00:00.000Z,147.71,147.774,147.474,147.538,15
2025-09-15T23:00:00.000Z,147.538,147.602,147.341,147.405,15
2025-09-16T00:00:00.000Z,146.413,146.436,146.406,146.429,25
2025-09-16T01:00:00.000Z,146.429,146.448,146.422,146.441,25
2025-09-16T02:00:00.000Z,146.441,146.459,146.434,146.452,25
2025-09-16T03:00:00.000Z,146.452,146.466,146.445,146.459,25
2025-09-16T04:00:00.000Z,146.459,146.48,146.415,146.436,30
2025-09-16T05:00:00.000Z,146.436,146.457,146.406,146.427,30
2025-09-16T06:00:00.000Z,146.427,146.448,146.397,146.418,30
2025-09-16T07:00:00.000Z,146.418,146.443,146.397,146.422,30
2025-09-16T08:00:00.000Z,146.422,146.504,146.4,146.482,70
2025-09-16T09:00:00.000Z,146.482,146.551,146.46,146.529,70
2025-09-16T10:00:00.000Z,146.529,146.597,146.507,146.575,70
2025-09-16T11:00:00.000Z,146.575,146.63,146.553,146.608,70
2025-09-16T12:00:00.000Z,146.608,146.673,146.593,146.658,80
2025-09-16T13:00:00.000Z,146.658,146.713,146.643,146.698,80
2025-09-16T14:00:00.000Z,146.698,146.754,146.683,146.739,80
2025-09-16T15:00:00.000Z,146.739,146.785,146.724,146.77,80
2025-09-16T16:00:00.000Z,146.77,146.777,146.747,146.754,30
2025-09-16T17:00:00.000Z,146.754,146.761,146.735,146.742,30
2025-09-16T18:00:00.000Z,146.742,146.749,146.724,146.731,30
2025-09-16T19:00:00.000Z,146.731,146.738,146.717,146.724,30
2025-09-16T20:00:00.000Z,146.724,146.753,146.599,146.628,15
2025-09-16T21:00:00.000Z,146.628,146.657,146.522,146.551,15
2025-09-16T22:00:00.000Z,146.551,146.58,146.444,146.473,15
2025-09-16T23:00:00.000Z,146.473,146.502,146.384,146.413,15
2025-09-17T00:00:00.000Z,146.891,146.962,146.869,146.94,25
2025-09-17T01:00:00.000Z,146.94,146.996,146.918,146.974,25
2025-09-17T02:00:00.000Z,146.974,147.031,146.952,147.009,25
2025-09-17T03:00:00.000Z,147.009,147.052,146.987,147.03,25
2025-09-17T04:00:00.000Z,147.03,147.049,146.971,146.99,30
2025-09-17T05:00:00.000Z,146.99,147.009,146.944,146.963,30
2025-09-17T06:00:00.000Z,146.963,146.982,146.916,146.935,30
2025-09-17T07:00:00.000Z,146.935,146.954,146.9,146.919,30
2025-09-17T08:00:00.000Z,146.919,147.167,146.852,147.1,70
2025-09-17T09:00:00.000Z,147.1,147.306,147.033,147.239,70
2025-09-17T10:00:00.000Z,147.239,147.446,147.172,147.379,70
2025-09-17T11:00:00.000Z,147.379,147.543,147.312,147.476,70
2025-09-17T12:00:00.000Z,147.476,147.708,147.408,147.64,80
2025-09-17T13:00:00.000Z,147.64,147.83,147.572,147.762,80
2025-09-17T14:00:00.000Z,147.762,147.952,147.694,147.884,80
2025-09-17T15:00:00.000Z,147.884,148.031,147.816,147.963,80
2025-09-17T16:00:00.000Z,147.963,147.985,147.892,147.914,30
2025-09-17T17:00:00.000Z,147.914,147.936,147.858,147.88,30
2025-09-17T18:00:00.000Z,147.88,147.902,147.823,147.845,30
2025-09-17T19:00:00.000Z,147.845,147.867,147.802,147.824,30
2025-09-17T20:00:00.000Z,147.824,147.91,147.451,147.537,15
2025-09-17T21:00:00.000Z,147.537,147.623,147.218,147.304,15
2025-09-17T22:00:00.000Z,147.304,147.39,146.985,147.071,15
2025-09-17T23:00:00.000Z,147.071,147.157,146.805,146.891,15
2025-09-18T00:00:00.000Z,147.947,148,147.93,147.983,25
2025-09-18T01:00:00.000Z,147.983,148.026,147.966,148.009,25
2025-09-18T02:00:00.000Z,148.009,148.052,147.992,148.035,25
2025-09-18T03:00:00.000Z,148.035,148.068,148.018,148.051,25
2025-09-18T04:00:00.000Z,148.051,148.122,147.915,147.986,30
2025-09-18T05:00:00.000Z,147.986,148.057,147.894,147.965,30
2025-09-18T06:00:00.000Z,147.965,148.036,147.873,147.944,30
2025-09-18T07:00:00.000Z,147.944,148.039,147.873,147.968,30
2025-09-18T08:00:00.000Z,147.968,148.153,147.918,148.103,70
2025-09-18T09:00:00.000Z,148.103,148.257,148.053,148.207,70
2025-09-18T10:00:00.000Z,148.207,148.36,148.157,148.31,70
2025-09-18T11:00:00.000Z,148.31,148.433,148.26,148.383,70
2025-09-18T12:00:00.000Z,148.383,148.527,148.35,148.494,80
2025-09-18T13:00:00.000Z,148.494,148.618,148.461,148.585,80
2025-09-18T14:00:00.000Z,148.585,148.709,148.552,148.676,80
2025-09-18T15:00:00.000Z,148.676,148.779,148.643,148.746,80
2025-09-18T16:00:00.000Z,148.746,148.763,148.693,148.71,30
2025-09-18T17:00:00.000Z,148.71,148.727,148.667,148.684,30
2025-09-18T18:00:00.000Z,148.684,148.701,148.641,148.658,30
2025-09-18T19:00:00.000Z,148.658,148.675,148.625,148.642,30
2025-09-18T20:00:00.000Z,148.642,148.706,148.364,148.428,15
2025-09-18T21:00:00.000Z,148.428,148.492,148.191,148.255,15
2025-09-18T22:00:00.000Z,148.255,148.319,148.017,148.081,15
2025-09-18T23:00:00.000Z,148.081,148.145,147.883,147.947,15
2025-09-21T00:00:00.000Z,148.095,148.127,148.085,148.117,25
2025-09-21T01:00:00.000Z,148.117,148.143,148.107,148.133,25
2025-09-21T02:00:00.000Z,148.133,148.159,148.123,148.149,25
2025-09-21T03:00:00.000Z,148.149,148.168,148.139,148.158,25
2025-09-21T04:00:00.000Z,148.158,148.194,148.087,148.123,30
2025-09-21T05:00:00.000Z,148.123,148.159,148.074,148.11,30
2025-09-21T06:00:00.000Z,148.11,148.146,148.062,148.098,30
2025-09-21T07:00:00.000Z,148.098,148.144,148.062,148.108,30
2025-09-21T08:00:00.000Z,148.108,148.22,148.078,148.19,70
2025-09-21T09:00:00.000Z,148.19,148.284,148.16,148.254,70
2025-09-21T10:00:00.000Z,148.254,148.347,148.224,148.317,70
2025-09-21T11:00:00.000Z,148.317,148.391,148.287,148.361,70
2025-09-21T12:00:00.000Z,148.361,148.449,148.341,148.429,80
2025-09-21T13:00:00.000Z,148.429,148.504,148.409,148.484,80
2025-09-21T14:00:00.000Z,148.484,148.559,148.464,148.539,80
2025-09-21T15:00:00.000Z,148.539,148.602,148.519,148.582,80
2025-09-21T16:00:00.000Z,148.582,148.592,148.55,148.56,30
2025-09-21T17:00:00.000Z,148.56,148.57,148.534,148.544,30
2025-09-21T18:00:00.000Z,148.544,148.554,148.518,148.528,30
2025-09-21T19:00:00.000Z,148.528,148.538,148.509,148.519,30
2025-09-21T20:00:00.000Z,148.519,148.558,148.35,148.389,15
2025-09-21T21:00:00.000Z,148.389,148.428,148.244,148.283,15
2025-09-21T22:00:00.000Z,148.283,148.322,148.138,148.177,15
2025-09-21T23:00:00.000Z,148.177,148.216,148.056,148.095,15
2025-09-22T00:00:00.000Z,147.725,147.746,147.718,147.739,25
2025-09-22T01:00:00.000Z,147.739,147.757,147.732,147.75,25
2025-09-22T02:00:00.000Z,147.75,147.767,147.743,147.76,25
2025-09-22T03:00:00.000Z,147.76,147.773,147.753,147.766,25
2025-09-22T04:00:00.000Z,147.766,147.788,147.722,147.744,30
2025-09-22T05:00:00.000Z,147.744,147.766,147.714,147.736,30
2025-09-22T06:00:00.000Z,147.736,147.758,147.705,147.727,30
2025-09-22T07:00:00.000Z,147.727,147.755,147.705,147.733,30
2025-09-22T08:00:00.000Z,147.733,147.806,147.713,147.786,70
2025-09-22T09:00:00.000Z,147.786,147.847,147.766,147.827,70
2025-09-22T10:00:00.000Z,147.827,147.888,147.807,147.868,70
2025-09-22T11:00:00.000Z,147.868,147.917,147.848,147.897,70
2025-09-22T12:00:00.000Z,147.897,147.954,147.884,147.941,80
2025-09-22T13:00:00.000Z,147.941,147.99,147.928,147.977,80
2025-09-22T14:00:00.000Z,147.977,148.026,147.964,148.013,80
2025-09-22T15:00:00.000Z,148.013,148.054,148,148.041,80
2025-09-22T16:00:00.000Z,148.041,148.048,148.02,148.027,30
2025-09-22T17:00:00.000Z,148.027,148.034,148.009,148.016,30
2025-09-22T18:00:00.000Z,148.016,148.023,147.999,148.006,30
2025-09-22T19:00:00.000Z,148.006,148.013,147.993,148,30
2025-09-22T20:00:00.000Z,148,148.025,147.891,147.916,15
2025-09-22T21:00:00.000Z,147.916,147.941,147.822,147.847,15
2025-09-22T22:00:00.000Z,147.847,147.872,147.753,147.778,15
2025-09-22T23:00:00.000Z,147.778,147.803,147.7,147.725,15
2025-09-23T00:00:00.000Z,147.613,147.677,147.593,147.657,25
2025-09-23T01:00:00.000Z,147.657,147.709,147.637,147.689,25
2025-09-23T02:00:00.000Z,147.689,147.74,147.669,147.72,25
2025-09-23T03:00:00.000Z,147.72,147.759,147.7,147.739,25
2025-09-23T04:00:00.000Z,147.739,147.762,147.676,147.699,30
2025-09-23T05:00:00.000Z,147.699,147.722,147.651,147.674,30
2025-09-23T06:00:00.000Z,147.674,147.697,147.626,147.649,30
2025-09-23T07:00:00.000Z,147.649,147.672,147.615,147.638,30
2025-09-23T08:00:00.000Z,147.638,147.861,147.578,147.801,70
2025-09-23T09:00:00.000Z,147.801,147.987,147.741,147.927,70
2025-09-23T10:00:00.000Z,147.927,148.112,147.867,148.052,70
2025-09-23T11:00:00.000Z,148.052,148.2,147.992,148.14,70
2025-09-23T12:00:00.000Z,148.14,148.339,148.085,148.284,80
2025-09-23T13:00:00.000Z,148.284,148.449,148.229,148.394,80
2025-09-23T14:00:00.000Z,148.394,148.559,148.339,148.504,80
2025-09-23T15:00:00.000Z,148.504,148.634,148.449,148.579,80
2025-09-23T16:00:00.000Z,148.579,148.599,148.515,148.535,30
2025-09-23T17:00:00.000Z,148.535,148.555,148.484,148.504,30
2025-09-23T18:00:00.000Z,148.504,148.524,148.453,148.473,30
2025-09-23T19:00:00.000Z,148.473,148.493,148.434,148.454,30
2025-09-23T20:00:00.000Z,148.454,148.531,148.118,148.195,15
2025-09-23T21:00:00.000Z,148.195,148.272,147.908,147.985,15
2025-09-23T22:00:00.000Z,147.985,148.062,147.698,147.775,15
2025-09-23T23:00:00.000Z,147.775,147.852,147.536,147.613,15
2025-09-24T00:00:00.000Z,148.751,148.815,148.731,148.795,25
2025-09-24T01:00:00.000Z,148.795,148.847,148.775,148.827,25
2025-09-24T02:00:00.000Z,148.827,148.878,148.807,148.858,25
2025-09-24T03:00:00.000Z,148.858,148.897,148.838,148.877,25
2025-09-24T04:00:00.000Z,148.877,148.907,148.803,148.833,30
2025-09-24T05:00:00.000Z,148.833,148.863,148.778,148.808,30
2025-09-24T06:00:00.000Z,148.808,148.838,148.752,148.782,30
2025-09-24T07:00:00.000Z,148.782,148.812,148.746,148.776,30
2025-09-24T08:00:00.000Z,148.776,149.001,148.715,148.94,70
2025-09-24T09:00:00.000Z,148.94,149.127,148.879,149.066,70
2025-09-24T10:00:00.000Z,149.066,149.254,149.005,149.193,70
2025-09-24T11:00:00.000Z,149.193,149.342,149.132,149.281,70
2025-09-24T12:00:00.000Z,149.281,149.47,149.233,149.422,80
2025-09-24T13:00:00.000Z,149.422,149.58,149.374,149.532,80
2025-09-24T14:00:00.000Z,149.532,149.69,149.484,149.642,80
2025-09-24T15:00:00.000Z,149.642,149.77,149.594,149.722,80
2025-09-24T16:00:00.000Z,149.722,149.742,149.658,149.678,30
2025-09-24T17:00:00.000Z,149.678,149.698,149.626,149.646,30
2025-09-24T18:00:00.000Z,149.646,149.666,149.595,149.615,30
2025-09-24T19:00:00.000Z,149.615,149.635,149.576,149.596,30
2025-09-24T20:00:00.000Z,149.596,149.674,149.258,149.336,15
2025-09-24T21:00:00.000Z,149.336,149.414,149.047,149.125,15
2025-09-24T22:00:00.000Z,149.125,149.203,148.836,148.914,15
2025-09-24T23:00:00.000Z,148.914,148.992,148.673,148.751,15
2025-09-25T00:00:00.000Z,149.861,149.887,149.853,149.879,25
2025-09-25T01:00:00.000Z,149.879,149.9,149.871,149.892,25
2025-09-25T02:00:00.000Z,149.892,149.912,149.884,149.904,25
2025-09-25T03:00:00.000Z,149.904,149.92,149.896,149.912,25
2025-09-25T04:00:00.000Z,149.912,149.953,149.835,149.876,30
2025-09-25T05:00:00.000Z,149.876,149.917,149.825,149.866,30
2025-09-25T06:00:00.000Z,149.866,149.907,149.815,149.856,30
2025-09-25T07:00:00.000Z,149.856,149.912,149.815,149.871,30
2025-09-25T08:00:00.000Z,149.871,149.961,149.847,149.937,70
2025-09-25T09:00:00.000Z,149.937,150.012,149.913,149.988,70
2025-09-25T10:00:00.000Z,149.988,150.063,149.964,150.039,70
2025-09-25T11:00:00.000Z,150.039,150.099,150.015,150.075,70
2025-09-25T12:00:00.000Z,150.075,150.146,150.059,150.13,80
2025-09-25T13:00:00.000Z,150.13,150.191,150.114,150.175,80
2025-09-25T14:00:00.000Z,150.175,150.235,150.159,150.219,80
2025-09-25T15:00:00.000Z,150.219,150.27,150.203,150.254,80
2025-09-25T16:00:00.000Z,150.254,150.262,150.228,150.236,30
2025-09-25T17:00:00.000Z,150.236,150.244,150.215,150.223,30
2025-09-25T18:00:00.000Z,150.223,150.231,150.203,150.211,30
2025-09-25T19:00:00.000Z,150.211,150.219,150.195,150.203,30
2025-09-25T20:00:00.000Z,150.203,150.234,150.067,150.098,15
2025-09-25T21:00:00.000Z,150.098,150.129,149.981,150.012,15
2025-09-25T22:00:00.000Z,150.012,150.043,149.896,149.927,15
2025-09-25T23:00:00.000Z,149.927,149.958,149.83,149.861,15
2025-09-28T00:00:00.000Z,149.405,149.453,149.39,149.438,25
2025-09-28T01:00:00.000Z,149.438,149.476,149.423,149.461,25
2025-09-28T02:00:00.000Z,149.461,149.5,149.446,149.485,25
2025-09-28T03:00:00.000Z,149.485,149.514,149.47,149.499,25
2025-09-28T04:00:00.000Z,149.499,149.585,149.34,149.426,30
2025-09-28T05:00:00.000Z,149.426,149.512,149.322,149.408,30
2025-09-28T06:00:00.000Z,149.408,149.494,149.303,149.389,30
2025-09-28T07:00:00.000Z,149.389,149.51,149.303,149.424,30
2025-09-28T08:00:00.000Z,149.424,149.591,149.379,149.546,70
2025-09-28T09:00:00.000Z,149.546,149.684,149.501,149.639,70
2025-09-28T10:00:00.000Z,149.639,149.778,149.594,149.733,70
2025-09-28T11:00:00.000Z,149.733,149.843,149.688,149.798,70
2025-09-28T12:00:00.000Z,149.798,149.929,149.768,149.899,80
2025-09-28T13:00:00.000Z,149.899,150.011,149.869,149.981,80
2025-09-28T14:00:00.000Z,149.981,150.093,149.951,150.063,80
2025-09-28T15:00:00.000Z,150.063,150.156,150.033,150.126,80
2025-09-28T16:00:00.000Z,150.126,150.141,150.078,150.093,30
2025-09-28T17:00:00.000Z,150.093,150.108,150.055,150.07,30
2025-09-28T18:00:00.000Z,150.07,150.085,150.031,150.046,30
2025-09-28T19:00:00.000Z,150.046,150.061,150.017,150.032,30
2025-09-28T20:00:00.000Z,150.032,150.09,149.781,149.839,15
2025-09-28T21:00:00.000Z,149.839,149.897,149.624,149.682,15
2025-09-28T22:00:00.000Z,149.682,149.74,149.468,149.526,15
2025-09-28T23:00:00.000Z,149.526,149.584,149.347,149.405,15
2025-09-29T00:00:00.000Z,148.595,148.653,148.577,148.635,25
2025-09-29T01:00:00.000Z,148.635,148.682,148.617,148.664,25
2025-09-29T02:00:00.000Z,148.664,148.711,148.646,148.693,25
2025-09-29T03:00:00.000Z,148.693,148.728,148.675,148.71,25
2025-09-29T04:00:00.000Z,148.71,148.799,148.543,148.632,30
2025-09-29T05:00:00.000Z,148.632,148.721,148.52,148.609,30
2025-09-29T06:00:00.000Z,148.609,148.698,148.497,148.586,30
2025-09-29T07:00:00.000Z,148.586,148.707,148.497,148.618,30
2025-09-29T08:00:00.000Z,148.618,148.823,148.563,148.768,70
2025-09-29T09:00:00.000Z,148.768,148.938,148.713,148.883,70
2025-09-29T10:00:00.000Z,148.883,149.053,148.828,148.998,70
2025-09-29T11:00:00.000Z,148.998,149.134,148.943,149.079,70
2025-09-29T12:00:00.000Z,149.079,149.24,149.042,149.203,80
2025-09-29T13:00:00.000Z,149.203,149.341,149.166,149.304,80
2025-09-29T14:00:00.000Z,149.304,149.441,149.267,149.404,80
2025-09-29T15:00:00.000Z,149.404,149.519,149.367,149.482,80
2025-09-29T16:00:00.000Z,149.482,149.5,149.424,149.442,30
2025-09-29T17:00:00.000Z,149.442,149.46,149.395,149.413,30
2025-09-29T18:00:00.000Z,149.413,149.431,149.366,149.384,30
2025-09-29T19:00:00.000Z,149.384,149.402,149.349,149.367,30
2025-09-29T20:00:00.000Z,149.367,149.438,149.059,149.13,15
2025-09-29T21:00:00.000Z,149.13,149.201,148.866,148.937,15
2025-09-29T22:00:00.000Z,148.937,149.008,148.673,148.744,15
2025-09-29T23:00:00.000Z,148.744,148.815,148.524,148.595,15
2025-09-30T00:00:00.000Z,147.997,148.079,147.971,148.053,25
2025-09-30T01:00:00.000Z,148.053,148.12,148.027,148.094,25
2025-09-30T02:00:00.000Z,148.094,148.16,148.068,148.134,25
2025-09-30T03:00:00.000Z,148.134,148.184,148.108,148.158,25
2025-09-30T04:00:00.000Z,148.158,148.288,147.914,148.044,30
2025-09-30T05:00:00.000Z,148.044,148.174,147.882,148.012,30
2025-09-30T06:00:00.000Z,148.012,148.142,147.85,147.98,30
2025-09-30T07:00:00.000Z,147.98,148.159,147.85,148.029,30
2025-09-30T08:00:00.000Z,148.029,148.316,147.952,148.239,70
2025-09-30T09:00:00.000Z,148.239,148.477,148.162,148.4,70
2025-09-30T10:00:00.000Z,148.4,148.638,148.323,148.561,70
2025-09-30T11:00:00.000Z,148.561,148.751,148.484,148.674,70
2025-09-30T12:00:00.000Z,148.674,148.899,148.622,148.847,80
2025-09-30T13:00:00.000Z,148.847,149.04,148.795,148.988,80
2025-09-30T14:00:00.000Z,148.988,149.18,148.936,149.128,80
2025-09-30T15:00:00.000Z,149.128,149.289,149.076,149.237,80
2025-09-30T16:00:00.000Z,149.237,149.263,149.155,149.181,30
2025-09-30T17:00:00.000Z,149.181,149.207,149.114,149.14,30
2025-09-30T18:00:00.000Z,149.14,149.166,149.074,149.1,30
2025-09-30T19:00:00.000Z,149.1,149.126,149.05,149.076,30
2025-09-30T20:00:00.000Z,149.076,149.175,148.645,148.744,15
2025-09-30T21:00:00.000Z,148.744,148.843,148.375,148.474,15
2025-09-30T22:00:00.000Z,148.474,148.573,148.106,148.205,15
2025-09-30T23:00:00.000Z,148.205,148.304,147.898,147.997,15
2025-10-01T00:00:00.000Z,147.083,147.128,147.069,147.114,25
2025-10-01T01:00:00.000Z,147.114,147.151,147.1,147.137,25
2025-10-01T02:00:00.000Z,147.137,147.173,147.123,147.159,25
2025-10-01T03:00:00.000Z,147.159,147.187,147.145,147.173,25
2025-10-01T04:00:00.000Z,147.173,147.222,147.076,147.125,30
2025-10-01T05:00:00.000Z,147.125,147.174,147.058,147.107,30
2025-10-01T06:00:00.000Z,147.107,147.156,147.04,147.089,30
2025-10-01T07:00:00.000Z,147.089,147.15,147.04,147.101,30
2025-10-01T08:00:00.000Z,147.101,147.261,147.058,147.218,70
2025-10-01T09:00:00.000Z,147.218,147.351,147.175,147.308,70
2025-10-01T10:00:00.000Z,147.308,147.441,147.265,147.398,70
2025-10-01T11:00:00.000Z,147.398,147.504,147.355,147.461,70
2025-10-01T12:00:00.000Z,147.461,147.587,147.432,147.558,80
2025-10-01T13:00:00.000Z,147.558,147.666,147.529,147.637,80
2025-10-01T14:00:00.000Z,147.637,147.744,147.608,147.715,80
2025-10-01T15:00:00.000Z,147.715,147.805,147.686,147.776,80
2025-10-01T16:00:00.000Z,147.776,147.79,147.731,147.745,30
2025-10-01T17:00:00.000Z,147.745,147.759,147.708,147.722,30
2025-10-01T18:00:00.000Z,147.722,147.736,147.686,147.7,30
2025-10-01T19:00:00.000Z,147.7,147.714,147.672,147.686,30
2025-10-01T20:00:00.000Z,147.686,147.741,147.446,147.501,15
2025-10-01T21:00:00.000Z,147.501,147.556,147.295,147.35,15
2025-10-01T22:00:00.000Z,147.35,147.405,147.144,147.199,15
2025-10-01T23:00:00.000Z,147.199,147.254,147.028,147.083,15
2025-10-02T00:00:00.000Z,147.15,147.182,147.14,147.172,25
2025-10-02T01:00:00.000Z,147.172,147.198,147.162,147.188,25
2025-10-02T02:00:00.000Z,147.188,147.214,147.178,147.204,25
2025-10-02T03:00:00.000Z,147.204,147.224,147.194,147.214,25
2025-10-02T04:00:00.000Z,147.214,147.221,147.19,147.197,30
2025-10-02T05:00:00.000Z,147.197,147.204,147.177,147.184,30
2025-10-02T06:00:00.000Z,147.184,147.191,147.165,147.172,30
2025-10-02T07:00:00.000Z,147.172,147.179,147.156,147.163,30
2025-10-02T08:00:00.000Z,147.163,147.277,147.132,147.246,70
2025-10-02T09:00:00.000Z,147.246,147.341,147.215,147.31,70
2025-10-02T10:00:00.000Z,147.31,147.405,147.279,147.374,70
2025-10-02T11:00:00.000Z,147.374,147.45,147.343,147.419,70
2025-10-02T12:00:00.000Z,147.419,147.53,147.385,147.496,80
2025-10-02T13:00:00.000Z,147.496,147.586,147.462,147.552,80
2025-10-02T14:00:00.000Z,147.552,147.642,147.518,147.608,80
2025-10-02T15:00:00.000Z,147.608,147.677,147.574,147.643,80
2025-10-02T16:00:00.000Z,147.643,147.653,147.611,147.621,30
2025-10-02T17:00:00.000Z,147.621,147.631,147.595,147.605,30
2025-10-02T18:00:00.000Z,147.605,147.615,147.579,147.589,30
2025-10-02T19:00:00.000Z,147.589,147.599,147.569,147.579,30
2025-10-02T20:00:00.000Z,147.579,147.618,147.408,147.447,15
2025-10-02T21:00:00.000Z,147.447,147.486,147.301,147.34,15
2025-10-02T22:00:00.000Z,147.34,147.379,147.194,147.233,15
2025-10-02T23:00:00.000Z,147.233,147.272,147.111,147.15,15
2025-10-05T00:00:00.000Z,149.606,149.657,149.59,149.641,25
2025-10-05T01:00:00.000Z,149.641,149.681,149.625,149.665,25
2025-10-05T02:00:00.000Z,149.665,149.706,149.649,149.69,25
2025-10-05T03:00:00.000Z,149.69,149.721,149.674,149.705,25
2025-10-05T04:00:00.000Z,149.705,149.727,149.65,149.672,30
2025-10-05T05:00:00.000Z,149.672,149.694,149.63,149.652,30
2025-10-05T06:00:00.000Z,149.652,149.674,149.61,149.632,30
2025-10-05T07:00:00.000Z,149.632,149.654,149.604,149.626,30
2025-10-05T08:00:00.000Z,149.626,149.801,149.579,149.754,70
2025-10-05T09:00:00.000Z,149.754,149.9,149.707,149.853,70
2025-10-05T10:00:00.000Z,149.853,149.998,149.806,149.951,70
2025-10-05T11:00:00.000Z,149.951,150.067,149.904,150.02,70
2025-10-05T12:00:00.000Z,150.02,150.171,149.98,150.131,80
2025-10-05T13:00:00.000Z,150.131,150.257,150.091,150.217,80
2025-10-05T14:00:00.000Z,150.217,150.344,150.177,150.304,80
2025-10-05T15:00:00.000Z,150.304,150.405,150.264,150.365,80
2025-10-05T16:00:00.000Z,150.365,150.381,150.315,150.331,30
2025-10-05T17:00:00.000Z,150.331,150.347,150.29,150.306,30
2025-10-05T18:00:00.000Z,150.306,150.322,150.266,150.282,30
2025-10-05T19:00:00.000Z,150.282,150.298,150.251,150.267,30
2025-10-05T20:00:00.000Z,150.267,150.328,150.003,150.064,15
2025-10-05T21:00:00.000Z,150.064,150.125,149.838,149.899,15
2025-10-05T22:00:00.000Z,149.899,149.96,149.672,149.733,15
2025-10-05T23:00:00.000Z,149.733,149.794,149.545,149.606,15
2025-10-06T00:00:00.000Z,150.331,150.379,150.316,150.364,25
2025-10-06T01:00:00.000Z,150.364,150.403,150.349,150.388,25
2025-10-06T02:00:00.000Z,150.388,150.427,150.373,150.412,25
2025-10-06T03:00:00.000Z,150.412,150.441,150.397,150.426,25
2025-10-06T04:00:00.000Z,150.426,150.444,150.378,150.396,30
2025-10-06T05:00:00.000Z,150.396,150.414,150.359,150.377,30
2025-10-06T06:00:00.000Z,150.377,150.395,150.34,150.358,30
2025-10-06T07:00:00.000Z,150.358,150.376,150.332,150.35,30
2025-10-06T08:00:00.000Z,150.35,150.52,150.304,150.474,70
2025-10-06T09:00:00.000Z,150.474,150.615,150.428,150.569,70
2025-10-06T10:00:00.000Z,150.569,150.71,150.523,150.664,70
2025-10-06T11:00:00.000Z,150.664,150.777,150.618,150.731,70
2025-10-06T12:00:00.000Z,150.731,150.881,150.69,150.84,80
2025-10-06T13:00:00.000Z,150.84,150.964,150.799,150.923,80
2025-10-06T14:00:00.000Z,150.923,151.048,150.882,151.007,80
2025-10-06T15:00:00.000Z,151.007,151.105,150.966,151.064,80
2025-10-06T16:00:00.000Z,151.064,151.079,151.016,151.031,30
2025-10-06T17:00:00.000Z,151.031,151.046,150.992,151.007,30
2025-10-06T18:00:00.000Z,151.007,151.022,150.968,150.983,30
2025-10-06T19:00:00.000Z,150.983,150.998,150.954,150.969,30
2025-10-06T20:00:00.000Z,150.969,151.028,150.714,150.773,15
2025-10-06T21:00:00.000Z,150.773,150.832,150.554,150.613,15
2025-10-06T22:00:00.000Z,150.613,150.672,150.395,150.454,15
2025-10-06T23:00:00.000Z,150.454,150.513,150.272,150.331,15
2025-10-07T00:00:00.000Z,152.051,152.096,152.037,152.082,25
2025-10-07T01:00:00.000Z,152.082,152.118,152.068,152.104,25
2025-10-07T02:00:00.000Z,152.104,152.141,152.09,152.127,25
2025-10-07T03:00:00.000Z,152.127,152.154,152.113,152.14,25
2025-10-07T04:00:00.000Z,152.14,152.149,152.107,152.116,30
2025-10-07T05:00:00.000Z,152.116,152.125,152.09,152.099,30
2025-10-07T06:00:00.000Z,152.099,152.108,152.072,152.081,30
2025-10-07T07:00:00.000Z,152.081,152.09,152.06,152.069,30
2025-10-07T08:00:00.000Z,152.069,152.228,152.026,152.185,70
2025-10-07T09:00:00.000Z,152.185,152.317,152.142,152.274,70
2025-10-07T10:00:00.000Z,152.274,152.407,152.231,152.364,70
2025-10-07T11:00:00.000Z,152.364,152.469,152.321,152.426,70
2025-10-07T12:00:00.000Z,152.426,152.584,152.377,152.535,80
2025-10-07T13:00:00.000Z,152.535,152.662,152.486,152.613,80
2025-10-07T14:00:00.000Z,152.613,152.74,152.564,152.691,80
2025-10-07T15:00:00.000Z,152.691,152.788,152.642,152.739,80
2025-10-07T16:00:00.000Z,152.739,152.753,152.694,152.708,30
2025-10-07T17:00:00.000Z,152.708,152.722,152.672,152.686,30
2025-10-07T18:00:00.000Z,152.686,152.7,152.649,152.663,30
2025-10-07T19:00:00.000Z,152.663,152.677,152.636,152.65,30
2025-10-07T20:00:00.000Z,152.65,152.705,152.411,152.466,15
2025-10-07T21:00:00.000Z,152.466,152.521,152.261,152.316,15
2025-10-07T22:00:00.000Z,152.316,152.371,152.111,152.166,15
2025-10-07T23:00:00.000Z,152.166,152.221,151.996,152.051,15
2025-10-08T00:00:00.000Z,152.68,152.732,152.664,152.716,25
2025-10-08T01:00:00.000Z,152.716,152.757,152.7,152.741,25
2025-10-08T02:00:00.000Z,152.741,152.783,152.725,152.767,25
2025-10-08T03:00:00.000Z,152.767,152.798,152.751,152.782,25
2025-10-08T04:00:00.000Z,152.782,152.833,152.678,152.729,30
2025-10-08T05:00:00.000Z,152.729,152.78,152.658,152.709,30
2025-10-08T06:00:00.000Z,152.709,152.76,152.637,152.688,30
2025-10-08T07:00:00.000Z,152.688,152.751,152.637,152.7,30
2025-10-08T08:00:00.000Z,152.7,152.882,152.651,152.833,70
2025-10-08T09:00:00.000Z,152.833,152.984,152.784,152.935,70
2025-10-08T10:00:00.000Z,152.935,153.086,152.886,153.037,70
2025-10-08T11:00:00.000Z,153.037,153.157,152.988,153.108,70
2025-10-08T12:00:00.000Z,153.108,153.251,153.075,153.218,80
2025-10-08T13:00:00.000Z,153.218,153.34,153.185,153.307,80
2025-10-08T14:00:00.000Z,153.307,153.429,153.274,153.396,80
2025-10-08T15:00:00.000Z,153.396,153.498,153.363,153.465,80
2025-10-08T16:00:00.000Z,153.465,153.481,153.413,153.429,30
2025-10-08T17:00:00.000Z,153.429,153.445,153.388,153.404,30
2025-10-08T18:00:00.000Z,153.404,153.42,153.362,153.378,30
2025-10-08T19:00:00.000Z,153.378,153.394,153.347,153.363,30
2025-10-08T20:00:00.000Z,153.363,153.426,153.09,153.153,15
2025-10-08T21:00:00.000Z,153.153,153.216,152.919,152.982,15
2025-10-08T22:00:00.000Z,152.982,153.045,152.748,152.811,15
2025-10-08T23:00:00.000Z,152.811,152.874,152.617,152.68,15
2025-10-09T00:00:00.000Z,152.965,153.048,152.939,153.022,25
2025-10-09T01:00:00.000Z,153.022,153.088,152.996,153.062,25
2025-10-09T02:00:00.000Z,153.062,153.129,153.036,153.103,25
2025-10-09T03:00:00.000Z,153.103,153.153,153.077,153.127,25
2025-10-09T04:00:00.000Z,153.127,153.262,152.875,153.01,30
2025-10-09T05:00:00.000Z,153.01,153.145,152.843,152.978,30
2025-10-09T06:00:00.000Z,152.978,153.113,152.81,152.945,30
2025-10-09T07:00:00.000Z,152.945,153.132,152.81,152.997,30
2025-10-09T08:00:00.000Z,152.997,153.286,152.919,153.208,70
2025-10-09T09:00:00.000Z,153.208,153.449,153.13,153.371,70
2025-10-09T10:00:00.000Z,153.371,153.611,153.293,153.533,70
2025-10-09T11:00:00.000Z,153.533,153.725,153.455,153.647,70
2025-10-09T12:00:00.000Z,153.647,153.873,153.595,153.821,80
2025-10-09T13:00:00.000Z,153.821,154.015,153.769,153.963,80
2025-10-09T14:00:00.000Z,153.963,154.157,153.911,154.105,80
2025-10-09T15:00:00.000Z,154.105,154.267,154.053,154.215,80
2025-10-09T16:00:00.000Z,154.215,154.241,154.132,154.158,30
2025-10-09T17:00:00.000Z,154.158,154.184,154.092,154.118,30
2025-10-09T18:00:00.000Z,154.118,154.144,154.051,154.077,30
2025-10-09T19:00:00.000Z,154.077,154.103,154.027,154.053,30
2025-10-09T20:00:00.000Z,154.053,154.153,153.619,153.719,15
2025-10-09T21:00:00.000Z,153.719,153.819,153.347,153.447,15
2025-10-09T22:00:00.000Z,153.447,153.547,153.074,153.174,15
2025-10-09T23:00:00.000Z,153.174,153.274,152.865,152.965,15
2025-10-12T00:00:00.000Z,152.056,152.092,152.045,152.081,25
2025-10-12T01:00:00.000Z,152.081,152.11,152.07,152.099,25
2025-10-12T02:00:00.000Z,152.099,152.127,152.088,152.116,25
2025-10-12T03:00:00.000Z,152.116,152.138,152.105,152.127,25
2025-10-12T04:00:00.000Z,152.127,152.161,152.057,152.091,30
2025-10-12T05:00:00.000Z,152.091,152.125,152.043,152.077,30
2025-10-12T06:00:00.000Z,152.077,152.111,152.029,152.063,30
2025-10-12T07:00:00.000Z,152.063,152.104,152.029,152.07,30
2025-10-12T08:00:00.000Z,152.07,152.196,152.036,152.162,70
2025-10-12T09:00:00.000Z,152.162,152.267,152.128,152.233,70
2025-10-12T10:00:00.000Z,152.233,152.337,152.199,152.303,70
2025-10-12T11:00:00.000Z,152.303,152.387,152.269,152.353,70
2025-10-12T12:00:00.000Z,152.353,152.452,152.33,152.429,80
2025-10-12T13:00:00.000Z,152.429,152.514,152.406,152.491,80
2025-10-12T14:00:00.000Z,152.491,152.575,152.468,152.552,80
2025-10-12T15:00:00.000Z,152.552,152.623,152.529,152.6,80
2025-10-12T16:00:00.000Z,152.6,152.611,152.564,152.575,30
2025-10-12T17:00:00.000Z,152.575,152.586,152.546,152.557,30
2025-10-12T18:00:00.000Z,152.557,152.568,152.529,152.54,30
2025-10-12T19:00:00.000Z,152.54,152.551,152.518,152.529,30
2025-10-12T20:00:00.000Z,152.529,152.572,152.341,152.384,15
2025-10-12T21:00:00.000Z,152.384,152.427,152.222,152.265,15
2025-10-12T22:00:00.000Z,152.265,152.308,152.104,152.147,15
2025-10-12T23:00:00.000Z,152.147,152.19,152.013,152.056,15
2025-10-13T00:00:00.000Z,152.434,152.482,152.419,152.467,25
2025-10-13T01:00:00.000Z,152.467,152.505,152.452,152.49,25
2025-10-13T02:00:00.000Z,152.49,152.529,152.475,152.514,25
2025-10-13T03:00:00.000Z,152.514,152.543,152.499,152.528,25
2025-10-13T04:00:00.000Z,152.528,152.601,152.39,152.463,30
2025-10-13T05:00:00.000Z,152.463,152.536,152.372,152.445,30
2025-10-13T06:00:00.000Z,152.445,152.518,152.353,152.426,30
2025-10-13T07:00:00.000Z,152.426,152.526,152.353,152.453,30
2025-10-13T08:00:00.000Z,152.453,152.62,152.408,152.575,70
2025-10-13T09:00:00.000Z,152.575,152.713,152.53,152.668,70
2025-10-13T10:00:00.000Z,152.668,152.807,152.623,152.762,70
2025-10-13T11:00:00.000Z,152.762,152.872,152.717,152.827,70
2025-10-13T12:00:00.000Z,152.827,152.958,152.797,152.928,80
2025-10-13T13:00:00.000Z,152.928,153.04,152.898,153.01,80
2025-10-13T14:00:00.000Z,153.01,153.122,152.98,153.092,80
2025-10-13T15:00:00.000Z,153.092,153.185,153.062,153.155,80
2025-10-13T16:00:00.000Z,153.155,153.17,153.107,153.122,30
2025-10-13T17:00:00.000Z,153.122,153.137,153.084,153.099,30
2025-10-13T18:00:00.000Z,153.099,153.114,153.06,153.075,30
2025-10-13T19:00:00.000Z,153.075,153.09,153.046,153.061,30
2025-10-13T20:00:00.000Z,153.061,153.119,152.81,152.868,15
2025-10-13T21:00:00.000Z,152.868,152.926,152.653,152.711,15
2025-10-13T22:00:00.000Z,152.711,152.769,152.497,152.555,15
2025-10-13T23:00:00.000Z,152.555,152.613,152.376,152.434,15
2025-10-14T00:00:00.000Z,151.731,151.777,151.717,151.763,25
2025-10-14T01:00:00.000Z,151.763,151.8,151.749,151.786,25
2025-10-14T02:00:00.000Z,151.786,151.822,151.772,151.808,25
2025-10-14T03:00:00.000Z,151.808,151.836,151.794,151.822,25
2025-10-14T04:00:00.000Z,151.822,151.898,151.68,151.756,30
2025-10-14T05:00:00.000Z,151.756,151.832,151.662,151.738,30
2025-10-14T06:00:00.000Z,151.738,151.814,151.644,151.72,30
2025-10-14T07:00:00.000Z,151.72,151.825,151.644,151.749,30
2025-10-14T08:00:00.000Z,151.749,151.911,151.705,151.867,70
2025-10-14T09:00:00.000Z,151.867,152.002,151.823,151.958,70
2025-10-14T10:00:00.000Z,151.958,152.093,151.914,152.049,70
2025-10-14T11:00:00.000Z,152.049,152.156,152.005,152.112,70
2025-10-14T12:00:00.000Z,152.112,152.239,152.083,152.21,80
2025-10-14T13:00:00.000Z,152.21,152.318,152.181,152.289,80
2025-10-14T14:00:00.000Z,152.289,152.398,152.26,152.369,80
2025-10-14T15:00:00.000Z,152.369,152.459,152.34,152.43,80
2025-10-14T16:00:00.000Z,152.43,152.445,152.383,152.398,30
2025-10-14T17:00:00.000Z,152.398,152.413,152.36,152.375,30
2025-10-14T18:00:00.000Z,152.375,152.39,152.338,152.353,30
2025-10-14T19:00:00.000Z,152.353,152.368,152.324,152.339,30
2025-10-14T20:00:00.000Z,152.339,152.395,152.096,152.152,15
2025-10-14T21:00:00.000Z,152.152,152.208,151.944,152,15
2025-10-14T22:00:00.000Z,152,152.056,151.792,151.848,15
2025-10-14T23:00:00.000Z,151.848,151.904,151.675,151.731,15
2025-10-15T00:00:00.000Z,150.974,151.018,150.96,151.004,25
2025-10-15T01:00:00.000Z,151.004,151.04,150.99,151.026,25
2025-10-15T02:00:00.000Z,151.026,151.062,151.012,151.048,25
2025-10-15T03:00:00.000Z,151.048,151.075,151.034,151.061,25
2025-10-15T04:00:00.000Z,151.061,151.108,150.967,151.014,30
2025-10-15T05:00:00.000Z,151.014,151.061,150.95,150.997,30
2025-10-15T06:00:00.000Z,150.997,151.044,150.932,150.979,30
2025-10-15T07:00:00.000Z,150.979,151.038,150.932,150.991,30
2025-10-15T08:00:00.000Z,150.991,151.146,150.949,151.104,70
2025-10-15T09:00:00.000Z,151.104,151.233,151.062,151.191,70
2025-10-15T10:00:00.000Z,151.191,151.32,151.149,151.278,70
2025-10-15T11:00:00.000Z,151.278,151.381,151.236,151.339,70
2025-10-15T12:00:00.000Z,151.339,151.461,151.311,151.433,80
2025-10-15T13:00:00.000Z,151.433,151.537,151.405,151.509,80
2025-10-15T14:00:00.000Z,151.509,151.613,151.481,151.585,80
2025-10-15T15:00:00.000Z,151.585,151.672,151.557,151.644,80
2025-10-15T16:00:00.000Z,151.644,151.658,151.6,151.614,30
2025-10-15T17:00:00.000Z,151.614,151.628,151.578,151.592,30
2025-10-15T18:00:00.000Z,151.592,151.606,151.556,151.57,30
2025-10-15T19:00:00.000Z,151.57,151.584,151.543,151.557,30
2025-10-15T20:00:00.000Z,151.557,151.611,151.324,151.378,15
2025-10-15T21:00:00.000Z,151.378,151.432,151.178,151.232,15
2025-10-15T22:00:00.000Z,151.232,151.286,151.032,151.086,15
2025-10-15T23:00:00.000Z,151.086,151.14,150.92,150.974,15
2025-10-16T00:00:00.000Z,150.12,150.18,150.101,150.161,25
2025-10-16T01:00:00.000Z,150.161,150.21,150.142,150.191,25
2025-10-16T02:00:00.000Z,150.191,150.239,150.172,150.22,25
2025-10-16T03:00:00.000Z,150.22,150.257,150.201,150.238,25
2025-10-16T04:00:00.000Z,150.238,150.309,150.099,150.17,30
2025-10-16T05:00:00.000Z,150.17,150.241,150.076,150.147,30
2025-10-16T06:00:00.000Z,150.147,150.218,150.052,150.123,30
2025-10-16T07:00:00.000Z,150.123,150.215,150.052,150.144,30
2025-10-16T08:00:00.000Z,150.144,150.354,150.087,150.297,70
2025-10-16T09:00:00.000Z,150.297,150.472,150.24,150.415,70
2025-10-16T10:00:00.000Z,150.415,150.59,150.358,150.533,70
2025-10-16T11:00:00.000Z,150.533,150.672,150.476,150.615,70
2025-10-16T12:00:00.000Z,150.615,150.78,150.577,150.742,80
2025-10-16T13:00:00.000Z,150.742,150.883,150.704,150.845,80
2025-10-16T14:00:00.000Z,150.845,150.986,150.807,150.948,80
2025-10-16T15:00:00.000Z,150.948,151.065,150.91,151.027,80
2025-10-16T16:00:00.000Z,151.027,151.046,150.967,150.986,30
2025-10-16T17:00:00.000Z,150.986,151.005,150.937,150.956,30
2025-10-16T18:00:00.000Z,150.956,150.975,150.908,150.927,30
2025-10-16T19:00:00.000Z,150.927,150.946,150.89,150.909,30
2025-10-16T20:00:00.000Z,150.909,150.982,150.593,150.666,15
2025-10-16T21:00:00.000Z,150.666,150.739,150.396,150.469,15
2025-10-16T22:00:00.000Z,150.469,150.542,150.199,150.272,15
2025-10-16T23:00:00.000Z,150.272,150.345,150.047,150.12,15
2025-10-19T00:00:00.000Z,150.9,150.947,150.885,150.932,25
2025-10-19T01:00:00.000Z,150.932,150.97,150.917,150.955,25
2025-10-19T02:00:00.000Z,150.955,150.992,150.94,150.977,25
2025-10-19T03:00:00.000Z,150.977,151.006,150.962,150.991,25
2025-10-19T04:00:00.000Z,150.991,151.051,150.875,150.935,30
2025-10-19T05:00:00.000Z,150.935,150.995,150.857,150.917,30
2025-10-19T06:00:00.000Z,150.917,150.977,150.839,150.899,30
2025-10-19T07:00:00.000Z,150.899,150.978,150.839,150.918,30
2025-10-19T08:00:00.000Z,150.918,151.081,150.874,151.037,70
2025-10-19T09:00:00.000Z,151.037,151.172,150.993,151.128,70
2025-10-19T10:00:00.000Z,151.128,151.263,151.084,151.219,70
2025-10-19T11:00:00.000Z,151.219,151.327,151.175,151.283,70
2025-10-19T12:00:00.000Z,151.283,151.41,151.254,151.381,80
2025-10-19T13:00:00.000Z,151.381,151.49,151.352,151.461,80
2025-10-19T14:00:00.000Z,151.461,151.57,151.432,151.541,80
2025-10-19T15:00:00.000Z,151.541,151.632,151.512,151.603,80
2025-10-19T16:00:00.000Z,151.603,151.618,151.556,151.571,30
2025-10-19T17:00:00.000Z,151.571,151.586,151.533,151.548,30
2025-10-19T18:00:00.000Z,151.548,151.563,151.511,151.526,30
2025-10-19T19:00:00.000Z,151.526,151.541,151.497,151.512,30
2025-10-19T20:00:00.000Z,151.512,151.568,151.268,151.324,15
2025-10-19T21:00:00.000Z,151.324,151.38,151.115,151.171,15
2025-10-19T22:00:00.000Z,151.171,151.227,150.962,151.018,15
2025-10-19T23:00:00.000Z,151.018,151.074,150.844,150.9,15
2025-10-20T00:00:00.000Z,150.774,150.859,150.747,150.832,25
2025-10-20T01:00:00.000Z,150.832,150.901,150.805,150.874,25
2025-10-20T02:00:00.000Z,150.874,150.943,150.847,150.916,25
2025-10-20T03:00:00.000Z,150.916,150.968,150.889,150.941,25
2025-10-20T04:00:00.000Z,150.941,150.984,150.838,150.881,30
2025-10-20T05:00:00.000Z,150.881,150.924,150.804,150.847,30
2025-10-20T06:00:00.000Z,150.847,150.89,150.771,150.814,30
2025-10-20T07:00:00.000Z,150.814,150.857,150.764,150.807,30
2025-10-20T08:00:00.000Z,150.807,151.104,150.727,151.024,70
2025-10-20T09:00:00.000Z,151.024,151.271,150.944,151.191,70
2025-10-20T10:00:00.000Z,151.191,151.438,151.111,151.358,70
2025-10-20T11:00:00.000Z,151.358,151.555,151.278,151.475,70
2025-10-20T12:00:00.000Z,151.475,151.721,151.413,151.659,80
2025-10-20T13:00:00.000Z,151.659,151.867,151.597,151.805,80
2025-10-20T14:00:00.000Z,151.805,152.013,151.743,151.951,80
2025-10-20T15:00:00.000Z,151.951,152.12,151.889,152.058,80
2025-10-20T16:00:00.000Z,152.058,152.085,151.973,152,30
2025-10-20T17:00:00.000Z,152,152.027,151.931,151.958,30
2025-10-20T18:00:00.000Z,151.958,151.985,151.89,151.917,30
2025-10-20T19:00:00.000Z,151.917,151.944,151.865,151.892,30
2025-10-20T20:00:00.000Z,151.892,151.995,151.445,151.548,15
2025-10-20T21:00:00.000Z,151.548,151.651,151.166,151.269,15
2025-10-20T22:00:00.000Z,151.269,151.372,150.886,150.989,15
2025-10-20T23:00:00.000Z,150.989,151.092,150.671,150.774,15
2025-10-21T00:00:00.000Z,151.893,151.919,151.885,151.911,25
2025-10-21T01:00:00.000Z,151.911,151.932,151.903,151.924,25
2025-10-21T02:00:00.000Z,151.924,151.945,151.916,151.937,25
2025-10-21T03:00:00.000Z,151.937,151.953,151.929,151.945,25
2025-10-21T04:00:00.000Z,151.945,151.982,151.874,151.911,30
2025-10-21T05:00:00.000Z,151.911,151.948,151.864,151.901,30
2025-10-21T06:00:00.000Z,151.901,151.938,151.853,151.89,30
2025-10-21T07:00:00.000Z,151.89,151.94,151.853,151.903,30
2025-10-21T08:00:00.000Z,151.903,151.996,151.878,151.971,70
2025-10-21T09:00:00.000Z,151.971,152.048,151.946,152.023,70
2025-10-21T10:00:00.000Z,152.023,152.1,151.998,152.075,70
2025-10-21T11:00:00.000Z,152.075,152.136,152.05,152.111,70
2025-10-21T12:00:00.000Z,152.111,152.184,152.094,152.167,80
2025-10-21T13:00:00.000Z,152.167,152.229,152.15,152.212,80
2025-10-21T14:00:00.000Z,152.212,152.275,152.195,152.258,80
2025-10-21T15:00:00.000Z,152.258,152.31,152.241,152.293,80
2025-10-21T16:00:00.000Z,152.293,152.301,152.267,152.275,30
2025-10-21T17:00:00.000Z,152.275,152.283,152.254,152.262,30
2025-10-21T18:00:00.000Z,152.262,152.27,152.241,152.249,30
2025-10-21T19:00:00.000Z,152.249,152.257,152.233,152.241,30
2025-10-21T20:00:00.000Z,152.241,152.273,152.102,152.134,15
2025-10-21T21:00:00.000Z,152.134,152.166,152.015,152.047,15
2025-10-21T22:00:00.000Z,152.047,152.079,151.928,151.96,15
2025-10-21T23:00:00.000Z,151.96,151.992,151.861,151.893,15
2025-10-22T00:00:00.000Z,151.954,151.995,151.941,151.982,25
2025-10-22T01:00:00.000Z,151.982,152.016,151.969,152.003,25
2025-10-22T02:00:00.000Z,152.003,152.036,151.99,152.023,25
2025-10-22T03:00:00.000Z,152.023,152.048,152.01,152.035,25
2025-10-22T04:00:00.000Z,152.035,152.043,152.005,152.013,30
2025-10-22T05:00:00.000Z,152.013,152.021,151.989,151.997,30
2025-10-22T06:00:00.000Z,151.997,152.005,151.973,151.981,30
2025-10-22T07:00:00.000Z,151.981,151.989,151.962,151.97,30
2025-10-22T08:00:00.000Z,151.97,152.115,151.931,152.076,70
2025-10-22T09:00:00.000Z,152.076,152.196,152.037,152.157,70
2025-10-22T10:00:00.000Z,152.157,152.277,152.118,152.238,70
2025-10-22T11:00:00.000Z,152.238,152.334,152.199,152.295,70
2025-10-22T12:00:00.000Z,152.295,152.435,152.252,152.392,80
2025-10-22T13:00:00.000Z,152.392,152.506,152.349,152.463,80
2025-10-22T14:00:00.000Z,152.463,152.577,152.42,152.534,80
2025-10-22T15:00:00.000Z,152.534,152.621,152.491,152.578,80
2025-10-22T16:00:00.000Z,152.578,152.591,152.537,152.55,30
2025-10-22T17:00:00.000Z,152.55,152.563,152.516,152.529,30
2025-10-22T18:00:00.000Z,152.529,152.542,152.496,152.509,30
2025-10-22T19:00:00.000Z,152.509,152.522,152.484,152.497,30
2025-10-22T20:00:00.000Z,152.497,152.547,152.28,152.33,15
2025-10-22T21:00:00.000Z,152.33,152.38,152.144,152.194,15
2025-10-22T22:00:00.000Z,152.194,152.244,152.009,152.059,15
2025-10-22T23:00:00.000Z,152.059,152.109,151.904,151.954,15
2025-10-23T00:00:00.000Z,152.602,152.638,152.591,152.627,25
2025-10-23T01:00:00.000Z,152.627,152.656,152.616,152.645,25
2025-10-23T02:00:00.000Z,152.645,152.673,152.634,152.662,25
2025-10-23T03:00:00.000Z,152.662,152.684,152.651,152.673,25
2025-10-23T04:00:00.000Z,152.673,152.702,152.612,152.641,30
2025-10-23T05:00:00.000Z,152.641,152.67,152.597,152.626,30
2025-10-23T06:00:00.000Z,152.626,152.655,152.583,152.612,30
2025-10-23T07:00:00.000Z,152.612,152.645,152.583,152.616,30
2025-10-23T08:00:00.000Z,152.616,152.742,152.582,152.708,70
2025-10-23T09:00:00.000Z,152.708,152.813,152.674,152.779,70
2025-10-23T10:00:00.000Z,152.779,152.884,152.745,152.85,70
2025-10-23T11:00:00.000Z,152.85,152.934,152.816,152.9,70
2025-10-23T12:00:00.000Z,152.9,152.999,152.877,152.976,80
2025-10-23T13:00:00.000Z,152.976,153.061,152.953,153.038,80
2025-10-23T14:00:00.000Z,153.038,153.123,153.015,153.1,80
2025-10-23T15:00:00.000Z,153.1,153.171,153.077,153.148,80
2025-10-23T16:00:00.000Z,153.148,153.159,153.112,153.123,30
2025-10-23T17:00:00.000Z,153.123,153.134,153.094,153.105,30
2025-10-23T18:00:00.000Z,153.105,153.116,153.077,153.088,30
2025-10-23T19:00:00.000Z,153.088,153.099,153.066,153.077,30
2025-10-23T20:00:00.000Z,153.077,153.121,152.887,152.931,15
2025-10-23T21:00:00.000Z,152.931,152.975,152.768,152.812,15
2025-10-23T22:00:00.000Z,152.812,152.856,152.65,152.694,15
2025-10-23T23:00:00.000Z,152.694,152.738,152.558,152.602,15
2025-10-27T00:00:00.000Z,153.061,153.095,153.05,153.084,25
2025-10-27T01:00:00.000Z,153.084,153.112,153.073,153.101,25
2025-10-27T02:00:00.000Z,153.101,153.129,153.09,153.118,25
2025-10-27T03:00:00.000Z,153.118,153.139,153.107,153.128,25
2025-10-27T04:00:00.000Z,153.128,153.175,153.038,153.085,30
2025-10-27T05:00:00.000Z,153.085,153.132,153.025,153.072,30
2025-10-27T06:00:00.000Z,153.072,153.119,153.011,153.058,30
2025-10-27T07:00:00.000Z,153.058,153.121,153.011,153.074,30
2025-10-27T08:00:00.000Z,153.074,153.193,153.042,153.161,70
2025-10-27T09:00:00.000Z,153.161,153.259,153.129,153.227,70
2025-10-27T10:00:00.000Z,153.227,153.326,153.195,153.294,70
2025-10-27T11:00:00.000Z,153.294,153.373,153.262,153.341,70
2025-10-27T12:00:00.000Z,153.341,153.434,153.32,153.413,80
2025-10-27T13:00:00.000Z,153.413,153.492,153.392,153.471,80
2025-10-27T14:00:00.000Z,153.471,153.55,153.45,153.529,80
2025-10-27T15:00:00.000Z,153.529,153.595,153.508,153.574,80
2025-10-27T16:00:00.000Z,153.574,153.585,153.54,153.551,30
2025-10-27T17:00:00.000Z,153.551,153.562,153.523,153.534,30
2025-10-27T18:00:00.000Z,153.534,153.545,153.506,153.517,30
2025-10-27T19:00:00.000Z,153.517,153.528,153.496,153.507,30
2025-10-27T20:00:00.000Z,153.507,153.548,153.329,153.37,15
2025-10-27T21:00:00.000Z,153.37,153.411,153.217,153.258,15
2025-10-27T22:00:00.000Z,153.258,153.299,153.106,153.147,15
2025-10-27T23:00:00.000Z,153.147,153.188,153.02,153.061,15
2025-10-28T00:00:00.000Z,152.692,152.742,152.676,152.726,25
2025-10-28T01:00:00.000Z,152.726,152.766,152.71,152.75,25
2025-10-28T02:00:00.000Z,152.75,152.79,152.734,152.774,25
2025-10-28T03:00:00.000Z,152.774,152.805,152.758,152.789,25
2025-10-28T04:00:00.000Z,152.789,152.876,152.628,152.715,30
2025-10-28T05:00:00.000Z,152.715,152.802,152.609,152.696,30
2025-10-28T06:00:00.000Z,152.696,152.783,152.589,152.676,30
2025-10-28T07:00:00.000Z,152.676,152.798,152.589,152.711,30
2025-10-28T08:00:00.000Z,152.711,152.885,152.664,152.838,70
2025-10-28T09:00:00.000Z,152.838,152.982,152.791,152.935,70
2025-10-28T10:00:00.000Z,152.935,153.08,152.888,153.033,70
2025-10-28T11:00:00.000Z,153.033,153.148,152.986,153.101,70
2025-10-28T12:00:00.000Z,153.101,153.236,153.07,153.205,80
2025-10-28T13:00:00.000Z,153.205,153.321,153.174,153.29,80
2025-10-28T14:00:00.000Z,153.29,153.406,153.259,153.375,80
2025-10-28T15:00:00.000Z,153.375,153.472,153.344,153.441,80
2025-10-28T16:00:00.000Z,153.441,153.457,153.391,153.407,30
2025-10-28T17:00:00.000Z,153.407,153.423,153.367,153.383,30
2025-10-28T18:00:00.000Z,153.383,153.399,153.342,153.358,30
2025-10-28T19:00:00.000Z,153.358,153.374,153.328,153.344,30
2025-10-28T20:00:00.000Z,153.344,153.404,153.083,153.143,15
2025-10-28T21:00:00.000Z,153.143,153.203,152.921,152.981,15
2025-10-28T22:00:00.000Z,152.981,153.041,152.758,152.818,15
2025-10-28T23:00:00.000Z,152.818,152.878,152.632,152.692,15
2025-10-29T00:00:00.000Z,151.731,151.78,151.716,151.765,25
2025-10-29T01:00:00.000Z,151.765,151.804,151.75,151.789,25
2025-10-29T02:00:00.000Z,151.789,151.828,151.774,151.813,25
2025-10-29T03:00:00.000Z,151.813,151.843,151.798,151.828,25
2025-10-29T04:00:00.000Z,151.828,151.854,151.766,151.792,30
2025-10-29T05:00:00.000Z,151.792,151.818,151.747,151.773,30
2025-10-29T06:00:00.000Z,151.773,151.799,151.727,151.753,30
2025-10-29T07:00:00.000Z,151.753,151.779,151.724,151.75,30
2025-10-29T08:00:00.000Z,151.75,151.921,151.704,151.875,70
2025-10-29T09:00:00.000Z,151.875,152.018,151.829,151.972,70
2025-10-29T10:00:00.000Z,151.972,152.114,151.926,152.068,70
2025-10-29T11:00:00.000Z,152.068,152.182,152.022,152.136,70
2025-10-29T12:00:00.000Z,152.136,152.276,152.102,152.242,80
2025-10-29T13:00:00.000Z,152.242,152.36,152.208,152.326,80
2025-10-29T14:00:00.000Z,152.326,152.445,152.292,152.411,80
2025-10-29T15:00:00.000Z,152.411,152.508,152.377,152.474,80
2025-10-29T16:00:00.000Z,152.474,152.489,152.425,152.44,30
2025-10-29T17:00:00.000Z,152.44,152.455,152.401,152.416,30
2025-10-29T18:00:00.000Z,152.416,152.431,152.377,152.392,30
2025-10-29T19:00:00.000Z,152.392,152.407,152.363,152.378,30
2025-10-29T20:00:00.000Z,152.378,152.437,152.12,152.179,15
2025-10-29T21:00:00.000Z,152.179,152.238,151.958,152.017,15
2025-10-29T22:00:00.000Z,152.017,152.076,151.797,151.856,15
2025-10-29T23:00:00.000Z,151.856,151.915,151.672,151.731,15
2025-10-30T00:00:00.000Z,152.722,152.837,152.686,152.801,25
2025-10-30T01:00:00.000Z,152.801,152.894,152.765,152.858,25
2025-10-30T02:00:00.000Z,152.858,152.95,152.822,152.914,25
2025-10-30T03:00:00.000Z,152.914,152.984,152.878,152.948,25
2025-10-30T04:00:00.000Z,152.948,153.018,152.789,152.859,30
2025-10-30T05:00:00.000Z,152.859,152.929,152.744,152.814,30
2025-10-30T06:00:00.000Z,152.814,152.884,152.699,152.769,30
2025-10-30T07:00:00.000Z,152.769,152.839,152.697,152.767,30
2025-10-30T08:00:00.000Z,152.767,153.168,152.659,153.06,70
2025-10-30T09:00:00.000Z,153.06,153.394,152.952,153.286,70
2025-10-30T10:00:00.000Z,153.286,153.62,153.178,153.512,70
2025-10-30T11:00:00.000Z,153.512,153.778,153.404,153.67,70
2025-10-30T12:00:00.000Z,153.67,153.984,153.598,153.912,80
2025-10-30T13:00:00.000Z,153.912,154.182,153.84,154.11,80
2025-10-30T14:00:00.000Z,154.11,154.379,154.038,154.307,80
2025-10-30T15:00:00.000Z,154.307,154.531,154.235,154.459,80
2025-10-30T16:00:00.000Z,154.459,154.495,154.344,154.38,30
2025-10-30T17:00:00.000Z,154.38,154.416,154.288,154.324,30
2025-10-30T18:00:00.000Z,154.324,154.36,154.232,154.268,30
2025-10-30T19:00:00.000Z,154.268,154.304,154.198,154.234,30
2025-10-30T20:00:00.000Z,154.234,154.373,153.63,153.769,15
2025-10-30T21:00:00.000Z,153.769,153.908,153.252,153.391,15
2025-10-30T22:00:00.000Z,153.391,153.53,152.874,153.013,15
2025-10-30T23:00:00.000Z,153.013,153.152,152.583,152.722,15
2025-10-31T00:00:00.000Z,153.9,153.937,153.888,153.925,25
2025-10-31T01:00:00.000Z,153.925,153.955,153.913,153.943,25
2025-10-31T02:00:00.000Z,153.943,153.973,153.931,153.961,25
2025-10-31T03:00:00.000Z,153.961,153.984,153.949,153.972,25
2025-10-31T04:00:00.000Z,153.972,154,153.912,153.94,30
2025-10-31T05:00:00.000Z,153.94,153.968,153.897,153.925,30
2025-10-31T06:00:00.000Z,153.925,153.953,153.883,153.911,30
2025-10-31T07:00:00.000Z,153.911,153.942,153.883,153.914,30
2025-10-31T08:00:00.000Z,153.914,154.043,153.879,154.008,70
2025-10-31T09:00:00.000Z,154.008,154.115,153.973,154.08,70
2025-10-31T10:00:00.000Z,154.08,154.187,154.045,154.152,70
2025-10-31T11:00:00.000Z,154.152,154.237,154.117,154.202,70
2025-10-31T12:00:00.000Z,154.202,154.302,154.179,154.279,80
2025-10-31T13:00:00.000Z,154.279,154.365,154.256,154.342,80
2025-10-31T14:00:00.000Z,154.342,154.428,154.319,154.405,80
2025-10-31T15:00:00.000Z,154.405,154.477,154.382,154.454,80
2025-10-31T16:00:00.000Z,154.454,154.466,154.417,154.429,30
2025-10-31T17:00:00.000Z,154.429,154.441,154.399,154.411,30
2025-10-31T18:00:00.000Z,154.411,154.423,154.381,154.393,30
2025-10-31T19:00:00.000Z,154.393,154.405,154.37,154.382,30
2025-10-31T20:00:00.000Z,154.382,154.426,154.19,154.234,15
2025-10-31T21:00:00.000Z,154.234,154.278,154.069,154.113,15
2025-10-31T22:00:00.000Z,154.113,154.157,153.949,153.993,15
2025-10-31T23:00:00.000Z,153.993,154.037,153.856,153.9,15
2025-11-03T00:00:00.000Z,154.195,154.212,154.19,154.207,25
2025-11-03T01:00:00.000Z,154.207,154.22,154.202,154.215,25
2025-11-03T02:00:00.000Z,154.215,154.229,154.21,154.224,25
2025-11-03T03:00:00.000Z,154.224,154.234,154.219,154.229,25
2025-11-03T04:00:00.000Z,154.229,154.253,154.183,154.207,30
2025-11-03T05:00:00.000Z,154.207,154.231,154.177,154.201,30
2025-11-03T06:00:00.000Z,154.201,154.225,154.17,154.194,30
2025-11-03T07:00:00.000Z,154.194,154.226,154.17,154.202,30
2025-11-03T08:00:00.000Z,154.202,154.262,154.186,154.246,70
2025-11-03T09:00:00.000Z,154.246,154.296,154.23,154.28,70
2025-11-03T10:00:00.000Z,154.28,154.329,154.264,154.313,70
2025-11-03T11:00:00.000Z,154.313,154.353,154.297,154.337,70
2025-11-03T12:00:00.000Z,154.337,154.384,154.326,154.373,80
2025-11-03T13:00:00.000Z,154.373,154.413,154.362,154.402,80
2025-11-03T14:00:00.000Z,154.402,154.442,154.391,154.431,80
2025-11-03T15:00:00.000Z,154.431,154.465,154.42,154.454,80
2025-11-03T16:00:00.000Z,154.454,154.459,154.437,154.442,30
2025-11-03T17:00:00.000Z,154.442,154.447,154.429,154.434,30
2025-11-03T18:00:00.000Z,154.434,154.439,154.421,154.426,30
2025-11-03T19:00:00.000Z,154.426,154.431,154.416,154.421,30
2025-11-03T20:00:00.000Z,154.421,154.442,154.33,154.351,15
2025-11-03T21:00:00.000Z,154.351,154.372,154.274,154.295,15
2025-11-03T22:00:00.000Z,154.295,154.316,154.217,154.238,15
2025-11-03T23:00:00.000Z,154.238,154.259,154.174,154.195,15
2025-11-04T00:00:00.000Z,154.204,154.262,154.186,154.244,25
2025-11-04T01:00:00.000Z,154.244,154.29,154.226,154.272,25
2025-11-04T02:00:00.000Z,154.272,154.319,154.254,154.301,25
2025-11-04T03:00:00.000Z,154.301,154.336,154.283,154.318,25
2025-11-04T04:00:00.000Z,154.318,154.402,154.159,154.243,30
2025-11-04T05:00:00.000Z,154.243,154.327,154.136,154.22,30
2025-11-04T06:00:00.000Z,154.22,154.304,154.113,154.197,30
2025-11-04T07:00:00.000Z,154.197,154.311,154.113,154.227,30
2025-11-04T08:00:00.000Z,154.227,154.43,154.172,154.375,70
2025-11-04T09:00:00.000Z,154.375,154.544,154.32,154.489,70
2025-11-04T10:00:00.000Z,154.489,154.658,154.434,154.603,70
2025-11-04T11:00:00.000Z,154.603,154.738,154.548,154.683,70
2025-11-04T12:00:00.000Z,154.683,154.842,154.647,154.806,80
2025-11-04T13:00:00.000Z,154.806,154.941,154.77,154.905,80
2025-11-04T14:00:00.000Z,154.905,155.041,154.869,155.005,80
2025-11-04T15:00:00.000Z,155.005,155.118,154.969,155.082,80
2025-11-04T16:00:00.000Z,155.082,155.1,155.024,155.042,30
2025-11-04T17:00:00.000Z,155.042,155.06,154.996,155.014,30
2025-11-04T18:00:00.000Z,155.014,155.032,154.967,154.985,30
2025-11-04T19:00:00.000Z,154.985,155.003,154.95,154.968,30
2025-11-04T20:00:00.000Z,154.968,155.038,154.663,154.733,15
2025-11-04T21:00:00.000Z,154.733,154.803,154.472,154.542,15
2025-11-04T22:00:00.000Z,154.542,154.612,154.281,154.351,15
2025-11-04T23:00:00.000Z,154.351,154.421,154.134,154.204,15
2025-11-05T00:00:00.000Z,153.557,153.627,153.535,153.605,25
2025-11-05T01:00:00.000Z,153.605,153.661,153.583,153.639,25
2025-11-05T02:00:00.000Z,153.639,153.695,153.617,153.673,25
2025-11-05T03:00:00.000Z,153.673,153.716,153.651,153.694,25
2025-11-05T04:00:00.000Z,153.694,153.757,153.564,153.627,30
2025-11-05T05:00:00.000Z,153.627,153.69,153.537,153.6,30
2025-11-05T06:00:00.000Z,153.6,153.663,153.509,153.572,30
2025-11-05T07:00:00.000Z,153.572,153.647,153.509,153.584,30
2025-11-05T08:00:00.000Z,153.584,153.828,153.518,153.762,70
2025-11-05T09:00:00.000Z,153.762,153.966,153.696,153.9,70
2025-11-05T10:00:00.000Z,153.9,154.103,153.834,154.037,70
2025-11-05T11:00:00.000Z,154.037,154.199,153.971,154.133,70
2025-11-05T12:00:00.000Z,154.133,154.324,154.089,154.28,80
2025-11-05T13:00:00.000Z,154.28,154.444,154.236,154.4,80
2025-11-05T14:00:00.000Z,154.4,154.564,154.356,154.52,80
2025-11-05T15:00:00.000Z,154.52,154.657,154.476,154.613,80
2025-11-05T16:00:00.000Z,154.613,154.635,154.543,154.565,30
2025-11-05T17:00:00.000Z,154.565,154.587,154.509,154.531,30
2025-11-05T18:00:00.000Z,154.531,154.553,154.475,154.497,30
2025-11-05T19:00:00.000Z,154.497,154.519,154.454,154.476,30
2025-11-05T20:00:00.000Z,154.476,154.56,154.109,154.193,15
2025-11-05T21:00:00.000Z,154.193,154.277,153.88,153.964,15
2025-11-05T22:00:00.000Z,153.964,154.048,153.65,153.734,15
2025-11-05T23:00:00.000Z,153.734,153.818,153.473,153.557,15
2025-11-06T00:00:00.000Z,154.073,154.131,154.055,154.113,25
2025-11-06T01:00:00.000Z,154.113,154.16,154.095,154.142,25
2025-11-06T02:00:00.000Z,154.142,154.189,154.124,154.171,25
2025-11-06T03:00:00.000Z,154.171,154.206,154.153,154.188,25
2025-11-06T04:00:00.000Z,154.188,154.29,154,154.102,30
2025-11-06T05:00:00.000Z,154.102,154.204,153.977,154.079,30
2025-11-06T06:00:00.000Z,154.079,154.181,153.954,154.056,30
2025-11-06T07:00:00.000Z,154.056,154.198,153.954,154.096,30
2025-11-06T08:00:00.000Z,154.096,154.301,154.041,154.246,70
2025-11-06T09:00:00.000Z,154.246,154.417,154.191,154.362,70
2025-11-06T10:00:00.000Z,154.362,154.532,154.307,154.477,70
2025-11-06T11:00:00.000Z,154.477,154.613,154.422,154.558,70
2025-11-06T12:00:00.000Z,154.558,154.719,154.521,154.682,80
2025-11-06T13:00:00.000Z,154.682,154.82,154.645,154.783,80
2025-11-06T14:00:00.000Z,154.783,154.921,154.746,154.884,80
2025-11-06T15:00:00.000Z,154.884,154.999,154.847,154.962,80
2025-11-06T16:00:00.000Z,154.962,154.98,154.904,154.922,30
2025-11-06T17:00:00.000Z,154.922,154.94,154.875,154.893,30
2025-11-06T18:00:00.000Z,154.893,154.911,154.846,154.864,30
2025-11-06T19:00:00.000Z,154.864,154.882,154.829,154.847,30
2025-11-06T20:00:00.000Z,154.847,154.918,154.538,154.609,15
2025-11-06T21:00:00.000Z,154.609,154.68,154.345,154.416,15
2025-11-06T22:00:00.000Z,154.416,154.487,154.151,154.222,15
2025-11-06T23:00:00.000Z,154.222,154.293,154.002,154.073,15
2025-11-07T00:00:00.000Z,152.948,152.982,152.937,152.971,25
2025-11-07T01:00:00.000Z,152.971,152.999,152.96,152.988,25
2025-11-07T02:00:00.000Z,152.988,153.015,152.977,153.004,25
2025-11-07T03:00:00.000Z,153.004,153.025,152.993,153.014,25
2025-11-07T04:00:00.000Z,153.014,153.03,152.975,152.991,30
2025-11-07T05:00:00.000Z,152.991,153.007,152.962,152.978,30
2025-11-07T06:00:00.000Z,152.978,152.994,152.949,152.965,30
2025-11-07T07:00:00.000Z,152.965,152.981,152.945,152.961,30
2025-11-07T08:00:00.000Z,152.961,153.079,152.929,153.047,70
2025-11-07T09:00:00.000Z,153.047,153.146,153.015,153.114,70
2025-11-07T10:00:00.000Z,153.114,153.212,153.082,153.18,70
2025-11-07T11:00:00.000Z,153.18,153.259,153.148,153.227,70
2025-11-07T12:00:00.000Z,153.227,153.327,153.201,153.301,80
2025-11-07T13:00:00.000Z,153.301,153.385,153.275,153.359,80
2025-11-07T14:00:00.000Z,153.359,153.443,153.333,153.417,80
2025-11-07T15:00:00.000Z,153.417,153.485,153.391,153.459,80
2025-11-07T16:00:00.000Z,153.459,153.47,153.425,153.436,30
2025-11-07T17:00:00.000Z,153.436,153.447,153.408,153.419,30
2025-11-07T18:00:00.000Z,153.419,153.43,153.392,153.403,30
2025-11-07T19:00:00.000Z,153.403,153.414,153.382,153.393,30
2025-11-07T20:00:00.000Z,153.393,153.434,153.215,153.256,15
2025-11-07T21:00:00.000Z,153.256,153.297,153.104,153.145,15
2025-11-07T22:00:00.000Z,153.145,153.186,152.993,153.034,15
2025-11-07T23:00:00.000Z,153.034,153.075,152.907,152.948,15
2025-11-10T00:00:00.000Z,153.545,153.58,153.534,153.569,25
2025-11-10T01:00:00.000Z,153.569,153.597,153.558,153.586,25
2025-11-10T02:00:00.000Z,153.586,153.615,153.575,153.604,25
2025-11-10T03:00:00.000Z,153.604,153.625,153.593,153.614,25
2025-11-10T04:00:00.000Z,153.614,153.622,153.587,153.595,30
2025-11-10T05:00:00.000Z,153.595,153.603,153.573,153.581,30
2025-11-10T06:00:00.000Z,153.581,153.589,153.56,153.568,30
2025-11-10T07:00:00.000Z,153.568,153.576,153.551,153.559,30
2025-11-10T08:00:00.000Z,153.559,153.682,153.526,153.649,70
2025-11-10T09:00:00.000Z,153.649,153.751,153.616,153.718,70
2025-11-10T10:00:00.000Z,153.718,153.82,153.685,153.787,70
2025-11-10T11:00:00.000Z,153.787,153.868,153.754,153.835,70
2025-11-10T12:00:00.000Z,153.835,153.952,153.8,153.917,80
2025-11-10T13:00:00.000Z,153.917,154.012,153.882,153.977,80
2025-11-10T14:00:00.000Z,153.977,154.072,153.942,154.037,80
2025-11-10T15:00:00.000Z,154.037,154.111,154.002,154.076,80
2025-11-10T16:00:00.000Z,154.076,154.087,154.041,154.052,30
2025-11-10T17:00:00.000Z,154.052,154.063,154.024,154.035,30
2025-11-10T18:00:00.000Z,154.035,154.046,154.006,154.017,30
2025-11-10T19:00:00.000Z,154.017,154.028,153.996,154.007,30
2025-11-10T20:00:00.000Z,154.007,154.028,153.926,153.947,15
2025-11-10T21:00:00.000Z,153.947,153.968,153.878,153.899,15
2025-11-10T22:00:00.000Z,153.899,153.92,153.831,153.852,15
2025-11-10T23:00:00.000Z,153.852,153.873,153.796,153.817,15
2025-11-11T00:00:00.000Z,154.164,154.177,154.123,154.136,25
2025-11-11T01:00:00.000Z,154.136,154.149,154.104,154.117,25
2025-11-11T02:00:00.000Z,154.117,154.13,154.084,154.097,25
2025-11-11T03:00:00.000Z,154.097,154.11,154.072,154.085,25
2025-11-11T04:00:00.000Z,154.085,154.156,154.051,154.122,30
2025-11-11T05:00:00.000Z,154.122,154.171,154.088,154.137,30
2025-11-11T06:00:00.000Z,154.137,154.187,154.103,154.153,30
2025-11-11T07:00:00.000Z,154.153,154.187,154.114,154.148,30
2025-11-11T08:00:00.000Z,154.148,154.186,154.007,154.045,70
2025-11-11T09:00:00.000Z,154.045,154.083,153.927,153.965,70
2025-11-11T10:00:00.000Z,153.965,154.003,153.848,153.886,70
2025-11-11T11:00:00.000Z,153.886,153.924,153.792,153.83,70
2025-11-11T12:00:00.000Z,153.83,153.855,153.72,153.745,80
2025-11-11T13:00:00.000Z,153.745,153.77,153.65,153.675,80
2025-11-11T14:00:00.000Z,153.675,153.7,153.581,153.606,80
2025-11-11T15:00:00.000Z,153.606,153.631,153.527,153.552,80
2025-11-11T16:00:00.000Z,153.552,153.593,153.539,153.58,30
2025-11-11T17:00:00.000Z,153.58,153.612,153.567,153.599,30
2025-11-11T18:00:00.000Z,153.599,153.632,153.586,153.619,30
2025-11-11T19:00:00.000Z,153.619,153.644,153.606,153.631,30
2025-11-11T20:00:00.000Z,153.631,153.837,153.583,153.789,15
2025-11-11T21:00:00.000Z,153.789,153.966,153.741,153.918,15
2025-11-11T22:00:00.000Z,153.918,154.095,153.87,154.047,15
2025-11-11T23:00:00.000Z,154.047,154.194,153.999,154.146,15
2025-11-12T00:00:00.000Z,154.053,154.102,154.038,154.087,25
2025-11-12T01:00:00.000Z,154.087,154.126,154.072,154.111,25
2025-11-12T02:00:00.000Z,154.111,154.15,154.096,154.135,25
2025-11-12T03:00:00.000Z,154.135,154.165,154.12,154.15,25
2025-11-12T04:00:00.000Z,154.15,154.162,154.111,154.123,30
2025-11-12T05:00:00.000Z,154.123,154.135,154.092,154.104,30
2025-11-12T06:00:00.000Z,154.104,154.116,154.072,154.084,30
2025-11-12T07:00:00.000Z,154.084,154.096,154.06,154.072,30
2025-11-12T08:00:00.000Z,154.072,154.244,154.026,154.198,70
2025-11-12T09:00:00.000Z,154.198,154.34,154.152,154.294,70
2025-11-12T10:00:00.000Z,154.294,154.437,154.248,154.391,70
2025-11-12T11:00:00.000Z,154.391,154.505,154.345,154.459,70
2025-11-12T12:00:00.000Z,154.459,154.623,154.41,154.574,80
2025-11-12T13:00:00.000Z,154.574,154.707,154.525,154.658,80
2025-11-12T14:00:00.000Z,154.658,154.792,154.609,154.743,80
2025-11-12T15:00:00.000Z,154.743,154.846,154.694,154.797,80
2025-11-12T16:00:00.000Z,154.797,154.812,154.748,154.763,30
2025-11-12T17:00:00.000Z,154.763,154.778,154.724,154.739,30
2025-11-12T18:00:00.000Z,154.739,154.754,154.7,154.715,30
2025-11-12T19:00:00.000Z,154.715,154.73,154.685,154.7,30
2025-11-12T20:00:00.000Z,154.7,154.758,154.45,154.508,15
2025-11-12T21:00:00.000Z,154.508,154.566,154.293,154.351,15
2025-11-12T22:00:00.000Z,154.351,154.409,154.137,154.195,15
2025-11-12T23:00:00.000Z,154.195,154.253,154.017,154.075,15
2025-11-13T00:00:00.000Z,154.703,154.745,154.69,154.732,25
2025-11-13T01:00:00.000Z,154.732,154.766,154.719,154.753,25
2025-11-13T02:00:00.000Z,154.753,154.787,154.74,154.774,25
2025-11-13T03:00:00.000Z,154.774,154.8,154.761,154.787,25
2025-11-13T04:00:00.000Z,154.787,154.841,154.682,154.736,30
2025-11-13T05:00:00.000Z,154.736,154.79,154.665,154.719,30
2025-11-13T06:00:00.000Z,154.719,154.773,154.649,154.703,30
2025-11-13T07:00:00.000Z,154.703,154.774,154.649,154.72,30
2025-11-13T08:00:00.000Z,154.72,154.869,154.68,154.829,70
2025-11-13T09:00:00.000Z,154.829,154.953,154.789,154.913,70
2025-11-13T10:00:00.000Z,154.913,155.036,154.873,154.996,70
2025-11-13T11:00:00.000Z,154.996,155.095,154.956,155.055,70
2025-11-13T12:00:00.000Z,155.055,155.172,155.028,155.145,80
2025-11-13T13:00:00.000Z,155.145,155.245,155.118,155.218,80
2025-11-13T14:00:00.000Z,155.218,155.318,155.191,155.291,80
2025-11-13T15:00:00.000Z,155.291,155.374,155.264,155.347,80
2025-11-13T16:00:00.000Z,155.347,155.36,155.305,155.318,30
2025-11-13T17:00:00.000Z,155.318,155.331,155.284,155.297,30
2025-11-13T18:00:00.000Z,155.297,155.31,155.263,155.276,30
2025-11-13T19:00:00.000Z,155.276,155.289,155.251,155.264,30
2025-11-13T20:00:00.000Z,155.264,155.315,155.044,155.095,15
2025-11-13T21:00:00.000Z,155.095,155.146,154.906,154.957,15
2025-11-13T22:00:00.000Z,154.957,155.008,154.768,154.819,15
2025-11-13T23:00:00.000Z,154.819,154.87,154.662,154.713,15
2025-11-14T00:00:00.000Z,154.629,154.685,154.611,154.667,25
2025-11-14T01:00:00.000Z,154.667,154.713,154.649,154.695,25
2025-11-14T02:00:00.000Z,154.695,154.74,154.677,154.722,25
2025-11-14T03:00:00.000Z,154.722,154.757,154.704,154.739,25
2025-11-14T04:00:00.000Z,154.739,154.831,154.568,154.66,30
2025-11-14T05:00:00.000Z,154.66,154.752,154.546,154.638,30
2025-11-14T06:00:00.000Z,154.638,154.73,154.524,154.616,30
2025-11-14T07:00:00.000Z,154.616,154.743,154.524,154.651,30
2025-11-14T08:00:00.000Z,154.651,154.847,154.598,154.794,70
2025-11-14T09:00:00.000Z,154.794,154.956,154.741,154.903,70
2025-11-14T10:00:00.000Z,154.903,155.066,154.85,155.013,70
2025-11-14T11:00:00.000Z,155.013,155.143,154.96,155.09,70
2025-11-14T12:00:00.000Z,155.09,155.243,155.055,155.208,80
2025-11-14T13:00:00.000Z,155.208,155.339,155.173,155.304,80
2025-11-14T14:00:00.000Z,155.304,155.435,155.269,155.4,80
2025-11-14T15:00:00.000Z,155.4,155.509,155.365,155.474,80
2025-11-14T16:00:00.000Z,155.474,155.492,155.417,155.435,30
2025-11-14T17:00:00.000Z,155.435,155.453,155.39,155.408,30
2025-11-14T18:00:00.000Z,155.408,155.426,155.363,155.381,30
2025-11-14T19:00:00.000Z,155.381,155.399,155.346,155.364,30
2025-11-14T20:00:00.000Z,155.364,155.431,155.072,155.139,15
2025-11-14T21:00:00.000Z,155.139,155.206,154.889,154.956,15
2025-11-14T22:00:00.000Z,154.956,155.023,154.707,154.774,15
2025-11-14T23:00:00.000Z,154.774,154.841,154.566,154.633,15
2025-11-17T00:00:00.000Z,154.618,154.632,154.573,154.587,25
2025-11-17T01:00:00.000Z,154.587,154.601,154.551,154.565,25
2025-11-17T02:00:00.000Z,154.565,154.579,154.529,154.543,25
2025-11-17T03:00:00.000Z,154.543,154.557,154.516,154.53,25
2025-11-17T04:00:00.000Z,154.53,154.653,154.465,154.588,30
2025-11-17T05:00:00.000Z,154.588,154.67,154.523,154.605,30
2025-11-17T06:00:00.000Z,154.605,154.688,154.54,154.623,30
2025-11-17T07:00:00.000Z,154.623,154.688,154.535,154.6,30
2025-11-17T08:00:00.000Z,154.6,154.642,154.444,154.486,70
2025-11-17T09:00:00.000Z,154.486,154.528,154.356,154.398,70
2025-11-17T10:00:00.000Z,154.398,154.44,154.268,154.31,70
2025-11-17T11:00:00.000Z,154.31,154.352,154.206,154.248,70
2025-11-17T12:00:00.000Z,154.248,154.276,154.125,154.153,80
2025-11-17T13:00:00.000Z,154.153,154.181,154.048,154.076,80
2025-11-17T14:00:00.000Z,154.076,154.104,153.971,153.999,80
2025-11-17T15:00:00.000Z,153.999,154.027,153.912,153.94,80
2025-11-17T16:00:00.000Z,153.94,153.985,153.926,153.971,30
2025-11-17T17:00:00.000Z,153.971,154.007,153.957,153.993,30
2025-11-17T18:00:00.000Z,153.993,154.029,153.979,154.015,30
2025-11-17T19:00:00.000Z,154.015,154.042,154.001,154.028,30
2025-11-17T20:00:00.000Z,154.028,154.252,153.976,154.2,15
2025-11-17T21:00:00.000Z,154.2,154.391,154.148,154.339,15
2025-11-17T22:00:00.000Z,154.339,154.53,154.287,154.478,15
2025-11-17T23:00:00.000Z,154.478,154.637,154.426,154.585,15
2025-11-18T00:00:00.000Z,155.25,155.284,155.239,155.273,25
2025-11-18T01:00:00.000Z,155.273,155.301,155.262,155.29,25
2025-11-18T02:00:00.000Z,155.29,155.317,155.279,155.306,25
2025-11-18T03:00:00.000Z,155.306,155.327,155.295,155.316,25
2025-11-18T04:00:00.000Z,155.316,155.357,155.236,155.277,30
2025-11-18T05:00:00.000Z,155.277,155.318,155.223,155.264,30
2025-11-18T06:00:00.000Z,155.264,155.305,155.21,155.251,30
2025-11-18T07:00:00.000Z,155.251,155.304,155.21,155.263,30
2025-11-18T08:00:00.000Z,155.263,155.381,155.231,155.349,70
2025-11-18T09:00:00.000Z,155.349,155.447,155.317,155.415,70
2025-11-18T10:00:00.000Z,155.415,155.513,155.383,155.481,70
2025-11-18T11:00:00.000Z,155.481,155.559,155.449,155.527,70
2025-11-18T12:00:00.000Z,155.527,155.619,155.506,155.598,80
2025-11-18T13:00:00.000Z,155.598,155.677,155.577,155.656,80
2025-11-18T14:00:00.000Z,155.656,155.734,155.635,155.713,80
2025-11-18T15:00:00.000Z,155.713,155.779,155.692,155.758,80
2025-11-18T16:00:00.000Z,155.758,155.769,155.724,155.735,30
2025-11-18T17:00:00.000Z,155.735,155.746,155.707,155.718,30
2025-11-18T18:00:00.000Z,155.718,155.729,155.691,155.702,30
2025-11-18T19:00:00.000Z,155.702,155.713,155.681,155.692,30
2025-11-18T20:00:00.000Z,155.692,155.731,155.524,155.563,15
2025-11-18T21:00:00.000Z,155.563,155.602,155.419,155.458,15
2025-11-18T22:00:00.000Z,155.458,155.497,155.314,155.353,15
2025-11-18T23:00:00.000Z,155.353,155.392,155.234,155.273,15
2025-11-19T00:00:00.000Z,155.524,155.6,155.5,155.576,25
2025-11-19T01:00:00.000Z,155.576,155.637,155.552,155.613,25
2025-11-19T02:00:00.000Z,155.613,155.674,155.589,155.65,25
2025-11-19T03:00:00.000Z,155.65,155.696,155.626,155.672,25
2025-11-19T04:00:00.000Z,155.672,155.714,155.574,155.616,30
2025-11-19T05:00:00.000Z,155.616,155.658,155.545,155.587,30
2025-11-19T06:00:00.000Z,155.587,155.629,155.515,155.557,30
2025-11-19T07:00:00.000Z,155.557,155.599,155.512,155.554,30
2025-11-19T08:00:00.000Z,155.554,155.817,155.483,155.746,70
2025-11-19T09:00:00.000Z,155.746,155.965,155.675,155.894,70
2025-11-19T10:00:00.000Z,155.894,156.113,155.823,156.042,70
2025-11-19T11:00:00.000Z,156.042,156.216,155.971,156.145,70
2025-11-19T12:00:00.000Z,156.145,156.356,156.095,156.306,80
2025-11-19T13:00:00.000Z,156.306,156.485,156.256,156.435,80
2025-11-19T14:00:00.000Z,156.435,156.615,156.385,156.565,80
2025-11-19T15:00:00.000Z,156.565,156.713,156.515,156.663,80
2025-11-19T16:00:00.000Z,156.663,156.687,156.587,156.611,30
2025-11-19T17:00:00.000Z,156.611,156.635,156.55,156.574,30
2025-11-19T18:00:00.000Z,156.574,156.598,156.513,156.537,30
2025-11-19T19:00:00.000Z,156.537,156.561,156.491,156.515,30
2025-11-19T20:00:00.000Z,156.515,156.604,156.129,156.218,15
2025-11-19T21:00:00.000Z,156.218,156.307,155.887,155.976,15
2025-11-19T22:00:00.000Z,155.976,156.065,155.645,155.734,15
2025-11-19T23:00:00.000Z,155.734,155.823,155.459,155.548,15
2025-11-20T00:00:00.000Z,156.992,157.043,156.976,157.027,25
2025-11-20T01:00:00.000Z,157.027,157.069,157.011,157.053,25
2025-11-20T02:00:00.000Z,157.053,157.094,157.037,157.078,25
2025-11-20T03:00:00.000Z,157.078,157.109,157.062,157.093,25
2025-11-20T04:00:00.000Z,157.093,157.114,157.039,157.06,30
2025-11-20T05:00:00.000Z,157.06,157.081,157.018,157.039,30
2025-11-20T06:00:00.000Z,157.039,157.06,156.998,157.019,30
2025-11-20T07:00:00.000Z,157.019,157.04,156.991,157.012,30
2025-11-20T08:00:00.000Z,157.012,157.191,156.964,157.143,70
2025-11-20T09:00:00.000Z,157.143,157.292,157.095,157.244,70
2025-11-20T10:00:00.000Z,157.244,157.392,157.196,157.344,70
2025-11-20T11:00:00.000Z,157.344,157.463,157.296,157.415,70
2025-11-20T12:00:00.000Z,157.415,157.571,157.373,157.529,80
2025-11-20T13:00:00.000Z,157.529,157.66,157.487,157.618,80
2025-11-20T14:00:00.000Z,157.618,157.748,157.576,157.706,80
2025-11-20T15:00:00.000Z,157.706,157.81,157.664,157.768,80
2025-11-20T16:00:00.000Z,157.768,157.784,157.717,157.733,30
2025-11-20T17:00:00.000Z,157.733,157.749,157.691,157.707,30
2025-11-20T18:00:00.000Z,157.707,157.723,157.666,157.682,30
2025-11-20T19:00:00.000Z,157.682,157.698,157.651,157.667,30
2025-11-20T20:00:00.000Z,157.667,157.729,157.397,157.459,15
2025-11-20T21:00:00.000Z,157.459,157.521,157.229,157.291,15
2025-11-20T22:00:00.000Z,157.291,157.353,157.06,157.122,15
2025-11-20T23:00:00.000Z,157.122,157.184,156.93,156.992,15
2025-11-21T00:00:00.000Z,157.383,157.404,157.317,157.338,25
2025-11-21T01:00:00.000Z,157.338,157.359,157.284,157.305,25
2025-11-21T02:00:00.000Z,157.305,157.326,157.251,157.272,25
2025-11-21T03:00:00.000Z,157.272,157.293,157.232,157.253,25
2025-11-21T04:00:00.000Z,157.253,157.323,157.226,157.296,30
2025-11-21T05:00:00.000Z,157.296,157.349,157.269,157.322,30
2025-11-21T06:00:00.000Z,157.322,157.375,157.295,157.348,30
2025-11-21T07:00:00.000Z,157.348,157.384,157.321,157.357,30
2025-11-21T08:00:00.000Z,157.357,157.419,157.126,157.188,70
2025-11-21T09:00:00.000Z,157.188,157.25,156.995,157.057,70
2025-11-21T10:00:00.000Z,157.057,157.119,156.865,156.927,70
2025-11-21T11:00:00.000Z,156.927,156.989,156.774,156.836,70
2025-11-21T12:00:00.000Z,156.836,156.89,156.634,156.688,80
2025-11-21T13:00:00.000Z,156.688,156.742,156.52,156.574,80
2025-11-21T14:00:00.000Z,156.574,156.628,156.406,156.46,80
2025-11-21T15:00:00.000Z,156.46,156.514,156.326,156.38,80
2025-11-21T16:00:00.000Z,156.38,156.447,156.359,156.426,30
2025-11-21T17:00:00.000Z,156.426,156.48,156.405,156.459,30
2025-11-21T18:00:00.000Z,156.459,156.512,156.438,156.491,30
2025-11-21T19:00:00.000Z,156.491,156.532,156.47,156.511,30
2025-11-21T20:00:00.000Z,156.511,156.854,156.432,156.775,15
2025-11-21T21:00:00.000Z,156.775,157.068,156.696,156.989,15
2025-11-21T22:00:00.000Z,156.989,157.283,156.91,157.204,15
2025-11-21T23:00:00.000Z,157.204,157.448,157.125,157.369,15
2025-11-24T00:00:00.000Z,156.662,156.697,156.651,156.686,25
2025-11-24T01:00:00.000Z,156.686,156.713,156.675,156.702,25
2025-11-24T02:00:00.000Z,156.702,156.73,156.691,156.719,25
2025-11-24T03:00:00.000Z,156.719,156.74,156.708,156.729,25
2025-11-24T04:00:00.000Z,156.729,156.75,156.681,156.702,30
2025-11-24T05:00:00.000Z,156.702,156.723,156.668,156.689,30
2025-11-24T06:00:00.000Z,156.689,156.71,156.654,156.675,30
2025-11-24T07:00:00.000Z,156.675,156.696,156.654,156.675,30
2025-11-24T08:00:00.000Z,156.675,156.794,156.643,156.762,70
2025-11-24T09:00:00.000Z,156.762,156.862,156.73,156.83,70
2025-11-24T10:00:00.000Z,156.83,156.929,156.798,156.897,70
2025-11-24T11:00:00.000Z,156.897,156.976,156.865,156.944,70
2025-11-24T12:00:00.000Z,156.944,157.038,156.922,157.016,80
2025-11-24T13:00:00.000Z,157.016,157.097,156.994,157.075,80
2025-11-24T14:00:00.000Z,157.075,157.156,157.053,157.134,80
2025-11-24T15:00:00.000Z,157.134,157.201,157.112,157.179,80
2025-11-24T16:00:00.000Z,157.179,157.19,157.145,157.156,30
2025-11-24T17:00:00.000Z,157.156,157.167,157.128,157.139,30
2025-11-24T18:00:00.000Z,157.139,157.15,157.111,157.122,30
2025-11-24T19:00:00.000Z,157.122,157.133,157.101,157.112,30
2025-11-24T20:00:00.000Z,157.112,157.151,156.942,156.981,15
2025-11-24T21:00:00.000Z,156.981,157.02,156.836,156.875,15
2025-11-24T22:00:00.000Z,156.875,156.914,156.73,156.769,15
2025-11-24T23:00:00.000Z,156.769,156.808,156.649,156.688,15
2025-11-25T00:00:00.000Z,156.878,156.932,156.861,156.915,25
2025-11-25T01:00:00.000Z,156.915,156.959,156.898,156.942,25
2025-11-25T02:00:00.000Z,156.942,156.985,156.925,156.968,25
2025-11-25T03:00:00.000Z,156.968,157.001,156.951,156.984,25
2025-11-25T04:00:00.000Z,156.984,157.074,156.817,156.907,30
2025-11-25T05:00:00.000Z,156.907,156.997,156.795,156.885,30
2025-11-25T06:00:00.000Z,156.885,156.975,156.774,156.864,30
2025-11-25T07:00:00.000Z,156.864,156.989,156.774,156.899,30
2025-11-25T08:00:00.000Z,156.899,157.087,156.848,157.036,70
2025-11-25T09:00:00.000Z,157.036,157.193,156.985,157.142,70
2025-11-25T10:00:00.000Z,157.142,157.299,157.091,157.248,70
2025-11-25T11:00:00.000Z,157.248,157.373,157.197,157.322,70
2025-11-25T12:00:00.000Z,157.322,157.469,157.288,157.435,80
2025-11-25T13:00:00.000Z,157.435,157.562,157.401,157.528,80
2025-11-25T14:00:00.000Z,157.528,157.654,157.494,157.62,80
2025-11-25T15:00:00.000Z,157.62,157.725,157.586,157.691,80
2025-11-25T16:00:00.000Z,157.691,157.708,157.637,157.654,30
2025-11-25T17:00:00.000Z,157.654,157.671,157.611,157.628,30
2025-11-25T18:00:00.000Z,157.628,157.645,157.585,157.602,30
2025-11-25T19:00:00.000Z,157.602,157.619,157.569,157.586,30
2025-11-25T20:00:00.000Z,157.586,157.646,157.327,157.387,15
2025-11-25T21:00:00.000Z,157.387,157.447,157.165,157.225,15
2025-11-25T22:00:00.000Z,157.225,157.285,157.003,157.063,15
2025-11-25T23:00:00.000Z,157.063,157.123,156.879,156.939,15
2025-11-26T00:00:00.000Z,156.169,156.223,156.152,156.206,25
2025-11-26T01:00:00.000Z,156.206,156.249,156.189,156.232,25
2025-11-26T02:00:00.000Z,156.232,156.275,156.215,156.258,25
2025-11-26T03:00:00.000Z,156.258,156.291,156.241,156.274,25
2025-11-26T04:00:00.000Z,156.274,156.326,156.168,156.22,30
2025-11-26T05:00:00.000Z,156.22,156.272,156.147,156.199,30
2025-11-26T06:00:00.000Z,156.199,156.251,156.126,156.178,30
2025-11-26T07:00:00.000Z,156.178,156.242,156.126,156.19,30
2025-11-26T08:00:00.000Z,156.19,156.377,156.14,156.327,70
2025-11-26T09:00:00.000Z,156.327,156.482,156.277,156.432,70
2025-11-26T10:00:00.000Z,156.432,156.587,156.382,156.537,70
2025-11-26T11:00:00.000Z,156.537,156.66,156.487,156.61,70
2025-11-26T12:00:00.000Z,156.61,156.757,156.576,156.723,80
2025-11-26T13:00:00.000Z,156.723,156.849,156.689,156.815,80
2025-11-26T14:00:00.000Z,156.815,156.941,156.781,156.907,80
2025-11-26T15:00:00.000Z,156.907,157.012,156.873,156.978,80
2025-11-26T16:00:00.000Z,156.978,156.995,156.924,156.941,30
2025-11-26T17:00:00.000Z,156.941,156.958,156.898,156.915,30
2025-11-26T18:00:00.000Z,156.915,156.932,156.872,156.889,30
2025-11-26T19:00:00.000Z,156.889,156.906,156.856,156.873,30
2025-11-26T20:00:00.000Z,156.873,156.933,156.615,156.675,15
2025-11-26T21:00:00.000Z,156.675,156.735,156.454,156.514,15
2025-11-26T22:00:00.000Z,156.514,156.574,156.293,156.353,15
2025-11-26T23:00:00.000Z,156.353,156.413,156.17,156.23,15
2025-11-27T00:00:00.000Z,156.212,156.247,156.201,156.236,25
2025-11-27T01:00:00.000Z,156.236,156.264,156.225,156.253,25
2025-11-27T02:00:00.000Z,156.253,156.281,156.242,156.27,25
2025-11-27T03:00:00.000Z,156.27,156.291,156.259,156.28,25
2025-11-27T04:00:00.000Z,156.28,156.327,156.19,156.237,30
2025-11-27T05:00:00.000Z,156.237,156.284,156.176,156.223,30
2025-11-27T06:00:00.000Z,156.223,156.27,156.163,156.21,30
2025-11-27T07:00:00.000Z,156.21,156.273,156.163,156.226,30
2025-11-27T08:00:00.000Z,156.226,156.347,156.193,156.314,70
2025-11-27T09:00:00.000Z,156.314,156.415,156.281,156.382,70
2025-11-27T10:00:00.000Z,156.382,156.483,156.349,156.45,70
2025-11-27T11:00:00.000Z,156.45,156.53,156.417,156.497,70
2025-11-27T12:00:00.000Z,156.497,156.592,156.475,156.57,80
2025-11-27T13:00:00.000Z,156.57,156.652,156.548,156.63,80
2025-11-27T14:00:00.000Z,156.63,156.711,156.608,156.689,80
2025-11-27T15:00:00.000Z,156.689,156.757,156.667,156.735,80
2025-11-27T16:00:00.000Z,156.735,156.746,156.7,156.711,30
2025-11-27T17:00:00.000Z,156.711,156.722,156.683,156.694,30
2025-11-27T18:00:00.000Z,156.694,156.705,156.666,156.677,30
2025-11-27T19:00:00.000Z,156.677,156.688,156.656,156.667,30
2025-11-27T20:00:00.000Z,156.667,156.707,156.495,156.535,15
2025-11-27T21:00:00.000Z,156.535,156.575,156.388,156.428,15
2025-11-27T22:00:00.000Z,156.428,156.468,156.281,156.321,15
2025-11-27T23:00:00.000Z,156.321,156.361,156.199,156.239,15
2025-11-28T00:00:00.000Z,156.287,156.297,156.256,156.266,25
2025-11-28T01:00:00.000Z,156.266,156.276,156.241,156.251,25
2025-11-28T02:00:00.000Z,156.251,156.261,156.226,156.236,25
2025-11-28T03:00:00.000Z,156.236,156.246,156.217,156.227,25
2025-11-28T04:00:00.000Z,156.227,156.288,156.197,156.258,30
2025-11-28T05:00:00.000Z,156.258,156.3,156.228,156.27,30
2025-11-28T06:00:00.000Z,156.27,156.312,156.24,156.282,30
2025-11-28T07:00:00.000Z,156.282,156.312,156.245,156.275,30
2025-11-28T08:00:00.000Z,156.275,156.304,156.169,156.198,70
2025-11-28T09:00:00.000Z,156.198,156.227,156.109,156.138,70
2025-11-28T10:00:00.000Z,156.138,156.167,156.05,156.079,70
2025-11-28T11:00:00.000Z,156.079,156.108,156.008,156.037,70
2025-11-28T12:00:00.000Z,156.037,156.056,155.954,155.973,80
2025-11-28T13:00:00.000Z,155.973,155.992,155.902,155.921,80
2025-11-28T14:00:00.000Z,155.921,155.94,155.849,155.868,80
2025-11-28T15:00:00.000Z,155.868,155.887,155.809,155.828,80
2025-11-28T16:00:00.000Z,155.828,155.859,155.818,155.849,30
2025-11-28T17:00:00.000Z,155.849,155.874,155.839,155.864,30
2025-11-28T18:00:00.000Z,155.864,155.889,155.854,155.879,30
2025-11-28T19:00:00.000Z,155.879,155.898,155.869,155.888,30
2025-11-28T20:00:00.000Z,155.888,156.046,155.852,156.01,15
2025-11-28T21:00:00.000Z,156.01,156.145,155.974,156.109,15
2025-11-28T22:00:00.000Z,156.109,156.244,156.073,156.208,15
2025-11-28T23:00:00.000Z,156.208,156.32,156.172,156.284,15
2025-12-01T00:00:00.000Z,155.887,155.95,155.867,155.93,25
2025-12-01T01:00:00.000Z,155.93,155.98,155.91,155.96,25
2025-12-01T02:00:00.000Z,155.96,156.011,155.94,155.991,25
2025-12-01T03:00:00.000Z,155.991,156.029,155.971,156.009,25
2025-12-01T04:00:00.000Z,156.009,156.12,155.804,155.915,30
2025-12-01T05:00:00.000Z,155.915,156.026,155.78,155.891,30
2025-12-01T06:00:00.000Z,155.891,156.002,155.755,155.866,30
2025-12-01T07:00:00.000Z,155.866,156.022,155.755,155.911,30
2025-12-01T08:00:00.000Z,155.911,156.129,155.852,156.07,70
2025-12-01T09:00:00.000Z,156.07,156.252,156.011,156.193,70
2025-12-01T10:00:00.000Z,156.193,156.374,156.134,156.315,70
2025-12-01T11:00:00.000Z,156.315,156.46,156.256,156.401,70
2025-12-01T12:00:00.000Z,156.401,156.572,156.362,156.533,80
2025-12-01T13:00:00.000Z,156.533,156.679,156.494,156.64,80
2025-12-01T14:00:00.000Z,156.64,156.786,156.601,156.747,80
2025-12-01T15:00:00.000Z,156.747,156.869,156.708,156.83,80
2025-12-01T16:00:00.000Z,156.83,156.85,156.767,156.787,30
2025-12-01T17:00:00.000Z,156.787,156.807,156.737,156.757,30
2025-12-01T18:00:00.000Z,156.757,156.777,156.706,156.726,30
2025-12-01T19:00:00.000Z,156.726,156.746,156.688,156.708,30
2025-12-01T20:00:00.000Z,156.708,156.78,156.396,156.468,15
2025-12-01T21:00:00.000Z,156.468,156.54,156.201,156.273,15
2025-12-01T22:00:00.000Z,156.273,156.345,156.006,156.078,15
2025-12-01T23:00:00.000Z,156.078,156.15,155.856,155.928,15
2025-12-02T00:00:00.000Z,155.547,155.583,155.536,155.572,25
2025-12-02T01:00:00.000Z,155.572,155.601,155.561,155.59,25
2025-12-02T02:00:00.000Z,155.59,155.618,155.579,155.607,25
2025-12-02T03:00:00.000Z,155.607,155.629,155.596,155.618,25
2025-12-02T04:00:00.000Z,155.618,155.634,155.578,155.594,30
2025-12-02T05:00:00.000Z,155.594,155.61,155.564,155.58,30
2025-12-02T06:00:00.000Z,155.58,155.596,155.55,155.566,30
2025-12-02T07:00:00.000Z,155.566,155.582,155.545,155.561,30
2025-12-02T08:00:00.000Z,155.561,155.688,155.527,155.654,70
2025-12-02T09:00:00.000Z,155.654,155.759,155.62,155.725,70
2025-12-02T10:00:00.000Z,155.725,155.83,155.691,155.796,70
2025-12-02T11:00:00.000Z,155.796,155.88,155.762,155.846,70
2025-12-02T12:00:00.000Z,155.846,155.955,155.817,155.926,80
2025-12-02T13:00:00.000Z,155.926,156.018,155.897,155.989,80
2025-12-02T14:00:00.000Z,155.989,156.08,155.96,156.051,80
2025-12-02T15:00:00.000Z,156.051,156.124,156.022,156.095,80
2025-12-02T16:00:00.000Z,156.095,156.106,156.059,156.07,30
2025-12-02T17:00:00.000Z,156.07,156.081,156.041,156.052,30
2025-12-02T18:00:00.000Z,156.052,156.063,156.024,156.035,30
2025-12-02T19:00:00.000Z,156.035,156.046,156.013,156.024,30
2025-12-02T20:00:00.000Z,156.024,156.067,155.837,155.88,15
2025-12-02T21:00:00.000Z,155.88,155.923,155.721,155.764,15
2025-12-02T22:00:00.000Z,155.764,155.807,155.604,155.647,15
2025-12-02T23:00:00.000Z,155.647,155.69,155.514,155.557,15
2025-12-03T00:00:00.000Z,155.749,155.789,155.736,155.776,25
2025-12-03T01:00:00.000Z,155.776,155.809,155.763,155.796,25
2025-12-03T02:00:00.000Z,155.796,155.828,155.783,155.815,25
2025-12-03T03:00:00.000Z,155.815,155.84,155.802,155.827,25
2025-12-03T04:00:00.000Z,155.827,155.896,155.7,155.769,30
2025-12-03T05:00:00.000Z,155.769,155.838,155.684,155.753,30
2025-12-03T06:00:00.000Z,155.753,155.822,155.669,155.738,30
2025-12-03T07:00:00.000Z,155.738,155.834,155.669,155.765,30
2025-12-03T08:00:00.000Z,155.765,155.905,155.727,155.867,70
2025-12-03T09:00:00.000Z,155.867,155.984,155.829,155.946,70
2025-12-03T10:00:00.000Z,155.946,156.062,155.908,156.024,70
2025-12-03T11:00:00.000Z,156.024,156.117,155.986,156.079,70
2025-12-03T12:00:00.000Z,156.079,156.188,156.054,156.163,80
2025-12-03T13:00:00.000Z,156.163,156.257,156.138,156.232,80
2025-12-03T14:00:00.000Z,156.232,156.325,156.207,156.3,80
2025-12-03T15:00:00.000Z,156.3,156.378,156.275,156.353,80
2025-12-03T16:00:00.000Z,156.353,156.366,156.313,156.326,30
2025-12-03T17:00:00.000Z,156.326,156.339,156.293,156.306,30
2025-12-03T18:00:00.000Z,156.306,156.319,156.274,156.287,30
2025-12-03T19:00:00.000Z,156.287,156.3,156.262,156.275,30
2025-12-03T20:00:00.000Z,156.275,156.319,156.087,156.131,15
2025-12-03T21:00:00.000Z,156.131,156.175,155.97,156.014,15
2025-12-03T22:00:00.000Z,156.014,156.058,155.853,155.897,15
2025-12-03T23:00:00.000Z,155.897,155.941,155.763,155.807,15
2025-12-04T00:00:00.000Z,155.097,155.148,155.081,155.132,25
2025-12-04T01:00:00.000Z,155.132,155.174,155.116,155.158,25
2025-12-04T02:00:00.000Z,155.158,155.199,155.142,155.183,25
2025-12-04T03:00:00.000Z,155.183,155.214,155.167,155.198,25
2025-12-04T04:00:00.000Z,155.198,155.256,155.083,155.141,30
2025-12-04T05:00:00.000Z,155.141,155.199,155.063,155.121,30
2025-12-04T06:00:00.000Z,155.121,155.179,155.043,155.101,30
2025-12-04T07:00:00.000Z,155.101,155.175,155.043,155.117,30
2025-12-04T08:00:00.000Z,155.117,155.298,155.068,155.249,70
2025-12-04T09:00:00.000Z,155.249,155.399,155.2,155.35,70
2025-12-04T10:00:00.000Z,155.35,155.5,155.301,155.451,70
2025-12-04T11:00:00.000Z,155.451,155.571,155.402,155.522,70
2025-12-04T12:00:00.000Z,155.522,155.662,155.49,155.63,80
2025-12-04T13:00:00.000Z,155.63,155.751,155.598,155.719,80
2025-12-04T14:00:00.000Z,155.719,155.839,155.687,155.807,80
2025-12-04T15:00:00.000Z,155.807,155.907,155.775,155.875,80
2025-12-04T16:00:00.000Z,155.875,155.891,155.824,155.84,30
2025-12-04T17:00:00.000Z,155.84,155.856,155.798,155.814,30
2025-12-04T18:00:00.000Z,155.814,155.83,155.773,155.789,30
2025-12-04T19:00:00.000Z,155.789,155.805,155.758,155.774,30
2025-12-04T20:00:00.000Z,155.774,155.836,155.507,155.569,15
2025-12-04T21:00:00.000Z,155.569,155.631,155.34,155.402,15
2025-12-04T22:00:00.000Z,155.402,155.464,155.173,155.235,15
2025-12-04T23:00:00.000Z,155.235,155.297,155.045,155.107,15
2025-12-05T00:00:00.000Z,155.102,155.16,155.084,155.142,25
2025-12-05T01:00:00.000Z,155.142,155.188,155.124,155.17,25
2025-12-05T02:00:00.000Z,155.17,155.216,155.152,155.198,25
2025-12-05T03:00:00.000Z,155.198,155.233,155.18,155.215,25
2025-12-05T04:00:00.000Z,155.215,155.289,155.073,155.147,30
2025-12-05T05:00:00.000Z,155.147,155.221,155.05,155.124,30
2025-12-05T06:00:00.000Z,155.124,155.198,155.028,155.102,30
2025-12-05T07:00:00.000Z,155.102,155.199,155.028,155.125,30
2025-12-05T08:00:00.000Z,155.125,155.326,155.071,155.272,70
2025-12-05T09:00:00.000Z,155.272,155.439,155.218,155.385,70
2025-12-05T10:00:00.000Z,155.385,155.552,155.331,155.498,70
2025-12-05T11:00:00.000Z,155.498,155.631,155.444,155.577,70
2025-12-05T12:00:00.000Z,155.577,155.734,155.541,155.698,80
2025-12-05T13:00:00.000Z,155.698,155.833,155.662,155.797,80
2025-12-05T14:00:00.000Z,155.797,155.932,155.761,155.896,80
2025-12-05T15:00:00.000Z,155.896,156.008,155.86,155.972,80
2025-12-05T16:00:00.000Z,155.972,155.99,155.914,155.932,30
2025-12-05T17:00:00.000Z,155.932,155.95,155.886,155.904,30
2025-12-05T18:00:00.000Z,155.904,155.922,155.858,155.876,30
2025-12-05T19:00:00.000Z,155.876,155.894,155.841,155.859,30
2025-12-05T20:00:00.000Z,155.859,155.925,155.572,155.638,15
2025-12-05T21:00:00.000Z,155.638,155.704,155.393,155.459,15
2025-12-05T22:00:00.000Z,155.459,155.525,155.214,155.28,15
2025-12-05T23:00:00.000Z,155.28,155.346,155.076,155.142,15
2025-12-08T00:00:00.000Z,155.303,155.357,155.286,155.34,25
2025-12-08T01:00:00.000Z,155.34,155.384,155.323,155.367,25
2025-12-08T02:00:00.000Z,155.367,155.411,155.35,155.394,25
2025-12-08T03:00:00.000Z,155.394,155.427,155.377,155.41,25
2025-12-08T04:00:00.000Z,155.41,155.455,155.315,155.36,30
2025-12-08T05:00:00.000Z,155.36,155.405,155.294,155.339,30
2025-12-08T06:00:00.000Z,155.339,155.384,155.272,155.317,30
2025-12-08T07:00:00.000Z,155.317,155.369,155.272,155.324,30
2025-12-08T08:00:00.000Z,155.324,155.514,155.273,155.463,70
2025-12-08T09:00:00.000Z,155.463,155.622,155.412,155.571,70
2025-12-08T10:00:00.000Z,155.571,155.729,155.52,155.678,70
2025-12-08T11:00:00.000Z,155.678,155.804,155.627,155.753,70
2025-12-08T12:00:00.000Z,155.753,155.902,155.719,155.868,80
2025-12-08T13:00:00.000Z,155.868,155.996,155.834,155.962,80
2025-12-08T14:00:00.000Z,155.962,156.09,155.928,156.056,80
2025-12-08T15:00:00.000Z,156.056,156.162,156.022,156.128,80
2025-12-08T16:00:00.000Z,156.128,156.145,156.074,156.091,30
2025-12-08T17:00:00.000Z,156.091,156.108,156.047,156.064,30
2025-12-08T18:00:00.000Z,156.064,156.081,156.02,156.037,30
2025-12-08T19:00:00.000Z,156.037,156.054,156.004,156.021,30
2025-12-08T20:00:00.000Z,156.021,156.084,155.748,155.811,15
2025-12-08T21:00:00.000Z,155.811,155.874,155.578,155.641,15
2025-12-08T22:00:00.000Z,155.641,155.704,155.408,155.471,15
2025-12-08T23:00:00.000Z,155.471,155.534,155.277,155.34,15
2025-12-09T00:00:00.000Z,155.839,155.899,155.82,155.88,25
2025-12-09T01:00:00.000Z,155.88,155.928,155.861,155.909,25
2025-12-09T02:00:00.000Z,155.909,155.957,155.89,155.938,25
2025-12-09T03:00:00.000Z,155.938,155.975,155.919,155.956,25
2025-12-09T04:00:00.000Z,155.956,155.977,155.898,155.919,30
2025-12-09T05:00:00.000Z,155.919,155.94,155.875,155.896,30
2025-12-09T06:00:00.000Z,155.896,155.917,155.851,155.872,30
2025-12-09T07:00:00.000Z,155.872,155.893,155.841,155.862,30
2025-12-09T08:00:00.000Z,155.862,156.069,155.806,156.013,70
2025-12-09T09:00:00.000Z,156.013,156.186,155.957,156.13,70
2025-12-09T10:00:00.000Z,156.13,156.302,156.074,156.246,70
2025-12-09T11:00:00.000Z,156.246,156.384,156.19,156.328,70
2025-12-09T12:00:00.000Z,156.328,156.514,156.276,156.462,80
2025-12-09T13:00:00.000Z,156.462,156.616,156.41,156.564,80
2025-12-09T14:00:00.000Z,156.564,156.718,156.512,156.666,80
2025-12-09T15:00:00.000Z,156.666,156.788,156.614,156.736,80
2025-12-09T16:00:00.000Z,156.736,156.755,156.676,156.695,30
2025-12-09T17:00:00.000Z,156.695,156.714,156.647,156.666,30
2025-12-09T18:00:00.000Z,156.666,156.685,156.618,156.637,30
2025-12-09T19:00:00.000Z,156.637,156.656,156.601,156.62,30
2025-12-09T20:00:00.000Z,156.62,156.691,156.31,156.381,15
2025-12-09T21:00:00.000Z,156.381,156.452,156.116,156.187,15
2025-12-09T22:00:00.000Z,156.187,156.258,155.922,155.993,15
2025-12-09T23:00:00.000Z,155.993,156.064,155.773,155.844,15
2025-12-10T00:00:00.000Z,156.798,156.829,156.788,156.819,25
2025-12-10T01:00:00.000Z,156.819,156.844,156.809,156.834,25
2025-12-10T02:00:00.000Z,156.834,156.859,156.824,156.849,25
2025-12-10T03:00:00.000Z,156.849,156.868,156.839,156.858,25
2025-12-10T04:00:00.000Z,156.858,156.903,156.773,156.818,30
2025-12-10T05:00:00.000Z,156.818,156.863,156.761,156.806,30
2025-12-10T06:00:00.000Z,156.806,156.851,156.749,156.794,30
2025-12-10T07:00:00.000Z,156.794,156.855,156.749,156.81,30
2025-12-10T08:00:00.000Z,156.81,156.916,156.781,156.887,70
2025-12-10T09:00:00.000Z,156.887,156.976,156.858,156.947,70
2025-12-10T10:00:00.000Z,156.947,157.035,156.918,157.006,70
2025-12-10T11:00:00.000Z,157.006,157.077,156.977,157.048,70
2025-12-10T12:00:00.000Z,157.048,157.131,157.029,157.112,80
2025-12-10T13:00:00.000Z,157.112,157.183,157.093,157.164,80
2025-12-10T14:00:00.000Z,157.164,157.235,157.145,157.216,80
2025-12-10T15:00:00.000Z,157.216,157.275,157.197,157.256,80
2025-12-10T16:00:00.000Z,157.256,157.266,157.225,157.235,30
2025-12-10T17:00:00.000Z,157.235,157.245,157.211,157.221,30
2025-12-10T18:00:00.000Z,157.221,157.231,157.196,157.206,30
2025-12-10T19:00:00.000Z,157.206,157.216,157.187,157.197,30
2025-12-10T20:00:00.000Z,157.197,157.23,157.053,157.086,15
2025-12-10T21:00:00.000Z,157.086,157.119,156.964,156.997,15
2025-12-10T22:00:00.000Z,156.997,157.03,156.874,156.907,15
2025-12-10T23:00:00.000Z,156.907,156.94,156.805,156.838,15
2025-12-11T00:00:00.000Z,155.744,155.805,155.725,155.786,25
2025-12-11T01:00:00.000Z,155.786,155.835,155.767,155.816,25
2025-12-11T02:00:00.000Z,155.816,155.865,155.797,155.846,25
2025-12-11T03:00:00.000Z,155.846,155.883,155.827,155.864,25
2025-12-11T04:00:00.000Z,155.864,155.942,155.713,155.791,30
2025-12-11T05:00:00.000Z,155.791,155.869,155.689,155.767,30
2025-12-11T06:00:00.000Z,155.767,155.845,155.665,155.743,30
2025-12-11T07:00:00.000Z,155.743,155.846,155.665,155.768,30
2025-12-11T08:00:00.000Z,155.768,155.982,155.71,155.924,70
2025-12-11T09:00:00.000Z,155.924,156.102,155.866,156.044,70
2025-12-11T10:00:00.000Z,156.044,156.222,155.986,156.164,70
2025-12-11T11:00:00.000Z,156.164,156.306,156.106,156.248,70
2025-12-11T12:00:00.000Z,156.248,156.415,156.21,156.377,80
2025-12-11T13:00:00.000Z,156.377,156.519,156.339,156.481,80
2025-12-11T14:00:00.000Z,156.481,156.624,156.443,156.586,80
2025-12-11T15:00:00.000Z,156.586,156.705,156.548,156.667,80
2025-12-11T16:00:00.000Z,156.667,156.686,156.606,156.625,30
2025-12-11T17:00:00.000Z,156.625,156.644,156.576,156.595,30
2025-12-11T18:00:00.000Z,156.595,156.614,156.546,156.565,30
2025-12-11T19:00:00.000Z,156.565,156.584,156.528,156.547,30
2025-12-11T20:00:00.000Z,156.547,156.617,156.244,156.314,15
2025-12-11T21:00:00.000Z,156.314,156.384,156.055,156.125,15
2025-12-11T22:00:00.000Z,156.125,156.195,155.865,155.935,15
2025-12-11T23:00:00.000Z,155.935,156.005,155.72,155.79,15
2025-12-12T00:00:00.000Z,155.477,155.511,155.466,155.5,25
2025-12-12T01:00:00.000Z,155.5,155.528,155.489,155.517,25
2025-12-12T02:00:00.000Z,155.517,155.544,155.506,155.533,25
2025-12-12T03:00:00.000Z,155.533,155.554,155.522,155.543,25
2025-12-12T04:00:00.000Z,155.543,155.552,155.515,155.524,30
2025-12-12T05:00:00.000Z,155.524,155.533,155.502,155.511,30
2025-12-12T06:00:00.000Z,155.511,155.52,155.489,155.498,30
2025-12-12T07:00:00.000Z,155.498,155.507,155.481,155.49,30
2025-12-12T08:00:00.000Z,155.49,155.608,155.458,155.576,70
2025-12-12T09:00:00.000Z,155.576,155.674,155.544,155.642,70
2025-12-12T10:00:00.000Z,155.642,155.741,155.61,155.709,70
2025-12-12T11:00:00.000Z,155.709,155.787,155.677,155.755,70
2025-12-12T12:00:00.000Z,155.755,155.865,155.723,155.833,80
2025-12-12T13:00:00.000Z,155.833,155.923,155.801,155.891,80
2025-12-12T14:00:00.000Z,155.891,155.98,155.859,155.948,80
2025-12-12T15:00:00.000Z,155.948,156.018,155.916,155.986,80
2025-12-12T16:00:00.000Z,155.986,155.997,155.952,155.963,30
2025-12-12T17:00:00.000Z,155.963,155.974,155.935,155.946,30
2025-12-12T18:00:00.000Z,155.946,155.957,155.919,155.93,30
2025-12-12T19:00:00.000Z,155.93,155.941,155.909,155.92,30
2025-12-12T20:00:00.000Z,155.92,155.954,155.777,155.811,15
2025-12-12T21:00:00.000Z,155.811,155.845,155.689,155.723,15
2025-12-12T22:00:00.000Z,155.723,155.757,155.6,155.634,15
2025-12-12T23:00:00.000Z,155.634,155.668,155.533,155.567,15
2025-12-15T00:00:00.000Z,155.859,155.916,155.841,155.898,25
2025-12-15T01:00:00.000Z,155.898,155.944,155.88,155.926,25
2025-12-15T02:00:00.000Z,155.926,155.972,155.908,155.954,25
2025-12-15T03:00:00.000Z,155.954,155.989,155.936,155.971,25
2025-12-15T04:00:00.000Z,155.971,156.065,155.796,155.89,30
2025-12-15T05:00:00.000Z,155.89,155.984,155.773,155.867,30
2025-12-15T06:00:00.000Z,155.867,155.961,155.751,155.845,30
2025-12-15T07:00:00.000Z,155.845,155.975,155.751,155.881,30
2025-12-15T08:00:00.000Z,155.881,156.08,155.827,156.026,70
2025-12-15T09:00:00.000Z,156.026,156.193,155.972,156.139,70
2025-12-15T10:00:00.000Z,156.139,156.305,156.085,156.251,70
2025-12-15T11:00:00.000Z,156.251,156.383,156.197,156.329,70
2025-12-15T12:00:00.000Z,156.329,156.485,156.293,156.449,80
2025-12-15T13:00:00.000Z,156.449,156.583,156.413,156.547,80
2025-12-15T14:00:00.000Z,156.547,156.681,156.511,156.645,80
2025-12-15T15:00:00.000Z,156.645,156.756,156.609,156.72,80
2025-12-15T16:00:00.000Z,156.72,156.738,156.663,156.681,30
2025-12-15T17:00:00.000Z,156.681,156.699,156.635,156.653,30
2025-12-15T18:00:00.000Z,156.653,156.671,156.607,156.625,30
2025-12-15T19:00:00.000Z,156.625,156.643,156.59,156.608,30
2025-12-15T20:00:00.000Z,156.608,156.675,156.319,156.386,15
2025-12-15T21:00:00.000Z,156.386,156.453,156.139,156.206,15
2025-12-15T22:00:00.000Z,156.206,156.273,155.959,156.026,15
2025-12-15T23:00:00.000Z,156.026,156.093,155.821,155.888,15
2025-12-16T00:00:00.000Z,155.024,155.034,154.992,155.002,25
2025-12-16T01:00:00.000Z,155.002,155.012,154.976,154.986,25
2025-12-16T02:00:00.000Z,154.986,154.996,154.96,154.97,25
2025-12-16T03:00:00.000Z,154.97,154.98,154.95,154.96,25
2025-12-16T04:00:00.000Z,154.96,154.997,154.945,154.982,30
2025-12-16T05:00:00.000Z,154.982,155.01,154.967,154.995,30
2025-12-16T06:00:00.000Z,154.995,155.022,154.98,155.007,30
2025-12-16T07:00:00.000Z,155.007,155.026,154.992,155.011,30
2025-12-16T08:00:00.000Z,155.011,155.042,154.897,154.928,70
2025-12-16T09:00:00.000Z,154.928,154.959,154.833,154.864,70
2025-12-16T10:00:00.000Z,154.864,154.895,154.769,154.8,70
2025-12-16T11:00:00.000Z,154.8,154.831,154.724,154.755,70
2025-12-16T12:00:00.000Z,154.755,154.78,154.658,154.683,80
2025-12-16T13:00:00.000Z,154.683,154.708,154.602,154.627,80
2025-12-16T14:00:00.000Z,154.627,154.652,154.545,154.57,80
2025-12-16T15:00:00.000Z,154.57,154.595,154.505,154.53,80
2025-12-16T16:00:00.000Z,154.53,154.563,154.52,154.553,30
2025-12-16T17:00:00.000Z,154.553,154.579,154.543,154.569,30
2025-12-16T18:00:00.000Z,154.569,154.595,154.559,154.585,30
2025-12-16T19:00:00.000Z,154.585,154.605,154.575,154.595,30
2025-12-16T20:00:00.000Z,154.595,154.763,154.556,154.724,15
2025-12-16T21:00:00.000Z,154.724,154.868,154.685,154.829,15
2025-12-16T22:00:00.000Z,154.829,154.973,154.79,154.934,15
2025-12-16T23:00:00.000Z,154.934,155.054,154.895,155.015,15
2025-12-17T00:00:00.000Z,154.768,154.825,154.75,154.807,25
2025-12-17T01:00:00.000Z,154.807,154.853,154.789,154.835,25
2025-12-17T02:00:00.000Z,154.835,154.88,154.817,154.862,25
2025-12-17T03:00:00.000Z,154.862,154.897,154.844,154.879,25
2025-12-17T04:00:00.000Z,154.879,154.913,154.802,154.836,30
2025-12-17T05:00:00.000Z,154.836,154.87,154.779,154.813,30
2025-12-17T06:00:00.000Z,154.813,154.847,154.757,154.791,30
2025-12-17T07:00:00.000Z,154.791,154.825,154.756,154.79,30
2025-12-17T08:00:00.000Z,154.79,154.988,154.737,154.935,70
2025-12-17T09:00:00.000Z,154.935,155.099,154.882,155.046,70
2025-12-17T10:00:00.000Z,155.046,155.21,154.993,155.157,70
2025-12-17T11:00:00.000Z,155.157,155.288,155.104,155.235,70
2025-12-17T12:00:00.000Z,155.235,155.391,155.199,155.355,80
2025-12-17T13:00:00.000Z,155.355,155.488,155.319,155.452,80
2025-12-17T14:00:00.000Z,155.452,155.586,155.416,155.55,80
2025-12-17T15:00:00.000Z,155.55,155.661,155.514,155.625,80
2025-12-17T16:00:00.000Z,155.625,155.643,155.568,155.586,30
2025-12-17T17:00:00.000Z,155.586,155.604,155.54,155.558,30
2025-12-17T18:00:00.000Z,155.558,155.576,155.513,155.531,30
2025-12-17T19:00:00.000Z,155.531,155.549,155.496,155.514,30
2025-12-17T20:00:00.000Z,155.514,155.582,155.22,155.288,15
2025-12-17T21:00:00.000Z,155.288,155.356,155.036,155.104,15
2025-12-17T22:00:00.000Z,155.104,155.172,154.852,154.92,15
2025-12-17T23:00:00.000Z,154.92,154.988,154.71,154.778,15
2025-12-18T00:00:00.000Z,155.48,155.515,155.469,155.504,25
2025-12-18T01:00:00.000Z,155.504,155.532,155.493,155.521,25
2025-12-18T02:00:00.000Z,155.521,155.549,155.51,155.538,25
2025-12-18T03:00:00.000Z,155.538,155.559,155.527,155.548,25
2025-12-18T04:00:00.000Z,155.548,155.571,155.497,155.52,30
2025-12-18T05:00:00.000Z,155.52,155.543,155.483,155.506,30
2025-12-18T06:00:00.000Z,155.506,155.529,155.47,155.493,30
2025-12-18T07:00:00.000Z,155.493,155.517,155.47,155.494,30
2025-12-18T08:00:00.000Z,155.494,155.614,155.462,155.582,70
2025-12-18T09:00:00.000Z,155.582,155.681,155.55,155.649,70
2025-12-18T10:00:00.000Z,155.649,155.749,155.617,155.717,70
2025-12-18T11:00:00.000Z,155.717,155.796,155.685,155.764,70
2025-12-18T12:00:00.000Z,155.764,155.859,155.742,155.837,80
2025-12-18T13:00:00.000Z,155.837,155.918,155.815,155.896,80
2025-12-18T14:00:00.000Z,155.896,155.977,155.874,155.955,80
2025-12-18T15:00:00.000Z,155.955,156.023,155.933,156.001,80
2025-12-18T16:00:00.000Z,156.001,156.012,155.966,155.977,30
2025-12-18T17:00:00.000Z,155.977,155.988,155.949,155.96,30
2025-12-18T18:00:00.000Z,155.96,155.971,155.932,155.943,30
2025-12-18T19:00:00.000Z,155.943,155.954,155.922,155.933,30
2025-12-18T20:00:00.000Z,155.933,155.973,155.758,155.798,15
2025-12-18T21:00:00.000Z,155.798,155.838,155.649,155.689,15
2025-12-18T22:00:00.000Z,155.689,155.729,155.539,155.579,15
2025-12-18T23:00:00.000Z,155.579,155.619,155.455,155.495,15
2025-12-19T00:00:00.000Z,155.568,155.666,155.537,155.635,25
2025-12-19T01:00:00.000Z,155.635,155.714,155.604,155.683,25
2025-12-19T02:00:00.000Z,155.683,155.762,155.652,155.731,25
2025-12-19T03:00:00.000Z,155.731,155.791,155.7,155.76,25
2025-12-19T04:00:00.000Z,155.76,155.783,155.684,155.707,30
2025-12-19T05:00:00.000Z,155.707,155.73,155.646,155.669,30
2025-12-19T06:00:00.000Z,155.669,155.692,155.607,155.63,30
2025-12-19T07:00:00.000Z,155.63,155.653,155.583,155.606,30
2025-12-19T08:00:00.000Z,155.606,155.948,155.514,155.856,70
2025-12-19T09:00:00.000Z,155.856,156.14,155.764,156.048,70
2025-12-19T10:00:00.000Z,156.048,156.332,155.956,156.24,70
2025-12-19T11:00:00.000Z,156.24,156.466,156.148,156.374,70
2025-12-19T12:00:00.000Z,156.374,156.699,156.277,156.602,80
2025-12-19T13:00:00.000Z,156.602,156.867,156.505,156.77,80
2025-12-19T14:00:00.000Z,156.77,157.035,156.673,156.938,80
2025-12-19T15:00:00.000Z,156.938,157.143,156.841,157.046,80
2025-12-19T16:00:00.000Z,157.046,157.077,156.948,156.979,30
2025-12-19T17:00:00.000Z,156.979,157.01,156.9,156.931,30
2025-12-19T18:00:00.000Z,156.931,156.962,156.852,156.883,30
2025-12-19T19:00:00.000Z,156.883,156.914,156.823,156.854,30
2025-12-19T20:00:00.000Z,156.854,156.971,156.347,156.464,15
2025-12-19T21:00:00.000Z,156.464,156.581,156.03,156.147,15
2025-12-19T22:00:00.000Z,156.147,156.264,155.713,155.83,15
2025-12-19T23:00:00.000Z,155.83,155.947,155.469,155.586,15
2025-12-22T00:00:00.000Z,157.609,157.649,157.596,157.636,25
2025-12-22T01:00:00.000Z,157.636,157.669,157.623,157.656,25
2025-12-22T02:00:00.000Z,157.656,157.688,157.643,157.675,25
2025-12-22T03:00:00.000Z,157.675,157.7,157.662,157.687,25
2025-12-22T04:00:00.000Z,157.687,157.756,157.559,157.628,30
2025-12-22T05:00:00.000Z,157.628,157.697,157.544,157.613,30
2025-12-22T06:00:00.000Z,157.613,157.682,157.528,157.597,30
2025-12-22T07:00:00.000Z,157.597,157.694,157.528,157.625,30
2025-12-22T08:00:00.000Z,157.625,157.765,157.587,157.727,70
2025-12-22T09:00:00.000Z,157.727,157.843,157.689,157.805,70
2025-12-22T10:00:00.000Z,157.805,157.921,157.767,157.883,70
2025-12-22T11:00:00.000Z,157.883,157.976,157.845,157.938,70
2025-12-22T12:00:00.000Z,157.938,158.047,157.913,158.022,80
2025-12-22T13:00:00.000Z,158.022,158.116,157.997,158.091,80
2025-12-22T14:00:00.000Z,158.091,158.185,158.066,158.16,80
2025-12-22T15:00:00.000Z,158.16,158.238,158.135,158.213,80
2025-12-22T16:00:00.000Z,158.213,158.226,158.172,158.185,30
2025-12-22T17:00:00.000Z,158.185,158.198,158.153,158.166,30
2025-12-22T18:00:00.000Z,158.166,158.179,158.133,158.146,30
2025-12-22T19:00:00.000Z,158.146,158.159,158.121,158.134,30
2025-12-22T20:00:00.000Z,158.134,158.177,157.95,157.993,15
2025-12-22T21:00:00.000Z,157.993,158.036,157.835,157.878,15
2025-12-22T22:00:00.000Z,157.878,157.921,157.721,157.764,15
2025-12-22T23:00:00.000Z,157.764,157.807,157.633,157.676,15
2025-12-23T00:00:00.000Z,156.911,156.931,156.847,156.867,25
2025-12-23T01:00:00.000Z,156.867,156.887,156.816,156.836,25
2025-12-23T02:00:00.000Z,156.836,156.856,156.785,156.805,25
2025-12-23T03:00:00.000Z,156.805,156.825,156.766,156.786,25
2025-12-23T04:00:00.000Z,156.786,156.835,156.771,156.82,30
2025-12-23T05:00:00.000Z,156.82,156.86,156.805,156.845,30
2025-12-23T06:00:00.000Z,156.845,156.885,156.83,156.87,30
2025-12-23T07:00:00.000Z,156.87,156.901,156.855,156.886,30
2025-12-23T08:00:00.000Z,156.886,156.946,156.664,156.724,70
2025-12-23T09:00:00.000Z,156.724,156.784,156.539,156.599,70
2025-12-23T10:00:00.000Z,156.599,156.659,156.414,156.474,70
2025-12-23T11:00:00.000Z,156.474,156.534,156.327,156.387,70
2025-12-23T12:00:00.000Z,156.387,156.45,156.176,156.239,80
2025-12-23T13:00:00.000Z,156.239,156.302,156.067,156.13,80
2025-12-23T14:00:00.000Z,156.13,156.193,155.958,156.021,80
2025-12-23T15:00:00.000Z,156.021,156.084,155.888,155.951,80
2025-12-23T16:00:00.000Z,155.951,156.015,155.931,155.995,30
2025-12-23T17:00:00.000Z,155.995,156.046,155.975,156.026,30
2025-12-23T18:00:00.000Z,156.026,156.077,156.006,156.057,30
2025-12-23T19:00:00.000Z,156.057,156.096,156.037,156.076,30
2025-12-23T20:00:00.000Z,156.076,156.397,156.002,156.323,15
2025-12-23T21:00:00.000Z,156.323,156.597,156.249,156.523,15
2025-12-23T22:00:00.000Z,156.523,156.797,156.449,156.723,15
2025-12-23T23:00:00.000Z,156.723,156.951,156.649,156.877,15
2025-12-24T00:00:00.000Z,156.165,156.2,156.154,156.189,25
2025-12-24T01:00:00.000Z,156.189,156.217,156.178,156.206,25
2025-12-24T02:00:00.000Z,156.206,156.234,156.195,156.223,25
2025-12-24T03:00:00.000Z,156.223,156.244,156.212,156.233,25
2025-12-24T04:00:00.000Z,156.233,156.289,156.129,156.185,30
2025-12-24T05:00:00.000Z,156.185,156.241,156.115,156.171,30
2025-12-24T06:00:00.000Z,156.171,156.227,156.102,156.158,30
2025-12-24T07:00:00.000Z,156.158,156.235,156.102,156.179,30
2025-12-24T08:00:00.000Z,156.179,156.3,156.146,156.267,70
2025-12-24T09:00:00.000Z,156.267,156.368,156.234,156.335,70
2025-12-24T10:00:00.000Z,156.335,156.436,156.302,156.403,70
2025-12-24T11:00:00.000Z,156.403,156.484,156.37,156.451,70
2025-12-24T12:00:00.000Z,156.451,156.546,156.429,156.524,80
2025-12-24T13:00:00.000Z,156.524,156.606,156.502,156.584,80
2025-12-24T14:00:00.000Z,156.584,156.665,156.562,156.643,80
2025-12-24T15:00:00.000Z,156.643,156.711,156.621,156.689,80
2025-12-24T16:00:00.000Z,156.689,156.7,156.654,156.665,30
2025-12-24T17:00:00.000Z,156.665,156.676,156.637,156.648,30
2025-12-24T18:00:00.000Z,156.648,156.659,156.62,156.631,30
2025-12-24T19:00:00.000Z,156.631,156.642,156.61,156.621,30
2025-12-24T20:00:00.000Z,156.621,156.662,156.443,156.484,15
2025-12-24T21:00:00.000Z,156.484,156.525,156.332,156.373,15
2025-12-24T22:00:00.000Z,156.373,156.414,156.221,156.262,15
2025-12-24T23:00:00.000Z,156.262,156.303,156.135,156.176,15
2025-12-26T00:00:00.000Z,156.17,156.18,156.138,156.148,25
2025-12-26T01:00:00.000Z,156.148,156.158,156.122,156.132,25
2025-12-26T02:00:00.000Z,156.132,156.142,156.106,156.116,25
2025-12-26T03:00:00.000Z,156.116,156.126,156.096,156.106,25
2025-12-26T04:00:00.000Z,156.106,156.192,156.061,156.147,30
2025-12-26T05:00:00.000Z,156.147,156.205,156.102,156.16,30
2025-12-26T06:00:00.000Z,156.16,156.217,156.115,156.172,30
2025-12-26T07:00:00.000Z,156.172,156.217,156.112,156.157,30
2025-12-26T08:00:00.000Z,156.157,156.188,156.043,156.074,70
2025-12-26T09:00:00.000Z,156.074,156.105,155.978,156.009,70
2025-12-26T10:00:00.000Z,156.009,156.04,155.914,155.945,70
2025-12-26T11:00:00.000Z,155.945,155.976,155.869,155.9,70
2025-12-26T12:00:00.000Z,155.9,155.921,155.81,155.831,80
2025-12-26T13:00:00.000Z,155.831,155.852,155.754,155.775,80
2025-12-26T14:00:00.000Z,155.775,155.796,155.697,155.718,80
2025-12-26T15:00:00.000Z,155.718,155.739,155.654,155.675,80
2025-12-26T16:00:00.000Z,155.675,155.707,155.665,155.697,30
2025-12-26T17:00:00.000Z,155.697,155.723,155.687,155.713,30
2025-12-26T18:00:00.000Z,155.713,155.739,155.703,155.729,30
2025-12-26T19:00:00.000Z,155.729,155.749,155.719,155.739,30
2025-12-26T20:00:00.000Z,155.739,155.88,155.706,155.847,15
2025-12-26T21:00:00.000Z,155.847,155.968,155.814,155.935,15
2025-12-26T22:00:00.000Z,155.935,156.056,155.902,156.023,15
2025-12-26T23:00:00.000Z,156.023,156.123,155.99,156.09,15
2025-12-29T00:00:00.000Z,156.275,156.304,156.266,156.295,25
2025-12-29T01:00:00.000Z,156.295,156.318,156.286,156.309,25
2025-12-29T02:00:00.000Z,156.309,156.332,156.3,156.323,25
2025-12-29T03:00:00.000Z,156.323,156.341,156.314,156.332,25
2025-12-29T04:00:00.000Z,156.332,156.367,156.264,156.299,30
2025-12-29T05:00:00.000Z,156.299,156.334,156.252,156.287,30
2025-12-29T06:00:00.000Z,156.287,156.322,156.241,156.276,30
2025-12-29T07:00:00.000Z,156.276,156.321,156.241,156.286,30
2025-12-29T08:00:00.000Z,156.286,156.387,156.259,156.36,70
2025-12-29T09:00:00.000Z,156.36,156.445,156.333,156.418,70
2025-12-29T10:00:00.000Z,156.418,156.502,156.391,156.475,70
2025-12-29T11:00:00.000Z,156.475,156.542,156.448,156.515,70
2025-12-29T12:00:00.000Z,156.515,156.594,156.497,156.576,80
2025-12-29T13:00:00.000Z,156.576,156.644,156.558,156.626,80
2025-12-29T14:00:00.000Z,156.626,156.694,156.608,156.676,80
2025-12-29T15:00:00.000Z,156.676,156.733,156.658,156.715,80
2025-12-29T16:00:00.000Z,156.715,156.724,156.686,156.695,30
2025-12-29T17:00:00.000Z,156.695,156.704,156.672,156.681,30
2025-12-29T18:00:00.000Z,156.681,156.69,156.658,156.667,30
2025-12-29T19:00:00.000Z,156.667,156.676,156.649,156.658,30
2025-12-29T20:00:00.000Z,156.658,156.678,156.577,156.597,15
2025-12-29T21:00:00.000Z,156.597,156.617,156.528,156.548,15
2025-12-29T22:00:00.000Z,156.548,156.568,156.479,156.499,15
2025-12-29T23:00:00.000Z,156.499,156.519,156.443,156.463,15
2025-12-30T00:00:00.000Z,155.932,155.973,155.919,155.96,25
2025-12-30T01:00:00.000Z,155.96,155.994,155.947,155.981,25
2025-12-30T02:00:00.000Z,155.981,156.014,155.968,156.001,25
2025-12-30T03:00:00.000Z,156.001,156.026,155.988,156.013,25
2025-12-30T04:00:00.000Z,156.013,156.038,155.956,155.981,30
2025-12-30T05:00:00.000Z,155.981,156.006,155.94,155.965,30
2025-12-30T06:00:00.000Z,155.965,155.99,155.924,155.949,30
2025-12-30T07:00:00.000Z,155.949,155.974,155.923,155.948,30
2025-12-30T08:00:00.000Z,155.948,156.092,155.909,156.053,70
2025-12-30T09:00:00.000Z,156.053,156.173,156.014,156.134,70
2025-12-30T10:00:00.000Z,156.134,156.253,156.095,156.214,70
2025-12-30T11:00:00.000Z,156.214,156.31,156.175,156.271,70
2025-12-30T12:00:00.000Z,156.271,156.384,156.245,156.358,80
2025-12-30T13:00:00.000Z,156.358,156.454,156.332,156.428,80
2025-12-30T14:00:00.000Z,156.428,156.525,156.402,156.499,80
2025-12-30T15:00:00.000Z,156.499,156.579,156.473,156.553,80
2025-12-30T16:00:00.000Z,156.553,156.566,156.512,156.525,30
2025-12-30T17:00:00.000Z,156.525,156.538,156.491,156.504,30
2025-12-30T18:00:00.000Z,156.504,156.517,156.471,156.484,30
2025-12-30T19:00:00.000Z,156.484,156.497,156.459,156.472,30
2025-12-30T20:00:00.000Z,156.472,156.515,156.287,156.33,15
2025-12-30T21:00:00.000Z,156.33,156.373,156.173,156.216,15
2025-12-30T22:00:00.000Z,156.216,156.259,156.058,156.101,15
2025-12-30T23:00:00.000Z,156.101,156.144,155.97,156.013,15
2025-12-31T00:00:00.000Z,156.367,156.401,156.356,156.39,25
2025-12-31T01:00:00.000Z,156.39,156.418,156.379,156.407,25
2025-12-31T02:00:00.000Z,156.407,156.434,156.396,156.423,25
2025-12-31T03:00:00.000Z,156.423,156.444,156.412,156.433,25
2025-12-31T04:00:00.000Z,156.433,156.444,156.402,156.413,30
2025-12-31T05:00:00.000Z,156.413,156.424,156.389,156.4,30
2025-12-31T06:00:00.000Z,156.4,156.411,156.375,156.386,30
2025-12-31T07:00:00.000Z,156.386,156.397,156.369,156.38,30
2025-12-31T08:00:00.000Z,156.38,156.497,156.348,156.465,70
2025-12-31T09:00:00.000Z,156.465,156.563,156.433,156.531,70
2025-12-31T10:00:00.000Z,156.531,156.629,156.499,156.597,70
2025-12-31T11:00:00.000Z,156.597,156.675,156.565,156.643,70
2025-12-31T12:00:00.000Z,156.643,156.75,156.613,156.72,80
2025-12-31T13:00:00.000Z,156.72,156.807,156.69,156.777,80
2025-12-31T14:00:00.000Z,156.777,156.865,156.747,156.835,80
2025-12-31T15:00:00.000Z,156.835,156.904,156.805,156.874,80
2025-12-31T16:00:00.000Z,156.874,156.885,156.84,156.851,30
2025-12-31T17:00:00.000Z,156.851,156.862,156.823,156.834,30
2025-12-31T18:00:00.000Z,156.834,156.845,156.807,156.818,30
2025-12-31T19:00:00.000Z,156.818,156.829,156.797,156.808,30
2025-12-31T20:00:00.000Z,156.808,156.845,156.649,156.686,15
2025-12-31T21:00:00.000Z,156.686,156.723,156.55,156.587,15
2025-12-31T22:00:00.000Z,156.587,156.624,156.452,156.489,15
2025-12-31T23:00:00.000Z,156.489,156.526,156.376,156.413,15
