time,open,high,low,close,volume
2024-01-01T20:00:00.000Z,2062.598,2066.595,2062.405,2063.615,0
2024-01-02T00:00:00.000Z,2063.625,2070.285,2062.275,2069.528,0
2024-01-02T04:00:00.000Z,2069.528,2076.665,2068.775,2073.048,0
2024-01-02T08:00:00.000Z,2073.015,2078.825,2068.205,2069.145,0
2024-01-02T12:00:00.000Z,2069.105,2070.965,2055.818,2059.265,0
2024-01-02T16:00:00.000Z,2059.305,2067.515,2059.075,2060.825,0
2024-01-02T20:00:00.000Z,2060.885,2061.545,2057.915,2059.455,0
2024-01-03T00:00:00.000Z,2059.475,2065.525,2059.094,2065.025,0
2024-01-03T04:00:00.000Z,2064.965,2065.835,2060.795,2062.928,0
2024-01-03T08:00:00.000Z,2062.835,2064.228,2046.594,2047.485,0
2024-01-03T12:00:00.000Z,2047.505,2048.698,2031.665,2032.495,0
2024-01-03T16:00:00.000Z,2032.545,2042.205,2030.515,2036.575,0
2024-01-03T20:00:00.000Z,2036.595,2043.835,2036.435,2042.895,0
2024-01-04T00:00:00.000Z,2042.865,2046.808,2040.055,2044.518,0
2024-01-04T04:00:00.000Z,2044.498,2049.445,2042.345,2047.615,0
2024-01-04T08:00:00.000Z,2047.615,2050.855,2044.828,2045.065,0
2024-01-04T12:00:00.000Z,2044.995,2047.625,2036.155,2045.025,0
2024-01-04T16:00:00.000Z,2045.075,2046.675,2040.765,2044.285,0
2024-01-04T20:00:00.000Z,2044.265,2044.785,2042.725,2044.098,0
2024-01-05T00:00:00.000Z,2044.128,2048.155,2043.225,2045.235,0
2024-01-05T04:00:00.000Z,2045.265,2046.925,2040.805,2042.995,0
2024-01-05T08:00:00.000Z,2043.005,2044.238,2037.035,2039.155,0
2024-01-05T12:00:00.000Z,2039.155,2063.838,2024.255,2054.745,0
2024-01-05T16:00:00.000Z,2054.815,2056.155,2040.335,2045.635,0
2024-01-05T20:00:00.000Z,2045.655,2046.068,2042.785,2045.355,0
2024-01-07T20:00:00.000Z,2044.385,2045.565,2042.805,2044.195,0
2024-01-08T00:00:00.000Z,2044.235,2046.525,2034.975,2036.015,0
2024-01-08T04:00:00.000Z,2036.075,2037.555,2026.925,2031.355,0
2024-01-08T08:00:00.000Z,2031.305,2031.685,2016.604,2019.958,0
2024-01-08T12:00:00.000Z,2019.958,2034.675,2018.345,2034.115,0
2024-01-08T16:00:00.000Z,2034.105,2036.778,2026.295,2029.285,0
2024-01-08T20:00:00.000Z,2029.265,2030.835,2025.978,2030.665,0
2024-01-09T00:00:00.000Z,2030.665,2035.775,2030.615,2033.565,0
2024-01-09T04:00:00.000Z,2033.505,2037.145,2030.245,2035.885,0
2024-01-09T08:00:00.000Z,2035.955,2038.428,2031.145,2034.935,0
2024-01-09T12:00:00.000Z,2034.925,2041.898,2028.665,2028.735,0
2024-01-09T16:00:00.000Z,2028.755,2031.945,2026.015,2028.735,0
2024-01-09T20:00:00.000Z,2028.845,2031.125,2028.205,2030.665,0
2024-01-10T00:00:00.000Z,2030.674,2032.785,2027.145,2028.845,0
2024-01-10T04:00:00.000Z,2028.835,2031.595,2023.795,2030.905,0
2024-01-10T08:00:00.000Z,2030.925,2040.135,2030.165,2033.925,0
2024-01-10T12:00:00.000Z,2033.905,2035.555,2024.685,2027.795,0
2024-01-10T16:00:00.000Z,2027.835,2028.395,2020.395,2023.938,0
2024-01-10T20:00:00.000Z,2023.875,2027.865,2021.725,2026.695,0
2024-01-11T00:00:00.000Z,2026.735,2031.808,2026.505,2030.835,0
2024-01-11T04:00:00.000Z,2030.795,2035.655,2030.795,2033.805,0
2024-01-11T08:00:00.000Z,2033.795,2034.305,2030.125,2034.235,0
2024-01-11T12:00:00.000Z,2034.285,2043.864,2024.825,2028.945,0
2024-01-11T16:00:00.000Z,2028.955,2029.505,2013.225,2026.345,0
2024-01-11T20:00:00.000Z,2026.355,2035.455,2023.395,2035.125,0
2024-01-12T00:00:00.000Z,2035.055,2035.575,2029.975,2033.865,0
2024-01-12T04:00:00.000Z,2033.835,2039.275,2032.698,2037.405,0
2024-01-12T08:00:00.000Z,2037.375,2047.305,2036.945,2045.315,0
2024-01-12T12:00:00.000Z,2045.355,2062.145,2044.258,2053.595,0
2024-01-12T16:00:00.000Z,2053.615,2055.455,2041.325,2043.815,0
2024-01-14T20:00:00.000Z,2048.498,2048.605,2046.235,2047.505,0
2024-01-15T00:00:00.000Z,2047.525,2057.985,2045.675,2057.305,0
2024-01-15T04:00:00.000Z,2057.285,2057.465,2052.765,2054.175,0
2024-01-15T08:00:00.000Z,2054.215,2058.505,2051.465,2053.225,0
2024-01-15T12:00:00.000Z,2053.255,2054.315,2049.29,2053.125,0
2024-01-15T16:00:00.000Z,2053.108,2056.218,2053.078,2054.505,0
2024-01-15T20:00:00.000Z,2053.914,2055.495,2053.228,2053.895,0
2024-01-16T00:00:00.000Z,2054.025,2054.435,2048.265,2049.435,0
2024-01-16T04:00:00.000Z,2049.435,2050.825,2047.285,2049.315,0
2024-01-16T08:00:00.000Z,2049.295,2050.035,2038.124,2039.785,0
2024-01-16T12:00:00.000Z,2039.775,2044.915,2031.275,2041.035,0
2024-01-16T16:00:00.000Z,2041.095,2041.195,2024.165,2029.205,0
2024-01-16T20:00:00.000Z,2029.185,2029.705,2025.728,2028.045,0
2024-01-17T00:00:00.000Z,2028.055,2032.815,2023.288,2023.955,0
2024-01-17T04:00:00.000Z,2023.915,2026.085,2017.598,2025.705,0
2024-01-17T08:00:00.000Z,2025.695,2028.265,2018.915,2023.805,0
2024-01-17T12:00:00.000Z,2023.835,2028.898,2006.095,2008.795,0
2024-01-17T16:00:00.000Z,2008.805,2011.895,2001.755,2005.455,0
2024-01-17T20:00:00.000Z,2005.515,2009.805,2004.675,2009.465,0
2024-01-18T00:00:00.000Z,2009.505,2012.055,2006.345,2007.975,0
2024-01-18T04:00:00.000Z,2007.955,2014.045,2005.705,2012.198,0
2024-01-18T08:00:00.000Z,2012.218,2013.405,2008.075,2012.505,0
2024-01-18T12:00:00.000Z,2012.525,2017.155,2007.175,2013.525,0
2024-01-18T16:00:00.000Z,2013.515,2021.025,2012.985,2019.725,0
2024-01-18T20:00:00.000Z,2019.725,2024.555,2019.725,2023.675,0
2024-01-19T00:00:00.000Z,2023.675,2025.475,2021.895,2022.805,0
2024-01-19T04:00:00.000Z,2022.815,2029.625,2020.325,2027.945,0
2024-01-19T08:00:00.000Z,2027.895,2031.875,2026.105,2031.555,0
2024-01-19T12:00:00.000Z,2031.605,2039.278,2023.035,2027.645,0
2024-01-19T16:00:00.000Z,2027.645,2029.425,2023.175,2029.075,0
2024-01-19T20:00:00.000Z,2029.075,2029.815,2027.655,2029.375,0
2024-01-21T20:00:00.000Z,2029.715,2029.715,2026.848,2027.535,0
2024-01-22T00:00:00.000Z,2027.505,2032.005,2025.385,2026.895,0
2024-01-22T04:00:00.000Z,2026.945,2027.065,2018.985,2021.695,0
2024-01-22T08:00:00.000Z,2021.645,2026.458,2020.335,2026.078,0
2024-01-22T12:00:00.000Z,2026.038,2030.028,2016.448,2023.994,0
2024-01-22T16:00:00.000Z,2024.005,2024.438,2019.055,2020.955,0
2024-01-22T20:00:00.000Z,2020.955,2021.855,2019.125,2020.635,0
2024-01-23T00:00:00.000Z,2020.695,2027.855,2019.515,2027.395,0
2024-01-23T04:00:00.000Z,2027.325,2037.808,2026.645,2031.565,0
2024-01-23T08:00:00.000Z,2031.635,2031.655,2022.298,2023.875,0
2024-01-23T12:00:00.000Z,2023.875,2030.265,2021.325,2025.045,0
2024-01-23T16:00:00.000Z,2025.085,2030.558,2022.565,2029.755,0
2024-01-23T20:00:00.000Z,2029.765,2030.178,2027.235,2029.255,0
2024-01-24T00:00:00.000Z,2029.255,2029.255,2023.628,2024.685,0
2024-01-24T04:00:00.000Z,2024.675,2031.495,2022.725,2029.465,0
2024-01-24T08:00:00.000Z,2029.485,2034.185,2028.105,2033.305,0
2024-01-24T12:00:00.000Z,2033.305,2036.575,2014.815,2015.145,0
2024-01-24T16:00:00.000Z,2015.215,2019.715,2011.105,2012.115,0
2024-01-24T20:00:00.000Z,2012.115,2017.565,2011.675,2016.265,0
2024-01-25T00:00:00.000Z,2016.305,2017.175,2014.435,2015.725,0
2024-01-25T04:00:00.000Z,2015.725,2018.225,2013.515,2015.648,0
2024-01-25T08:00:00.000Z,2015.625,2019.445,2012.555,2017.425,0
2024-01-25T12:00:00.000Z,2017.455,2025.175,2009.455,2020.158,0
2024-01-25T16:00:00.000Z,2020.145,2021.505,2012.415,2017.648,0
2024-01-25T20:00:00.000Z,2017.648,2021.811,2016.845,2020.565,0
2024-01-26T00:00:00.000Z,2020.625,2024.125,2019.245,2021.755,0
2024-01-26T04:00:00.000Z,2021.705,2023.395,2019.735,2021.285,0
2024-01-26T08:00:00.000Z,2021.225,2024.545,2018.105,2023.295,0
2024-01-26T12:00:00.000Z,2023.305,2026.715,2016.055,2016.908,0
2024-01-26T16:00:00.000Z,2016.918,2019.278,2015.845,2016.925,0
2024-01-26T20:00:00.000Z,2016.955,2019.205,2016.365,2017.915,0
2024-01-28T20:00:00.000Z,2024.215,2028.384,2021.185,2021.775,0
2024-01-29T00:00:00.000Z,2021.855,2026.265,2019.195,2025.555,0
2024-01-29T04:00:00.000Z,2025.555,2033.795,2024.625,2031.275,0
2024-01-29T08:00:00.000Z,2031.225,2033.525,2025.358,2028.085,0
2024-01-29T12:00:00.000Z,2028.075,2037.465,2020.485,2025.365,0
2024-01-29T16:00:00.000Z,2025.345,2030.995,2023.975,2026.865,0
2024-01-29T20:00:00.000Z,2026.895,2035.145,2026.808,2031.035,0
2024-01-30T00:00:00.000Z,2031.045,2034.025,2029.745,2032.025,0
2024-01-30T04:00:00.000Z,2032.025,2040.285,2031.145,2037.815,0
2024-01-30T08:00:00.000Z,2037.795,2039.328,2031.298,2034.275,0
2024-01-30T12:00:00.000Z,2034.265,2048.448,2028.935,2032.465,0
2024-01-30T16:00:00.000Z,2032.515,2036.918,2031.345,2035.995,0
2024-01-30T20:00:00.000Z,2035.965,2037.175,2035.185,2036.335,0
2024-01-31T00:00:00.000Z,2036.365,2038.528,2032.735,2033.785,0
2024-01-31T04:00:00.000Z,2033.765,2038.535,2033.115,2036.535,0
2024-01-31T08:00:00.000Z,2036.525,2040.305,2036.055,2037.195,0
2024-01-31T12:00:00.000Z,2037.235,2055.878,2035.955,2052.185,0
2024-01-31T16:00:00.000Z,2052.175,2053.575,2039.075,2044.605,0
2024-01-31T20:00:00.000Z,2044.625,2045.845,2031,2039.825,0
2024-02-01T00:00:00.000Z,2039.855,2049.475,2039.045,2046.144,0
2024-02-01T04:00:00.000Z,2046.144,2046.505,2041.055,2042.775,0
2024-02-01T08:00:00.000Z,2042.745,2042.745,2029.905,2033.355,0
2024-02-01T12:00:00.000Z,2033.355,2052.905,2030.035,2051.875,0
2024-02-01T16:00:00.000Z,2051.875,2065.348,2051.158,2054.608,0
2024-02-01T20:00:00.000Z,2054.648,2056.145,2053.385,2054.745,0
2024-02-02T00:00:00.000Z,2054.725,2056.845,2051.775,2054.545,0
2024-02-02T04:00:00.000Z,2054.545,2056.855,2053.938,2054.965,0
2024-02-02T08:00:00.000Z,2054.955,2056.715,2052.595,2055.948,0
2024-02-02T12:00:00.000Z,2055.935,2057.545,2027.635,2034.915,0
2024-02-02T16:00:00.000Z,2034.935,2038.665,2032.988,2038.085,0
2024-02-02T20:00:00.000Z,2038.125,2039.735,2035.905,2039.275,0
2024-02-04T20:00:00.000Z,2040.054,2042.034,2038.854,2039.115,0
2024-02-05T00:00:00.000Z,2039.155,2039.745,2030.108,2032.195,0
2024-02-05T04:00:00.000Z,2032.165,2033.285,2026.654,2027.465,0
2024-02-05T08:00:00.000Z,2027.495,2028.258,2020.555,2027.565,0
2024-02-05T12:00:00.000Z,2027.575,2027.995,2014.835,2017.675,0
2024-02-05T16:00:00.000Z,2017.815,2027.465,2017.665,2025.885,0
2024-02-05T20:00:00.000Z,2025.835,2026.258,2023.665,2025.005,0
2024-02-06T00:00:00.000Z,2025.005,2028.505,2023.395,2023.825,0
2024-02-06T04:00:00.000Z,2023.845,2029.715,2023.505,2026.245,0
2024-02-06T08:00:00.000Z,2026.265,2027.415,2022.795,2026.665,0
2024-02-06T12:00:00.000Z,2026.635,2038.035,2024.405,2036.205,0
2024-02-06T16:00:00.000Z,2036.218,2038.785,2032.005,2035.935,0
2024-02-06T20:00:00.000Z,2035.985,2036.875,2034.445,2035.175,0
2024-02-07T00:00:00.000Z,2035.135,2036.055,2033.965,2034.305,0
2024-02-07T04:00:00.000Z,2034.305,2036.085,2032.298,2035.105,0
2024-02-07T08:00:00.000Z,2035.115,2035.705,2031.138,2034.035,0
2024-02-07T12:00:00.000Z,2034.035,2044.465,2030.505,2038.235,0
2024-02-07T16:00:00.000Z,2038.215,2040.835,2034,2035.495,0
2024-02-07T20:00:00.000Z,2035.495,2036.495,2033.605,2036.395,0
2024-02-08T00:00:00.000Z,2036.395,2038.635,2031.675,2032.745,0
2024-02-08T04:00:00.000Z,2032.725,2035.045,2031.014,2032.785,0
2024-02-08T08:00:00.000Z,2032.795,2038.355,2027.785,2028.945,0
2024-02-08T12:00:00.000Z,2028.975,2033.935,2020.095,2031.828,0
2024-02-08T16:00:00.000Z,2031.795,2035.175,2027.578,2032.515,0
2024-02-08T20:00:00.000Z,2032.515,2034.848,2032.485,2034.185,0
2024-02-09T00:00:00.000Z,2034.205,2034.978,2031.785,2033.465,0
2024-02-09T04:00:00.000Z,2033.565,2034.825,2032.038,2033.458,0
2024-02-09T08:00:00.000Z,2033.435,2033.965,2030.425,2031.418,0
2024-02-09T12:00:00.000Z,2031.405,2037.058,2021.775,2022.308,0
2024-02-09T16:00:00.000Z,2022.338,2026.245,2020.195,2024.665,0
2024-02-09T20:00:00.000Z,2024.645,2026.175,2023.795,2024.155,0
2024-02-11T20:00:00.000Z,2023.495,2026.708,2023.194,2025.345,0
2024-02-12T00:00:00.000Z,2025.375,2026.505,2021.755,2022.815,0
2024-02-12T04:00:00.000Z,2022.765,2026.338,2022.515,2025.435,0
2024-02-12T08:00:00.000Z,2025.435,2027.158,2019.915,2021.565,0
2024-02-12T12:00:00.000Z,2021.565,2027.505,2011.985,2013.045,0
2024-02-12T16:00:00.000Z,2013.125,2021.448,2011.795,2019.028,0
2024-02-12T20:00:00.000Z,2019.025,2020.408,2018.525,2018.845,0
2024-02-13T00:00:00.000Z,2018.785,2021.125,2016.785,2018.498,0
2024-02-13T04:00:00.000Z,2018.475,2025.705,2018.315,2025.125,0
2024-02-13T08:00:00.000Z,2025.165,2029.255,2024.405,2027.565,0
2024-02-13T12:00:00.000Z,2027.565,2032.845,1989.985,1992.145,0
2024-02-13T16:00:00.000Z,1992.155,1997.755,1991.195,1991.705,0
2024-02-13T20:00:00.000Z,1991.655,1993.585,1990.655,1991.435,0
2024-02-14T00:00:00.000Z,1991.425,1993.515,1988.735,1992.298,0
2024-02-14T04:00:00.000Z,1992.298,1993.245,1989.295,1989.385,0
2024-02-14T08:00:00.000Z,1989.385,1993.315,1985.945,1992.175,0
2024-02-14T12:00:00.000Z,1992.175,1993.175,1984.088,1987.775,0
2024-02-14T16:00:00.000Z,1987.795,1996.025,1987.395,1991.665,0
2024-02-14T20:00:00.000Z,1991.665,1993.755,1989.535,1993.645,0
2024-02-15T00:00:00.000Z,1993.685,1994.195,1990.175,1990.735,0
2024-02-15T04:00:00.000Z,1990.735,1994.615,1990.385,1993.785,0
2024-02-15T08:00:00.000Z,1993.765,1998.045,1993.465,1997.445,0
2024-02-15T12:00:00.000Z,1997.425,2008.175,1995.585,2000.705,0
2024-02-15T16:00:00.000Z,2000.705,2006.375,1998.365,2005.035,0
2024-02-15T20:00:00.000Z,2005.035,2005.035,2003.295,2003.345,0
2024-02-16T00:00:00.000Z,2003.445,2005.555,2002.228,2004.178,0
2024-02-16T04:00:00.000Z,2004.178,2006.405,2002.625,2005.095,0
2024-02-16T08:00:00.000Z,2005.035,2007.735,2003.755,2007.235,0
2024-02-16T12:00:00.000Z,2007.235,2010.915,1994.985,2007.768,0
2024-02-16T16:00:00.000Z,2007.768,2015.095,2007.115,2012.565,0
2024-02-16T20:00:00.000Z,2012.545,2013.835,2011.185,2013.055,0
2024-02-18T20:00:00.000Z,2014.595,2016.245,2009.935,2013.695,0
2024-02-19T00:00:00.000Z,2013.644,2022.785,2013.544,2019.805,0
2024-02-19T04:00:00.000Z,2019.765,2022.895,2018.185,2020.825,0
2024-02-19T08:00:00.000Z,2020.825,2021.145,2018.115,2018.285,0
2024-02-19T12:00:00.000Z,2018.275,2019.158,2014.675,2014.815,0
2024-02-19T16:00:00.000Z,2014.755,2018.435,2013.185,2017.775,0
2024-02-19T20:00:00.000Z,2017.498,2017.855,2015.745,2016.085,0
2024-02-20T00:00:00.000Z,2016.115,2019.165,2014.945,2018.138,0
2024-02-20T04:00:00.000Z,2018.138,2022.775,2017.635,2021.358,0
2024-02-20T08:00:00.000Z,2021.315,2027.535,2020.705,2026.778,0
2024-02-20T12:00:00.000Z,2026.725,2030.765,2025.315,2027.375,0
2024-02-20T16:00:00.000Z,2027.395,2028.785,2024.695,2025.025,0
2024-02-20T20:00:00.000Z,2025.105,2025.105,2023.455,2024.095,0
2024-02-21T00:00:00.000Z,2024.155,2030.805,2022.835,2030.435,0
2024-02-21T04:00:00.000Z,2030.435,2032.195,2028.265,2028.705,0
2024-02-21T08:00:00.000Z,2028.695,2030.075,2025.845,2028.165,0
2024-02-21T12:00:00.000Z,2028.185,2031.475,2023.938,2024.025,0
2024-02-21T16:00:00.000Z,2024.105,2026.435,2019.915,2025.915,0
2024-02-21T20:00:00.000Z,2025.895,2026.895,2023.858,2025.658,0
2024-02-22T00:00:00.000Z,2025.658,2028.485,2024.975,2026.205,0
2024-02-22T04:00:00.000Z,2026.245,2031.935,2025.448,2031.345,0
2024-02-22T08:00:00.000Z,2031.425,2034.708,2027.155,2028.925,0
2024-02-22T12:00:00.000Z,2028.905,2029.795,2020.088,2023.225,0
2024-02-22T16:00:00.000Z,2023.225,2024.575,2019.555,2022.965,0
2024-02-22T20:00:00.000Z,2022.975,2025.928,2022.465,2024.615,0
2024-02-23T00:00:00.000Z,2024.665,2027.295,2022.685,2025.665,0
2024-02-23T04:00:00.000Z,2025.665,2026.445,2018.025,2021.684,0
2024-02-23T08:00:00.000Z,2021.684,2023.895,2015.955,2023.785,0
2024-02-23T12:00:00.000Z,2023.785,2031.028,2023.005,2030.008,0
2024-02-23T16:00:00.000Z,2030.015,2041.285,2030.015,2037.245,0
2024-02-23T20:00:00.000Z,2037.245,2037.425,2034.955,2035.215,0
2024-02-25T20:00:00.000Z,2034.295,2034.865,2032.638,2033.935,0
2024-02-26T00:00:00.000Z,2033.975,2033.975,2029.775,2032.455,0
2024-02-26T04:00:00.000Z,2032.445,2035.235,2031.795,2035.015,0
2024-02-26T08:00:00.000Z,2034.945,2036.965,2030.745,2030.815,0
2024-02-26T12:00:00.000Z,2030.865,2034.328,2024.975,2029.065,0
2024-02-26T16:00:00.000Z,2029.108,2030.155,2026.475,2029.665,0
2024-02-26T20:00:00.000Z,2029.635,2033.555,2029.635,2031.205,0
2024-02-27T00:00:00.000Z,2031.185,2034.435,2030.908,2033.345,0
2024-02-27T04:00:00.000Z,2033.415,2036.145,2032.745,2035.295,0
2024-02-27T08:00:00.000Z,2035.285,2039.375,2034.525,2038.155,0
2024-02-27T12:00:00.000Z,2038.175,2038.978,2032.885,2033.685,0
2024-02-27T16:00:00.000Z,2033.695,2035.965,2029.335,2030.185,0
2024-02-27T20:00:00.000Z,2030.155,2030.755,2028.725,2030.025,0
2024-02-28T00:00:00.000Z,2030.075,2033.625,2029.075,2030.835,0
2024-02-28T04:00:00.000Z,2030.855,2031.965,2027.725,2027.985,0
2024-02-28T08:00:00.000Z,2027.965,2029.165,2024.355,2027.135,0
2024-02-28T12:00:00.000Z,2027.108,2037.805,2026.775,2031.735,0
2024-02-28T16:00:00.000Z,2031.735,2035.478,2030.738,2032.075,0
2024-02-28T20:00:00.000Z,2032.075,2035.274,2032.035,2034.518,0
2024-02-29T00:00:00.000Z,2034.575,2037.015,2033.855,2036.458,0
2024-02-29T04:00:00.000Z,2036.448,2037.735,2034.355,2037.205,0
2024-02-29T08:00:00.000Z,2037.225,2037.385,2028.755,2030.235,0
2024-02-29T12:00:00.000Z,2030.235,2050.605,2028.015,2047.995,0
2024-02-29T16:00:00.000Z,2047.995,2048.235,2043.138,2044.395,0
2024-02-29T20:00:00.000Z,2044.335,2045.355,2042.775,2044.185,0
2024-03-01T00:00:00.000Z,2044.165,2046.755,2042.765,2046.445,0
2024-03-01T04:00:00.000Z,2046.415,2048.745,2043.315,2045.345,0
2024-03-01T08:00:00.000Z,2045.365,2057.395,2038.915,2055.295,0
2024-03-01T12:00:00.000Z,2055.295,2070.828,2045.495,2069.078,0
2024-03-01T16:00:00.000Z,2069.064,2088.215,2069.064,2085.148,0
2024-03-01T20:00:00.000Z,2085.125,2085.198,2082.345,2082.395,0
2024-03-03T20:00:00.000Z,2081.835,2086.145,2081.835,2083.445,0
2024-03-04T00:00:00.000Z,2083.445,2084.305,2079.308,2081.375,0
2024-03-04T04:00:00.000Z,2081.375,2088.195,2080.174,2087.335,0
2024-03-04T08:00:00.000Z,2087.295,2087.435,2081.795,2082.025,0
2024-03-04T12:00:00.000Z,2082.055,2109.285,2081.018,2108.925,0
2024-03-04T16:00:00.000Z,2108.915,2119.805,2107.604,2116.205,0
2024-03-04T20:00:00.000Z,2116.265,2118.495,2113.295,2114.475,0
2024-03-05T00:00:00.000Z,2114.455,2116.725,2110.375,2112.875,0
2024-03-05T04:00:00.000Z,2112.875,2119.645,2112.565,2114.325,0
2024-03-05T08:00:00.000Z,2114.435,2127.235,2114.355,2124.385,0
2024-03-05T12:00:00.000Z,2124.445,2141.748,2121.105,2126.565,0
2024-03-05T16:00:00.000Z,2126.555,2134.655,2123.565,2129.488,0
2024-03-05T20:00:00.000Z,2129.475,2130.845,2126.798,2127.945,0
2024-03-06T00:00:00.000Z,2127.945,2127.995,2123.615,2124.695,0
2024-03-06T04:00:00.000Z,2124.695,2131.445,2124.695,2128.335,0
2024-03-06T08:00:00.000Z,2128.345,2132.505,2124.255,2132.415,0
2024-03-06T12:00:00.000Z,2132.435,2149.115,2130.925,2140.875,0
2024-03-06T16:00:00.000Z,2140.885,2152.085,2139.345,2144.295,0
2024-03-06T20:00:00.000Z,2144.265,2151.135,2143.095,2147.275,0
2024-03-07T00:00:00.000Z,2147.205,2152.328,2144.048,2151.665,0
2024-03-07T04:00:00.000Z,2151.635,2161.435,2151.435,2155.905,0
2024-03-07T08:00:00.000Z,2155.915,2159.735,2153.128,2155.965,0
2024-03-07T12:00:00.000Z,2155.878,2164.635,2147.825,2153.595,0
2024-03-07T16:00:00.000Z,2153.605,2160.785,2149.175,2159.905,0
2024-03-07T20:00:00.000Z,2159.945,2162.485,2157.895,2161.865,0
2024-03-08T00:00:00.000Z,2161.865,2163.475,2153.895,2157.555,0
2024-03-08T04:00:00.000Z,2157.515,2161.925,2156.258,2161.255,0
2024-03-08T08:00:00.000Z,2161.235,2170.995,2161.015,2168.158,0
2024-03-08T12:00:00.000Z,2168.165,2185.305,2155.778,2177.115,0
2024-03-08T16:00:00.000Z,2177.105,2195.085,2168.215,2176.245,0
2024-03-08T20:00:00.000Z,2176.305,2179.155,2175.615,2178.965,0
2024-03-10T20:00:00.000Z,2179.015,2183.735,2177.005,2181.545,0
2024-03-11T00:00:00.000Z,2181.585,2188.925,2176.755,2179.374,0
2024-03-11T04:00:00.000Z,2179.365,2182.635,2176.765,2182.215,0
2024-03-11T08:00:00.000Z,2182.195,2182.958,2175.785,2178.835,0
2024-03-11T12:00:00.000Z,2178.835,2185.595,2174.695,2184.215,0
2024-03-11T16:00:00.000Z,2184.155,2184.548,2177.045,2181.275,0
2024-03-11T20:00:00.000Z,2181.214,2184.625,2180.635,2183.555,0
2024-03-12T00:00:00.000Z,2183.555,2184.425,2176.695,2177.385,0
2024-03-12T04:00:00.000Z,2177.345,2179.145,2173.485,2176.925,0
2024-03-12T08:00:00.000Z,2176.885,2178.955,2170.515,2171.825,0
2024-03-12T12:00:00.000Z,2171.815,2181.868,2152.545,2162.878,0
2024-03-12T16:00:00.000Z,2162.878,2166.408,2150.455,2157.285,0
2024-03-12T20:00:00.000Z,2157.275,2161.335,2155.665,2156.885,0
2024-03-13T00:00:00.000Z,2156.905,2161.495,2156.555,2159.045,0
2024-03-13T04:00:00.000Z,2159.005,2161.408,2157.198,2159.615,0
2024-03-13T08:00:00.000Z,2159.635,2164.065,2157.395,2163.895,0
2024-03-13T12:00:00.000Z,2163.935,2174.468,2161.345,2171.635,0
2024-03-13T16:00:00.000Z,2171.635,2179.745,2169.455,2172.485,0
2024-03-13T20:00:00.000Z,2172.535,2176.085,2172.275,2175.345,0
2024-03-14T00:00:00.000Z,2175.315,2176.848,2171.065,2172.165,0
2024-03-14T04:00:00.000Z,2172.175,2172.385,2167.325,2168.575,0
2024-03-14T08:00:00.000Z,2168.545,2171.935,2167.065,2168.375,0
2024-03-14T12:00:00.000Z,2168.385,2170.268,2152.665,2157.095,0
2024-03-14T16:00:00.000Z,2157.095,2164.905,2156.575,2163.345,0
2024-03-14T20:00:00.000Z,2163.435,2163.798,2160.755,2161.555,0
2024-03-15T00:00:00.000Z,2161.595,2165.875,2160.485,2164.478,0
2024-03-15T04:00:00.000Z,2164.478,2169.975,2163.485,2166.925,0
2024-03-15T08:00:00.000Z,2166.965,2172.615,2165.205,2166.905,0
2024-03-15T12:00:00.000Z,2166.895,2167.265,2156.435,2159.925,0
2024-03-15T16:00:00.000Z,2159.885,2163.375,2155.115,2156.795,0
2024-03-15T20:00:00.000Z,2157.045,2158.215,2155.325,2155.625,0
2024-03-17T20:00:00.000Z,2155.395,2156.768,2151.435,2156.428,0
2024-03-18T00:00:00.000Z,2156.428,2157.435,2145.985,2146.675,0
2024-03-18T04:00:00.000Z,2146.655,2152.095,2145.985,2152.045,0
2024-03-18T08:00:00.000Z,2152.065,2161.195,2150.055,2160.975,0
2024-03-18T12:00:00.000Z,2160.995,2163.455,2155.465,2158.228,0
2024-03-18T16:00:00.000Z,2158.235,2161.048,2154.465,2160.085,0
2024-03-18T20:00:00.000Z,2160.085,2162.465,2159.278,2162.035,0
2024-03-19T00:00:00.000Z,2162.085,2162.745,2158.485,2161.445,0
2024-03-19T04:00:00.000Z,2161.425,2162.055,2153.925,2155.648,0
2024-03-19T08:00:00.000Z,2155.655,2156.625,2147.045,2155.475,0
2024-03-19T12:00:00.000Z,2155.475,2158.615,2148.285,2154.205,0
2024-03-19T16:00:00.000Z,2154.245,2157.865,2153.038,2157.675,0
2024-03-19T20:00:00.000Z,2157.695,2159.565,2156.858,2156.965,0
2024-03-20T00:00:00.000Z,2156.985,2159.925,2155.125,2159.765,0
2024-03-20T04:00:00.000Z,2159.845,2160.135,2156.365,2158.125,0
2024-03-20T08:00:00.000Z,2158.045,2158.275,2152.215,2153.865,0
2024-03-20T12:00:00.000Z,2153.885,2164.755,2149.475,2155.735,0
2024-03-20T16:00:00.000Z,2155.748,2188.735,2155.485,2182.675,0
2024-03-20T20:00:00.000Z,2182.785,2222.875,2182.725,2203.855,0
2024-03-21T00:00:00.000Z,2203.875,2212.275,2192.365,2202.695,0
2024-03-21T04:00:00.000Z,2202.775,2210.095,2201.715,2206.415,0
2024-03-21T08:00:00.000Z,2206.415,2211.685,2196.735,2207.375,0
2024-03-21T12:00:00.000Z,2207.385,2208.735,2166.264,2174.555,0
2024-03-21T16:00:00.000Z,2174.565,2183.875,2172.905,2181.348,0
2024-03-21T20:00:00.000Z,2181.375,2182.545,2180.465,2181.735,0
2024-03-22T00:00:00.000Z,2181.735,2185.965,2171.735,2173.675,0
2024-03-22T04:00:00.000Z,2173.685,2176.175,2162.475,2168.298,0
2024-03-22T08:00:00.000Z,2168.298,2170.015,2164.825,2165.945,0
2024-03-22T12:00:00.000Z,2165.958,2180.035,2165.385,2166.075,0
2024-03-22T16:00:00.000Z,2165.995,2167.395,2157.035,2163.858,0
2024-03-22T20:00:00.000Z,2163.955,2167.155,2163.465,2165.055,0
2024-03-24T20:00:00.000Z,2165.475,2168.795,2165.085,2168.275,0
2024-03-25T00:00:00.000Z,2168.335,2178.245,2163.885,2170.495,0
2024-03-25T04:00:00.000Z,2170.515,2171.565,2163.455,2165.835,0
2024-03-25T08:00:00.000Z,2165.825,2171.775,2163.705,2170.405,0
2024-03-25T12:00:00.000Z,2170.385,2181.205,2170.235,2175.385,0
2024-03-25T16:00:00.000Z,2175.355,2177.765,2170.645,2170.865,0
2024-03-25T20:00:00.000Z,2170.975,2173.475,2170.615,2172.815,0
2024-03-26T00:00:00.000Z,2172.795,2174.295,2167.458,2170.225,0
2024-03-26T04:00:00.000Z,2170.255,2174.085,2169.525,2172.895,0
2024-03-26T08:00:00.000Z,2172.835,2199.995,2171.445,2196.355,0
2024-03-26T12:00:00.000Z,2196.385,2197.208,2171.595,2174.215,0
2024-03-26T16:00:00.000Z,2174.225,2179.095,2174.155,2177.785,0
2024-03-26T20:00:00.000Z,2177.825,2179.815,2174.508,2179.358,0
2024-03-27T00:00:00.000Z,2179.365,2181.615,2173.275,2177.635,0
2024-03-27T04:00:00.000Z,2177.615,2180.735,2175.625,2180.425,0
2024-03-27T08:00:00.000Z,2180.455,2197.505,2176.445,2188.335,0
2024-03-27T12:00:00.000Z,2188.335,2195.125,2183.435,2190.335,0
2024-03-27T16:00:00.000Z,2190.338,2194.168,2188.925,2193.255,0
2024-03-27T20:00:00.000Z,2193.245,2195.065,2190.065,2190.545,0
2024-03-28T00:00:00.000Z,2190.565,2196.335,2187.225,2194.715,0
2024-03-28T04:00:00.000Z,2194.675,2200.545,2192.545,2193.665,0
2024-03-28T08:00:00.000Z,2193.675,2213.635,2190.725,2210.325,0
2024-03-28T12:00:00.000Z,2210.295,2216.975,2202.094,2215.768,0
2024-03-28T16:00:00.000Z,2215.768,2225.365,2213.295,2221.635,0
2024-03-28T20:00:00.000Z,2221.625,2236.015,2219.505,2232.698,0
2024-03-31T20:00:00.000Z,2238.435,2245.185,2234.845,2236.805,0
2024-04-01T00:00:00.000Z,2245.935,2259.495,2243.755,2257.315,0
2024-04-01T04:00:00.000Z,2257.305,2265.585,2256.515,2260.175,0
2024-04-01T08:00:00.000Z,2260.175,2262.975,2245.435,2247.745,0
2024-04-01T12:00:00.000Z,2247.765,2257.758,2228.395,2235.815,0
2024-04-01T16:00:00.000Z,2235.805,2243.375,2233.605,2239.228,0
2024-04-01T20:00:00.000Z,2239.235,2255.745,2238.958,2253.415,0
2024-04-02T00:00:00.000Z,2253.415,2254.958,2246.585,2254.155,0
2024-04-02T04:00:00.000Z,2254.125,2259.798,2250.295,2255.585,0
2024-04-02T08:00:00.000Z,2255.575,2266.695,2253.085,2262.025,0
2024-04-02T12:00:00.000Z,2262.025,2276.858,2253.235,2260.675,0
2024-04-02T16:00:00.000Z,2260.675,2272.645,2250.785,2271.365,0
2024-04-02T20:00:00.000Z,2271.365,2288.185,2270.965,2281.565,0
2024-04-03T00:00:00.000Z,2281.685,2285.765,2276.564,2283.325,0
2024-04-03T04:00:00.000Z,2283.325,2287.885,2280.804,2281.828,0
2024-04-03T08:00:00.000Z,2281.825,2281.868,2267.558,2272.585,0
2024-04-03T12:00:00.000Z,2272.615,2285.208,2265.405,2282.605,0
2024-04-03T16:00:00.000Z,2282.605,2297.725,2280.538,2296.295,0
2024-04-03T20:00:00.000Z,2296.285,2302.555,2294.408,2301.605,0
2024-04-04T00:00:00.000Z,2301.605,2304.795,2296.245,2299.495,0
2024-04-04T04:00:00.000Z,2299.455,2300.558,2294.735,2295.665,0
2024-04-04T08:00:00.000Z,2295.665,2298.028,2290.665,2294.405,0
2024-04-04T12:00:00.000Z,2294.425,2299.305,2282.604,2295.018,0
2024-04-04T16:00:00.000Z,2295.015,2305.425,2286.255,2303.975,0
2024-04-04T20:00:00.000Z,2304.005,2304.585,2279.688,2289.565,0
2024-04-05T00:00:00.000Z,2289.574,2291.028,2267.605,2273.665,0
2024-04-05T04:00:00.000Z,2273.635,2283.075,2273.465,2279.055,0
2024-04-05T08:00:00.000Z,2279.035,2295.985,2278.965,2293.838,0
2024-04-05T12:00:00.000Z,2293.805,2324.588,2280.235,2317.415,0
2024-04-05T16:00:00.000Z,2317.428,2330.345,2315.124,2325.195,0
2024-04-05T20:00:00.000Z,2325.175,2330.025,2320.575,2328.195,0
2024-04-07T20:00:00.000Z,2323.125,2328.255,2303.705,2307.415,0
2024-04-08T00:00:00.000Z,2307.405,2353.835,2302.755,2348.015,0
2024-04-08T04:00:00.000Z,2348.015,2349.815,2331.705,2336.058,0
2024-04-08T08:00:00.000Z,2336.078,2343.435,2333.215,2339.985,0
2024-04-08T12:00:00.000Z,2340.145,2342.335,2318.575,2328.698,0
2024-04-08T16:00:00.000Z,2328.715,2341.905,2325.558,2338.835,0
2024-04-08T20:00:00.000Z,2338.915,2340.525,2336.795,2338.575,0
2024-04-09T00:00:00.000Z,2338.598,2348.345,2337.555,2345.118,0
2024-04-09T04:00:00.000Z,2345.118,2347.865,2342.948,2344.398,0
2024-04-09T08:00:00.000Z,2344.388,2365.185,2344.255,2356.325,0
2024-04-09T12:00:00.000Z,2356.285,2364.135,2345.055,2352.735,0
2024-04-09T16:00:00.000Z,2352.785,2353.545,2338.125,2349.485,0
2024-04-09T20:00:00.000Z,2349.465,2354.405,2345.135,2352.184,0
2024-04-10T00:00:00.000Z,2352.175,2355.465,2344.665,2352.035,0
2024-04-10T04:00:00.000Z,2352.055,2360.065,2350.555,2356.035,0
2024-04-10T08:00:00.000Z,2356.025,2357.655,2344.815,2347.385,0
2024-04-10T12:00:00.000Z,2347.385,2352.285,2319.265,2346.125,0
2024-04-10T16:00:00.000Z,2346.145,2347.565,2325.715,2327.365,0
2024-04-10T20:00:00.000Z,2327.415,2336.725,2327.085,2335.815,0
2024-04-11T00:00:00.000Z,2335.815,2345.715,2333.195,2343.765,0
2024-04-11T04:00:00.000Z,2343.765,2346.765,2333.785,2335.878,0
2024-04-11T08:00:00.000Z,2335.904,2340.645,2325.655,2338.405,0
2024-04-11T12:00:00.000Z,2338.435,2347.345,2331.645,2338.925,0
2024-04-11T16:00:00.000Z,2338.865,2364.928,2337.525,2361.375,0
2024-04-11T20:00:00.000Z,2361.385,2379.455,2361.345,2373.715,0
2024-04-12T00:00:00.000Z,2373.728,2395.265,2373.654,2390.365,0
2024-04-12T04:00:00.000Z,2390.365,2395.105,2382.685,2395.005,0
2024-04-12T08:00:00.000Z,2394.975,2400.575,2392.695,2398.025,0
2024-04-12T12:00:00.000Z,2398.015,2428.955,2390.315,2426.575,0
2024-04-12T16:00:00.000Z,2426.485,2431.385,2335.325,2338.685,0
2024-04-12T20:00:00.000Z,2338.745,2345.315,2333.755,2343.285,0
2024-04-14T20:00:00.000Z,2352.098,2372.435,2346.735,2356.765,0
2024-04-15T00:00:00.000Z,2356.415,2365.755,2348.255,2359.495,0
2024-04-15T04:00:00.000Z,2359.515,2362.335,2351.915,2354.675,0
2024-04-15T08:00:00.000Z,2354.675,2356.935,2344.615,2356.648,0
2024-04-15T12:00:00.000Z,2356.635,2361.075,2323.858,2349.325,0
2024-04-15T16:00:00.000Z,2349.325,2378.048,2342.475,2375.825,0
2024-04-15T20:00:00.000Z,2375.825,2392.035,2373.875,2384.215,0
2024-04-16T00:00:00.000Z,2384.215,2387.845,2379.185,2385.985,0
2024-04-16T04:00:00.000Z,2385.995,2389.198,2368.594,2372.885,0
2024-04-16T08:00:00.000Z,2372.805,2375.228,2362.844,2370.055,0
2024-04-16T12:00:00.000Z,2370.115,2383.218,2363.435,2382.865,0
2024-04-16T16:00:00.000Z,2382.865,2398.128,2377.815,2392.205,0
2024-04-16T20:00:00.000Z,2392.184,2395.068,2378.275,2384.745,0
2024-04-17T00:00:00.000Z,2384.745,2386.665,2380.615,2382.275,0
2024-04-17T04:00:00.000Z,2382.145,2383.595,2372.575,2380.915,0
2024-04-17T08:00:00.000Z,2380.905,2394.165,2377.778,2386.535,0
2024-04-17T12:00:00.000Z,2386.535,2395.448,2378.248,2390.375,0
2024-04-17T16:00:00.000Z,2390.425,2393.475,2360.955,2374.265,0
2024-04-17T20:00:00.000Z,2374.265,2375.015,2354.435,2365.075,0
2024-04-18T00:00:00.000Z,2365.085,2374.805,2363.535,2372.908,0
2024-04-18T04:00:00.000Z,2372.915,2380.825,2372.258,2380.575,0
2024-04-18T08:00:00.000Z,2380.478,2383.885,2374.825,2382.915,0
2024-04-18T12:00:00.000Z,2382.915,2392.624,2369.468,2379.848,0
2024-04-18T16:00:00.000Z,2379.848,2389.228,2378.445,2381.465,0
2024-04-18T20:00:00.000Z,2381.505,2385.005,2376.845,2379.005,0
2024-04-19T00:00:00.000Z,2379.024,2417.745,2373.685,2400.265,0
2024-04-19T04:00:00.000Z,2400.235,2402.385,2378.505,2389.915,0
2024-04-19T08:00:00.000Z,2389.915,2393.795,2377.875,2380.985,0
2024-04-19T12:00:00.000Z,2380.985,2391.768,2372.805,2390.985,0
2024-04-19T16:00:00.000Z,2390.995,2401.845,2389.145,2398.005,0
2024-04-19T20:00:00.000Z,2398.105,2398.105,2386.565,2390.295,0
2024-04-21T20:00:00.000Z,2387.635,2388.425,2381.275,2383.545,0
2024-04-22T00:00:00.000Z,2383.648,2387.745,2372.545,2372.605,0
2024-04-22T04:00:00.000Z,2372.585,2372.805,2351.265,2355.715,0
2024-04-22T08:00:00.000Z,2355.715,2363.565,2354.965,2357.514,0
2024-04-22T12:00:00.000Z,2357.514,2357.528,2330.965,2341.135,0
2024-04-22T16:00:00.000Z,2341.125,2341.725,2324.555,2327.465,0
2024-04-22T20:00:00.000Z,2327.475,2331.535,2325.225,2330.238,0
2024-04-23T00:00:00.000Z,2330.278,2334.305,2295.408,2301.735,0
2024-04-23T04:00:00.000Z,2301.715,2314.605,2298.718,2301.825,0
2024-04-23T08:00:00.000Z,2301.825,2311.095,2291.265,2303.155,0
2024-04-23T12:00:00.000Z,2303.125,2332.045,2299.535,2320.255,0
2024-04-23T16:00:00.000Z,2320.295,2331.214,2315.115,2324.118,0
2024-04-23T20:00:00.000Z,2324.118,2324.915,2321.115,2321.625,0
2024-04-24T00:00:00.000Z,2321.725,2324.165,2315.725,2321.505,0
2024-04-24T04:00:00.000Z,2321.545,2331.215,2320.745,2326.705,0
2024-04-24T08:00:00.000Z,2326.705,2326.705,2311.635,2316.715,0
2024-04-24T12:00:00.000Z,2316.695,2330.248,2311.985,2329.578,0
2024-04-24T16:00:00.000Z,2329.588,2337.128,2318.475,2320.355,0
2024-04-24T20:00:00.000Z,2320.378,2322.345,2313.555,2317.795,0
2024-04-25T00:00:00.000Z,2317.795,2321.985,2315.278,2319.725,0
2024-04-25T04:00:00.000Z,2319.655,2323.455,2304.898,2322.635,0
2024-04-25T08:00:00.000Z,2322.604,2328.725,2320.145,2328.025,0
2024-04-25T12:00:00.000Z,2328.038,2344.708,2312.734,2333.804,0
2024-04-25T16:00:00.000Z,2333.694,2336.575,2322.855,2332.955,0
2024-04-25T20:00:00.000Z,2332.848,2336.288,2330.775,2332.395,0
2024-04-26T00:00:00.000Z,2332.365,2336.128,2326.165,2333.725,0
2024-04-26T04:00:00.000Z,2333.765,2343.045,2332.078,2340.828,0
2024-04-26T08:00:00.000Z,2340.825,2352.418,2338.025,2347.908,0
2024-04-26T12:00:00.000Z,2347.908,2351.428,2328.605,2333.455,0
2024-04-26T16:00:00.000Z,2333.475,2341.275,2331.165,2340.785,0
2024-04-26T20:00:00.000Z,2340.785,2340.785,2336.005,2337.245,0
2024-04-28T20:00:00.000Z,2336.065,2337.095,2332.405,2334.545,0
2024-04-29T00:00:00.000Z,2334.545,2336.725,2319.728,2324.145,0
2024-04-29T04:00:00.000Z,2324.124,2336.425,2323.525,2329.095,0
2024-04-29T08:00:00.000Z,2329.145,2344.285,2328.985,2341.105,0
2024-04-29T12:00:00.000Z,2341.105,2342.845,2325.455,2337.665,0
2024-04-29T16:00:00.000Z,2337.635,2346.585,2332.658,2341.245,0
2024-04-29T20:00:00.000Z,2341.145,2341.165,2332.895,2334.755,0
2024-04-30T00:00:00.000Z,2334.778,2336.055,2326.745,2331.155,0
2024-04-30T04:00:00.000Z,2331.145,2331.595,2318.665,2322.305,0
2024-04-30T08:00:00.000Z,2322.305,2322.545,2310.545,2315.345,0
2024-04-30T12:00:00.000Z,2315.335,2315.455,2293.018,2293.238,0
2024-04-30T16:00:00.000Z,2293.295,2300.425,2289.798,2290.005,0
2024-04-30T20:00:00.000Z,2289.985,2294.795,2284.975,2291.235,0
2024-05-01T00:00:00.000Z,2291.225,2293.175,2285.575,2287.875,0
2024-05-01T04:00:00.000Z,2287.855,2289.695,2281.515,2286.705,0
2024-05-01T08:00:00.000Z,2286.685,2294.215,2283.365,2293.018,0
2024-05-01T12:00:00.000Z,2293.015,2310.278,2291.288,2304.355,0
2024-05-01T16:00:00.000Z,2304.535,2328.225,2295.445,2325.128,0
2024-05-01T20:00:00.000Z,2325.204,2327.745,2306.948,2320.755,0
2024-05-02T00:00:00.000Z,2320.825,2326.325,2318.665,2320.108,0
2024-05-02T04:00:00.000Z,2320.095,2320.875,2312.378,2313.565,0
2024-05-02T08:00:00.000Z,2313.445,2314.995,2295.065,2299.235,0
2024-05-02T12:00:00.000Z,2299.335,2304.698,2285.358,2303.865,0
2024-05-02T16:00:00.000Z,2303.865,2309.335,2297.165,2307.885,0
2024-05-02T20:00:00.000Z,2307.878,2307.915,2300.535,2303.785,0
2024-05-03T00:00:00.000Z,2303.795,2306.208,2299.725,2300.935,0
2024-05-03T04:00:00.000Z,2300.905,2308.615,2298.225,2298.405,0
2024-05-03T08:00:00.000Z,2298.385,2303.055,2297.675,2299.085,0
2024-05-03T12:00:00.000Z,2299.085,2320.548,2277.165,2291.095,0
2024-05-03T16:00:00.000Z,2291.095,2302.985,2289.525,2299.145,0
2024-05-03T20:00:00.000Z,2299.145,2303.235,2295.875,2301.175,0
2024-05-05T20:00:00.000Z,2304.655,2305.855,2300.265,2301.695,0
2024-05-06T00:00:00.000Z,2301.685,2315.215,2291.645,2311.055,0
2024-05-06T04:00:00.000Z,2311.055,2314.635,2308.015,2313.975,0
2024-05-06T08:00:00.000Z,2313.958,2324.045,2312.258,2319.235,0
2024-05-06T12:00:00.000Z,2319.225,2331.988,2314.485,2320.964,0
2024-05-06T16:00:00.000Z,2320.964,2327.278,2317.565,2326.205,0
2024-05-06T20:00:00.000Z,2326.205,2328.795,2323.374,2326.598,0
2024-05-07T00:00:00.000Z,2326.578,2329.788,2319.568,2321.405,0
2024-05-07T04:00:00.000Z,2321.378,2324.925,2318.215,2320.385,0
2024-05-07T08:00:00.000Z,2320.395,2321.855,2311.608,2315.205,0
2024-05-07T12:00:00.000Z,2315.245,2323.528,2309.818,2314.065,0
2024-05-07T16:00:00.000Z,2314.085,2319.005,2310.955,2314.395,0
2024-05-07T20:00:00.000Z,2314.425,2316.715,2311.725,2314.335,0
2024-05-08T00:00:00.000Z,2314.325,2317.295,2306.875,2316.958,0
2024-05-08T04:00:00.000Z,2316.905,2321.345,2313.535,2314.585,0
2024-05-08T08:00:00.000Z,2314.585,2317.005,2303.555,2315.395,0
2024-05-08T12:00:00.000Z,2315.415,2318.928,2306.685,2315.418,0
2024-05-08T16:00:00.000Z,2315.395,2320.945,2311.338,2312.565,0
2024-05-08T20:00:00.000Z,2312.555,2312.685,2307.755,2309.455,0
2024-05-09T00:00:00.000Z,2309.468,2312.195,2307.738,2310.185,0
2024-05-09T04:00:00.000Z,2310.185,2319.638,2309.288,2314.225,0
2024-05-09T08:00:00.000Z,2314.195,2314.885,2306.615,2311.695,0
2024-05-09T12:00:00.000Z,2311.635,2338.665,2310.845,2333.185,0
2024-05-09T16:00:00.000Z,2333.205,2337.628,2328.095,2337.485,0
2024-05-09T20:00:00.000Z,2337.485,2347.665,2335.475,2346.205,0
2024-05-10T00:00:00.000Z,2346.315,2355.674,2345.764,2349.375,0
2024-05-10T04:00:00.000Z,2349.348,2369.065,2348.974,2368.475,0
2024-05-10T08:00:00.000Z,2368.405,2378.365,2364.725,2374.658,0
2024-05-10T12:00:00.000Z,2374.635,2375.648,2357.665,2360.595,0
2024-05-10T16:00:00.000Z,2360.615,2370.815,2356.495,2367.238,0
2024-05-10T20:00:00.000Z,2367.238,2367.355,2359.605,2360.175,0
2024-05-12T20:00:00.000Z,2362.895,2363.995,2359.878,2361.325,0
2024-05-13T00:00:00.000Z,2361.365,2364.355,2354.715,2358.875,0
2024-05-13T04:00:00.000Z,2358.878,2359.258,2347.265,2349.535,0
2024-05-13T08:00:00.000Z,2349.535,2351.205,2339.015,2343.208,0
2024-05-13T12:00:00.000Z,2343.185,2349.678,2338.325,2343.648,0
2024-05-13T16:00:00.000Z,2343.598,2343.598,2331.985,2337.258,0
2024-05-13T20:00:00.000Z,2337.278,2338.408,2334.935,2337.455,0
2024-05-14T00:00:00.000Z,2337.455,2344.385,2334.695,2340.315,0
2024-05-14T04:00:00.000Z,2340.305,2345.798,2336.768,2338.105,0
2024-05-14T08:00:00.000Z,2338.068,2348.108,2335.985,2345.568,0
2024-05-14T12:00:00.000Z,2345.565,2356.935,2336.395,2353.018,0
2024-05-14T16:00:00.000Z,2353.018,2359.558,2346.205,2357.548,0
2024-05-14T20:00:00.000Z,2357.528,2358.378,2354.945,2357.415,0
2024-05-15T00:00:00.000Z,2357.404,2359.005,2354.774,2358.488,0
2024-05-15T04:00:00.000Z,2358.475,2360.895,2355.575,2358.625,0
2024-05-15T08:00:00.000Z,2358.625,2374.175,2358.325,2365.745,0
2024-05-15T12:00:00.000Z,2365.745,2378.795,2351.735,2373.655,0
2024-05-15T16:00:00.000Z,2373.675,2390.188,2372.978,2385.378,0
2024-05-15T20:00:00.000Z,2385.338,2389.385,2383.718,2388.868,0
2024-05-16T00:00:00.000Z,2388.865,2397.275,2386.415,2387.375,0
2024-05-16T04:00:00.000Z,2387.375,2394.388,2386.368,2386.958,0
2024-05-16T08:00:00.000Z,2386.995,2391.255,2380.805,2384.795,0
2024-05-16T12:00:00.000Z,2384.795,2386.485,2370.845,2373.185,0
2024-05-16T16:00:00.000Z,2373.185,2383.645,2372.995,2379.588,0
2024-05-16T20:00:00.000Z,2379.565,2381.775,2375.788,2378.215,0
2024-05-17T00:00:00.000Z,2378.215,2381.095,2373.788,2375.025,0
2024-05-17T04:00:00.000Z,2375.025,2386.555,2374.575,2385.848,0
2024-05-17T08:00:00.000Z,2385.858,2387.668,2381.185,2387.268,0
2024-05-17T12:00:00.000Z,2387.268,2415.448,2385.645,2413.295,0
2024-05-17T16:00:00.000Z,2413.265,2419.055,2403.598,2417.338,0
2024-05-17T20:00:00.000Z,2417.285,2422.575,2411.438,2414.525,0
2024-05-19T20:00:00.000Z,2417.098,2425.195,2416.715,2417.635,0
2024-05-20T00:00:00.000Z,2417.525,2440.465,2416.415,2433.915,0
2024-05-20T04:00:00.000Z,2433.905,2449.985,2430.825,2438.695,0
2024-05-20T08:00:00.000Z,2438.695,2447.015,2434.448,2436.205,0
2024-05-20T12:00:00.000Z,2436.185,2437.095,2407.145,2422.875,0
2024-05-20T16:00:00.000Z,2422.875,2437.205,2419.328,2435.085,0
2024-05-20T20:00:00.000Z,2435.095,2435.268,2423.195,2427.175,0
2024-05-21T00:00:00.000Z,2427.304,2432.955,2411.378,2413.815,0
2024-05-21T04:00:00.000Z,2413.785,2417.905,2406.158,2410.485,0
2024-05-21T08:00:00.000Z,2410.485,2422.075,2408.484,2419.665,0
2024-05-21T12:00:00.000Z,2419.668,2431.578,2417.205,2429.405,0
2024-05-21T16:00:00.000Z,2429.428,2433.838,2417.238,2420.308,0
2024-05-21T20:00:00.000Z,2420.295,2424.928,2419.835,2421.814,0
2024-05-22T00:00:00.000Z,2421.804,2426.344,2415.714,2417.604,0
2024-05-22T04:00:00.000Z,2417.624,2419.344,2411.214,2416.864,0
2024-05-22T08:00:00.000Z,2416.834,2419.195,2410.394,2414.635,0
2024-05-22T12:00:00.000Z,2414.598,2415.155,2382.105,2388.525,0
2024-05-22T16:00:00.000Z,2388.405,2395.245,2374.855,2377.745,0
2024-05-22T20:00:00.000Z,2377.695,2381.165,2376.708,2380.475,0
2024-05-23T00:00:00.000Z,2380.495,2383.605,2366.628,2369.405,0
2024-05-23T04:00:00.000Z,2369.355,2373.808,2354.855,2364.145,0
2024-05-23T08:00:00.000Z,2364.144,2367.595,2355.005,2366.265,0
2024-05-23T12:00:00.000Z,2366.285,2369.705,2341.415,2345.775,0
2024-05-23T16:00:00.000Z,2345.775,2350.055,2331.675,2334.678,0
2024-05-23T20:00:00.000Z,2334.365,2334.775,2326.848,2330.815,0
2024-05-24T00:00:00.000Z,2330.815,2335.058,2325.265,2330.688,0
2024-05-24T04:00:00.000Z,2330.585,2339.465,2328.375,2338.695,0
2024-05-24T08:00:00.000Z,2338.665,2343.735,2335.975,2340.175,0
2024-05-24T12:00:00.000Z,2340.175,2347.325,2335.065,2338.325,0
2024-05-24T16:00:00.000Z,2338.325,2340.135,2331.825,2334.795,0
2024-05-24T20:00:00.000Z,2334.795,2335.028,2331.765,2333.405,0
2024-05-26T20:00:00.000Z,2336.365,2340.545,2332.125,2340.108,0
2024-05-27T00:00:00.000Z,2340.084,2346.325,2334.328,2346.035,0
2024-05-27T04:00:00.000Z,2346.035,2347.485,2340.195,2341.298,0
2024-05-27T08:00:00.000Z,2341.258,2346.085,2337.975,2344.788,0
2024-05-27T12:00:00.000Z,2344.765,2358.388,2343.075,2354.208,0
2024-05-27T16:00:00.000Z,2354.134,2356.705,2350.498,2350.754,0
2024-05-27T20:00:00.000Z,2351.098,2353.765,2351.045,2351.965,0
2024-05-28T00:00:00.000Z,2351.985,2356.228,2349.015,2354.048,0
2024-05-28T04:00:00.000Z,2354.025,2354.395,2341.235,2341.715,0
2024-05-28T08:00:00.000Z,2341.675,2346.135,2340.155,2345.605,0
2024-05-28T12:00:00.000Z,2345.605,2363.975,2343.455,2355.168,0
2024-05-28T16:00:00.000Z,2355.158,2362.105,2352.685,2356.988,0
2024-05-28T20:00:00.000Z,2356.975,2362.105,2355.665,2359.055,0
2024-05-29T00:00:00.000Z,2359.055,2360.915,2354.288,2355.515,0
2024-05-29T04:00:00.000Z,2355.515,2361.275,2350.975,2355.695,0
2024-05-29T08:00:00.000Z,2355.695,2356.058,2340.758,2346.395,0
2024-05-29T12:00:00.000Z,2346.345,2347.065,2334.438,2343.365,0
2024-05-29T16:00:00.000Z,2343.365,2344.198,2335.895,2338.118,0
2024-05-29T20:00:00.000Z,2338.095,2339.218,2335.785,2337.495,0
2024-05-30T00:00:00.000Z,2337.508,2339.758,2327.885,2330.725,0
2024-05-30T04:00:00.000Z,2330.765,2337.035,2322.458,2332.735,0
2024-05-30T08:00:00.000Z,2332.735,2340.795,2330.455,2340.545,0
2024-05-30T12:00:00.000Z,2340.545,2351.698,2331.895,2343.995,0
2024-05-30T16:00:00.000Z,2343.995,2348.755,2340.764,2342.478,0
2024-05-30T20:00:00.000Z,2342.395,2344.915,2339.795,2344.005,0
2024-05-31T00:00:00.000Z,2343.995,2347.608,2342.175,2342.428,0
2024-05-31T04:00:00.000Z,2342.448,2346.945,2336.845,2345.695,0
2024-05-31T08:00:00.000Z,2345.685,2345.705,2339.615,2343.875,0
2024-05-31T12:00:00.000Z,2343.905,2359.598,2334.018,2335.095,0
2024-05-31T16:00:00.000Z,2335.135,2336.618,2322.275,2322.818,0
2024-05-31T20:00:00.000Z,2322.785,2330.495,2320.395,2326.995,0
2024-06-02T20:00:00.000Z,2327.425,2329.315,2323.205,2326.275,0
2024-06-03T00:00:00.000Z,2326.325,2331.005,2323.898,2326.228,0
2024-06-03T04:00:00.000Z,2326.205,2328.015,2314.635,2322.285,0
2024-06-03T08:00:00.000Z,2322.285,2333.128,2322.095,2330.678,0
2024-06-03T12:00:00.000Z,2330.614,2345.575,2325.535,2341.618,0
2024-06-03T16:00:00.000Z,2341.534,2354.565,2335.358,2348.138,0
2024-06-03T20:00:00.000Z,2348.188,2352.005,2344.605,2350.645,0
2024-06-04T00:00:00.000Z,2350.625,2352.645,2343.068,2346.778,0
2024-06-04T04:00:00.000Z,2346.725,2351.675,2343.965,2344.365,0
2024-06-04T08:00:00.000Z,2344.385,2345.015,2326.615,2329.088,0
2024-06-04T12:00:00.000Z,2329.058,2337.925,2315.508,2317.505,0
2024-06-04T16:00:00.000Z,2317.575,2330.198,2317.335,2328.168,0
2024-06-04T20:00:00.000Z,2328.145,2328.288,2325.885,2327.605,0
2024-06-05T00:00:00.000Z,2327.605,2333.368,2325.785,2333.254,0
2024-06-05T04:00:00.000Z,2333.234,2341.535,2327.945,2332.595,0
2024-06-05T08:00:00.000Z,2332.595,2335.434,2329.015,2333.625,0
2024-06-05T12:00:00.000Z,2333.615,2350.175,2330.975,2348.898,0
2024-06-05T16:00:00.000Z,2348.928,2357.278,2348.885,2355.698,0
2024-06-05T20:00:00.000Z,2355.674,2357.785,2352.565,2356.795,0
2024-06-06T00:00:00.000Z,2356.795,2374.568,2354.408,2374.228,0
2024-06-06T04:00:00.000Z,2374.415,2374.805,2362.988,2366.948,0
2024-06-06T08:00:00.000Z,2366.915,2368.208,2358.395,2360.948,0
2024-06-06T12:00:00.000Z,2360.955,2366.898,2353.305,2364.125,0
2024-06-06T16:00:00.000Z,2364.115,2378.408,2363.945,2372.015,0
2024-06-06T20:00:00.000Z,2372.015,2376.945,2371.078,2376.835,0
2024-06-07T00:00:00.000Z,2376.775,2379.895,2369.278,2376.475,0
2024-06-07T04:00:00.000Z,2376.475,2387.595,2372.815,2375.295,0
2024-06-07T08:00:00.000Z,2375.295,2379.235,2331.908,2333.505,0
2024-06-07T12:00:00.000Z,2333.505,2339.285,2304.875,2313.255,0
2024-06-07T16:00:00.000Z,2313.265,2315.445,2299.865,2301.425,0
2024-06-07T20:00:00.000Z,2301.425,2301.425,2286.628,2293.415,0
2024-06-09T20:00:00.000Z,2294.415,2298.295,2288.755,2297.275,0
2024-06-10T00:00:00.000Z,2297.265,2301.128,2293.835,2296.118,0
2024-06-10T04:00:00.000Z,2296.105,2297.618,2287.665,2291.065,0
2024-06-10T08:00:00.000Z,2291.085,2298.705,2290.395,2298.405,0
2024-06-10T12:00:00.000Z,2298.485,2308.605,2297.798,2302.638,0
2024-06-10T16:00:00.000Z,2302.638,2313.655,2301.205,2310.848,0
2024-06-10T20:00:00.000Z,2310.805,2312.385,2308.395,2309.545,0
2024-06-11T00:00:00.000Z,2309.575,2311.835,2298.625,2301.775,0
2024-06-11T04:00:00.000Z,2301.785,2304.525,2297.595,2301.995,0
2024-06-11T08:00:00.000Z,2301.975,2308.738,2301.425,2307.738,0
2024-06-11T12:00:00.000Z,2307.755,2319.865,2305.325,2314.668,0
2024-06-11T16:00:00.000Z,2314.645,2315.815,2305.795,2313.738,0
2024-06-11T20:00:00.000Z,2313.614,2317.508,2312.375,2316.728,0
2024-06-12T00:00:00.000Z,2316.828,2317.325,2310.584,2313.518,0
2024-06-12T04:00:00.000Z,2313.475,2317.645,2312.324,2314.718,0
2024-06-12T08:00:00.000Z,2314.705,2315.628,2310.665,2313.325,0
2024-06-12T12:00:00.000Z,2313.295,2341.495,2311.465,2325.185,0
2024-06-12T16:00:00.000Z,2325.205,2339.408,2319.298,2322.605,0
2024-06-12T20:00:00.000Z,2322.615,2325.398,2315.755,2321.785,0
2024-06-13T00:00:00.000Z,2321.795,2322.815,2307.985,2314.008,0
2024-06-13T04:00:00.000Z,2314.008,2316.165,2308.855,2315.535,0
2024-06-13T08:00:00.000Z,2315.514,2319.855,2313.165,2316.218,0
2024-06-13T12:00:00.000Z,2316.184,2326.495,2303.845,2313.435,0
2024-06-13T16:00:00.000Z,2313.455,2316.925,2295.395,2302.948,0
2024-06-13T20:00:00.000Z,2302.895,2304.865,2302.598,2302.795,0
2024-06-14T00:00:00.000Z,2302.825,2307.045,2301.415,2306.585,0
2024-06-14T04:00:00.000Z,2306.565,2312.675,2303.385,2312.565,0
2024-06-14T08:00:00.000Z,2312.555,2332.565,2309.265,2330.405,0
2024-06-14T12:00:00.000Z,2330.365,2336.575,2324.088,2329.944,0
2024-06-14T16:00:00.000Z,2329.878,2335.455,2323.945,2334.588,0
2024-06-14T20:00:00.000Z,2334.588,2335.368,2330.888,2332.184,0
2024-06-16T20:00:00.000Z,2331.098,2332.488,2327.365,2328.624,0
2024-06-17T00:00:00.000Z,2328.708,2329.484,2321.375,2322.468,0
2024-06-17T04:00:00.000Z,2322.374,2326.128,2315.365,2317.265,0
2024-06-17T08:00:00.000Z,2317.235,2322.535,2315.485,2320.418,0
2024-06-17T12:00:00.000Z,2320.448,2327.495,2316.595,2324.455,0
2024-06-17T16:00:00.000Z,2324.465,2325.458,2309.895,2317.815,0
2024-06-17T20:00:00.000Z,2317.815,2321.075,2317.795,2320.848,0
2024-06-18T00:00:00.000Z,2320.854,2325.535,2318.995,2324.258,0
2024-06-18T04:00:00.000Z,2324.235,2324.978,2318.655,2320.005,0
2024-06-18T08:00:00.000Z,2319.955,2320.025,2306.465,2308.228,0
2024-06-18T12:00:00.000Z,2308.228,2327.625,2306.605,2323.488,0
2024-06-18T16:00:00.000Z,2323.458,2333.008,2318.615,2331.155,0
2024-06-18T20:00:00.000Z,2331.155,2331.155,2327.308,2328.104,0
2024-06-19T00:00:00.000Z,2328.104,2331.125,2326.348,2330.185,0
2024-06-19T04:00:00.000Z,2330.185,2331.635,2326.675,2330.088,0
2024-06-19T08:00:00.000Z,2330.085,2334.868,2327.275,2327.845,0
2024-06-19T12:00:00.000Z,2327.845,2332.835,2323.984,2326.058,0
2024-06-19T16:00:00.000Z,2326.058,2331.278,2325.155,2327.695,0
2024-06-19T20:00:00.000Z,2327.865,2330.515,2327.865,2330.228,0
2024-06-20T00:00:00.000Z,2330.228,2338.878,2327.628,2333.658,0
2024-06-20T04:00:00.000Z,2333.615,2345.555,2332.285,2343.978,0
2024-06-20T08:00:00.000Z,2343.975,2344.875,2331.475,2339.305,0
2024-06-20T12:00:00.000Z,2339.328,2364.878,2335.205,2363.905,0
2024-06-20T16:00:00.000Z,2363.855,2365.375,2351.248,2357.908,0
2024-06-20T20:00:00.000Z,2357.908,2360.795,2357.598,2359.215,0
2024-06-21T00:00:00.000Z,2359.215,2364.685,2356.998,2359.258,0
2024-06-21T04:00:00.000Z,2359.255,2365.485,2357.798,2358.308,0
2024-06-21T08:00:00.000Z,2358.288,2368.015,2354.995,2363.535,0
2024-06-21T12:00:00.000Z,2363.575,2368.558,2328.495,2329.808,0
2024-06-21T16:00:00.000Z,2329.838,2334.675,2316.588,2322.055,0
2024-06-21T20:00:00.000Z,2322.055,2323.288,2320.325,2321.755,0
2024-06-23T20:00:00.000Z,2322.775,2322.775,2317.635,2321.365,0
2024-06-24T00:00:00.000Z,2321.314,2326.265,2317.575,2324.655,0
2024-06-24T04:00:00.000Z,2324.615,2327.125,2321.215,2323.365,0
2024-06-24T08:00:00.000Z,2323.325,2332.688,2320.625,2325.065,0
2024-06-24T12:00:00.000Z,2325.048,2333.765,2323.205,2330.605,0
2024-06-24T16:00:00.000Z,2330.574,2334.588,2326.758,2333.718,0
2024-06-24T20:00:00.000Z,2333.718,2334.595,2330.818,2331.588,0
2024-06-25T00:00:00.000Z,2331.585,2331.788,2323.035,2326.375,0
2024-06-25T04:00:00.000Z,2326.375,2330.018,2322.608,2327.135,0
2024-06-25T08:00:00.000Z,2327.108,2337.018,2322.785,2335.218,0
2024-06-25T12:00:00.000Z,2335.185,2335.718,2319.375,2327.045,0
2024-06-25T16:00:00.000Z,2327.058,2327.618,2315.405,2319.138,0
2024-06-25T20:00:00.000Z,2319.128,2321.128,2317.885,2320.495,0
2024-06-26T00:00:00.000Z,2320.505,2323.738,2310.455,2319.345,0
2024-06-26T04:00:00.000Z,2319.325,2320.948,2309.608,2317.025,0
2024-06-26T08:00:00.000Z,2316.998,2318.285,2307.598,2308.175,0
2024-06-26T12:00:00.000Z,2308.175,2317.728,2293.464,2297.478,0
2024-06-26T16:00:00.000Z,2297.498,2304.035,2295.808,2298.855,0
2024-06-26T20:00:00.000Z,2298.858,2299.388,2296.835,2298.065,0
2024-06-27T00:00:00.000Z,2298.065,2300.025,2296.615,2299.198,0
2024-06-27T04:00:00.000Z,2299.188,2303.335,2296.425,2301.108,0
2024-06-27T08:00:00.000Z,2301.078,2315.425,2299.865,2315.068,0
2024-06-27T12:00:00.000Z,2315.088,2330.735,2313.275,2328.868,0
2024-06-27T16:00:00.000Z,2328.898,2330.825,2322.355,2326.148,0
2024-06-27T20:00:00.000Z,2326.208,2328.445,2325.395,2326.765,0
2024-06-28T00:00:00.000Z,2326.735,2328.185,2318.905,2323.538,0
2024-06-28T04:00:00.000Z,2323.494,2328.015,2319.645,2327.385,0
2024-06-28T08:00:00.000Z,2327.385,2336.628,2324.685,2335.758,0
2024-06-28T12:00:00.000Z,2335.758,2339.635,2322.745,2326.405,0
2024-06-28T16:00:00.000Z,2326.445,2332.618,2324.045,2325.668,0
2024-06-28T20:00:00.000Z,2325.665,2326.675,2322.735,2326.275,0
2024-06-30T20:00:00.000Z,2326.315,2326.775,2322.505,2324.385,0
2024-07-01T00:00:00.000Z,2324.385,2328.425,2322.065,2326.525,0
2024-07-01T04:00:00.000Z,2326.525,2328.865,2318.395,2326.378,0
2024-07-01T08:00:00.000Z,2326.408,2332.575,2321.775,2332.575,0
2024-07-01T12:00:00.000Z,2332.605,2338.388,2319.125,2323.945,0
2024-07-01T16:00:00.000Z,2323.995,2331.768,2322.928,2329.838,0
2024-07-01T20:00:00.000Z,2329.838,2332.595,2328.858,2331.625,0
2024-07-02T00:00:00.000Z,2331.635,2334.208,2331.055,2332.205,0
2024-07-02T04:00:00.000Z,2332.205,2332.535,2324.785,2330.308,0
2024-07-02T08:00:00.000Z,2330.308,2332.325,2322.735,2324.398,0
2024-07-02T12:00:00.000Z,2324.375,2336.668,2318.945,2326.535,0
2024-07-02T16:00:00.000Z,2326.535,2330.318,2320.818,2328.318,0
2024-07-02T20:00:00.000Z,2328.318,2331.318,2328.045,2329.905,0
2024-07-03T00:00:00.000Z,2329.905,2332.015,2326.685,2328.785,0
2024-07-03T04:00:00.000Z,2328.785,2341.078,2327.935,2340.024,0
2024-07-03T08:00:00.000Z,2340.024,2349.418,2339,2346.918,0
2024-07-03T12:00:00.000Z,2346.825,2364.795,2342.335,2362.388,0
2024-07-03T16:00:00.000Z,2362.398,2363.895,2353.728,2356.185,0
2024-07-03T20:00:00.000Z,2356.225,2359.105,2353.585,2358.675,0
2024-07-04T00:00:00.000Z,2358.728,2362.385,2356.365,2359.138,0
2024-07-04T04:00:00.000Z,2359.115,2360.185,2350.364,2356.215,0
2024-07-04T08:00:00.000Z,2356.215,2359.525,2353.475,2357.905,0
2024-07-04T12:00:00.000Z,2357.918,2361.758,2356.845,2358.828,0
2024-07-04T16:00:00.000Z,2358.818,2360.578,2355.355,2356.555,0
2024-07-04T20:00:00.000Z,2356.615,2357.405,2354.115,2357.315,0
2024-07-05T00:00:00.000Z,2357.275,2363.018,2355.908,2360.338,0
2024-07-05T04:00:00.000Z,2360.325,2366.198,2359.415,2363.888,0
2024-07-05T08:00:00.000Z,2363.835,2367.955,2361.715,2364.945,0
2024-07-05T12:00:00.000Z,2364.945,2385.025,2347.515,2380.618,0
2024-07-05T16:00:00.000Z,2380.575,2392.475,2378.345,2390.958,0
2024-07-05T20:00:00.000Z,2390.968,2392.815,2388.005,2390.705,0
2024-07-07T20:00:00.000Z,2385.498,2390.008,2384.745,2385.135,0
2024-07-08T00:00:00.000Z,2385.125,2390.935,2381.305,2382.815,0
2024-07-08T04:00:00.000Z,2382.785,2386.645,2376.615,2376.848,0
2024-07-08T08:00:00.000Z,2376.815,2380.985,2368.175,2374.035,0
2024-07-08T12:00:00.000Z,2374.035,2379.405,2370.208,2373.125,0
2024-07-08T16:00:00.000Z,2373.125,2374.828,2350.915,2356.518,0
2024-07-08T20:00:00.000Z,2356.495,2359.748,2356.078,2359.624,0
2024-07-09T00:00:00.000Z,2359.634,2366.575,2359.634,2363.898,0
2024-07-09T04:00:00.000Z,2363.888,2368.658,2362.618,2364.055,0
2024-07-09T08:00:00.000Z,2364.045,2365.515,2358.125,2362.965,0
2024-07-09T12:00:00.000Z,2363.018,2371.358,2353.975,2354.848,0
2024-07-09T16:00:00.000Z,2354.848,2365.208,2349.455,2364.428,0
2024-07-09T20:00:00.000Z,2364.428,2365.535,2362.091,2364.215,0
2024-07-10T00:00:00.000Z,2364.238,2370.165,2363.168,2369.225,0
2024-07-10T04:00:00.000Z,2369.238,2372.685,2366.295,2371.838,0
2024-07-10T08:00:00.000Z,2371.805,2375.218,2371.295,2372.365,0
2024-07-10T12:00:00.000Z,2372.385,2386.548,2372.308,2374.838,0
2024-07-10T16:00:00.000Z,2374.745,2381.238,2369.785,2372.538,0
2024-07-10T20:00:00.000Z,2372.558,2372.765,2370.235,2372.698,0
2024-07-11T00:00:00.000Z,2372.698,2377.695,2371.375,2377.285,0
2024-07-11T04:00:00.000Z,2377.265,2383.125,2376.745,2381.725,0
2024-07-11T08:00:00.000Z,2381.645,2384.465,2378.665,2382.125,0
2024-07-11T12:00:00.000Z,2382.145,2417.848,2377.668,2417.615,0
2024-07-11T16:00:00.000Z,2417.665,2424.395,2409.865,2416.345,0
2024-07-11T20:00:00.000Z,2416.308,2418.568,2410.995,2413.825,0
2024-07-12T00:00:00.000Z,2413.815,2416.165,2406.558,2409.448,0
2024-07-12T04:00:00.000Z,2409.374,2410.075,2402.035,2404.035,0
2024-07-12T08:00:00.000Z,2404.015,2408.148,2399.705,2400.058,0
2024-07-12T12:00:00.000Z,2400.165,2410.788,2391.325,2408.855,0
2024-07-12T16:00:00.000Z,2408.865,2418.128,2407.975,2414.098,0
2024-07-12T20:00:00.000Z,2414.078,2414.648,2410.534,2410.534,0
2024-07-14T20:00:00.000Z,2412.455,2414.855,2406.784,2407.345,0
2024-07-15T00:00:00.000Z,2407.355,2410.785,2404.815,2409.015,0
2024-07-15T04:00:00.000Z,2408.974,2413.815,2401.915,2403.115,0
2024-07-15T08:00:00.000Z,2403.115,2415.705,2401.225,2414.685,0
2024-07-15T12:00:00.000Z,2414.664,2431.908,2411.385,2431.475,0
2024-07-15T16:00:00.000Z,2431.424,2439.628,2419.665,2422.378,0
2024-07-15T20:00:00.000Z,2422.368,2423.188,2420.158,2420.845,0
2024-07-16T00:00:00.000Z,2420.845,2430.158,2419.835,2430.018,0
2024-07-16T04:00:00.000Z,2429.985,2433.698,2424.955,2433.685,0
2024-07-16T08:00:00.000Z,2433.745,2443.345,2432.445,2439.995,0
2024-07-16T12:00:00.000Z,2440.095,2453.935,2429.285,2451.955,0
2024-07-16T16:00:00.000Z,2452.008,2466.468,2451.845,2465.308,0
2024-07-16T20:00:00.000Z,2465.308,2469.865,2463.088,2468.828,0
2024-07-17T00:00:00.000Z,2468.855,2482.325,2466.058,2474.485,0
2024-07-17T04:00:00.000Z,2474.445,2474.465,2461.718,2466.305,0
2024-07-17T08:00:00.000Z,2466.305,2478.755,2464.035,2467.725,0
2024-07-17T12:00:00.000Z,2467.655,2483.548,2461.028,2463.598,0
2024-07-17T16:00:00.000Z,2463.588,2465.858,2451.425,2457.865,0
2024-07-17T20:00:00.000Z,2457.865,2460.298,2456.935,2459.075,0
2024-07-18T00:00:00.000Z,2459.045,2465.868,2457.225,2465.495,0
2024-07-18T04:00:00.000Z,2465.485,2472.095,2464.475,2471.325,0
2024-07-18T08:00:00.000Z,2471.325,2474.805,2461.415,2464.098,0
2024-07-18T12:00:00.000Z,2464.065,2469.775,2457.495,2468.315,0
2024-07-18T16:00:00.000Z,2468.315,2468.985,2450.745,2451.408,0
2024-07-18T20:00:00.000Z,2451.408,2451.698,2440.195,2444.215,0
2024-07-19T00:00:00.000Z,2444.208,2445.095,2420.315,2428.215,0
2024-07-19T04:00:00.000Z,2428.215,2429.385,2414.215,2419.815,0
2024-07-19T08:00:00.000Z,2419.845,2422.095,2410.428,2412.325,0
2024-07-19T12:00:00.000Z,2412.365,2414.225,2393.675,2397.885,0
2024-07-19T16:00:00.000Z,2397.885,2408.275,2395.515,2398.485,0
2024-07-19T20:00:00.000Z,2398.505,2401.365,2396.985,2400.485,0
2024-07-21T20:00:00.000Z,2401.298,2411.505,2400.875,2411.165,0
2024-07-22T00:00:00.000Z,2411.114,2412.035,2403.145,2406.418,0
2024-07-22T04:00:00.000Z,2406.345,2409.365,2398.825,2402.338,0
2024-07-22T08:00:00.000Z,2402.375,2408.268,2399.565,2406.728,0
2024-07-22T12:00:00.000Z,2406.715,2407.495,2383.715,2387.168,0
2024-07-22T16:00:00.000Z,2387.158,2396.368,2384.145,2395.648,0
2024-07-22T20:00:00.000Z,2395.625,2399.998,2394.925,2394.925,0
2024-07-23T00:00:00.000Z,2394.928,2403.875,2394.675,2399.498,0
2024-07-23T04:00:00.000Z,2399.485,2400.615,2388.135,2390.235,0
2024-07-23T08:00:00.000Z,2390.235,2408.128,2389.855,2407.515,0
2024-07-23T12:00:00.000Z,2407.515,2411.908,2399.425,2402.858,0
2024-07-23T16:00:00.000Z,2402.795,2408.098,2401.955,2405.628,0
2024-07-23T20:00:00.000Z,2405.575,2409.885,2405.258,2409.175,0
2024-07-24T00:00:00.000Z,2409.165,2415.755,2404.795,2414.014,0
2024-07-24T04:00:00.000Z,2414.008,2419.105,2412.915,2417.405,0
2024-07-24T08:00:00.000Z,2417.405,2417.758,2409.665,2413.465,0
2024-07-24T12:00:00.000Z,2413.445,2431.945,2410.425,2430.268,0
2024-07-24T16:00:00.000Z,2430.214,2431.208,2405.505,2408.125,0
2024-07-24T20:00:00.000Z,2408.108,2408.595,2392.895,2397.585,0
2024-07-25T00:00:00.000Z,2397.678,2401.045,2369.775,2372.528,0
2024-07-25T04:00:00.000Z,2372.528,2378.605,2366.625,2371.945,0
2024-07-25T08:00:00.000Z,2371.965,2382.485,2365.725,2381.145,0
2024-07-25T12:00:00.000Z,2381.155,2381.655,2357.918,2366.565,0
2024-07-25T16:00:00.000Z,2366.578,2368.315,2353.005,2357.078,0
2024-07-25T20:00:00.000Z,2356.994,2365.295,2356.015,2363.145,0
2024-07-26T00:00:00.000Z,2363.108,2379.265,2355.728,2374.108,0
2024-07-26T04:00:00.000Z,2374.095,2378.195,2365.098,2369.495,0
2024-07-26T08:00:00.000Z,2369.495,2375.138,2367.488,2372.678,0
2024-07-26T12:00:00.000Z,2372.678,2390.655,2370.175,2381.768,0
2024-07-26T16:00:00.000Z,2381.758,2390.228,2379.878,2384.278,0
2024-07-26T20:00:00.000Z,2384.278,2388.658,2382.575,2386.765,0
2024-07-28T20:00:00.000Z,2387.645,2402.995,2387.115,2395.615,0
2024-07-29T00:00:00.000Z,2395.635,2402.395,2388.528,2393.055,0
2024-07-29T04:00:00.000Z,2393.005,2396.108,2390.065,2391.658,0
2024-07-29T08:00:00.000Z,2391.585,2395.275,2386.805,2392.458,0
2024-07-29T12:00:00.000Z,2392.445,2396.585,2379.965,2381.105,0
2024-07-29T16:00:00.000Z,2381.135,2383.318,2369.518,2379.498,0
2024-07-29T20:00:00.000Z,2379.488,2385.305,2378.205,2383.885,0
2024-07-30T00:00:00.000Z,2383.925,2384.128,2376.358,2381.725,0
2024-07-30T04:00:00.000Z,2381.745,2390.885,2381.298,2390.185,0
2024-07-30T08:00:00.000Z,2390.375,2392.295,2387.675,2391.535,0
2024-07-30T12:00:00.000Z,2391.555,2397.648,2385.605,2391.568,0
2024-07-30T16:00:00.000Z,2391.568,2410.798,2383.265,2404.788,0
2024-07-30T20:00:00.000Z,2404.765,2412.705,2403.635,2408.995,0
2024-07-31T00:00:00.000Z,2409.145,2412.078,2403.765,2407.335,0
2024-07-31T04:00:00.000Z,2407.235,2425.355,2407.125,2421.205,0
2024-07-31T08:00:00.000Z,2421.205,2422.758,2415.315,2418.365,0
2024-07-31T12:00:00.000Z,2418.365,2428.918,2417.225,2422.355,0
2024-07-31T16:00:00.000Z,2422.355,2435.255,2419.915,2433.735,0
2024-07-31T20:00:00.000Z,2433.575,2450.848,2430.985,2447.424,0
2024-08-01T00:00:00.000Z,2447.425,2458.295,2437.218,2441.175,0
2024-08-01T04:00:00.000Z,2441.225,2448.748,2439.185,2444.628,0
2024-08-01T08:00:00.000Z,2444.628,2444.735,2430.075,2435.035,0
2024-08-01T12:00:00.000Z,2434.995,2462.125,2434.225,2448.455,0
2024-08-01T16:00:00.000Z,2448.405,2451.615,2434.828,2439.478,0
2024-08-01T20:00:00.000Z,2439.485,2447.468,2438.198,2445.045,0
2024-08-02T00:00:00.000Z,2445.045,2455.558,2434.815,2455.458,0
2024-08-02T04:00:00.000Z,2455.324,2468.285,2451.555,2465.468,0
2024-08-02T08:00:00.000Z,2465.435,2466.615,2460.085,2463.458,0
2024-08-02T12:00:00.000Z,2463.475,2477.494,2428.195,2431.395,0
2024-08-02T16:00:00.000Z,2431.408,2439.124,2410.664,2428.885,0
2024-08-02T20:00:00.000Z,2428.905,2443.815,2425.505,2443.055,0
2024-08-04T20:00:00.000Z,2443.975,2447.345,2437.574,2441.215,0
2024-08-05T00:00:00.000Z,2441.225,2445.955,2413.908,2442.598,0
2024-08-05T04:00:00.000Z,2442.634,2458.655,2422.025,2428.425,0
2024-08-05T08:00:00.000Z,2428.384,2445.375,2407.998,2408.418,0
2024-08-05T12:00:00.000Z,2408.438,2408.438,2364.164,2396.424,0
2024-08-05T16:00:00.000Z,2396.424,2412.074,2396.324,2404.815,0
2024-08-05T20:00:00.000Z,2404.815,2412.995,2404.515,2408.785,0
2024-08-06T00:00:00.000Z,2408.825,2418.215,2404.285,2407.355,0
2024-08-06T04:00:00.000Z,2407.395,2412.535,2394.728,2401.518,0
2024-08-06T08:00:00.000Z,2401.485,2416.195,2401.374,2412.275,0
2024-08-06T12:00:00.000Z,2412.295,2415.205,2386.195,2388.275,0
2024-08-06T16:00:00.000Z,2388.275,2395.885,2381.515,2392.755,0
2024-08-06T20:00:00.000Z,2392.755,2392.965,2386.365,2388.455,0
2024-08-07T00:00:00.000Z,2388.425,2389.565,2378.868,2384.035,0
2024-08-07T04:00:00.000Z,2384.035,2397.445,2383.065,2394.645,0
2024-08-07T08:00:00.000Z,2394.655,2397.998,2388.038,2397.308,0
2024-08-07T12:00:00.000Z,2397.275,2406.858,2394.115,2398.998,0
2024-08-07T16:00:00.000Z,2398.998,2401.715,2383.715,2386.125,0
2024-08-07T20:00:00.000Z,2386.125,2390.335,2380.855,2383.495,0
2024-08-08T00:00:00.000Z,2383.565,2391.235,2382.635,2390.345,0
2024-08-08T04:00:00.000Z,2390.325,2400.645,2388.495,2397.655,0
2024-08-08T08:00:00.000Z,2397.595,2406.305,2392.745,2405.115,0
2024-08-08T12:00:00.000Z,2405.055,2424.195,2402.205,2413.625,0
2024-08-08T16:00:00.000Z,2413.705,2426.178,2411.798,2423.858,0
2024-08-08T20:00:00.000Z,2423.785,2427.848,2421.434,2425.645,0
2024-08-09T00:00:00.000Z,2425.595,2428.845,2419.965,2422.348,0
2024-08-09T04:00:00.000Z,2422.315,2424.395,2416.815,2420.615,0
2024-08-09T08:00:00.000Z,2420.555,2431.438,2420.195,2430.358,0
2024-08-09T12:00:00.000Z,2430.355,2435.798,2420.965,2428.625,0
2024-08-09T16:00:00.000Z,2428.595,2436.884,2426.424,2429.698,0
2024-08-09T20:00:00.000Z,2429.695,2431.115,2427.308,2430.925,0
2024-08-11T20:00:00.000Z,2430.298,2433.305,2426.835,2430.305,0
2024-08-12T00:00:00.000Z,2430.265,2430.485,2423.695,2426.105,0
2024-08-12T04:00:00.000Z,2426.065,2437.055,2425.635,2436.675,0
2024-08-12T08:00:00.000Z,2436.695,2445.015,2435.445,2443.705,0
2024-08-12T12:00:00.000Z,2443.725,2457.364,2439.545,2453.185,0
2024-08-12T16:00:00.000Z,2453.205,2470.898,2452.758,2470.175,0
2024-08-12T20:00:00.000Z,2470.175,2473.985,2469.598,2473.595,0
2024-08-13T00:00:00.000Z,2473.595,2476.845,2460.764,2461.368,0
2024-08-13T04:00:00.000Z,2461.328,2464.935,2458.365,2463.165,0
2024-08-13T08:00:00.000Z,2463.155,2466.065,2458.775,2462.078,0
2024-08-13T12:00:00.000Z,2462.025,2475.505,2458.818,2471.255,0
2024-08-13T16:00:00.000Z,2471.305,2472.888,2465.845,2467.645,0
2024-08-13T20:00:00.000Z,2467.645,2468.685,2462.105,2465.448,0
2024-08-14T00:00:00.000Z,2465.448,2472.415,2455.225,2459.805,0
2024-08-14T04:00:00.000Z,2459.775,2467.628,2458.625,2467.355,0
2024-08-14T08:00:00.000Z,2467.278,2478.615,2466.245,2474.815,0
2024-08-14T12:00:00.000Z,2474.835,2479.715,2446.865,2450.115,0
2024-08-14T16:00:00.000Z,2450.095,2452.045,2438,2447.645,0
2024-08-14T20:00:00.000Z,2447.645,2448.584,2444.268,2447.705,0
2024-08-15T00:00:00.000Z,2447.745,2454.175,2447.038,2451.335,0
2024-08-15T04:00:00.000Z,2451.318,2458.665,2450.205,2455.935,0
2024-08-15T08:00:00.000Z,2455.875,2460.185,2453.485,2458.055,0
2024-08-15T12:00:00.000Z,2458.055,2469.945,2432.015,2452.118,0
2024-08-15T16:00:00.000Z,2452.148,2459.755,2450.448,2458.155,0
2024-08-15T20:00:00.000Z,2458.165,2461.558,2454.015,2454.685,0
2024-08-16T00:00:00.000Z,2454.675,2459.908,2453.465,2454.828,0
2024-08-16T04:00:00.000Z,2454.805,2457.685,2450.565,2454.885,0
2024-08-16T08:00:00.000Z,2454.935,2468.078,2451.025,2464.498,0
2024-08-16T12:00:00.000Z,2464.495,2500.045,2464.495,2487.025,0
2024-08-16T16:00:00.000Z,2487.025,2505.458,2485.548,2503.168,0
2024-08-16T20:00:00.000Z,2503.164,2509.638,2501.594,2506.844,0
2024-08-18T20:00:00.000Z,2508.298,2509.998,2502.148,2504.725,0
2024-08-19T00:00:00.000Z,2504.785,2506.705,2494.845,2503.368,0
2024-08-19T04:00:00.000Z,2503.365,2505.735,2498.695,2502.005,0
2024-08-19T08:00:00.000Z,2502.025,2507.065,2489.405,2489.708,0
2024-08-19T12:00:00.000Z,2489.735,2504.695,2485.515,2501.198,0
2024-08-19T16:00:00.000Z,2501.218,2507.345,2499.818,2504.178,0
2024-08-19T20:00:00.000Z,2504.155,2505.748,2501.928,2504.145,0
2024-08-20T00:00:00.000Z,2504.145,2508.065,2498.558,2499.485,0
2024-08-20T04:00:00.000Z,2499.475,2505.665,2497.235,2502.245,0
2024-08-20T08:00:00.000Z,2502.235,2525.078,2501.075,2522.735,0
2024-08-20T12:00:00.000Z,2522.735,2531.558,2519.744,2523.748,0
2024-08-20T16:00:00.000Z,2523.738,2523.794,2500.685,2513.175,0
2024-08-20T20:00:00.000Z,2513.175,2516.828,2510.815,2514.608,0
2024-08-21T00:00:00.000Z,2514.595,2519.795,2510.725,2519.265,0
2024-08-21T04:00:00.000Z,2519.244,2519.428,2511.725,2514.325,0
2024-08-21T08:00:00.000Z,2514.305,2516.915,2504.345,2509.255,0
2024-08-21T12:00:00.000Z,2509.315,2513.585,2493.698,2501.428,0
2024-08-21T16:00:00.000Z,2501.428,2518.995,2501.225,2515.885,0
2024-08-21T20:00:00.000Z,2516.025,2516.275,2509.668,2513.775,0
2024-08-22T00:00:00.000Z,2513.775,2514.545,2499.815,2502.158,0
2024-08-22T04:00:00.000Z,2502.158,2510.485,2499.204,2507.358,0
2024-08-22T08:00:00.000Z,2507.355,2509.658,2501.015,2505.208,0
2024-08-22T12:00:00.000Z,2505.164,2505.885,2470.705,2479.928,0
2024-08-22T16:00:00.000Z,2479.844,2485.885,2474.865,2482.178,0
2024-08-22T20:00:00.000Z,2482.095,2485.455,2478.425,2484.975,0
2024-08-23T00:00:00.000Z,2484.978,2492.155,2484.824,2489.815,0
2024-08-23T04:00:00.000Z,2489.815,2495.665,2489.315,2492.805,0
2024-08-23T08:00:00.000Z,2492.865,2501.725,2491.555,2498.885,0
2024-08-23T12:00:00.000Z,2498.915,2517.735,2494.315,2509.055,0
2024-08-23T16:00:00.000Z,2509.115,2518.195,2501.668,2509.678,0
2024-08-23T20:00:00.000Z,2509.605,2512.638,2507.795,2512.235,0
2024-08-25T20:00:00.000Z,2511.275,2514.365,2510.105,2512.725,0
2024-08-26T00:00:00.000Z,2512.745,2516.845,2510.445,2511.825,0
2024-08-26T04:00:00.000Z,2511.805,2515.265,2508.585,2514.965,0
2024-08-26T08:00:00.000Z,2514.955,2526.555,2514.098,2524.818,0
2024-08-26T12:00:00.000Z,2524.795,2526.708,2510.548,2516.835,0
2024-08-26T16:00:00.000Z,2516.805,2523.255,2511.265,2516.775,0
2024-08-26T20:00:00.000Z,2516.795,2520.855,2516.735,2517.155,0
2024-08-27T00:00:00.000Z,2517.155,2517.555,2505.698,2508.625,0
2024-08-27T04:00:00.000Z,2508.575,2517.365,2505.728,2514.785,0
2024-08-27T08:00:00.000Z,2514.815,2517.395,2503.415,2508.858,0
2024-08-27T12:00:00.000Z,2508.865,2518.035,2503.325,2514.668,0
2024-08-27T16:00:00.000Z,2514.625,2525.818,2509.758,2524.388,0
2024-08-27T20:00:00.000Z,2524.348,2525.908,2522.915,2525.438,0
2024-08-28T00:00:00.000Z,2525.425,2528.888,2513.215,2516.235,0
2024-08-28T04:00:00.000Z,2516.235,2516.955,2503.338,2508.435,0
2024-08-28T08:00:00.000Z,2508.435,2511.275,2502.465,2505.215,0
2024-08-28T12:00:00.000Z,2505.185,2510.505,2493.515,2507.485,0
2024-08-28T16:00:00.000Z,2507.455,2510.138,2496.295,2507.878,0
2024-08-28T20:00:00.000Z,2507.898,2509.465,2502.675,2506.995,0
2024-08-29T00:00:00.000Z,2506.988,2515.155,2506.265,2512.745,0
2024-08-29T04:00:00.000Z,2512.735,2521.065,2512.315,2516.788,0
2024-08-29T08:00:00.000Z,2516.774,2524.295,2514.954,2522.968,0
2024-08-29T12:00:00.000Z,2522.965,2523.285,2503.515,2522.025,0
2024-08-29T16:00:00.000Z,2522.095,2528.558,2517.305,2522.968,0
2024-08-29T20:00:00.000Z,2522.925,2524.715,2520.225,2520.798,0
2024-08-30T00:00:00.000Z,2520.785,2520.798,2514.075,2515.878,0
2024-08-30T04:00:00.000Z,2515.868,2523.848,2512.035,2517.665,0
2024-08-30T08:00:00.000Z,2517.665,2526.725,2514.965,2515.228,0
2024-08-30T12:00:00.000Z,2515.228,2524.575,2506.335,2509.028,0
2024-08-30T16:00:00.000Z,2509.028,2509.445,2494.048,2502.318,0
2024-08-30T20:00:00.000Z,2502.318,2503.948,2498.228,2502.925,0
2024-09-01T20:00:00.000Z,2502.435,2504.545,2501.195,2503.298,0
2024-09-02T00:00:00.000Z,2503.294,2504.825,2489.915,2491.825,0
2024-09-02T04:00:00.000Z,2491.815,2501.285,2491.245,2497.455,0
2024-09-02T08:00:00.000Z,2497.485,2507.125,2496.065,2499.058,0
2024-09-02T12:00:00.000Z,2499.135,2503.075,2496.995,2501.925,0
2024-09-02T16:00:00.000Z,2501.935,2502.315,2498.515,2499.228,0
2024-09-02T20:00:00.000Z,2499.098,2499.855,2497.425,2497.525,0
2024-09-03T00:00:00.000Z,2497.525,2498.335,2489.534,2495.195,0
2024-09-03T04:00:00.000Z,2495.085,2498.718,2492.635,2497.735,0
2024-09-03T08:00:00.000Z,2497.705,2506.165,2492.545,2497.215,0
2024-09-03T12:00:00.000Z,2497.215,2502.034,2473.245,2478.218,0
2024-09-03T16:00:00.000Z,2478.218,2491.955,2477.095,2489.268,0
2024-09-03T20:00:00.000Z,2489.175,2494.295,2488.885,2492.964,0
2024-09-04T00:00:00.000Z,2492.964,2496.835,2491.155,2495.165,0
2024-09-04T04:00:00.000Z,2495.165,2496.625,2483.555,2484.145,0
2024-09-04T08:00:00.000Z,2484.145,2489.834,2471.718,2488.875,0
2024-09-04T12:00:00.000Z,2488.865,2500.145,2481.915,2496.118,0
2024-09-04T16:00:00.000Z,2496.118,2498.255,2492.315,2494.585,0
2024-09-04T20:00:00.000Z,2494.585,2496.825,2491.415,2495.185,0
2024-09-05T00:00:00.000Z,2495.188,2499.174,2494.355,2497.968,0
2024-09-05T04:00:00.000Z,2497.948,2506.815,2493.665,2504.308,0
2024-09-05T08:00:00.000Z,2504.185,2517.155,2502.875,2516.235,0
2024-09-05T12:00:00.000Z,2516.215,2523.448,2507.535,2508.648,0
2024-09-05T16:00:00.000Z,2508.638,2516.778,2503.805,2515.528,0
2024-09-05T20:00:00.000Z,2515.518,2516.788,2513.505,2515.978,0
2024-09-06T00:00:00.000Z,2515.945,2517.925,2512.895,2517.635,0
2024-09-06T04:00:00.000Z,2517.635,2521.668,2516.515,2519.075,0
2024-09-06T08:00:00.000Z,2519.035,2519.808,2515.358,2518.835,0
2024-09-06T12:00:00.000Z,2518.835,2529.125,2500.375,2506.605,0
2024-09-06T16:00:00.000Z,2506.685,2518.355,2485.015,2494.498,0
2024-09-06T20:00:00.000Z,2494.585,2497.758,2490.618,2497.035,0
2024-09-08T20:00:00.000Z,2497.098,2497.865,2496.045,2497.695,0
2024-09-09T00:00:00.000Z,2497.745,2499.005,2494.625,2497.035,0
2024-09-09T04:00:00.000Z,2497.005,2500.365,2485.405,2489.615,0
2024-09-09T08:00:00.000Z,2489.645,2499.035,2488.725,2494.325,0
2024-09-09T12:00:00.000Z,2494.345,2505.098,2493.115,2496.728,0
2024-09-09T16:00:00.000Z,2496.715,2506.405,2493.458,2504.658,0
2024-09-09T20:00:00.000Z,2504.625,2507.088,2502.665,2506.855,0
2024-09-10T00:00:00.000Z,2506.785,2507.515,2501.635,2502.895,0
2024-09-10T04:00:00.000Z,2502.845,2506.475,2500.618,2504.998,0
2024-09-10T08:00:00.000Z,2504.995,2509.555,2500.024,2505.555,0
2024-09-10T12:00:00.000Z,2505.514,2515.268,2500.984,2508.955,0
2024-09-10T16:00:00.000Z,2509.015,2518.304,2508.145,2516.235,0
2024-09-10T20:00:00.000Z,2516.205,2517.358,2514.025,2516.325,0
2024-09-11T00:00:00.000Z,2516.358,2522.415,2514.845,2518.655,0
2024-09-11T04:00:00.000Z,2518.655,2528.885,2516.695,2526.485,0
2024-09-11T08:00:00.000Z,2526.485,2527.675,2519.635,2521.645,0
2024-09-11T12:00:00.000Z,2521.645,2524.068,2500.825,2509.335,0
2024-09-11T16:00:00.000Z,2509.388,2519.944,2508.585,2511.408,0
2024-09-11T20:00:00.000Z,2511.345,2513.748,2509.675,2512.715,0
2024-09-12T00:00:00.000Z,2512.715,2515.064,2510.885,2512.065,0
2024-09-12T04:00:00.000Z,2512.095,2522.195,2512.035,2516.765,0
2024-09-12T08:00:00.000Z,2516.795,2520.905,2513.068,2513.118,0
2024-09-12T12:00:00.000Z,2513.095,2554.648,2512.905,2553.205,0
2024-09-12T16:00:00.000Z,2553.228,2558.634,2544.698,2555.838,0
2024-09-12T20:00:00.000Z,2555.838,2559.978,2554.434,2557.264,0
2024-09-13T00:00:00.000Z,2557.314,2567.935,2556.538,2565.285,0
2024-09-13T04:00:00.000Z,2565.285,2570.135,2563.035,2567.005,0
2024-09-13T08:00:00.000Z,2567.025,2572.825,2563.775,2566.868,0
2024-09-13T12:00:00.000Z,2566.944,2583.258,2563.584,2578.215,0
2024-09-13T16:00:00.000Z,2578.298,2585.965,2573.555,2582.178,0
2024-09-13T20:00:00.000Z,2582.165,2582.825,2577.575,2577.615,0
2024-09-15T20:00:00.000Z,2578.725,2580.464,2577.384,2579.884,0
2024-09-16T00:00:00.000Z,2579.978,2585.795,2578.145,2585.255,0
2024-09-16T04:00:00.000Z,2585.245,2589.515,2583.645,2585.198,0
2024-09-16T08:00:00.000Z,2585.165,2588.375,2575.115,2579.658,0
2024-09-16T12:00:00.000Z,2579.658,2589.205,2575.945,2580.125,0
2024-09-16T16:00:00.000Z,2580.125,2583.995,2577.555,2580.885,0
2024-09-16T20:00:00.000Z,2580.885,2583.454,2579.535,2582.755,0
2024-09-17T00:00:00.000Z,2582.834,2586.165,2578.228,2581.455,0
2024-09-17T04:00:00.000Z,2581.415,2586.835,2574.395,2584.274,0
2024-09-17T08:00:00.000Z,2584.264,2585.594,2569.645,2572.905,0
2024-09-17T12:00:00.000Z,2572.995,2582.115,2568.194,2576.348,0
2024-09-17T16:00:00.000Z,2576.348,2576.948,2560.984,2570.058,0
2024-09-17T20:00:00.000Z,2570.055,2571.234,2566.888,2570.584,0
2024-09-18T00:00:00.000Z,2570.564,2576.314,2569.855,2573.645,0
2024-09-18T04:00:00.000Z,2573.645,2576.295,2565.715,2568.985,0
2024-09-18T08:00:00.000Z,2568.995,2577.995,2567.825,2576.055,0
2024-09-18T12:00:00.000Z,2576.065,2580.575,2567.895,2571.565,0
2024-09-18T16:00:00.000Z,2571.575,2599.995,2566.585,2575.574,0
2024-09-18T20:00:00.000Z,2575.655,2575.935,2546.645,2559.115,0
2024-09-19T00:00:00.000Z,2559.125,2566.558,2551.005,2563.955,0
2024-09-19T04:00:00.000Z,2563.905,2578.665,2559.435,2575.704,0
2024-09-19T08:00:00.000Z,2575.708,2594.775,2574.915,2588.505,0
2024-09-19T12:00:00.000Z,2588.505,2591.105,2569.625,2581.115,0
2024-09-19T16:00:00.000Z,2581.128,2592.535,2580.318,2588.158,0
2024-09-19T20:00:00.000Z,2588.115,2589.648,2585.798,2587.585,0
2024-09-20T00:00:00.000Z,2587.548,2592.415,2584.654,2591.425,0
2024-09-20T04:00:00.000Z,2591.445,2606.978,2590.795,2605.324,0
2024-09-20T08:00:00.000Z,2605.364,2614.048,2602.385,2613.105,0
2024-09-20T12:00:00.000Z,2613.085,2619.165,2602.445,2613.908,0
2024-09-20T16:00:00.000Z,2613.925,2625.574,2611.065,2621.575,0
2024-09-20T20:00:00.000Z,2621.594,2623.288,2618.938,2621.504,0
2024-09-22T20:00:00.000Z,2620.915,2622.615,2617.984,2620.415,0
2024-09-23T00:00:00.000Z,2620.465,2626.275,2615.945,2625.245,0
2024-09-23T04:00:00.000Z,2625.234,2631.205,2624.368,2624.368,0
2024-09-23T08:00:00.000Z,2624.304,2624.885,2613.685,2621.428,0
2024-09-23T12:00:00.000Z,2621.388,2634.715,2619.894,2630.328,0
2024-09-23T16:00:00.000Z,2630.298,2631.805,2625.665,2627.315,0
2024-09-23T20:00:00.000Z,2627.315,2628.595,2625.575,2627.284,0
2024-09-24T00:00:00.000Z,2627.288,2630.075,2623.685,2628.795,0
2024-09-24T04:00:00.000Z,2628.795,2639.945,2624.348,2628.615,0
2024-09-24T08:00:00.000Z,2628.725,2636.045,2622.475,2633.235,0
2024-09-24T12:00:00.000Z,2633.185,2647.055,2623.245,2643.434,0
2024-09-24T16:00:00.000Z,2643.448,2657.618,2639.695,2657.208,0
2024-09-24T20:00:00.000Z,2657.168,2664.204,2656.265,2658.964,0
2024-09-25T00:00:00.000Z,2658.985,2670.348,2655.345,2669.955,0
2024-09-25T04:00:00.000Z,2669.955,2670.088,2653.455,2654.548,0
2024-09-25T08:00:00.000Z,2654.544,2658.435,2651.215,2655.485,0
2024-09-25T12:00:00.000Z,2655.525,2667.345,2653.808,2658.815,0
2024-09-25T16:00:00.000Z,2658.848,2662.855,2649.715,2660.254,0
2024-09-25T20:00:00.000Z,2660.254,2661.498,2656.114,2658.145,0
2024-09-26T00:00:00.000Z,2658.145,2661.425,2655.268,2657.955,0
2024-09-26T04:00:00.000Z,2657.915,2663.355,2657.558,2661.578,0
2024-09-26T08:00:00.000Z,2661.575,2675.555,2659.338,2672.544,0
2024-09-26T12:00:00.000Z,2672.534,2685.405,2654.685,2665.735,0
2024-09-26T16:00:00.000Z,2665.664,2676.985,2662.308,2675.744,0
2024-09-26T20:00:00.000Z,2675.744,2677.708,2670.708,2672.155,0
2024-09-27T00:00:00.000Z,2672.188,2673.035,2666.075,2668.824,0
2024-09-27T04:00:00.000Z,2668.815,2673.855,2662.195,2665.645,0
2024-09-27T08:00:00.000Z,2665.665,2668.165,2658.198,2664.198,0
2024-09-27T12:00:00.000Z,2664.185,2674.134,2649.265,2649.358,0
2024-09-27T16:00:00.000Z,2649.348,2656.145,2643.111,2647.875,0
2024-09-27T20:00:00.000Z,2647.875,2659.905,2645.495,2657.955,0
2024-09-29T20:00:00.000Z,2657.935,2663.388,2657.025,2662.595,0
2024-09-30T00:00:00.000Z,2662.545,2665.858,2647.285,2652.405,0
2024-09-30T04:00:00.000Z,2652.394,2659.995,2651.945,2657.695,0
2024-09-30T08:00:00.000Z,2657.765,2660.495,2635.645,2636.838,0
2024-09-30T12:00:00.000Z,2636.755,2644.065,2628.614,2633.198,0
2024-09-30T16:00:00.000Z,2633.178,2641.678,2624.538,2631.375,0
2024-09-30T20:00:00.000Z,2631.405,2635.018,2626.278,2634.835,0
2024-10-01T00:00:00.000Z,2634.955,2639.905,2633.815,2636.318,0
2024-10-01T04:00:00.000Z,2636.285,2645.428,2634.415,2645.165,0
2024-10-01T08:00:00.000Z,2645.205,2650.385,2641.605,2650.225,0
2024-10-01T12:00:00.000Z,2650.245,2671.735,2646.785,2658.895,0
2024-10-01T16:00:00.000Z,2658.925,2672.908,2653.778,2660.945,0
2024-10-01T20:00:00.000Z,2660.924,2664.185,2657.755,2661.895,0
2024-10-02T00:00:00.000Z,2661.925,2662.055,2656.155,2659.998,0
2024-10-02T04:00:00.000Z,2659.975,2661.418,2644.395,2649.615,0
2024-10-02T08:00:00.000Z,2649.555,2655.715,2648.495,2649.015,0
2024-10-02T12:00:00.000Z,2649.015,2663.194,2643.648,2647.945,0
2024-10-02T16:00:00.000Z,2647.945,2655.848,2640.954,2653.998,0
2024-10-02T20:00:00.000Z,2653.978,2660.195,2653.578,2659.334,0
2024-10-03T00:00:00.000Z,2659.334,2662.775,2654.845,2655.665,0
2024-10-03T04:00:00.000Z,2655.645,2657.878,2651.165,2655.714,0
2024-10-03T08:00:00.000Z,2655.745,2656.055,2640.895,2646.675,0
2024-10-03T12:00:00.000Z,2646.725,2654.348,2636.255,2650.068,0
2024-10-03T16:00:00.000Z,2650.045,2662.008,2647.835,2657.398,0
2024-10-03T20:00:00.000Z,2657.398,2659.325,2654.245,2655.844,0
2024-10-04T00:00:00.000Z,2655.764,2663.405,2654.178,2661.908,0
2024-10-04T04:00:00.000Z,2661.918,2667.675,2659.598,2660.148,0
2024-10-04T08:00:00.000Z,2660.045,2663.035,2656.755,2658.145,0
2024-10-04T12:00:00.000Z,2658.065,2662.455,2632.068,2658.255,0
2024-10-04T16:00:00.000Z,2658.285,2670.065,2641.755,2645.518,0
2024-10-04T20:00:00.000Z,2645.518,2653.835,2642.605,2653.545,0
2024-10-06T20:00:00.000Z,2650.375,2652.615,2648.875,2650.594,0
2024-10-07T00:00:00.000Z,2650.584,2652.248,2643.708,2645.158,0
2024-10-07T04:00:00.000Z,2645.115,2648.485,2639.605,2643.085,0
2024-10-07T08:00:00.000Z,2643.045,2658.375,2641.925,2655.265,0
2024-10-07T12:00:00.000Z,2655.245,2659.465,2637.688,2640.728,0
2024-10-07T16:00:00.000Z,2640.705,2650.015,2638.995,2640.735,0
2024-10-07T20:00:00.000Z,2640.735,2648.975,2640.345,2644.048,0
2024-10-08T00:00:00.000Z,2644.085,2648.095,2633.665,2635.555,0
2024-10-08T04:00:00.000Z,2635.464,2646.335,2635.105,2636.255,0
2024-10-08T08:00:00.000Z,2636.235,2647.345,2628.425,2646.185,0
2024-10-08T12:00:00.000Z,2646.185,2652.885,2619.708,2620.828,0
2024-10-08T16:00:00.000Z,2620.925,2620.935,2604.575,2615.638,0
2024-10-08T20:00:00.000Z,2615.585,2623.485,2614.798,2621.835,0
2024-10-09T00:00:00.000Z,2621.855,2624.085,2616.665,2618.278,0
2024-10-09T04:00:00.000Z,2618.265,2624.165,2610.474,2612.564,0
2024-10-09T08:00:00.000Z,2612.595,2621.365,2608.974,2620.985,0
2024-10-09T12:00:00.000Z,2620.945,2622.258,2605.185,2609.725,0
2024-10-09T16:00:00.000Z,2609.675,2617.755,2605.045,2606.265,0
2024-10-09T20:00:00.000Z,2606.305,2610.095,2606.195,2608.745,0
2024-10-10T00:00:00.000Z,2608.775,2615.465,2605.785,2615.095,0
2024-10-10T04:00:00.000Z,2615.095,2616.785,2610.465,2612.335,0
2024-10-10T08:00:00.000Z,2612.345,2618.415,2610.125,2617.835,0
2024-10-10T12:00:00.000Z,2617.885,2629.564,2601.734,2625.325,0
2024-10-10T16:00:00.000Z,2625.314,2629.018,2616.365,2626.358,0
2024-10-10T20:00:00.000Z,2626.308,2631.435,2625.848,2628.065,0
2024-10-11T00:00:00.000Z,2628.105,2643.965,2628.075,2642.275,0
2024-10-11T04:00:00.000Z,2642.215,2647.075,2637.868,2639.365,0
2024-10-11T08:00:00.000Z,2639.325,2646.065,2636.025,2641.465,0
2024-10-11T12:00:00.000Z,2641.485,2655.188,2638.565,2652.975,0
2024-10-11T16:00:00.000Z,2652.945,2661.258,2652.945,2658.525,0
2024-10-11T20:00:00.000Z,2658.488,2658.705,2654.598,2656.835,0
2024-10-13T20:00:00.000Z,2656.298,2656.775,2644.985,2650.065,0
2024-10-14T00:00:00.000Z,2650.145,2655.355,2643.058,2655.045,0
2024-10-14T04:00:00.000Z,2655.025,2666.705,2653.564,2663.884,0
2024-10-14T08:00:00.000Z,2663.975,2665.055,2655.725,2655.725,0
2024-10-14T12:00:00.000Z,2655.715,2661.065,2644.585,2645.495,0
2024-10-14T16:00:00.000Z,2645.585,2650.805,2643.835,2649.125,0
2024-10-14T20:00:00.000Z,2649.125,2653.198,2646.025,2649.835,0
2024-10-15T00:00:00.000Z,2649.885,2652.608,2647.125,2651.485,0
2024-10-15T04:00:00.000Z,2651.525,2651.535,2637.955,2648.535,0
2024-10-15T08:00:00.000Z,2648.495,2656.645,2647.755,2652.875,0
2024-10-15T12:00:00.000Z,2652.905,2664.035,2645.505,2659.698,0
2024-10-15T16:00:00.000Z,2659.655,2668.805,2657.125,2664.998,0
2024-10-15T20:00:00.000Z,2664.994,2666.358,2659.335,2661.984,0
2024-10-16T00:00:00.000Z,2661.988,2669.935,2658.558,2667.945,0
2024-10-16T04:00:00.000Z,2667.945,2677.545,2665.145,2677.155,0
2024-10-16T08:00:00.000Z,2677.155,2682.648,2673.054,2674.134,0
2024-10-16T12:00:00.000Z,2674.175,2685.298,2669.894,2672.055,0
2024-10-16T16:00:00.000Z,2672.055,2676.524,2666.645,2674.898,0
2024-10-16T20:00:00.000Z,2674.898,2674.938,2672.618,2673.635,0
2024-10-17T00:00:00.000Z,2673.595,2684.755,2673.324,2681.835,0
2024-10-17T04:00:00.000Z,2681.735,2685.645,2674.415,2681.015,0
2024-10-17T08:00:00.000Z,2681.045,2688.668,2676.794,2687.275,0
2024-10-17T12:00:00.000Z,2687.295,2696.348,2672.914,2695.525,0
2024-10-17T16:00:00.000Z,2695.525,2696.605,2683.795,2689.438,0
2024-10-17T20:00:00.000Z,2689.415,2693.198,2688.805,2692.455,0
2024-10-18T00:00:00.000Z,2692.504,2711.815,2692.155,2707.984,0
2024-10-18T04:00:00.000Z,2707.994,2713.888,2702.565,2707.265,0
2024-10-18T08:00:00.000Z,2707.315,2713.085,2701.615,2712.405,0
2024-10-18T12:00:00.000Z,2712.434,2720.005,2704.815,2717.244,0
2024-10-18T16:00:00.000Z,2717.264,2721.178,2713.418,2720.128,0
2024-10-18T20:00:00.000Z,2720.195,2722.405,2717.945,2721.105,0
2024-10-20T20:00:00.000Z,2720.098,2723.655,2719.448,2723.425,0
2024-10-21T00:00:00.000Z,2723.448,2731.255,2720.908,2730.575,0
2024-10-21T04:00:00.000Z,2730.575,2732.675,2723.465,2730.185,0
2024-10-21T08:00:00.000Z,2730.185,2736.775,2725.205,2733.215,0
2024-10-21T12:00:00.000Z,2733.215,2740.418,2722.165,2725.168,0
2024-10-21T16:00:00.000Z,2725.155,2727.035,2715.195,2716.255,0
2024-10-21T20:00:00.000Z,2716.155,2721.535,2714.165,2720.508,0
2024-10-22T00:00:00.000Z,2720.455,2730.535,2720.188,2728.675,0
2024-10-22T04:00:00.000Z,2728.665,2737.025,2728.535,2734.955,0
2024-10-22T08:00:00.000Z,2734.925,2739.238,2729.675,2738.805,0
2024-10-22T12:00:00.000Z,2738.855,2743.055,2729.438,2741.755,0
2024-10-22T16:00:00.000Z,2741.755,2748.258,2736.715,2744.548,0
2024-10-22T20:00:00.000Z,2744.498,2748.775,2743.685,2747.215,0
2024-10-23T00:00:00.000Z,2747.265,2747.895,2737.765,2738.795,0
2024-10-23T04:00:00.000Z,2738.745,2753.085,2738.145,2750.415,0
2024-10-23T08:00:00.000Z,2750.395,2758.338,2749.165,2750.625,0
2024-10-23T12:00:00.000Z,2750.625,2752.808,2716.325,2717.658,0
2024-10-23T16:00:00.000Z,2717.635,2723.135,2708.635,2713.998,0
2024-10-23T20:00:00.000Z,2713.955,2718.155,2713.075,2717.834,0
2024-10-24T00:00:00.000Z,2717.848,2726.695,2717.704,2723.215,0
2024-10-24T04:00:00.000Z,2723.205,2736.295,2721.285,2735.045,0
2024-10-24T08:00:00.000Z,2735.025,2739.018,2732.065,2736.675,0
2024-10-24T12:00:00.000Z,2736.668,2743.175,2722.385,2732.235,0
2024-10-24T16:00:00.000Z,2732.304,2737.638,2725.628,2735.488,0
2024-10-24T20:00:00.000Z,2735.488,2736.998,2733.345,2734.455,0
2024-10-25T00:00:00.000Z,2734.465,2735.328,2726.005,2728.245,0
2024-10-25T04:00:00.000Z,2728.215,2732.425,2723.805,2732.085,0
2024-10-25T08:00:00.000Z,2732.095,2732.095,2716.885,2722.145,0
2024-10-25T12:00:00.000Z,2722.145,2740.455,2721.095,2738.365,0
2024-10-25T16:00:00.000Z,2738.375,2744.905,2733.825,2742.028,0
2024-10-25T20:00:00.000Z,2742.028,2747.635,2740.225,2746.625,0
2024-10-27T20:00:00.000Z,2735.698,2740.095,2730.115,2735.655,0
2024-10-28T00:00:00.000Z,2735.695,2736.185,2724.545,2729.555,0
2024-10-28T04:00:00.000Z,2729.525,2744.445,2729.048,2738.745,0
2024-10-28T08:00:00.000Z,2738.745,2740.705,2727.715,2732.165,0
2024-10-28T12:00:00.000Z,2732.135,2745.788,2731.248,2740.688,0
2024-10-28T16:00:00.000Z,2740.658,2744.865,2739.935,2742.388,0
2024-10-28T20:00:00.000Z,2742.378,2744.335,2739.605,2744.285,0
2024-10-29T00:00:00.000Z,2744.315,2757.615,2743.115,2751.625,0
2024-10-29T04:00:00.000Z,2751.585,2756.718,2748.845,2752.348,0
2024-10-29T08:00:00.000Z,2752.324,2756.465,2746.225,2751.738,0
2024-10-29T12:00:00.000Z,2751.738,2771.605,2748.045,2764.165,0
2024-10-29T16:00:00.000Z,2764.165,2774.695,2764.105,2772.098,0
2024-10-29T20:00:00.000Z,2772.118,2775.265,2771.735,2774.885,0
2024-10-30T00:00:00.000Z,2774.925,2781.995,2774.735,2778.845,0
2024-10-30T04:00:00.000Z,2778.845,2789.668,2777.245,2782.155,0
2024-10-30T08:00:00.000Z,2782.135,2786.388,2778.128,2778.508,0
2024-10-30T12:00:00.000Z,2778.455,2787.365,2770.795,2784.535,0
2024-10-30T16:00:00.000Z,2784.565,2789.925,2782.898,2787.195,0
2024-10-30T20:00:00.000Z,2787.258,2788.014,2784.675,2785.258,0
2024-10-31T00:00:00.000Z,2785.274,2790.005,2783.495,2784.428,0
2024-10-31T04:00:00.000Z,2784.475,2786.455,2777.955,2781.895,0
2024-10-31T08:00:00.000Z,2781.925,2782.938,2773.198,2779.375,0
2024-10-31T12:00:00.000Z,2779.365,2781.865,2731.415,2740.505,0
2024-10-31T16:00:00.000Z,2740.505,2749.608,2737.858,2746.348,0
2024-10-31T20:00:00.000Z,2746.348,2748.085,2743.185,2746.545,0
2024-11-01T00:00:00.000Z,2746.545,2751.805,2744.695,2751.625,0
2024-11-01T04:00:00.000Z,2751.625,2757.535,2747.055,2749.555,0
2024-11-01T08:00:00.000Z,2749.535,2755.345,2744.685,2752.795,0
2024-11-01T12:00:00.000Z,2752.815,2762.048,2739.575,2744.635,0
2024-11-01T16:00:00.000Z,2744.625,2746.005,2733.095,2734.035,0
2024-11-01T20:00:00.000Z,2734.025,2736.675,2733.168,2735.895,0
2024-11-03T20:00:00.000Z,2733.298,2740.215,2730,2738.235,0
2024-11-04T00:00:00.000Z,2738.205,2742.315,2735.185,2740.845,0
2024-11-04T04:00:00.000Z,2740.825,2744.675,2735.008,2735.695,0
2024-11-04T08:00:00.000Z,2735.685,2745.105,2731.765,2740.515,0
2024-11-04T12:00:00.000Z,2740.515,2748.015,2737.565,2738.385,0
2024-11-04T16:00:00.000Z,2738.385,2739.558,2731.638,2738.178,0
2024-11-04T20:00:00.000Z,2738.154,2738.495,2735.698,2735.855,0
2024-11-05T00:00:00.000Z,2735.895,2736.515,2724.695,2735.165,0
2024-11-05T04:00:00.000Z,2735.165,2741.235,2731.605,2736.305,0
2024-11-05T08:00:00.000Z,2736.335,2744.935,2731.958,2741.595,0
2024-11-05T12:00:00.000Z,2741.585,2749.875,2732.908,2741.925,0
2024-11-05T16:00:00.000Z,2741.925,2744.425,2736.235,2740.345,0
2024-11-05T20:00:00.000Z,2740.345,2746.215,2739.495,2745.495,0
2024-11-06T00:00:00.000Z,2745.485,2749.605,2730.425,2734.115,0
2024-11-06T04:00:00.000Z,2734.105,2743.438,2701.245,2725.634,0
2024-11-06T08:00:00.000Z,2725.505,2733.598,2695.935,2699.205,0
2024-11-06T12:00:00.000Z,2699.015,2707.885,2652.295,2675.675,0
2024-11-06T16:00:00.000Z,2675.675,2678.095,2661.515,2666.934,0
2024-11-06T20:00:00.000Z,2666.934,2667.635,2658.375,2663.875,0
2024-11-07T00:00:00.000Z,2663.885,2664.075,2643.134,2659.095,0
2024-11-07T04:00:00.000Z,2659.095,2667.505,2652.635,2663.145,0
2024-11-07T08:00:00.000Z,2663.204,2668.255,2657.265,2666.174,0
2024-11-07T12:00:00.000Z,2666.174,2700.038,2664.174,2698.725,0
2024-11-07T16:00:00.000Z,2698.695,2700.225,2687.405,2694.175,0
2024-11-07T20:00:00.000Z,2694.195,2710.244,2692.715,2706.785,0
2024-11-08T00:00:00.000Z,2706.735,2710.235,2693.928,2695.035,0
2024-11-08T04:00:00.000Z,2695.004,2696.165,2680.215,2687.295,0
2024-11-08T08:00:00.000Z,2687.315,2694.815,2681.865,2691.795,0
2024-11-08T12:00:00.000Z,2691.765,2703.935,2683.275,2687.355,0
2024-11-08T16:00:00.000Z,2687.355,2689.165,2682.785,2686.925,0
2024-11-08T20:00:00.000Z,2686.884,2688.425,2682.695,2684.035,0
2024-11-10T20:00:00.000Z,2683.898,2685.515,2678.898,2685.465,0
2024-11-11T00:00:00.000Z,2685.495,2686.025,2666.375,2670.105,0
2024-11-11T04:00:00.000Z,2670.085,2674.115,2666.875,2669.455,0
2024-11-11T08:00:00.000Z,2669.465,2675.225,2658.875,2662.445,0
2024-11-11T12:00:00.000Z,2662.455,2662.995,2613.325,2614.395,0
2024-11-11T16:00:00.000Z,2614.395,2620.525,2610.515,2619.115,0
2024-11-11T20:00:00.000Z,2619.165,2626.075,2618.598,2623.855,0
2024-11-12T00:00:00.000Z,2623.855,2627.015,2618.645,2618.805,0
2024-11-12T04:00:00.000Z,2618.795,2618.998,2595.074,2598.125,0
2024-11-12T08:00:00.000Z,2598.125,2606.345,2589.508,2597.695,0
2024-11-12T12:00:00.000Z,2597.725,2616.885,2597.245,2598.365,0
2024-11-12T16:00:00.000Z,2598.385,2603.988,2592.305,2598.035,0
2024-11-12T20:00:00.000Z,2598.025,2601.235,2594.998,2598.775,0
2024-11-13T00:00:00.000Z,2598.805,2613.118,2597.915,2611.485,0
2024-11-13T04:00:00.000Z,2611.475,2612.235,2603.408,2606.058,0
2024-11-13T08:00:00.000Z,2606.108,2611.515,2600.894,2610.715,0
2024-11-13T12:00:00.000Z,2610.715,2618.628,2593.565,2605.325,0
2024-11-13T16:00:00.000Z,2605.325,2605.865,2577.545,2580.785,0
2024-11-13T20:00:00.000Z,2580.795,2581.198,2569.175,2570.694,0
2024-11-14T00:00:00.000Z,2570.698,2574.515,2558.785,2560.555,0
2024-11-14T04:00:00.000Z,2560.535,2565.115,2550.255,2556.824,0
2024-11-14T08:00:00.000Z,2556.804,2559.664,2536.664,2553.515,0
2024-11-14T12:00:00.000Z,2553.495,2572.905,2549.955,2570.115,0
2024-11-14T16:00:00.000Z,2570.155,2577.315,2567.025,2575.885,0
2024-11-14T20:00:00.000Z,2575.915,2576.325,2563.738,2566.775,0
2024-11-15T00:00:00.000Z,2566.745,2571.585,2562.914,2567.574,0
2024-11-15T04:00:00.000Z,2567.574,2569.405,2554.335,2563.625,0
2024-11-15T08:00:00.000Z,2563.625,2573.158,2560.715,2570.594,0
2024-11-15T12:00:00.000Z,2570.594,2575.908,2561.005,2570.675,0
2024-11-15T16:00:00.000Z,2570.685,2573.165,2559.408,2563.705,0
2024-11-15T20:00:00.000Z,2563.725,2563.765,2559.595,2562.715,0
2024-11-17T20:00:00.000Z,2564.258,2575.338,2563.835,2571.255,0
2024-11-18T00:00:00.000Z,2571.245,2597.155,2569.735,2589.825,0
2024-11-18T04:00:00.000Z,2589.825,2593.035,2580.284,2582.695,0
2024-11-18T08:00:00.000Z,2582.625,2597.185,2581.925,2594.215,0
2024-11-18T12:00:00.000Z,2594.155,2613.218,2590.195,2612.835,0
2024-11-18T16:00:00.000Z,2612.885,2614.955,2607.215,2609.695,0
2024-11-18T20:00:00.000Z,2609.695,2612.925,2608.095,2612.435,0
2024-11-19T00:00:00.000Z,2612.495,2625.408,2610.905,2624.298,0
2024-11-19T04:00:00.000Z,2624.308,2626.515,2617.625,2618.965,0
2024-11-19T08:00:00.000Z,2618.915,2636.375,2618.564,2629.435,0
2024-11-19T12:00:00.000Z,2629.465,2639.325,2620.935,2624.315,0
2024-11-19T16:00:00.000Z,2624.405,2632.998,2622.195,2630.605,0
2024-11-19T20:00:00.000Z,2630.595,2635.355,2630.315,2635.015,0
2024-11-20T00:00:00.000Z,2635.015,2641.665,2634.555,2637.805,0
2024-11-20T04:00:00.000Z,2637.895,2638.655,2621.115,2621.425,0
2024-11-20T08:00:00.000Z,2621.425,2628.035,2618.705,2627.945,0
2024-11-20T12:00:00.000Z,2627.945,2648.765,2626.905,2648.708,0
2024-11-20T16:00:00.000Z,2648.684,2655.275,2645.295,2650.754,0
2024-11-20T20:00:00.000Z,2650.725,2652.765,2647.215,2652.025,0
2024-11-21T00:00:00.000Z,2652.055,2660.285,2650.284,2656.735,0
2024-11-21T04:00:00.000Z,2656.715,2664.535,2654.435,2662.985,0
2024-11-21T08:00:00.000Z,2662.985,2673.385,2661.885,2671.335,0
2024-11-21T12:00:00.000Z,2671.308,2671.595,2660.315,2667.505,0
2024-11-21T16:00:00.000Z,2667.544,2673.308,2661.158,2669.535,0
2024-11-21T20:00:00.000Z,2669.555,2671.755,2667.915,2669.018,0
2024-11-22T00:00:00.000Z,2669.008,2690.375,2668.718,2686.065,0
2024-11-22T04:00:00.000Z,2686.065,2698.875,2682.835,2696.345,0
2024-11-22T08:00:00.000Z,2696.375,2710.035,2693.375,2698.705,0
2024-11-22T12:00:00.000Z,2698.685,2704.955,2684.325,2703.545,0
2024-11-22T16:00:00.000Z,2703.545,2711.365,2700.745,2708.085,0
2024-11-22T20:00:00.000Z,2708.075,2716.165,2704.975,2715.805,0
2024-11-24T20:00:00.000Z,2713.375,2721.185,2691.251,2719.725,0
2024-11-25T00:00:00.000Z,2719.705,2719.975,2658.824,2672.095,0
2024-11-25T04:00:00.000Z,2672.064,2676.185,2658.064,2667.675,0
2024-11-25T08:00:00.000Z,2667.705,2688.595,2667.015,2686.685,0
2024-11-25T12:00:00.000Z,2686.725,2687.785,2626.135,2628.205,0
2024-11-25T16:00:00.000Z,2628.205,2639.265,2615.455,2625.635,0
2024-11-25T20:00:00.000Z,2625.634,2628.625,2605.085,2610.355,0
2024-11-26T00:00:00.000Z,2610.365,2632.085,2608.498,2630.225,0
2024-11-26T04:00:00.000Z,2630.245,2631.298,2610.668,2613.905,0
2024-11-26T08:00:00.000Z,2613.905,2633.105,2612.375,2633.105,0
2024-11-26T12:00:00.000Z,2633.135,2641.774,2616.568,2629.415,0
2024-11-26T16:00:00.000Z,2629.485,2631.345,2619.414,2627.985,0
2024-11-26T20:00:00.000Z,2628.004,2633.995,2627.405,2632.105,0
2024-11-27T00:00:00.000Z,2632.145,2640.475,2626.935,2637.655,0
2024-11-27T04:00:00.000Z,2637.675,2648.275,2636.555,2646.464,0
2024-11-27T08:00:00.000Z,2646.435,2653.715,2643.074,2650.984,0
2024-11-27T12:00:00.000Z,2650.984,2658.098,2635.364,2642.508,0
2024-11-27T16:00:00.000Z,2642.504,2644.178,2633.898,2634.665,0
2024-11-27T20:00:00.000Z,2634.615,2638.905,2634.235,2636.935,0
2024-11-28T00:00:00.000Z,2637.005,2638.315,2620.815,2630.134,0
2024-11-28T04:00:00.000Z,2630.125,2639.458,2629.165,2637.215,0
2024-11-28T08:00:00.000Z,2637.155,2649.518,2635.585,2646.785,0
2024-11-28T12:00:00.000Z,2646.795,2647.805,2636.165,2638.025,0
2024-11-28T16:00:00.000Z,2638.015,2642.345,2637.175,2637.215,0
2024-11-28T20:00:00.000Z,2637.505,2639.105,2637.075,2638.615,0
2024-11-29T00:00:00.000Z,2638.615,2662.605,2633.925,2659.908,0
2024-11-29T04:00:00.000Z,2659.864,2666.195,2658.245,2660.435,0
2024-11-29T08:00:00.000Z,2660.445,2665.775,2654.378,2659.495,0
2024-11-29T12:00:00.000Z,2659.495,2664.875,2650.495,2658.745,0
2024-11-29T16:00:00.000Z,2658.735,2662.145,2648.525,2649.945,0
2024-12-01T20:00:00.000Z,2653.075,2653.115,2642.975,2645.595,0
2024-12-02T00:00:00.000Z,2645.748,2647.545,2622.765,2629.205,0
2024-12-02T04:00:00.000Z,2629.205,2633.495,2622,2629.735,0
2024-12-02T08:00:00.000Z,2629.735,2646.205,2626.458,2641.674,0
2024-12-02T12:00:00.000Z,2641.674,2651.648,2636.878,2642.185,0
2024-12-02T16:00:00.000Z,2642.185,2644.265,2633.425,2637.505,0
2024-12-02T20:00:00.000Z,2637.475,2644.115,2635.175,2642.095,0
2024-12-03T00:00:00.000Z,2642.145,2645.125,2633.965,2640.375,0
2024-12-03T04:00:00.000Z,2640.375,2649.924,2636.985,2644.565,0
2024-12-03T08:00:00.000Z,2644.525,2647.955,2639.115,2643.535,0
2024-12-03T12:00:00.000Z,2643.525,2655.528,2635.115,2640.335,0
2024-12-03T16:00:00.000Z,2640.305,2649.005,2638.825,2640.875,0
2024-12-03T20:00:00.000Z,2640.875,2644.155,2640.545,2642.595,0
2024-12-04T00:00:00.000Z,2642.605,2648.075,2637.575,2644.355,0
2024-12-04T04:00:00.000Z,2644.335,2651.285,2640.185,2641.335,0
2024-12-04T08:00:00.000Z,2641.335,2647.585,2636.515,2646.075,0
2024-12-04T12:00:00.000Z,2646.085,2656.998,2632.315,2654.885,0
2024-12-04T16:00:00.000Z,2654.865,2655.445,2646.695,2651.505,0
2024-12-04T20:00:00.000Z,2651.525,2651.755,2647.985,2650.178,0
2024-12-05T00:00:00.000Z,2650.208,2650.625,2644.595,2648.755,0
2024-12-05T04:00:00.000Z,2648.735,2655.445,2645.224,2648.605,0
2024-12-05T08:00:00.000Z,2648.595,2652.535,2641.755,2651.245,0
2024-12-05T12:00:00.000Z,2651.265,2654.418,2631.885,2640.145,0
2024-12-05T16:00:00.000Z,2640.125,2643.255,2623.385,2629.755,0
2024-12-05T20:00:00.000Z,2629.725,2633.725,2627.935,2633.635,0
2024-12-06T00:00:00.000Z,2633.625,2642.405,2612.585,2640.655,0
2024-12-06T04:00:00.000Z,2640.655,2644.405,2635.165,2639.615,0
2024-12-06T08:00:00.000Z,2639.615,2645.535,2632.295,2638.295,0
2024-12-06T12:00:00.000Z,2638.295,2643.185,2623.864,2637.455,0
2024-12-06T16:00:00.000Z,2637.475,2641.495,2632.885,2634.695,0
2024-12-06T20:00:00.000Z,2634.715,2636.245,2630.955,2632.664,0
2024-12-08T20:00:00.000Z,2646.52,2648.105,2636.148,2639.935,0
2024-12-09T00:00:00.000Z,2639.925,2650.515,2627.455,2638.694,0
2024-12-09T04:00:00.000Z,2638.695,2651.125,2634.505,2650.445,0
2024-12-09T08:00:00.000Z,2650.465,2660.345,2645.915,2656.145,0
2024-12-09T12:00:00.000Z,2656.115,2676.255,2653.175,2668.165,0
2024-12-09T16:00:00.000Z,2668.165,2670.445,2658.755,2660.075,0
2024-12-09T20:00:00.000Z,2660.075,2661.475,2656.675,2660.435,0
2024-12-10T00:00:00.000Z,2660.415,2671.575,2657.805,2669.805,0
2024-12-10T04:00:00.000Z,2669.855,2673.625,2663.525,2664.468,0
2024-12-10T08:00:00.000Z,2664.465,2676.675,2661.064,2674.425,0
2024-12-10T12:00:00.000Z,2674.465,2691.634,2672.205,2687.205,0
2024-12-10T16:00:00.000Z,2687.184,2695.378,2684.525,2691.798,0
2024-12-10T20:00:00.000Z,2691.798,2698.195,2690.755,2695.798,0
2024-12-11T00:00:00.000Z,2695.835,2704.098,2691.684,2695.435,0
2024-12-11T04:00:00.000Z,2695.344,2697.538,2674.345,2689.534,0
2024-12-11T08:00:00.000Z,2689.534,2699.585,2685.724,2696.364,0
2024-12-11T12:00:00.000Z,2696.374,2715.855,2690.334,2712.994,0
2024-12-11T16:00:00.000Z,2713.034,2721.005,2710.904,2717.945,0
2024-12-11T20:00:00.000Z,2717.935,2720.185,2715.885,2719.835,0
2024-12-12T00:00:00.000Z,2719.115,2725.675,2697.885,2710.465,0
2024-12-12T04:00:00.000Z,2710.445,2720.315,2709.565,2715.944,0
2024-12-12T08:00:00.000Z,2715.914,2719.325,2707.165,2710.685,0
2024-12-12T12:00:00.000Z,2710.685,2712.205,2675.055,2679.584,0
2024-12-12T16:00:00.000Z,2679.535,2686.855,2677.124,2682.864,0
2024-12-12T20:00:00.000Z,2682.764,2683.425,2679.235,2680.565,0
2024-12-13T00:00:00.000Z,2680.534,2692.595,2678.675,2687.885,0
2024-12-13T04:00:00.000Z,2687.834,2690.324,2680.845,2682.965,0
2024-12-13T08:00:00.000Z,2682.945,2684.615,2664.118,2664.705,0
2024-12-13T12:00:00.000Z,2664.655,2672.805,2654.525,2659.755,0
2024-12-13T16:00:00.000Z,2659.674,2664.415,2651.905,2652.765,0
2024-12-13T20:00:00.000Z,2652.765,2653.345,2645.945,2647.385,0
2024-12-15T20:00:00.000Z,2649.098,2652.845,2648.548,2651.345,0
2024-12-16T00:00:00.000Z,2651.285,2655.448,2643.374,2653.618,0
2024-12-16T04:00:00.000Z,2653.618,2655.765,2649.374,2653.598,0
2024-12-16T08:00:00.000Z,2653.635,2663.975,2652.028,2663.385,0
2024-12-16T12:00:00.000Z,2663.405,2664.248,2650.695,2654.214,0
2024-12-16T16:00:00.000Z,2654.255,2655.618,2648.475,2653.125,0
2024-12-16T20:00:00.000Z,2653.125,2653.435,2651.345,2651.565,0
2024-12-17T00:00:00.000Z,2651.565,2658.465,2651.015,2653.435,0
2024-12-17T04:00:00.000Z,2653.465,2656.948,2646.294,2653.565,0
2024-12-17T08:00:00.000Z,2653.565,2653.565,2635.994,2642.085,0
2024-12-17T12:00:00.000Z,2642.085,2646.748,2632.795,2640.005,0
2024-12-17T16:00:00.000Z,2639.995,2648.865,2636.464,2645.195,0
2024-12-17T20:00:00.000Z,2645.248,2647.498,2642.874,2647.198,0
2024-12-18T00:00:00.000Z,2647.165,2651.525,2645.018,2645.555,0
2024-12-18T04:00:00.000Z,2645.554,2649.348,2642.555,2644.545,0
2024-12-18T08:00:00.000Z,2644.495,2649.535,2641.945,2645.995,0
2024-12-18T12:00:00.000Z,2645.985,2647.705,2634,2638.075,0
2024-12-18T16:00:00.000Z,2638.085,2639.895,2603.975,2604.435,0
2024-12-18T20:00:00.000Z,2604.465,2609.235,2582.264,2587.948,0
2024-12-19T00:00:00.000Z,2587.948,2617.948,2587.784,2610.285,0
2024-12-19T04:00:00.000Z,2610.285,2622.435,2603.195,2616.355,0
2024-12-19T08:00:00.000Z,2616.355,2626.325,2613.035,2616.584,0
2024-12-19T12:00:00.000Z,2616.554,2616.554,2586.815,2588.315,0
2024-12-19T16:00:00.000Z,2588.244,2600.925,2587.055,2596.645,0
2024-12-19T20:00:00.000Z,2596.635,2600.225,2592.168,2593.385,0
2024-12-20T00:00:00.000Z,2593.365,2603.825,2589.475,2598.345,0
2024-12-20T04:00:00.000Z,2598.355,2607.365,2596.335,2606.175,0
2024-12-20T08:00:00.000Z,2606.155,2607.598,2599.904,2603.545,0
2024-12-20T12:00:00.000Z,2603.485,2631.004,2599.715,2630.164,0
2024-12-20T16:00:00.000Z,2630.185,2631.698,2622.035,2627.775,0
2024-12-20T20:00:00.000Z,2627.745,2627.905,2619.065,2622.435,0
2024-12-22T20:00:00.000Z,2623.698,2624.545,2621.224,2624.098,0
2024-12-23T00:00:00.000Z,2624.245,2627.255,2617.285,2623.855,0
2024-12-23T04:00:00.000Z,2623.704,2633.135,2623.645,2630.145,0
2024-12-23T08:00:00.000Z,2630.055,2631.955,2612.908,2616.125,0
2024-12-23T12:00:00.000Z,2616.085,2619.795,2609.195,2609.605,0
2024-12-23T16:00:00.000Z,2609.625,2616.394,2608.055,2610.848,0
2024-12-23T20:00:00.000Z,2610.824,2616.975,2608.955,2615.348,0
2024-12-24T00:00:00.000Z,2615.348,2619.755,2613.365,2618.685,0
2024-12-24T04:00:00.000Z,2618.695,2621.205,2616.275,2618.298,0
2024-12-24T08:00:00.000Z,2618.298,2619.655,2612.155,2614.875,0
2024-12-24T12:00:00.000Z,2614.948,2617.065,2609.935,2611.625,0
2024-12-24T16:00:00.000Z,2611.625,2619.245,2611.425,2616.348,0
2024-12-25T20:00:00.000Z,2619.205,2619.825,2614.248,2618.205,0
2024-12-26T00:00:00.000Z,2618.274,2628.915,2618.205,2626.658,0
2024-12-26T04:00:00.000Z,2626.648,2629.498,2623.435,2625.198,0
2024-12-26T08:00:00.000Z,2625.298,2629.808,2624.934,2627.738,0
2024-12-26T12:00:00.000Z,2627.738,2638.975,2621.598,2636.304,0
2024-12-26T16:00:00.000Z,2636.358,2636.585,2627.818,2634.765,0
2024-12-26T20:00:00.000Z,2634.775,2636.205,2630.425,2632.478,0
2024-12-27T00:00:00.000Z,2632.348,2635.348,2628.765,2633.685,0
2024-12-27T04:00:00.000Z,2633.675,2638.105,2631.148,2633.435,0
2024-12-27T08:00:00.000Z,2633.384,2633.384,2623.248,2628.495,0
2024-12-27T12:00:00.000Z,2628.585,2631.395,2611.285,2617.945,0
2024-12-27T16:00:00.000Z,2617.944,2621.234,2613.854,2620.554,0
2024-12-27T20:00:00.000Z,2620.604,2621.598,2612.448,2621.348,0
2024-12-29T20:00:00.000Z,2620.154,2625.998,2618.914,2623.748,0
2024-12-30T00:00:00.000Z,2623.904,2627.985,2621.225,2626.358,0
2024-12-30T04:00:00.000Z,2626.358,2626.358,2615.605,2616.535,0
2024-12-30T08:00:00.000Z,2616.535,2618.425,2608.975,2616.125,0
2024-12-30T12:00:00.000Z,2616.055,2622.425,2599.365,2601.375,0
2024-12-30T16:00:00.000Z,2601.335,2608.225,2595.905,2607.085,0
2024-12-30T20:00:00.000Z,2607.085,2609.365,2603.548,2606.548,0
2024-12-31T00:00:00.000Z,2606.504,2611.375,2603.305,2604.418,0
2024-12-31T04:00:00.000Z,2604.418,2613.965,2602.475,2613.555,0
2024-12-31T08:00:00.000Z,2613.615,2617.595,2609.615,2610.825,0
2024-12-31T12:00:00.000Z,2610.795,2626.475,2605.195,2625.614,0
2024-12-31T16:00:00.000Z,2625.614,2627.364,2622.064,2623.665,0
