time,open,high,low,close,volume
2025-01-02T00:00:00.000Z,1.2521,1.25239,1.25118,1.25147,25
2025-01-02T01:00:00.000Z,1.25147,1.25176,1.25073,1.25102,25
2025-01-02T02:00:00.000Z,1.25102,1.25131,1.25028,1.25057,25
2025-01-02T03:00:00.000Z,1.25057,1.25086,1.25001,1.2503,25
2025-01-02T04:00:00.000Z,1.2503,1.25126,1.24993,1.25089,30
2025-01-02T05:00:00.000Z,1.25089,1.25162,1.25052,1.25125,30
2025-01-02T06:00:00.000Z,1.25125,1.25198,1.25088,1.25161,30
2025-01-02T07:00:00.000Z,1.25161,1.25211,1.25124,1.25174,30
2025-01-02T08:00:00.000Z,1.25174,1.2526,1.24854,1.2494,70
2025-01-02T09:00:00.000Z,1.2494,1.25026,1.24674,1.2476,70
2025-01-02T10:00:00.000Z,1.2476,1.24846,1.24494,1.2458,70
2025-01-02T11:00:00.000Z,1.2458,1.24666,1.24368,1.24454,70
2025-01-02T12:00:00.000Z,1.24454,1.24529,1.24174,1.24249,80
2025-01-02T13:00:00.000Z,1.24249,1.24324,1.24017,1.24092,80
2025-01-02T14:00:00.000Z,1.24092,1.24167,1.23859,1.23934,80
2025-01-02T15:00:00.000Z,1.23934,1.24009,1.23748,1.23823,80
2025-01-02T16:00:00.000Z,1.23823,1.23915,1.23794,1.23886,30
2025-01-02T17:00:00.000Z,1.23886,1.2396,1.23857,1.23931,30
2025-01-02T18:00:00.000Z,1.23931,1.24005,1.23902,1.23976,30
2025-01-02T19:00:00.000Z,1.23976,1.24032,1.23947,1.24003,30
2025-01-02T20:00:00.000Z,1.24003,1.24479,1.23893,1.24369,15
2025-01-02T21:00:00.000Z,1.24369,1.24776,1.24259,1.24666,15
2025-01-02T22:00:00.000Z,1.24666,1.25073,1.24556,1.24963,15
2025-01-02T23:00:00.000Z,1.24963,1.25302,1.24853,1.25192,15
2025-01-03T00:00:00.000Z,1.23802,1.23823,1.23795,1.23816,25
2025-01-03T01:00:00.000Z,1.23816,1.23834,1.23809,1.23827,25
2025-01-03T02:00:00.000Z,1.23827,1.23844,1.2382,1.23837,25
2025-01-03T03:00:00.000Z,1.23837,1.2385,1.2383,1.23843,25
2025-01-03T04:00:00.000Z,1.23843,1.23849,1.23825,1.23831,30
2025-01-03T05:00:00.000Z,1.23831,1.23837,1.23817,1.23823,30
2025-01-03T06:00:00.000Z,1.23823,1.23829,1.23808,1.23814,30
2025-01-03T07:00:00.000Z,1.23814,1.2382,1.23804,1.2381,30
2025-01-03T08:00:00.000Z,1.2381,1.23884,1.2379,1.23864,70
2025-01-03T09:00:00.000Z,1.23864,1.23925,1.23844,1.23905,70
2025-01-03T10:00:00.000Z,1.23905,1.23966,1.23885,1.23946,70
2025-01-03T11:00:00.000Z,1.23946,1.23995,1.23926,1.23975,70
2025-01-03T12:00:00.000Z,1.23975,1.24043,1.23955,1.24023,80
2025-01-03T13:00:00.000Z,1.24023,1.24079,1.24003,1.24059,80
2025-01-03T14:00:00.000Z,1.24059,1.24114,1.24039,1.24094,80
2025-01-03T15:00:00.000Z,1.24094,1.24138,1.24074,1.24118,80
2025-01-03T16:00:00.000Z,1.24118,1.24125,1.24097,1.24104,30
2025-01-03T17:00:00.000Z,1.24104,1.24111,1.24086,1.24093,30
2025-01-03T18:00:00.000Z,1.24093,1.241,1.24076,1.24083,30
2025-01-03T19:00:00.000Z,1.24083,1.2409,1.2407,1.24077,30
2025-01-03T20:00:00.000Z,1.24077,1.24102,1.23967,1.23992,15
2025-01-03T21:00:00.000Z,1.23992,1.24017,1.23899,1.23924,15
2025-01-03T22:00:00.000Z,1.23924,1.23949,1.2383,1.23855,15
2025-01-03T23:00:00.000Z,1.23855,1.2388,1.23777,1.23802,15
2025-01-06T00:00:00.000Z,1.24251,1.24318,1.2423,1.24297,25
2025-01-06T01:00:00.000Z,1.24297,1.24351,1.24276,1.2433,25
2025-01-06T02:00:00.000Z,1.2433,1.24384,1.24309,1.24363,25
2025-01-06T03:00:00.000Z,1.24363,1.24404,1.24342,1.24383,25
2025-01-06T04:00:00.000Z,1.24383,1.24404,1.24323,1.24344,30
2025-01-06T05:00:00.000Z,1.24344,1.24365,1.24297,1.24318,30
2025-01-06T06:00:00.000Z,1.24318,1.24339,1.2427,1.24291,30
2025-01-06T07:00:00.000Z,1.24291,1.24312,1.24257,1.24278,30
2025-01-06T08:00:00.000Z,1.24278,1.24512,1.24215,1.24449,70
2025-01-06T09:00:00.000Z,1.24449,1.24644,1.24386,1.24581,70
2025-01-06T10:00:00.000Z,1.24581,1.24776,1.24518,1.24713,70
2025-01-06T11:00:00.000Z,1.24713,1.24868,1.2465,1.24805,70
2025-01-06T12:00:00.000Z,1.24805,1.2502,1.24744,1.24959,80
2025-01-06T13:00:00.000Z,1.24959,1.25135,1.24898,1.25074,80
2025-01-06T14:00:00.000Z,1.25074,1.2525,1.25013,1.25189,80
2025-01-06T15:00:00.000Z,1.25189,1.25327,1.25128,1.25266,80
2025-01-06T16:00:00.000Z,1.25266,1.25287,1.25199,1.2522,30
2025-01-06T17:00:00.000Z,1.2522,1.25241,1.25166,1.25187,30
2025-01-06T18:00:00.000Z,1.25187,1.25208,1.25133,1.25154,30
2025-01-06T19:00:00.000Z,1.25154,1.25175,1.25113,1.25134,30
2025-01-06T20:00:00.000Z,1.25134,1.25214,1.24788,1.24868,15
2025-01-06T21:00:00.000Z,1.24868,1.24948,1.24571,1.24651,15
2025-01-06T22:00:00.000Z,1.24651,1.24731,1.24355,1.24435,15
2025-01-06T23:00:00.000Z,1.24435,1.24515,1.24188,1.24268,15
2025-01-07T00:00:00.000Z,1.25106,1.25153,1.25091,1.25138,25
2025-01-07T01:00:00.000Z,1.25138,1.25176,1.25123,1.25161,25
2025-01-07T02:00:00.000Z,1.25161,1.25199,1.25146,1.25184,25
2025-01-07T03:00:00.000Z,1.25184,1.25213,1.25169,1.25198,25
2025-01-07T04:00:00.000Z,1.25198,1.25229,1.25129,1.2516,30
2025-01-07T05:00:00.000Z,1.2516,1.25191,1.25111,1.25142,30
2025-01-07T06:00:00.000Z,1.25142,1.25173,1.25093,1.25124,30
2025-01-07T07:00:00.000Z,1.25124,1.25156,1.25093,1.25125,30
2025-01-07T08:00:00.000Z,1.25125,1.25288,1.25081,1.25244,70
2025-01-07T09:00:00.000Z,1.25244,1.25379,1.252,1.25335,70
2025-01-07T10:00:00.000Z,1.25335,1.2547,1.25291,1.25426,70
2025-01-07T11:00:00.000Z,1.25426,1.25534,1.25382,1.2549,70
2025-01-07T12:00:00.000Z,1.2549,1.25617,1.25461,1.25588,80
2025-01-07T13:00:00.000Z,1.25588,1.25697,1.25559,1.25668,80
2025-01-07T14:00:00.000Z,1.25668,1.25777,1.25639,1.25748,80
2025-01-07T15:00:00.000Z,1.25748,1.25839,1.25719,1.2581,80
2025-01-07T16:00:00.000Z,1.2581,1.25825,1.25763,1.25778,30
2025-01-07T17:00:00.000Z,1.25778,1.25793,1.2574,1.25755,30
2025-01-07T18:00:00.000Z,1.25755,1.2577,1.25718,1.25733,30
2025-01-07T19:00:00.000Z,1.25733,1.25748,1.25704,1.25719,30
2025-01-07T20:00:00.000Z,1.25719,1.25775,1.25475,1.25531,15
2025-01-07T21:00:00.000Z,1.25531,1.25587,1.25323,1.25379,15
2025-01-07T22:00:00.000Z,1.25379,1.25435,1.2517,1.25226,15
2025-01-07T23:00:00.000Z,1.25226,1.25282,1.25053,1.25109,15
2025-01-08T00:00:00.000Z,1.24766,1.24853,1.24739,1.24826,25
2025-01-08T01:00:00.000Z,1.24826,1.24896,1.24799,1.24869,25
2025-01-08T02:00:00.000Z,1.24869,1.24939,1.24842,1.24912,25
2025-01-08T03:00:00.000Z,1.24912,1.24965,1.24885,1.24938,25
2025-01-08T04:00:00.000Z,1.24938,1.25082,1.2467,1.24814,30
2025-01-08T05:00:00.000Z,1.24814,1.24958,1.24635,1.24779,30
2025-01-08T06:00:00.000Z,1.24779,1.24923,1.24601,1.24745,30
2025-01-08T07:00:00.000Z,1.24745,1.24944,1.24601,1.248,30
2025-01-08T08:00:00.000Z,1.248,1.25105,1.24718,1.25023,70
2025-01-08T09:00:00.000Z,1.25023,1.25276,1.24941,1.25194,70
2025-01-08T10:00:00.000Z,1.25194,1.25448,1.25112,1.25366,70
2025-01-08T11:00:00.000Z,1.25366,1.25568,1.25284,1.25486,70
2025-01-08T12:00:00.000Z,1.25486,1.25726,1.25431,1.25671,80
2025-01-08T13:00:00.000Z,1.25671,1.25876,1.25616,1.25821,80
2025-01-08T14:00:00.000Z,1.25821,1.26026,1.25766,1.25971,80
2025-01-08T15:00:00.000Z,1.25971,1.26142,1.25916,1.26087,80
2025-01-08T16:00:00.000Z,1.26087,1.26114,1.26,1.26027,30
2025-01-08T17:00:00.000Z,1.26027,1.26054,1.25957,1.25984,30
2025-01-08T18:00:00.000Z,1.25984,1.26011,1.25914,1.25941,30
2025-01-08T19:00:00.000Z,1.25941,1.25968,1.25888,1.25915,30
2025-01-08T20:00:00.000Z,1.25915,1.2602,1.25461,1.25566,15
2025-01-08T21:00:00.000Z,1.25566,1.25671,1.25177,1.25282,15
2025-01-08T22:00:00.000Z,1.25282,1.25387,1.24893,1.24998,15
2025-01-08T23:00:00.000Z,1.24998,1.25103,1.24674,1.24779,15
2025-01-09T00:00:00.000Z,1.23594,1.23655,1.23575,1.23636,25
2025-01-09T01:00:00.000Z,1.23636,1.23686,1.23617,1.23667,25
2025-01-09T02:00:00.000Z,1.23667,1.23716,1.23648,1.23697,25
2025-01-09T03:00:00.000Z,1.23697,1.23734,1.23678,1.23715,25
2025-01-09T04:00:00.000Z,1.23715,1.2382,1.2352,1.23625,30
2025-01-09T05:00:00.000Z,1.23625,1.2373,1.23496,1.23601,30
2025-01-09T06:00:00.000Z,1.23601,1.23706,1.23471,1.23576,30
2025-01-09T07:00:00.000Z,1.23576,1.23723,1.23471,1.23618,30
2025-01-09T08:00:00.000Z,1.23618,1.23833,1.2356,1.23775,70
2025-01-09T09:00:00.000Z,1.23775,1.23953,1.23717,1.23895,70
2025-01-09T10:00:00.000Z,1.23895,1.24074,1.23837,1.24016,70
2025-01-09T11:00:00.000Z,1.24016,1.24158,1.23958,1.241,70
2025-01-09T12:00:00.000Z,1.241,1.24269,1.24061,1.2423,80
2025-01-09T13:00:00.000Z,1.2423,1.24374,1.24191,1.24335,80
2025-01-09T14:00:00.000Z,1.24335,1.2448,1.24296,1.24441,80
2025-01-09T15:00:00.000Z,1.24441,1.24561,1.24402,1.24522,80
2025-01-09T16:00:00.000Z,1.24522,1.24541,1.24461,1.2448,30
2025-01-09T17:00:00.000Z,1.2448,1.24499,1.24431,1.2445,30
2025-01-09T18:00:00.000Z,1.2445,1.24469,1.24401,1.2442,30
2025-01-09T19:00:00.000Z,1.2442,1.24439,1.24383,1.24402,30
2025-01-09T20:00:00.000Z,1.24402,1.24476,1.24081,1.24155,15
2025-01-09T21:00:00.000Z,1.24155,1.24229,1.2388,1.23954,15
2025-01-09T22:00:00.000Z,1.23954,1.24028,1.2368,1.23754,15
2025-01-09T23:00:00.000Z,1.23754,1.23828,1.23525,1.23599,15
2025-01-10T00:00:00.000Z,1.22991,1.23055,1.22971,1.23035,25
2025-01-10T01:00:00.000Z,1.23035,1.23086,1.23015,1.23066,25
2025-01-10T02:00:00.000Z,1.23066,1.23117,1.23046,1.23097,25
2025-01-10T03:00:00.000Z,1.23097,1.23136,1.23077,1.23116,25
2025-01-10T04:00:00.000Z,1.23116,1.23213,1.22933,1.2303,30
2025-01-10T05:00:00.000Z,1.2303,1.23127,1.22908,1.23005,30
2025-01-10T06:00:00.000Z,1.23005,1.23102,1.22884,1.22981,30
2025-01-10T07:00:00.000Z,1.22981,1.23113,1.22884,1.23016,30
2025-01-10T08:00:00.000Z,1.23016,1.23239,1.22956,1.23179,70
2025-01-10T09:00:00.000Z,1.23179,1.23364,1.23119,1.23304,70
2025-01-10T10:00:00.000Z,1.23304,1.23489,1.23244,1.23429,70
2025-01-10T11:00:00.000Z,1.23429,1.23576,1.23369,1.23516,70
2025-01-10T12:00:00.000Z,1.23516,1.23691,1.23476,1.23651,80
2025-01-10T13:00:00.000Z,1.23651,1.23801,1.23611,1.23761,80
2025-01-10T14:00:00.000Z,1.23761,1.2391,1.23721,1.2387,80
2025-01-10T15:00:00.000Z,1.2387,1.23995,1.2383,1.23955,80
2025-01-10T16:00:00.000Z,1.23955,1.23975,1.23891,1.23911,30
2025-01-10T17:00:00.000Z,1.23911,1.23931,1.23859,1.23879,30
2025-01-10T18:00:00.000Z,1.23879,1.23899,1.23828,1.23848,30
2025-01-10T19:00:00.000Z,1.23848,1.23868,1.23809,1.23829,30
2025-01-10T20:00:00.000Z,1.23829,1.23906,1.23495,1.23572,15
2025-01-10T21:00:00.000Z,1.23572,1.23649,1.23286,1.23363,15
2025-01-10T22:00:00.000Z,1.23363,1.2344,1.23078,1.23155,15
2025-01-10T23:00:00.000Z,1.23155,1.23232,1.22917,1.22994,15
2025-01-13T00:00:00.000Z,1.22042,1.22096,1.22025,1.22079,25
2025-01-13T01:00:00.000Z,1.22079,1.22123,1.22062,1.22106,25
2025-01-13T02:00:00.000Z,1.22106,1.22149,1.22089,1.22132,25
2025-01-13T03:00:00.000Z,1.22132,1.22165,1.22115,1.22148,25
2025-01-13T04:00:00.000Z,1.22148,1.22243,1.21972,1.22067,30
2025-01-13T05:00:00.000Z,1.22067,1.22162,1.21951,1.22046,30
2025-01-13T06:00:00.000Z,1.22046,1.22141,1.2193,1.22025,30
2025-01-13T07:00:00.000Z,1.22025,1.22158,1.2193,1.22063,30
2025-01-13T08:00:00.000Z,1.22063,1.22252,1.22012,1.22201,70
2025-01-13T09:00:00.000Z,1.22201,1.22359,1.2215,1.22308,70
2025-01-13T10:00:00.000Z,1.22308,1.22465,1.22257,1.22414,70
2025-01-13T11:00:00.000Z,1.22414,1.2254,1.22363,1.22489,70
2025-01-13T12:00:00.000Z,1.22489,1.22637,1.22455,1.22603,80
2025-01-13T13:00:00.000Z,1.22603,1.2273,1.22569,1.22696,80
2025-01-13T14:00:00.000Z,1.22696,1.22823,1.22662,1.22789,80
2025-01-13T15:00:00.000Z,1.22789,1.22895,1.22755,1.22861,80
2025-01-13T16:00:00.000Z,1.22861,1.22878,1.22807,1.22824,30
2025-01-13T17:00:00.000Z,1.22824,1.22841,1.2278,1.22797,30
2025-01-13T18:00:00.000Z,1.22797,1.22814,1.22754,1.22771,30
2025-01-13T19:00:00.000Z,1.22771,1.22788,1.22738,1.22755,30
2025-01-13T20:00:00.000Z,1.22755,1.2282,1.22473,1.22538,15
2025-01-13T21:00:00.000Z,1.22538,1.22603,1.22296,1.22361,15
2025-01-13T22:00:00.000Z,1.22361,1.22426,1.2212,1.22185,15
2025-01-13T23:00:00.000Z,1.22185,1.2225,1.21984,1.22049,15
2025-01-14T00:00:00.000Z,1.22312,1.22363,1.22296,1.22347,25
2025-01-14T01:00:00.000Z,1.22347,1.22389,1.22331,1.22373,25
2025-01-14T02:00:00.000Z,1.22373,1.22414,1.22357,1.22398,25
2025-01-14T03:00:00.000Z,1.22398,1.22429,1.22382,1.22413,25
2025-01-14T04:00:00.000Z,1.22413,1.22497,1.22256,1.2234,30
2025-01-14T05:00:00.000Z,1.2234,1.22424,1.22236,1.2232,30
2025-01-14T06:00:00.000Z,1.2232,1.22404,1.22216,1.223,30
2025-01-14T07:00:00.000Z,1.223,1.22416,1.22216,1.22332,30
2025-01-14T08:00:00.000Z,1.22332,1.22513,1.22283,1.22464,70
2025-01-14T09:00:00.000Z,1.22464,1.22614,1.22415,1.22565,70
2025-01-14T10:00:00.000Z,1.22565,1.22715,1.22516,1.22666,70
2025-01-14T11:00:00.000Z,1.22666,1.22786,1.22617,1.22737,70
2025-01-14T12:00:00.000Z,1.22737,1.22878,1.22705,1.22846,80
2025-01-14T13:00:00.000Z,1.22846,1.22967,1.22814,1.22935,80
2025-01-14T14:00:00.000Z,1.22935,1.23056,1.22903,1.23024,80
2025-01-14T15:00:00.000Z,1.23024,1.23124,1.22992,1.23092,80
2025-01-14T16:00:00.000Z,1.23092,1.23108,1.2304,1.23056,30
2025-01-14T17:00:00.000Z,1.23056,1.23072,1.23015,1.23031,30
2025-01-14T18:00:00.000Z,1.23031,1.23047,1.22989,1.23005,30
2025-01-14T19:00:00.000Z,1.23005,1.23021,1.22974,1.2299,30
2025-01-14T20:00:00.000Z,1.2299,1.23051,1.22727,1.22788,15
2025-01-14T21:00:00.000Z,1.22788,1.22849,1.22563,1.22624,15
2025-01-14T22:00:00.000Z,1.22624,1.22685,1.22398,1.22459,15
2025-01-14T23:00:00.000Z,1.22459,1.2252,1.22272,1.22333,15
2025-01-15T00:00:00.000Z,1.22108,1.22178,1.22086,1.22156,25
2025-01-15T01:00:00.000Z,1.22156,1.22212,1.22134,1.2219,25
2025-01-15T02:00:00.000Z,1.2219,1.22246,1.22168,1.22224,25
2025-01-15T03:00:00.000Z,1.22224,1.22267,1.22202,1.22245,25
2025-01-15T04:00:00.000Z,1.22245,1.22295,1.22136,1.22186,30
2025-01-15T05:00:00.000Z,1.22186,1.22236,1.22109,1.22159,30
2025-01-15T06:00:00.000Z,1.22159,1.22209,1.22081,1.22131,30
2025-01-15T07:00:00.000Z,1.22131,1.22185,1.22081,1.22135,30
2025-01-15T08:00:00.000Z,1.22135,1.2238,1.22069,1.22314,70
2025-01-15T09:00:00.000Z,1.22314,1.22517,1.22248,1.22451,70
2025-01-15T10:00:00.000Z,1.22451,1.22655,1.22385,1.22589,70
2025-01-15T11:00:00.000Z,1.22589,1.22751,1.22523,1.22685,70
2025-01-15T12:00:00.000Z,1.22685,1.22877,1.22641,1.22833,80
2025-01-15T13:00:00.000Z,1.22833,1.22997,1.22789,1.22953,80
2025-01-15T14:00:00.000Z,1.22953,1.23117,1.22909,1.23073,80
2025-01-15T15:00:00.000Z,1.23073,1.2321,1.23029,1.23166,80
2025-01-15T16:00:00.000Z,1.23166,1.23188,1.23096,1.23118,30
2025-01-15T17:00:00.000Z,1.23118,1.2314,1.23062,1.23084,30
2025-01-15T18:00:00.000Z,1.23084,1.23106,1.23028,1.2305,30
2025-01-15T19:00:00.000Z,1.2305,1.23072,1.23007,1.23029,30
2025-01-15T20:00:00.000Z,1.23029,1.23111,1.22672,1.22754,15
2025-01-15T21:00:00.000Z,1.22754,1.22836,1.22448,1.2253,15
2025-01-15T22:00:00.000Z,1.2253,1.22612,1.22224,1.22306,15
2025-01-15T23:00:00.000Z,1.22306,1.22388,1.22052,1.22134,15
2025-01-16T00:00:00.000Z,1.22433,1.22469,1.22422,1.22458,25
2025-01-16T01:00:00.000Z,1.22458,1.22487,1.22447,1.22476,25
2025-01-16T02:00:00.000Z,1.22476,1.22505,1.22465,1.22494,25
2025-01-16T03:00:00.000Z,1.22494,1.22516,1.22483,1.22505,25
2025-01-16T04:00:00.000Z,1.22505,1.22567,1.2239,1.22452,30
2025-01-16T05:00:00.000Z,1.22452,1.22514,1.22376,1.22438,30
2025-01-16T06:00:00.000Z,1.22438,1.225,1.22362,1.22424,30
2025-01-16T07:00:00.000Z,1.22424,1.2251,1.22362,1.22448,30
2025-01-16T08:00:00.000Z,1.22448,1.22575,1.22414,1.22541,70
2025-01-16T09:00:00.000Z,1.22541,1.22646,1.22507,1.22612,70
2025-01-16T10:00:00.000Z,1.22612,1.22718,1.22578,1.22684,70
2025-01-16T11:00:00.000Z,1.22684,1.22768,1.2265,1.22734,70
2025-01-16T12:00:00.000Z,1.22734,1.22834,1.22711,1.22811,80
2025-01-16T13:00:00.000Z,1.22811,1.22896,1.22788,1.22873,80
2025-01-16T14:00:00.000Z,1.22873,1.22959,1.2285,1.22936,80
2025-01-16T15:00:00.000Z,1.22936,1.23007,1.22913,1.22984,80
2025-01-16T16:00:00.000Z,1.22984,1.22995,1.22948,1.22959,30
2025-01-16T17:00:00.000Z,1.22959,1.2297,1.2293,1.22941,30
2025-01-16T18:00:00.000Z,1.22941,1.22952,1.22912,1.22923,30
2025-01-16T19:00:00.000Z,1.22923,1.22934,1.22901,1.22912,30
2025-01-16T20:00:00.000Z,1.22912,1.22956,1.22721,1.22765,15
2025-01-16T21:00:00.000Z,1.22765,1.22809,1.22601,1.22645,15
2025-01-16T22:00:00.000Z,1.22645,1.22689,1.22481,1.22525,15
2025-01-16T23:00:00.000Z,1.22525,1.22569,1.22389,1.22433,15
2025-01-17T00:00:00.000Z,1.22347,1.22388,1.22334,1.22375,25
2025-01-17T01:00:00.000Z,1.22375,1.22409,1.22362,1.22396,25
2025-01-17T02:00:00.000Z,1.22396,1.22429,1.22383,1.22416,25
2025-01-17T03:00:00.000Z,1.22416,1.22441,1.22403,1.22428,25
2025-01-17T04:00:00.000Z,1.22428,1.22496,1.22302,1.2237,30
2025-01-17T05:00:00.000Z,1.2237,1.22438,1.22285,1.22353,30
2025-01-17T06:00:00.000Z,1.22353,1.22421,1.22269,1.22337,30
2025-01-17T07:00:00.000Z,1.22337,1.22431,1.22269,1.22363,30
2025-01-17T08:00:00.000Z,1.22363,1.22508,1.22324,1.22469,70
2025-01-17T09:00:00.000Z,1.22469,1.2259,1.2243,1.22551,70
2025-01-17T10:00:00.000Z,1.22551,1.22672,1.22512,1.22633,70
2025-01-17T11:00:00.000Z,1.22633,1.22729,1.22594,1.2269,70
2025-01-17T12:00:00.000Z,1.2269,1.22804,1.22664,1.22778,80
2025-01-17T13:00:00.000Z,1.22778,1.22875,1.22752,1.22849,80
2025-01-17T14:00:00.000Z,1.22849,1.22947,1.22823,1.22921,80
2025-01-17T15:00:00.000Z,1.22921,1.23002,1.22895,1.22976,80
2025-01-17T16:00:00.000Z,1.22976,1.22989,1.22934,1.22947,30
2025-01-17T17:00:00.000Z,1.22947,1.2296,1.22914,1.22927,30
2025-01-17T18:00:00.000Z,1.22927,1.2294,1.22893,1.22906,30
2025-01-17T19:00:00.000Z,1.22906,1.22919,1.22881,1.22894,30
2025-01-17T20:00:00.000Z,1.22894,1.22943,1.22683,1.22732,15
2025-01-17T21:00:00.000Z,1.22732,1.22781,1.22552,1.22601,15
2025-01-17T22:00:00.000Z,1.22601,1.2265,1.22421,1.2247,15
2025-01-17T23:00:00.000Z,1.2247,1.22519,1.2232,1.22369,15
2025-01-20T00:00:00.000Z,1.21757,1.21782,1.21677,1.21702,25
2025-01-20T01:00:00.000Z,1.21702,1.21727,1.21637,1.21662,25
2025-01-20T02:00:00.000Z,1.21662,1.21687,1.21598,1.21623,25
2025-01-20T03:00:00.000Z,1.21623,1.21648,1.21574,1.21599,25
2025-01-20T04:00:00.000Z,1.21599,1.21853,1.21462,1.21716,30
2025-01-20T05:00:00.000Z,1.21716,1.21885,1.21579,1.21748,30
2025-01-20T06:00:00.000Z,1.21748,1.21916,1.21611,1.21779,30
2025-01-20T07:00:00.000Z,1.21779,1.21916,1.21588,1.21725,30
2025-01-20T08:00:00.000Z,1.21725,1.21801,1.21445,1.21521,70
2025-01-20T09:00:00.000Z,1.21521,1.21597,1.21287,1.21363,70
2025-01-20T10:00:00.000Z,1.21363,1.21439,1.2113,1.21206,70
2025-01-20T11:00:00.000Z,1.21206,1.21282,1.2102,1.21096,70
2025-01-20T12:00:00.000Z,1.21096,1.21146,1.20877,1.20927,80
2025-01-20T13:00:00.000Z,1.20927,1.20977,1.2074,1.2079,80
2025-01-20T14:00:00.000Z,1.2079,1.2084,1.20602,1.20652,80
2025-01-20T15:00:00.000Z,1.20652,1.20702,1.20496,1.20546,80
2025-01-20T16:00:00.000Z,1.20546,1.20626,1.20521,1.20601,30
2025-01-20T17:00:00.000Z,1.20601,1.20665,1.20576,1.2064,30
2025-01-20T18:00:00.000Z,1.2064,1.20705,1.20615,1.2068,30
2025-01-20T19:00:00.000Z,1.2068,1.20728,1.20655,1.20703,30
2025-01-20T20:00:00.000Z,1.20703,1.21106,1.2061,1.21013,15
2025-01-20T21:00:00.000Z,1.21013,1.21358,1.2092,1.21265,15
2025-01-20T22:00:00.000Z,1.21265,1.2161,1.21172,1.21517,15
2025-01-20T23:00:00.000Z,1.21517,1.21803,1.21424,1.2171,15
2025-01-21T00:00:00.000Z,1.23332,1.2335,1.23274,1.23292,25
2025-01-21T01:00:00.000Z,1.23292,1.2331,1.23246,1.23264,25
2025-01-21T02:00:00.000Z,1.23264,1.23282,1.23218,1.23236,25
2025-01-21T03:00:00.000Z,1.23236,1.23254,1.23201,1.23219,25
2025-01-21T04:00:00.000Z,1.23219,1.23279,1.23196,1.23256,30
2025-01-21T05:00:00.000Z,1.23256,1.23302,1.23233,1.23279,30
2025-01-21T06:00:00.000Z,1.23279,1.23324,1.23256,1.23301,30
2025-01-21T07:00:00.000Z,1.23301,1.23332,1.23278,1.23309,30
2025-01-21T08:00:00.000Z,1.23309,1.23363,1.23108,1.23162,70
2025-01-21T09:00:00.000Z,1.23162,1.23216,1.22995,1.23049,70
2025-01-21T10:00:00.000Z,1.23049,1.23103,1.22881,1.22935,70
2025-01-21T11:00:00.000Z,1.22935,1.22989,1.22802,1.22856,70
2025-01-21T12:00:00.000Z,1.22856,1.22903,1.2268,1.22727,80
2025-01-21T13:00:00.000Z,1.22727,1.22774,1.22581,1.22628,80
2025-01-21T14:00:00.000Z,1.22628,1.22675,1.22482,1.22529,80
2025-01-21T15:00:00.000Z,1.22529,1.22576,1.22413,1.2246,80
2025-01-21T16:00:00.000Z,1.2246,1.22518,1.22442,1.225,30
2025-01-21T17:00:00.000Z,1.225,1.22546,1.22482,1.22528,30
2025-01-21T18:00:00.000Z,1.22528,1.22574,1.2251,1.22556,30
2025-01-21T19:00:00.000Z,1.22556,1.22591,1.22538,1.22573,30
2025-01-21T20:00:00.000Z,1.22573,1.22869,1.22505,1.22801,15
2025-01-21T21:00:00.000Z,1.22801,1.23054,1.22733,1.22986,15
2025-01-21T22:00:00.000Z,1.22986,1.23239,1.22918,1.23171,15
2025-01-21T23:00:00.000Z,1.23171,1.23382,1.23103,1.23314,15
2025-01-22T00:00:00.000Z,1.23413,1.23424,1.23379,1.2339,25
2025-01-22T01:00:00.000Z,1.2339,1.23401,1.23362,1.23373,25
2025-01-22T02:00:00.000Z,1.23373,1.23384,1.23345,1.23356,25
2025-01-22T03:00:00.000Z,1.23356,1.23367,1.23335,1.23346,25
2025-01-22T04:00:00.000Z,1.23346,1.23416,1.23311,1.23381,30
2025-01-22T05:00:00.000Z,1.23381,1.2343,1.23346,1.23395,30
2025-01-22T06:00:00.000Z,1.23395,1.23443,1.2336,1.23408,30
2025-01-22T07:00:00.000Z,1.23408,1.23443,1.23364,1.23399,30
2025-01-22T08:00:00.000Z,1.23399,1.23431,1.23281,1.23313,70
2025-01-22T09:00:00.000Z,1.23313,1.23345,1.23215,1.23247,70
2025-01-22T10:00:00.000Z,1.23247,1.23279,1.23149,1.23181,70
2025-01-22T11:00:00.000Z,1.23181,1.23213,1.23103,1.23135,70
2025-01-22T12:00:00.000Z,1.23135,1.23156,1.23043,1.23064,80
2025-01-22T13:00:00.000Z,1.23064,1.23085,1.22985,1.23006,80
2025-01-22T14:00:00.000Z,1.23006,1.23027,1.22928,1.22949,80
2025-01-22T15:00:00.000Z,1.22949,1.2297,1.22883,1.22904,80
2025-01-22T16:00:00.000Z,1.22904,1.22938,1.22893,1.22927,30
2025-01-22T17:00:00.000Z,1.22927,1.22955,1.22916,1.22944,30
2025-01-22T18:00:00.000Z,1.22944,1.22971,1.22933,1.2296,30
2025-01-22T19:00:00.000Z,1.2296,1.22981,1.22949,1.2297,30
2025-01-22T20:00:00.000Z,1.2297,1.23125,1.22934,1.23089,15
2025-01-22T21:00:00.000Z,1.23089,1.2322,1.23053,1.23184,15
2025-01-22T22:00:00.000Z,1.23184,1.23316,1.23148,1.2328,15
2025-01-22T23:00:00.000Z,1.2328,1.2339,1.23244,1.23354,15
2025-01-23T00:00:00.000Z,1.23157,1.23167,1.23125,1.23135,25
2025-01-23T01:00:00.000Z,1.23135,1.23145,1.23109,1.23119,25
2025-01-23T02:00:00.000Z,1.23119,1.23129,1.23093,1.23103,25
2025-01-23T03:00:00.000Z,1.23103,1.23113,1.23083,1.23093,25
2025-01-23T04:00:00.000Z,1.23093,1.23174,1.23051,1.23132,30
2025-01-23T05:00:00.000Z,1.23132,1.23186,1.2309,1.23144,30
2025-01-23T06:00:00.000Z,1.23144,1.23199,1.23102,1.23157,30
2025-01-23T07:00:00.000Z,1.23157,1.23199,1.23102,1.23144,30
2025-01-23T08:00:00.000Z,1.23144,1.23175,1.2303,1.23061,70
2025-01-23T09:00:00.000Z,1.23061,1.23092,1.22966,1.22997,70
2025-01-23T10:00:00.000Z,1.22997,1.23028,1.22903,1.22934,70
2025-01-23T11:00:00.000Z,1.22934,1.22965,1.22858,1.22889,70
2025-01-23T12:00:00.000Z,1.22889,1.22909,1.228,1.2282,80
2025-01-23T13:00:00.000Z,1.2282,1.2284,1.22745,1.22765,80
2025-01-23T14:00:00.000Z,1.22765,1.22785,1.22689,1.22709,80
2025-01-23T15:00:00.000Z,1.22709,1.22729,1.22646,1.22666,80
2025-01-23T16:00:00.000Z,1.22666,1.22698,1.22656,1.22688,30
2025-01-23T17:00:00.000Z,1.22688,1.22714,1.22678,1.22704,30
2025-01-23T18:00:00.000Z,1.22704,1.2273,1.22694,1.2272,30
2025-01-23T19:00:00.000Z,1.2272,1.22739,1.2271,1.22729,30
2025-01-23T20:00:00.000Z,1.22729,1.22894,1.22691,1.22856,15
2025-01-23T21:00:00.000Z,1.22856,1.22997,1.22818,1.22959,15
2025-01-23T22:00:00.000Z,1.22959,1.23101,1.22921,1.23063,15
2025-01-23T23:00:00.000Z,1.23063,1.2318,1.23025,1.23142,15
2025-01-24T00:00:00.000Z,1.23547,1.2357,1.23473,1.23496,25
2025-01-24T01:00:00.000Z,1.23496,1.23519,1.23436,1.23459,25
2025-01-24T02:00:00.000Z,1.23459,1.23482,1.234,1.23423,25
2025-01-24T03:00:00.000Z,1.23423,1.23446,1.23378,1.23401,25
2025-01-24T04:00:00.000Z,1.23401,1.23642,1.23271,1.23512,30
2025-01-24T05:00:00.000Z,1.23512,1.23671,1.23382,1.23541,30
2025-01-24T06:00:00.000Z,1.23541,1.237,1.23411,1.2357,30
2025-01-24T07:00:00.000Z,1.2357,1.237,1.23388,1.23518,30
2025-01-24T08:00:00.000Z,1.23518,1.23588,1.23259,1.23329,70
2025-01-24T09:00:00.000Z,1.23329,1.23399,1.23113,1.23183,70
2025-01-24T10:00:00.000Z,1.23183,1.23253,1.22968,1.23038,70
2025-01-24T11:00:00.000Z,1.23038,1.23108,1.22866,1.22936,70
2025-01-24T12:00:00.000Z,1.22936,1.22983,1.22733,1.2278,80
2025-01-24T13:00:00.000Z,1.2278,1.22827,1.22605,1.22652,80
2025-01-24T14:00:00.000Z,1.22652,1.22699,1.22478,1.22525,80
2025-01-24T15:00:00.000Z,1.22525,1.22572,1.2238,1.22427,80
2025-01-24T16:00:00.000Z,1.22427,1.22501,1.22404,1.22478,30
2025-01-24T17:00:00.000Z,1.22478,1.22538,1.22455,1.22515,30
2025-01-24T18:00:00.000Z,1.22515,1.22574,1.22492,1.22551,30
2025-01-24T19:00:00.000Z,1.22551,1.22596,1.22528,1.22573,30
2025-01-24T20:00:00.000Z,1.22573,1.22959,1.22484,1.2287,15
2025-01-24T21:00:00.000Z,1.2287,1.23201,1.22781,1.23112,15
2025-01-24T22:00:00.000Z,1.23112,1.23442,1.23023,1.23353,15
2025-01-24T23:00:00.000Z,1.23353,1.23628,1.23264,1.23539,15
2025-01-27T00:00:00.000Z,1.24597,1.24613,1.24547,1.24563,25
2025-01-27T01:00:00.000Z,1.24563,1.24579,1.24523,1.24539,25
2025-01-27T02:00:00.000Z,1.24539,1.24555,1.24499,1.24515,25
2025-01-27T03:00:00.000Z,1.24515,1.24531,1.24484,1.245,25
2025-01-27T04:00:00.000Z,1.245,1.24622,1.24437,1.24559,30
2025-01-27T05:00:00.000Z,1.24559,1.24641,1.24496,1.24578,30
2025-01-27T06:00:00.000Z,1.24578,1.2466,1.24515,1.24597,30
2025-01-27T07:00:00.000Z,1.24597,1.2466,1.24514,1.24577,30
2025-01-27T08:00:00.000Z,1.24577,1.24623,1.24405,1.24451,70
2025-01-27T09:00:00.000Z,1.24451,1.24497,1.24308,1.24354,70
2025-01-27T10:00:00.000Z,1.24354,1.244,1.24212,1.24258,70
2025-01-27T11:00:00.000Z,1.24258,1.24304,1.24144,1.2419,70
2025-01-27T12:00:00.000Z,1.2419,1.24221,1.24055,1.24086,80
2025-01-27T13:00:00.000Z,1.24086,1.24117,1.2397,1.24001,80
2025-01-27T14:00:00.000Z,1.24001,1.24032,1.23885,1.23916,80
2025-01-27T15:00:00.000Z,1.23916,1.23947,1.2382,1.23851,80
2025-01-27T16:00:00.000Z,1.23851,1.239,1.23836,1.23885,30
2025-01-27T17:00:00.000Z,1.23885,1.23924,1.2387,1.23909,30
2025-01-27T18:00:00.000Z,1.23909,1.23948,1.23894,1.23933,30
2025-01-27T19:00:00.000Z,1.23933,1.23963,1.23918,1.23948,30
2025-01-27T20:00:00.000Z,1.23948,1.24206,1.23889,1.24147,15
2025-01-27T21:00:00.000Z,1.24147,1.24367,1.24088,1.24308,15
2025-01-27T22:00:00.000Z,1.24308,1.24529,1.24249,1.2447,15
2025-01-27T23:00:00.000Z,1.2447,1.24653,1.24411,1.24594,15
2025-01-28T00:00:00.000Z,1.24541,1.24566,1.24533,1.24558,25
2025-01-28T01:00:00.000Z,1.24558,1.24578,1.2455,1.2457,25
2025-01-28T02:00:00.000Z,1.2457,1.24591,1.24562,1.24583,25
2025-01-28T03:00:00.000Z,1.24583,1.24598,1.24575,1.2459,25
2025-01-28T04:00:00.000Z,1.2459,1.24626,1.24522,1.24558,30
2025-01-28T05:00:00.000Z,1.24558,1.24594,1.24512,1.24548,30
2025-01-28T06:00:00.000Z,1.24548,1.24584,1.24502,1.24538,30
2025-01-28T07:00:00.000Z,1.24538,1.24587,1.24502,1.24551,30
2025-01-28T08:00:00.000Z,1.24551,1.24639,1.24527,1.24615,70
2025-01-28T09:00:00.000Z,1.24615,1.24689,1.24591,1.24665,70
2025-01-28T10:00:00.000Z,1.24665,1.24738,1.24641,1.24714,70
2025-01-28T11:00:00.000Z,1.24714,1.24773,1.2469,1.24749,70
2025-01-28T12:00:00.000Z,1.24749,1.24818,1.24733,1.24802,80
2025-01-28T13:00:00.000Z,1.24802,1.24861,1.24786,1.24845,80
2025-01-28T14:00:00.000Z,1.24845,1.24905,1.24829,1.24889,80
2025-01-28T15:00:00.000Z,1.24889,1.24938,1.24873,1.24922,80
2025-01-28T16:00:00.000Z,1.24922,1.2493,1.24897,1.24905,30
2025-01-28T17:00:00.000Z,1.24905,1.24913,1.24885,1.24893,30
2025-01-28T18:00:00.000Z,1.24893,1.24901,1.24872,1.2488,30
2025-01-28T19:00:00.000Z,1.2488,1.24888,1.24865,1.24873,30
2025-01-28T20:00:00.000Z,1.24873,1.24898,1.24765,1.2479,15
2025-01-28T21:00:00.000Z,1.2479,1.24815,1.24699,1.24724,15
2025-01-28T22:00:00.000Z,1.24724,1.24749,1.24632,1.24657,15
2025-01-28T23:00:00.000Z,1.24657,1.24682,1.24581,1.24606,15
2025-01-29T00:00:00.000Z,1.24426,1.24437,1.24391,1.24402,25
2025-01-29T01:00:00.000Z,1.24402,1.24413,1.24374,1.24385,25
2025-01-29T02:00:00.000Z,1.24385,1.24396,1.24357,1.24368,25
2025-01-29T03:00:00.000Z,1.24368,1.24379,1.24347,1.24358,25
2025-01-29T04:00:00.000Z,1.24358,1.24411,1.24334,1.24387,30
2025-01-29T05:00:00.000Z,1.24387,1.24424,1.24363,1.244,30
2025-01-29T06:00:00.000Z,1.244,1.24438,1.24376,1.24414,30
2025-01-29T07:00:00.000Z,1.24414,1.24438,1.24388,1.24412,30
2025-01-29T08:00:00.000Z,1.24412,1.24445,1.2429,1.24323,70
2025-01-29T09:00:00.000Z,1.24323,1.24356,1.24222,1.24255,70
2025-01-29T10:00:00.000Z,1.24255,1.24288,1.24154,1.24187,70
2025-01-29T11:00:00.000Z,1.24187,1.2422,1.24106,1.24139,70
2025-01-29T12:00:00.000Z,1.24139,1.24161,1.24043,1.24065,80
2025-01-29T13:00:00.000Z,1.24065,1.24087,1.23983,1.24005,80
2025-01-29T14:00:00.000Z,1.24005,1.24027,1.23923,1.23945,80
2025-01-29T15:00:00.000Z,1.23945,1.23967,1.23877,1.23899,80
2025-01-29T16:00:00.000Z,1.23899,1.23934,1.23888,1.23923,30
2025-01-29T17:00:00.000Z,1.23923,1.23951,1.23912,1.2394,30
2025-01-29T18:00:00.000Z,1.2394,1.23969,1.23929,1.23958,30
2025-01-29T19:00:00.000Z,1.23958,1.23979,1.23947,1.23968,30
2025-01-29T20:00:00.000Z,1.23968,1.24147,1.23927,1.24106,15
2025-01-29T21:00:00.000Z,1.24106,1.24259,1.24065,1.24218,15
2025-01-29T22:00:00.000Z,1.24218,1.24372,1.24177,1.24331,15
2025-01-29T23:00:00.000Z,1.24331,1.24458,1.2429,1.24417,15
2025-01-30T00:00:00.000Z,1.24552,1.24577,1.24544,1.24569,25
2025-01-30T01:00:00.000Z,1.24569,1.2459,1.24561,1.24582,25
2025-01-30T02:00:00.000Z,1.24582,1.24602,1.24574,1.24594,25
2025-01-30T03:00:00.000Z,1.24594,1.2461,1.24586,1.24602,25
2025-01-30T04:00:00.000Z,1.24602,1.24631,1.24545,1.24574,30
2025-01-30T05:00:00.000Z,1.24574,1.24603,1.24535,1.24564,30
2025-01-30T06:00:00.000Z,1.24564,1.24593,1.24525,1.24554,30
2025-01-30T07:00:00.000Z,1.24554,1.24591,1.24525,1.24562,30
2025-01-30T08:00:00.000Z,1.24562,1.24651,1.24538,1.24627,70
2025-01-30T09:00:00.000Z,1.24627,1.247,1.24603,1.24676,70
2025-01-30T10:00:00.000Z,1.24676,1.2475,1.24652,1.24726,70
2025-01-30T11:00:00.000Z,1.24726,1.24785,1.24702,1.24761,70
2025-01-30T12:00:00.000Z,1.24761,1.24831,1.24745,1.24815,80
2025-01-30T13:00:00.000Z,1.24815,1.24875,1.24799,1.24859,80
2025-01-30T14:00:00.000Z,1.24859,1.24918,1.24843,1.24902,80
2025-01-30T15:00:00.000Z,1.24902,1.24952,1.24886,1.24936,80
2025-01-30T16:00:00.000Z,1.24936,1.24944,1.2491,1.24918,30
2025-01-30T17:00:00.000Z,1.24918,1.24926,1.24898,1.24906,30
2025-01-30T18:00:00.000Z,1.24906,1.24914,1.24885,1.24893,30
2025-01-30T19:00:00.000Z,1.24893,1.24901,1.24878,1.24886,30
2025-01-30T20:00:00.000Z,1.24886,1.24917,1.24753,1.24784,15
2025-01-30T21:00:00.000Z,1.24784,1.24815,1.24669,1.247,15
2025-01-30T22:00:00.000Z,1.247,1.24731,1.24586,1.24617,15
2025-01-30T23:00:00.000Z,1.24617,1.24648,1.24522,1.24553,15
2025-01-31T00:00:00.000Z,1.24225,1.24259,1.24214,1.24248,25
2025-01-31T01:00:00.000Z,1.24248,1.24276,1.24237,1.24265,25
2025-01-31T02:00:00.000Z,1.24265,1.24293,1.24254,1.24282,25
2025-01-31T03:00:00.000Z,1.24282,1.24303,1.24271,1.24292,25
2025-01-31T04:00:00.000Z,1.24292,1.24327,1.24222,1.24257,30
2025-01-31T05:00:00.000Z,1.24257,1.24292,1.24208,1.24243,30
2025-01-31T06:00:00.000Z,1.24243,1.24278,1.24195,1.2423,30
2025-01-31T07:00:00.000Z,1.2423,1.24273,1.24195,1.24238,30
2025-01-31T08:00:00.000Z,1.24238,1.24356,1.24206,1.24324,70
2025-01-31T09:00:00.000Z,1.24324,1.24423,1.24292,1.24391,70
2025-01-31T10:00:00.000Z,1.24391,1.24489,1.24359,1.24457,70
2025-01-31T11:00:00.000Z,1.24457,1.24536,1.24425,1.24504,70
2025-01-31T12:00:00.000Z,1.24504,1.24597,1.24483,1.24576,80
2025-01-31T13:00:00.000Z,1.24576,1.24655,1.24555,1.24634,80
2025-01-31T14:00:00.000Z,1.24634,1.24713,1.24613,1.24692,80
2025-01-31T15:00:00.000Z,1.24692,1.24758,1.24671,1.24737,80
2025-01-31T16:00:00.000Z,1.24737,1.24748,1.24703,1.24714,30
2025-01-31T17:00:00.000Z,1.24714,1.24725,1.24686,1.24697,30
2025-01-31T18:00:00.000Z,1.24697,1.24708,1.2467,1.24681,30
2025-01-31T19:00:00.000Z,1.24681,1.24692,1.2466,1.24671,30
2025-01-31T20:00:00.000Z,1.24671,1.24711,1.24498,1.24538,15
2025-01-31T21:00:00.000Z,1.24538,1.24578,1.2439,1.2443,15
2025-01-31T22:00:00.000Z,1.2443,1.2447,1.24282,1.24322,15
2025-01-31T23:00:00.000Z,1.24322,1.24362,1.24199,1.24239,15
2025-02-03T00:00:00.000Z,1.22914,1.23009,1.22884,1.22979,25
2025-02-03T01:00:00.000Z,1.22979,1.23055,1.22949,1.23025,25
2025-02-03T02:00:00.000Z,1.23025,1.231,1.22995,1.2307,25
2025-02-03T03:00:00.000Z,1.2307,1.23128,1.2304,1.23098,25
2025-02-03T04:00:00.000Z,1.23098,1.23153,1.22972,1.23027,30
2025-02-03T05:00:00.000Z,1.23027,1.23082,1.22935,1.2299,30
2025-02-03T06:00:00.000Z,1.2299,1.23045,1.22898,1.22953,30
2025-02-03T07:00:00.000Z,1.22953,1.23008,1.22896,1.22951,30
2025-02-03T08:00:00.000Z,1.22951,1.2328,1.22862,1.23191,70
2025-02-03T09:00:00.000Z,1.23191,1.23465,1.23102,1.23376,70
2025-02-03T10:00:00.000Z,1.23376,1.2365,1.23287,1.23561,70
2025-02-03T11:00:00.000Z,1.23561,1.23779,1.23472,1.2369,70
2025-02-03T12:00:00.000Z,1.2369,1.2395,1.2363,1.2389,80
2025-02-03T13:00:00.000Z,1.2389,1.24112,1.2383,1.24052,80
2025-02-03T14:00:00.000Z,1.24052,1.24274,1.23992,1.24214,80
2025-02-03T15:00:00.000Z,1.24214,1.24398,1.24154,1.24338,80
2025-02-03T16:00:00.000Z,1.24338,1.24368,1.24243,1.24273,30
2025-02-03T17:00:00.000Z,1.24273,1.24303,1.24197,1.24227,30
2025-02-03T18:00:00.000Z,1.24227,1.24257,1.24151,1.24181,30
2025-02-03T19:00:00.000Z,1.24181,1.24211,1.24123,1.24153,30
2025-02-03T20:00:00.000Z,1.24153,1.24266,1.23661,1.23774,15
2025-02-03T21:00:00.000Z,1.23774,1.23887,1.23353,1.23466,15
2025-02-03T22:00:00.000Z,1.23466,1.23579,1.23044,1.23157,15
2025-02-03T23:00:00.000Z,1.23157,1.2327,1.22807,1.2292,15
2025-02-04T00:00:00.000Z,1.24356,1.24374,1.24299,1.24317,25
2025-02-04T01:00:00.000Z,1.24317,1.24335,1.24272,1.2429,25
2025-02-04T02:00:00.000Z,1.2429,1.24308,1.24244,1.24262,25
2025-02-04T03:00:00.000Z,1.24262,1.2428,1.24228,1.24246,25
2025-02-04T04:00:00.000Z,1.24246,1.24364,1.24187,1.24305,30
2025-02-04T05:00:00.000Z,1.24305,1.24386,1.24246,1.24327,30
2025-02-04T06:00:00.000Z,1.24327,1.24408,1.24268,1.24349,30
2025-02-04T07:00:00.000Z,1.24349,1.24408,1.24275,1.24334,30
2025-02-04T08:00:00.000Z,1.24334,1.24387,1.24138,1.24191,70
2025-02-04T09:00:00.000Z,1.24191,1.24244,1.24028,1.24081,70
2025-02-04T10:00:00.000Z,1.24081,1.24134,1.23918,1.23971,70
2025-02-04T11:00:00.000Z,1.23971,1.24024,1.23841,1.23894,70
2025-02-04T12:00:00.000Z,1.23894,1.23929,1.2374,1.23775,80
2025-02-04T13:00:00.000Z,1.23775,1.2381,1.23644,1.23679,80
2025-02-04T14:00:00.000Z,1.23679,1.23714,1.23547,1.23582,80
2025-02-04T15:00:00.000Z,1.23582,1.23617,1.23473,1.23508,80
2025-02-04T16:00:00.000Z,1.23508,1.23565,1.2349,1.23547,30
2025-02-04T17:00:00.000Z,1.23547,1.23592,1.23529,1.23574,30
2025-02-04T18:00:00.000Z,1.23574,1.2362,1.23556,1.23602,30
2025-02-04T19:00:00.000Z,1.23602,1.23636,1.23584,1.23618,30
2025-02-04T20:00:00.000Z,1.23618,1.23898,1.23553,1.23833,15
2025-02-04T21:00:00.000Z,1.23833,1.24073,1.23768,1.24008,15
2025-02-04T22:00:00.000Z,1.24008,1.24249,1.23943,1.24184,15
2025-02-04T23:00:00.000Z,1.24184,1.24383,1.24119,1.24318,15
2025-02-05T00:00:00.000Z,1.24775,1.24817,1.24762,1.24804,25
2025-02-05T01:00:00.000Z,1.24804,1.24838,1.24791,1.24825,25
2025-02-05T02:00:00.000Z,1.24825,1.24859,1.24812,1.24846,25
2025-02-05T03:00:00.000Z,1.24846,1.24872,1.24833,1.24859,25
2025-02-05T04:00:00.000Z,1.24859,1.24879,1.24809,1.24829,30
2025-02-05T05:00:00.000Z,1.24829,1.24849,1.24793,1.24813,30
2025-02-05T06:00:00.000Z,1.24813,1.24833,1.24776,1.24796,30
2025-02-05T07:00:00.000Z,1.24796,1.24816,1.24772,1.24792,30
2025-02-05T08:00:00.000Z,1.24792,1.24941,1.24752,1.24901,70
2025-02-05T09:00:00.000Z,1.24901,1.25025,1.24861,1.24985,70
2025-02-05T10:00:00.000Z,1.24985,1.25109,1.24945,1.25069,70
2025-02-05T11:00:00.000Z,1.25069,1.25168,1.25029,1.25128,70
2025-02-05T12:00:00.000Z,1.25128,1.25253,1.25096,1.25221,80
2025-02-05T13:00:00.000Z,1.25221,1.25326,1.25189,1.25294,80
2025-02-05T14:00:00.000Z,1.25294,1.254,1.25262,1.25368,80
2025-02-05T15:00:00.000Z,1.25368,1.25453,1.25336,1.25421,80
2025-02-05T16:00:00.000Z,1.25421,1.25434,1.25379,1.25392,30
2025-02-05T17:00:00.000Z,1.25392,1.25405,1.25358,1.25371,30
2025-02-05T18:00:00.000Z,1.25371,1.25384,1.25337,1.2535,30
2025-02-05T19:00:00.000Z,1.2535,1.25363,1.25324,1.25337,30
2025-02-05T20:00:00.000Z,1.25337,1.25388,1.25115,1.25166,15
2025-02-05T21:00:00.000Z,1.25166,1.25217,1.24977,1.25028,15
2025-02-05T22:00:00.000Z,1.25028,1.25079,1.24838,1.24889,15
2025-02-05T23:00:00.000Z,1.24889,1.2494,1.24731,1.24782,15
2025-02-06T00:00:00.000Z,1.25023,1.25096,1.25,1.25073,25
2025-02-06T01:00:00.000Z,1.25073,1.25131,1.2505,1.25108,25
2025-02-06T02:00:00.000Z,1.25108,1.25167,1.25085,1.25144,25
2025-02-06T03:00:00.000Z,1.25144,1.25188,1.25121,1.25165,25
2025-02-06T04:00:00.000Z,1.25165,1.25289,1.24935,1.25059,30
2025-02-06T05:00:00.000Z,1.25059,1.25183,1.24907,1.25031,30
2025-02-06T06:00:00.000Z,1.25031,1.25155,1.24879,1.25003,30
2025-02-06T07:00:00.000Z,1.25003,1.25176,1.24879,1.25052,30
2025-02-06T08:00:00.000Z,1.25052,1.25304,1.24984,1.25236,70
2025-02-06T09:00:00.000Z,1.25236,1.25445,1.25168,1.25377,70
2025-02-06T10:00:00.000Z,1.25377,1.25586,1.25309,1.25518,70
2025-02-06T11:00:00.000Z,1.25518,1.25685,1.2545,1.25617,70
2025-02-06T12:00:00.000Z,1.25617,1.25814,1.25572,1.25769,80
2025-02-06T13:00:00.000Z,1.25769,1.25937,1.25724,1.25892,80
2025-02-06T14:00:00.000Z,1.25892,1.26061,1.25847,1.26016,80
2025-02-06T15:00:00.000Z,1.26016,1.26156,1.25971,1.26111,80
2025-02-06T16:00:00.000Z,1.26111,1.26134,1.26039,1.26062,30
2025-02-06T17:00:00.000Z,1.26062,1.26085,1.26003,1.26026,30
2025-02-06T18:00:00.000Z,1.26026,1.26049,1.25968,1.25991,30
2025-02-06T19:00:00.000Z,1.25991,1.26014,1.25947,1.2597,30
2025-02-06T20:00:00.000Z,1.2597,1.26056,1.25598,1.25684,15
2025-02-06T21:00:00.000Z,1.25684,1.2577,1.25366,1.25452,15
2025-02-06T22:00:00.000Z,1.25452,1.25538,1.25134,1.2522,15
2025-02-06T23:00:00.000Z,1.2522,1.25306,1.24955,1.25041,15
2025-02-07T00:00:00.000Z,1.24358,1.24409,1.24342,1.24393,25
2025-02-07T01:00:00.000Z,1.24393,1.24435,1.24377,1.24419,25
2025-02-07T02:00:00.000Z,1.24419,1.2446,1.24403,1.24444,25
2025-02-07T03:00:00.000Z,1.24444,1.24475,1.24428,1.24459,25
2025-02-07T04:00:00.000Z,1.24459,1.24508,1.24359,1.24408,30
2025-02-07T05:00:00.000Z,1.24408,1.24457,1.24339,1.24388,30
2025-02-07T06:00:00.000Z,1.24388,1.24437,1.24319,1.24368,30
2025-02-07T07:00:00.000Z,1.24368,1.24427,1.24319,1.24378,30
2025-02-07T08:00:00.000Z,1.24378,1.24557,1.2433,1.24509,70
2025-02-07T09:00:00.000Z,1.24509,1.24657,1.24461,1.24609,70
2025-02-07T10:00:00.000Z,1.24609,1.24758,1.24561,1.2471,70
2025-02-07T11:00:00.000Z,1.2471,1.24828,1.24662,1.2478,70
2025-02-07T12:00:00.000Z,1.2478,1.2492,1.24748,1.24888,80
2025-02-07T13:00:00.000Z,1.24888,1.25009,1.24856,1.24977,80
2025-02-07T14:00:00.000Z,1.24977,1.25097,1.24945,1.25065,80
2025-02-07T15:00:00.000Z,1.25065,1.25165,1.25033,1.25133,80
2025-02-07T16:00:00.000Z,1.25133,1.25149,1.25082,1.25098,30
2025-02-07T17:00:00.000Z,1.25098,1.25114,1.25056,1.25072,30
2025-02-07T18:00:00.000Z,1.25072,1.25088,1.25031,1.25047,30
2025-02-07T19:00:00.000Z,1.25047,1.25063,1.25016,1.25032,30
2025-02-07T20:00:00.000Z,1.25032,1.25093,1.24769,1.2483,15
2025-02-07T21:00:00.000Z,1.2483,1.24891,1.24605,1.24666,15
2025-02-07T22:00:00.000Z,1.24666,1.24727,1.2444,1.24501,15
2025-02-07T23:00:00.000Z,1.24501,1.24562,1.24314,1.24375,15
2025-02-10T00:00:00.000Z,1.23903,1.23928,1.23895,1.2392,25
2025-02-10T01:00:00.000Z,1.2392,1.2394,1.23912,1.23932,25
2025-02-10T02:00:00.000Z,1.23932,1.23953,1.23924,1.23945,25
2025-02-10T03:00:00.000Z,1.23945,1.2396,1.23937,1.23952,25
2025-02-10T04:00:00.000Z,1.23952,1.23972,1.2391,1.2393,30
2025-02-10T05:00:00.000Z,1.2393,1.2395,1.239,1.2392,30
2025-02-10T06:00:00.000Z,1.2392,1.2394,1.23891,1.23911,30
2025-02-10T07:00:00.000Z,1.23911,1.23933,1.23891,1.23913,30
2025-02-10T08:00:00.000Z,1.23913,1.23999,1.2389,1.23976,70
2025-02-10T09:00:00.000Z,1.23976,1.24048,1.23953,1.24025,70
2025-02-10T10:00:00.000Z,1.24025,1.24096,1.24002,1.24073,70
2025-02-10T11:00:00.000Z,1.24073,1.2413,1.2405,1.24107,70
2025-02-10T12:00:00.000Z,1.24107,1.24174,1.24092,1.24159,80
2025-02-10T13:00:00.000Z,1.24159,1.24216,1.24144,1.24201,80
2025-02-10T14:00:00.000Z,1.24201,1.24258,1.24186,1.24243,80
2025-02-10T15:00:00.000Z,1.24243,1.24291,1.24228,1.24276,80
2025-02-10T16:00:00.000Z,1.24276,1.24284,1.24251,1.24259,30
2025-02-10T17:00:00.000Z,1.24259,1.24267,1.24239,1.24247,30
2025-02-10T18:00:00.000Z,1.24247,1.24255,1.24227,1.24235,30
2025-02-10T19:00:00.000Z,1.24235,1.24243,1.2422,1.24228,30
2025-02-10T20:00:00.000Z,1.24228,1.24257,1.24103,1.24132,15
2025-02-10T21:00:00.000Z,1.24132,1.24161,1.24025,1.24054,15
2025-02-10T22:00:00.000Z,1.24054,1.24083,1.23947,1.23976,15
2025-02-10T23:00:00.000Z,1.23976,1.24005,1.23887,1.23916,15
2025-02-11T00:00:00.000Z,1.23616,1.23631,1.23569,1.23584,25
2025-02-11T01:00:00.000Z,1.23584,1.23599,1.23546,1.23561,25
2025-02-11T02:00:00.000Z,1.23561,1.23576,1.23523,1.23538,25
2025-02-11T03:00:00.000Z,1.23538,1.23553,1.23509,1.23524,25
2025-02-11T04:00:00.000Z,1.23524,1.23643,1.23462,1.23581,30
2025-02-11T05:00:00.000Z,1.23581,1.23661,1.23519,1.23599,30
2025-02-11T06:00:00.000Z,1.23599,1.2368,1.23537,1.23618,30
2025-02-11T07:00:00.000Z,1.23618,1.2368,1.23535,1.23597,30
2025-02-11T08:00:00.000Z,1.23597,1.23641,1.23434,1.23478,70
2025-02-11T09:00:00.000Z,1.23478,1.23522,1.23343,1.23387,70
2025-02-11T10:00:00.000Z,1.23387,1.23431,1.23252,1.23296,70
2025-02-11T11:00:00.000Z,1.23296,1.2334,1.23188,1.23232,70
2025-02-11T12:00:00.000Z,1.23232,1.23261,1.23105,1.23134,80
2025-02-11T13:00:00.000Z,1.23134,1.23163,1.23025,1.23054,80
2025-02-11T14:00:00.000Z,1.23054,1.23083,1.22946,1.22975,80
2025-02-11T15:00:00.000Z,1.22975,1.23004,1.22884,1.22913,80
2025-02-11T16:00:00.000Z,1.22913,1.2296,1.22898,1.22945,30
2025-02-11T17:00:00.000Z,1.22945,1.22983,1.2293,1.22968,30
2025-02-11T18:00:00.000Z,1.22968,1.23006,1.22953,1.22991,30
2025-02-11T19:00:00.000Z,1.22991,1.2302,1.22976,1.23005,30
2025-02-11T20:00:00.000Z,1.23005,1.23245,1.2295,1.2319,15
2025-02-11T21:00:00.000Z,1.2319,1.23395,1.23135,1.2334,15
2025-02-11T22:00:00.000Z,1.2334,1.23545,1.23285,1.2349,15
2025-02-11T23:00:00.000Z,1.2349,1.23661,1.23435,1.23606,15
2025-02-12T00:00:00.000Z,1.24525,1.24539,1.24481,1.24495,25
2025-02-12T01:00:00.000Z,1.24495,1.24509,1.2446,1.24474,25
2025-02-12T02:00:00.000Z,1.24474,1.24488,1.24439,1.24453,25
2025-02-12T03:00:00.000Z,1.24453,1.24467,1.24426,1.2444,25
2025-02-12T04:00:00.000Z,1.2444,1.24489,1.2442,1.24469,30
2025-02-12T05:00:00.000Z,1.24469,1.24506,1.24449,1.24486,30
2025-02-12T06:00:00.000Z,1.24486,1.24523,1.24466,1.24503,30
2025-02-12T07:00:00.000Z,1.24503,1.24528,1.24483,1.24508,30
2025-02-12T08:00:00.000Z,1.24508,1.24549,1.24357,1.24398,70
2025-02-12T09:00:00.000Z,1.24398,1.24439,1.24272,1.24313,70
2025-02-12T10:00:00.000Z,1.24313,1.24354,1.24187,1.24228,70
2025-02-12T11:00:00.000Z,1.24228,1.24269,1.24128,1.24169,70
2025-02-12T12:00:00.000Z,1.24169,1.24202,1.24041,1.24074,80
2025-02-12T13:00:00.000Z,1.24074,1.24107,1.23967,1.24,80
2025-02-12T14:00:00.000Z,1.24,1.24033,1.23892,1.23925,80
2025-02-12T15:00:00.000Z,1.23925,1.23958,1.23839,1.23872,80
2025-02-12T16:00:00.000Z,1.23872,1.23916,1.23858,1.23902,30
2025-02-12T17:00:00.000Z,1.23902,1.23937,1.23888,1.23923,30
2025-02-12T18:00:00.000Z,1.23923,1.23958,1.23909,1.23944,30
2025-02-12T19:00:00.000Z,1.23944,1.23971,1.2393,1.23957,30
2025-02-12T20:00:00.000Z,1.23957,1.24181,1.23905,1.24129,15
2025-02-12T21:00:00.000Z,1.24129,1.24321,1.24077,1.24269,15
2025-02-12T22:00:00.000Z,1.24269,1.2446,1.24217,1.24408,15
2025-02-12T23:00:00.000Z,1.24408,1.24568,1.24356,1.24516,15
2025-02-13T00:00:00.000Z,1.24521,1.24536,1.24472,1.24487,25
2025-02-13T01:00:00.000Z,1.24487,1.24502,1.24448,1.24463,25
2025-02-13T02:00:00.000Z,1.24463,1.24478,1.24424,1.24439,25
2025-02-13T03:00:00.000Z,1.24439,1.24454,1.2441,1.24425,25
2025-02-13T04:00:00.000Z,1.24425,1.24577,1.24343,1.24495,30
2025-02-13T05:00:00.000Z,1.24495,1.24596,1.24413,1.24514,30
2025-02-13T06:00:00.000Z,1.24514,1.24615,1.24432,1.24533,30
2025-02-13T07:00:00.000Z,1.24533,1.24615,1.24419,1.24501,30
2025-02-13T08:00:00.000Z,1.24501,1.24547,1.24331,1.24377,70
2025-02-13T09:00:00.000Z,1.24377,1.24423,1.24235,1.24281,70
2025-02-13T10:00:00.000Z,1.24281,1.24327,1.24139,1.24185,70
2025-02-13T11:00:00.000Z,1.24185,1.24231,1.24072,1.24118,70
2025-02-13T12:00:00.000Z,1.24118,1.24149,1.23984,1.24015,80
2025-02-13T13:00:00.000Z,1.24015,1.24046,1.239,1.23931,80
2025-02-13T14:00:00.000Z,1.23931,1.23962,1.23817,1.23848,80
2025-02-13T15:00:00.000Z,1.23848,1.23879,1.23752,1.23783,80
2025-02-13T16:00:00.000Z,1.23783,1.23832,1.23768,1.23817,30
2025-02-13T17:00:00.000Z,1.23817,1.23856,1.23802,1.23841,30
2025-02-13T18:00:00.000Z,1.23841,1.2388,1.23826,1.23865,30
2025-02-13T19:00:00.000Z,1.23865,1.23894,1.2385,1.23879,30
2025-02-13T20:00:00.000Z,1.23879,1.2413,1.23821,1.24072,15
2025-02-13T21:00:00.000Z,1.24072,1.24287,1.24014,1.24229,15
2025-02-13T22:00:00.000Z,1.24229,1.24444,1.24171,1.24386,15
2025-02-13T23:00:00.000Z,1.24386,1.24565,1.24328,1.24507,15
2025-02-14T00:00:00.000Z,1.25671,1.25684,1.2563,1.25643,25
2025-02-14T01:00:00.000Z,1.25643,1.25656,1.2561,1.25623,25
2025-02-14T02:00:00.000Z,1.25623,1.25636,1.2559,1.25603,25
2025-02-14T03:00:00.000Z,1.25603,1.25616,1.25578,1.25591,25
2025-02-14T04:00:00.000Z,1.25591,1.25705,1.25531,1.25645,30
2025-02-14T05:00:00.000Z,1.25645,1.25721,1.25585,1.25661,30
2025-02-14T06:00:00.000Z,1.25661,1.25737,1.25601,1.25677,30
2025-02-14T07:00:00.000Z,1.25677,1.25737,1.25595,1.25655,30
2025-02-14T08:00:00.000Z,1.25655,1.25693,1.25514,1.25552,70
2025-02-14T09:00:00.000Z,1.25552,1.2559,1.25434,1.25472,70
2025-02-14T10:00:00.000Z,1.25472,1.2551,1.25355,1.25393,70
2025-02-14T11:00:00.000Z,1.25393,1.25431,1.25299,1.25337,70
2025-02-14T12:00:00.000Z,1.25337,1.25362,1.25226,1.25251,80
2025-02-14T13:00:00.000Z,1.25251,1.25276,1.25157,1.25182,80
2025-02-14T14:00:00.000Z,1.25182,1.25207,1.25087,1.25112,80
2025-02-14T15:00:00.000Z,1.25112,1.25137,1.25033,1.25058,80
2025-02-14T16:00:00.000Z,1.25058,1.25099,1.25045,1.25086,30
2025-02-14T17:00:00.000Z,1.25086,1.25119,1.25073,1.25106,30
2025-02-14T18:00:00.000Z,1.25106,1.25139,1.25093,1.25126,30
2025-02-14T19:00:00.000Z,1.25126,1.25151,1.25113,1.25138,30
2025-02-14T20:00:00.000Z,1.25138,1.25337,1.25092,1.25291,15
2025-02-14T21:00:00.000Z,1.25291,1.25461,1.25245,1.25415,15
2025-02-14T22:00:00.000Z,1.25415,1.25585,1.25369,1.25539,15
2025-02-14T23:00:00.000Z,1.25539,1.2568,1.25493,1.25634,15
2025-02-17T00:00:00.000Z,1.25846,1.25851,1.25829,1.25834,25
2025-02-17T01:00:00.000Z,1.25834,1.25839,1.25821,1.25826,25
2025-02-17T02:00:00.000Z,1.25826,1.25831,1.25813,1.25818,25
2025-02-17T03:00:00.000Z,1.25818,1.25823,1.25808,1.25813,25
2025-02-17T04:00:00.000Z,1.25813,1.25864,1.25786,1.25837,30
2025-02-17T05:00:00.000Z,1.25837,1.25871,1.2581,1.25844,30
2025-02-17T06:00:00.000Z,1.25844,1.25877,1.25817,1.2585,30
2025-02-17T07:00:00.000Z,1.2585,1.25877,1.25813,1.2584,30
2025-02-17T08:00:00.000Z,1.2584,1.25856,1.25781,1.25797,70
2025-02-17T09:00:00.000Z,1.25797,1.25813,1.25748,1.25764,70
2025-02-17T10:00:00.000Z,1.25764,1.2578,1.25715,1.25731,70
2025-02-17T11:00:00.000Z,1.25731,1.25747,1.25692,1.25708,70
2025-02-17T12:00:00.000Z,1.25708,1.25719,1.25662,1.25673,80
2025-02-17T13:00:00.000Z,1.25673,1.25684,1.25633,1.25644,80
2025-02-17T14:00:00.000Z,1.25644,1.25655,1.25604,1.25615,80
2025-02-17T15:00:00.000Z,1.25615,1.25626,1.25582,1.25593,80
2025-02-17T16:00:00.000Z,1.25593,1.2561,1.25588,1.25605,30
2025-02-17T17:00:00.000Z,1.25605,1.25618,1.256,1.25613,30
2025-02-17T18:00:00.000Z,1.25613,1.25626,1.25608,1.25621,30
2025-02-17T19:00:00.000Z,1.25621,1.25631,1.25616,1.25626,30
2025-02-17T20:00:00.000Z,1.25626,1.25712,1.25606,1.25692,15
2025-02-17T21:00:00.000Z,1.25692,1.25766,1.25672,1.25746,15
2025-02-17T22:00:00.000Z,1.25746,1.2582,1.25726,1.258,15
2025-02-17T23:00:00.000Z,1.258,1.25862,1.2578,1.25842,15
2025-02-18T00:00:00.000Z,1.26216,1.26222,1.26196,1.26202,25
2025-02-18T01:00:00.000Z,1.26202,1.26208,1.26186,1.26192,25
2025-02-18T02:00:00.000Z,1.26192,1.26198,1.26176,1.26182,25
2025-02-18T03:00:00.000Z,1.26182,1.26188,1.2617,1.26176,25
2025-02-18T04:00:00.000Z,1.26176,1.26195,1.26169,1.26188,30
2025-02-18T05:00:00.000Z,1.26188,1.26203,1.26181,1.26196,30
2025-02-18T06:00:00.000Z,1.26196,1.26211,1.26189,1.26204,30
2025-02-18T07:00:00.000Z,1.26204,1.26215,1.26197,1.26208,30
2025-02-18T08:00:00.000Z,1.26208,1.26227,1.26137,1.26156,70
2025-02-18T09:00:00.000Z,1.26156,1.26175,1.26097,1.26116,70
2025-02-18T10:00:00.000Z,1.26116,1.26135,1.26057,1.26076,70
2025-02-18T11:00:00.000Z,1.26076,1.26095,1.26029,1.26048,70
2025-02-18T12:00:00.000Z,1.26048,1.26066,1.25983,1.26001,80
2025-02-18T13:00:00.000Z,1.26001,1.26019,1.25948,1.25966,80
2025-02-18T14:00:00.000Z,1.25966,1.25984,1.25913,1.25931,80
2025-02-18T15:00:00.000Z,1.25931,1.25949,1.25889,1.25907,80
2025-02-18T16:00:00.000Z,1.25907,1.25927,1.25901,1.25921,30
2025-02-18T17:00:00.000Z,1.25921,1.25937,1.25915,1.25931,30
2025-02-18T18:00:00.000Z,1.25931,1.25947,1.25925,1.25941,30
2025-02-18T19:00:00.000Z,1.25941,1.25953,1.25935,1.25947,30
2025-02-18T20:00:00.000Z,1.25947,1.26054,1.25922,1.26029,15
2025-02-18T21:00:00.000Z,1.26029,1.26121,1.26004,1.26096,15
2025-02-18T22:00:00.000Z,1.26096,1.26188,1.26071,1.26163,15
2025-02-18T23:00:00.000Z,1.26163,1.2624,1.26138,1.26215,15
2025-02-19T00:00:00.000Z,1.26263,1.26274,1.26228,1.26239,25
2025-02-19T01:00:00.000Z,1.26239,1.2625,1.26211,1.26222,25
2025-02-19T02:00:00.000Z,1.26222,1.26233,1.26194,1.26205,25
2025-02-19T03:00:00.000Z,1.26205,1.26216,1.26184,1.26195,25
2025-02-19T04:00:00.000Z,1.26195,1.26238,1.26177,1.2622,30
2025-02-19T05:00:00.000Z,1.2622,1.26251,1.26202,1.26233,30
2025-02-19T06:00:00.000Z,1.26233,1.26265,1.26215,1.26247,30
2025-02-19T07:00:00.000Z,1.26247,1.26267,1.26229,1.26249,30
2025-02-19T08:00:00.000Z,1.26249,1.26282,1.26128,1.26161,70
2025-02-19T09:00:00.000Z,1.26161,1.26194,1.2606,1.26093,70
2025-02-19T10:00:00.000Z,1.26093,1.26126,1.25992,1.26025,70
2025-02-19T11:00:00.000Z,1.26025,1.26058,1.25945,1.25978,70
2025-02-19T12:00:00.000Z,1.25978,1.26002,1.25879,1.25903,80
2025-02-19T13:00:00.000Z,1.25903,1.25927,1.2582,1.25844,80
2025-02-19T14:00:00.000Z,1.25844,1.25868,1.2576,1.25784,80
2025-02-19T15:00:00.000Z,1.25784,1.25808,1.25716,1.2574,80
2025-02-19T16:00:00.000Z,1.2574,1.25775,1.25729,1.25764,30
2025-02-19T17:00:00.000Z,1.25764,1.25792,1.25753,1.25781,30
2025-02-19T18:00:00.000Z,1.25781,1.25809,1.2577,1.25798,30
2025-02-19T19:00:00.000Z,1.25798,1.25819,1.25787,1.25808,30
2025-02-19T20:00:00.000Z,1.25808,1.25987,1.25767,1.25946,15
2025-02-19T21:00:00.000Z,1.25946,1.261,1.25905,1.26059,15
2025-02-19T22:00:00.000Z,1.26059,1.26212,1.26018,1.26171,15
2025-02-19T23:00:00.000Z,1.26171,1.26299,1.2613,1.26258,15
2025-02-20T00:00:00.000Z,1.25838,1.25873,1.25827,1.25862,25
2025-02-20T01:00:00.000Z,1.25862,1.2589,1.25851,1.25879,25
2025-02-20T02:00:00.000Z,1.25879,1.25907,1.25868,1.25896,25
2025-02-20T03:00:00.000Z,1.25896,1.25917,1.25885,1.25906,25
2025-02-20T04:00:00.000Z,1.25906,1.25916,1.25876,1.25886,30
2025-02-20T05:00:00.000Z,1.25886,1.25896,1.25863,1.25873,30
2025-02-20T06:00:00.000Z,1.25873,1.25883,1.25849,1.25859,30
2025-02-20T07:00:00.000Z,1.25859,1.25869,1.25842,1.25852,30
2025-02-20T08:00:00.000Z,1.25852,1.25971,1.2582,1.25939,70
2025-02-20T09:00:00.000Z,1.25939,1.26039,1.25907,1.26007,70
2025-02-20T10:00:00.000Z,1.26007,1.26106,1.25975,1.26074,70
2025-02-20T11:00:00.000Z,1.26074,1.26153,1.26042,1.26121,70
2025-02-20T12:00:00.000Z,1.26121,1.26232,1.26089,1.262,80
2025-02-20T13:00:00.000Z,1.262,1.26291,1.26168,1.26259,80
2025-02-20T14:00:00.000Z,1.26259,1.2635,1.26227,1.26318,80
2025-02-20T15:00:00.000Z,1.26318,1.26389,1.26286,1.26357,80
2025-02-20T16:00:00.000Z,1.26357,1.26368,1.26322,1.26333,30
2025-02-20T17:00:00.000Z,1.26333,1.26344,1.26305,1.26316,30
2025-02-20T18:00:00.000Z,1.26316,1.26327,1.26288,1.26299,30
2025-02-20T19:00:00.000Z,1.26299,1.2631,1.26278,1.26289,30
2025-02-20T20:00:00.000Z,1.26289,1.2633,1.26111,1.26152,15
2025-02-20T21:00:00.000Z,1.26152,1.26193,1.25999,1.2604,15
2025-02-20T22:00:00.000Z,1.2604,1.26081,1.25887,1.25928,15
2025-02-20T23:00:00.000Z,1.25928,1.25969,1.25801,1.25842,15
2025-02-21T00:00:00.000Z,1.26701,1.26725,1.26693,1.26717,25
2025-02-21T01:00:00.000Z,1.26717,1.26737,1.26709,1.26729,25
2025-02-21T02:00:00.000Z,1.26729,1.26749,1.26721,1.26741,25
2025-02-21T03:00:00.000Z,1.26741,1.26756,1.26733,1.26748,25
2025-02-21T04:00:00.000Z,1.26748,1.26784,1.2668,1.26716,30
2025-02-21T05:00:00.000Z,1.26716,1.26752,1.2667,1.26706,30
2025-02-21T06:00:00.000Z,1.26706,1.26742,1.26661,1.26697,30
2025-02-21T07:00:00.000Z,1.26697,1.26746,1.26661,1.2671,30
2025-02-21T08:00:00.000Z,1.2671,1.26794,1.26687,1.26771,70
2025-02-21T09:00:00.000Z,1.26771,1.26841,1.26748,1.26818,70
2025-02-21T10:00:00.000Z,1.26818,1.26888,1.26795,1.26865,70
2025-02-21T11:00:00.000Z,1.26865,1.26921,1.26842,1.26898,70
2025-02-21T12:00:00.000Z,1.26898,1.26963,1.26883,1.26948,80
2025-02-21T13:00:00.000Z,1.26948,1.27004,1.26933,1.26989,80
2025-02-21T14:00:00.000Z,1.26989,1.27045,1.26974,1.2703,80
2025-02-21T15:00:00.000Z,1.2703,1.27077,1.27015,1.27062,80
2025-02-21T16:00:00.000Z,1.27062,1.2707,1.27038,1.27046,30
2025-02-21T17:00:00.000Z,1.27046,1.27054,1.27026,1.27034,30
2025-02-21T18:00:00.000Z,1.27034,1.27042,1.27014,1.27022,30
2025-02-21T19:00:00.000Z,1.27022,1.2703,1.27007,1.27015,30
2025-02-21T20:00:00.000Z,1.27015,1.27044,1.2689,1.26919,15
2025-02-21T21:00:00.000Z,1.26919,1.26948,1.26813,1.26842,15
2025-02-21T22:00:00.000Z,1.26842,1.26871,1.26735,1.26764,15
2025-02-21T23:00:00.000Z,1.26764,1.26793,1.26675,1.26704,15
2025-02-24T00:00:00.000Z,1.26493,1.26532,1.26481,1.2652,25
2025-02-24T01:00:00.000Z,1.2652,1.26551,1.26508,1.26539,25
2025-02-24T02:00:00.000Z,1.26539,1.2657,1.26527,1.26558,25
2025-02-24T03:00:00.000Z,1.26558,1.26582,1.26546,1.2657,25
2025-02-24T04:00:00.000Z,1.2657,1.26607,1.26494,1.26531,30
2025-02-24T05:00:00.000Z,1.26531,1.26568,1.26479,1.26516,30
2025-02-24T06:00:00.000Z,1.26516,1.26553,1.26463,1.265,30
2025-02-24T07:00:00.000Z,1.265,1.26545,1.26463,1.26508,30
2025-02-24T08:00:00.000Z,1.26508,1.26646,1.26471,1.26609,70
2025-02-24T09:00:00.000Z,1.26609,1.26724,1.26572,1.26687,70
2025-02-24T10:00:00.000Z,1.26687,1.26802,1.2665,1.26765,70
2025-02-24T11:00:00.000Z,1.26765,1.26856,1.26728,1.26819,70
2025-02-24T12:00:00.000Z,1.26819,1.26928,1.26794,1.26903,80
2025-02-24T13:00:00.000Z,1.26903,1.26996,1.26878,1.26971,80
2025-02-24T14:00:00.000Z,1.26971,1.27064,1.26946,1.27039,80
2025-02-24T15:00:00.000Z,1.27039,1.27117,1.27014,1.27092,80
2025-02-24T16:00:00.000Z,1.27092,1.27104,1.27053,1.27065,30
2025-02-24T17:00:00.000Z,1.27065,1.27077,1.27033,1.27045,30
2025-02-24T18:00:00.000Z,1.27045,1.27057,1.27014,1.27026,30
2025-02-24T19:00:00.000Z,1.27026,1.27038,1.27002,1.27014,30
2025-02-24T20:00:00.000Z,1.27014,1.27061,1.26809,1.26856,15
2025-02-24T21:00:00.000Z,1.26856,1.26903,1.2668,1.26727,15
2025-02-24T22:00:00.000Z,1.26727,1.26774,1.26551,1.26598,15
2025-02-24T23:00:00.000Z,1.26598,1.26645,1.26452,1.26499,15
2025-02-25T00:00:00.000Z,1.26189,1.262,1.26154,1.26165,25
2025-02-25T01:00:00.000Z,1.26165,1.26176,1.26137,1.26148,25
2025-02-25T02:00:00.000Z,1.26148,1.26159,1.26119,1.2613,25
2025-02-25T03:00:00.000Z,1.2613,1.26141,1.26109,1.2612,25
2025-02-25T04:00:00.000Z,1.2612,1.26225,1.26064,1.26169,30
2025-02-25T05:00:00.000Z,1.26169,1.26239,1.26113,1.26183,30
2025-02-25T06:00:00.000Z,1.26183,1.26253,1.26127,1.26197,30
2025-02-25T07:00:00.000Z,1.26197,1.26253,1.2612,1.26176,30
2025-02-25T08:00:00.000Z,1.26176,1.26209,1.26053,1.26086,70
2025-02-25T09:00:00.000Z,1.26086,1.26119,1.25984,1.26017,70
2025-02-25T10:00:00.000Z,1.26017,1.2605,1.25915,1.25948,70
2025-02-25T11:00:00.000Z,1.25948,1.25981,1.25866,1.25899,70
2025-02-25T12:00:00.000Z,1.25899,1.25921,1.25803,1.25825,80
2025-02-25T13:00:00.000Z,1.25825,1.25847,1.25743,1.25765,80
2025-02-25T14:00:00.000Z,1.25765,1.25787,1.25682,1.25704,80
2025-02-25T15:00:00.000Z,1.25704,1.25726,1.25636,1.25658,80
2025-02-25T16:00:00.000Z,1.25658,1.25693,1.25647,1.25682,30
2025-02-25T17:00:00.000Z,1.25682,1.2571,1.25671,1.25699,30
2025-02-25T18:00:00.000Z,1.25699,1.25728,1.25688,1.25717,30
2025-02-25T19:00:00.000Z,1.25717,1.25738,1.25706,1.25727,30
2025-02-25T20:00:00.000Z,1.25727,1.25908,1.25685,1.25866,15
2025-02-25T21:00:00.000Z,1.25866,1.26021,1.25824,1.25979,15
2025-02-25T22:00:00.000Z,1.25979,1.26133,1.25937,1.26091,15
2025-02-25T23:00:00.000Z,1.26091,1.2622,1.26049,1.26178,15
2025-02-26T00:00:00.000Z,1.26735,1.26771,1.26724,1.2676,25
2025-02-26T01:00:00.000Z,1.2676,1.26789,1.26749,1.26778,25
2025-02-26T02:00:00.000Z,1.26778,1.26806,1.26767,1.26795,25
2025-02-26T03:00:00.000Z,1.26795,1.26817,1.26784,1.26806,25
2025-02-26T04:00:00.000Z,1.26806,1.26844,1.2673,1.26768,30
2025-02-26T05:00:00.000Z,1.26768,1.26806,1.26716,1.26754,30
2025-02-26T06:00:00.000Z,1.26754,1.26792,1.26702,1.2674,30
2025-02-26T07:00:00.000Z,1.2674,1.26787,1.26702,1.26749,30
2025-02-26T08:00:00.000Z,1.26749,1.26875,1.26715,1.26841,70
2025-02-26T09:00:00.000Z,1.26841,1.26946,1.26807,1.26912,70
2025-02-26T10:00:00.000Z,1.26912,1.27017,1.26878,1.26983,70
2025-02-26T11:00:00.000Z,1.26983,1.27067,1.26949,1.27033,70
2025-02-26T12:00:00.000Z,1.27033,1.27132,1.2701,1.27109,80
2025-02-26T13:00:00.000Z,1.27109,1.27195,1.27086,1.27172,80
2025-02-26T14:00:00.000Z,1.27172,1.27257,1.27149,1.27234,80
2025-02-26T15:00:00.000Z,1.27234,1.27305,1.27211,1.27282,80
2025-02-26T16:00:00.000Z,1.27282,1.27293,1.27246,1.27257,30
2025-02-26T17:00:00.000Z,1.27257,1.27268,1.27228,1.27239,30
2025-02-26T18:00:00.000Z,1.27239,1.2725,1.27211,1.27222,30
2025-02-26T19:00:00.000Z,1.27222,1.27233,1.272,1.27211,30
2025-02-26T20:00:00.000Z,1.27211,1.27254,1.27024,1.27067,15
2025-02-26T21:00:00.000Z,1.27067,1.2711,1.26908,1.26951,15
2025-02-26T22:00:00.000Z,1.26951,1.26994,1.26791,1.26834,15
2025-02-26T23:00:00.000Z,1.26834,1.26877,1.26701,1.26744,15
2025-02-27T00:00:00.000Z,1.2681,1.26847,1.26798,1.26835,25
2025-02-27T01:00:00.000Z,1.26835,1.26865,1.26823,1.26853,25
2025-02-27T02:00:00.000Z,1.26853,1.26883,1.26841,1.26871,25
2025-02-27T03:00:00.000Z,1.26871,1.26894,1.26859,1.26882,25
2025-02-27T04:00:00.000Z,1.26882,1.26942,1.2677,1.2683,30
2025-02-27T05:00:00.000Z,1.2683,1.2689,1.26756,1.26816,30
2025-02-27T06:00:00.000Z,1.26816,1.26876,1.26741,1.26801,30
2025-02-27T07:00:00.000Z,1.26801,1.26884,1.26741,1.26824,30
2025-02-27T08:00:00.000Z,1.26824,1.26952,1.2679,1.26918,70
2025-02-27T09:00:00.000Z,1.26918,1.27024,1.26884,1.2699,70
2025-02-27T10:00:00.000Z,1.2699,1.27096,1.26956,1.27062,70
2025-02-27T11:00:00.000Z,1.27062,1.27146,1.27028,1.27112,70
2025-02-27T12:00:00.000Z,1.27112,1.27212,1.27089,1.27189,80
2025-02-27T13:00:00.000Z,1.27189,1.27275,1.27166,1.27252,80
2025-02-27T14:00:00.000Z,1.27252,1.27338,1.27229,1.27315,80
2025-02-27T15:00:00.000Z,1.27315,1.27387,1.27292,1.27364,80
2025-02-27T16:00:00.000Z,1.27364,1.27375,1.27328,1.27339,30
2025-02-27T17:00:00.000Z,1.27339,1.2735,1.2731,1.27321,30
2025-02-27T18:00:00.000Z,1.27321,1.27332,1.27292,1.27303,30
2025-02-27T19:00:00.000Z,1.27303,1.27314,1.27281,1.27292,30
2025-02-27T20:00:00.000Z,1.27292,1.27335,1.27105,1.27148,15
2025-02-27T21:00:00.000Z,1.27148,1.27191,1.26987,1.2703,15
2025-02-27T22:00:00.000Z,1.2703,1.27073,1.2687,1.26913,15
2025-02-27T23:00:00.000Z,1.26913,1.26956,1.2678,1.26823,15
2025-02-28T00:00:00.000Z,1.25979,1.26004,1.25971,1.25996,25
2025-02-28T01:00:00.000Z,1.25996,1.26016,1.25988,1.26008,25
2025-02-28T02:00:00.000Z,1.26008,1.26028,1.26,1.2602,25
2025-02-28T03:00:00.000Z,1.2602,1.26035,1.26012,1.26027,25
2025-02-28T04:00:00.000Z,1.26027,1.26051,1.25978,1.26002,30
2025-02-28T05:00:00.000Z,1.26002,1.26026,1.25969,1.25993,30
2025-02-28T06:00:00.000Z,1.25993,1.26017,1.25959,1.25983,30
2025-02-28T07:00:00.000Z,1.25983,1.26013,1.25959,1.25989,30
2025-02-28T08:00:00.000Z,1.25989,1.26074,1.25966,1.26051,70
2025-02-28T09:00:00.000Z,1.26051,1.26121,1.26028,1.26098,70
2025-02-28T10:00:00.000Z,1.26098,1.26169,1.26075,1.26146,70
2025-02-28T11:00:00.000Z,1.26146,1.26202,1.26123,1.26179,70
2025-02-28T12:00:00.000Z,1.26179,1.26245,1.26164,1.2623,80
2025-02-28T13:00:00.000Z,1.2623,1.26287,1.26215,1.26272,80
2025-02-28T14:00:00.000Z,1.26272,1.26328,1.26257,1.26313,80
2025-02-28T15:00:00.000Z,1.26313,1.2636,1.26298,1.26345,80
2025-02-28T16:00:00.000Z,1.26345,1.26353,1.2632,1.26328,30
2025-02-28T17:00:00.000Z,1.26328,1.26336,1.26308,1.26316,30
2025-02-28T18:00:00.000Z,1.26316,1.26324,1.26296,1.26304,30
2025-02-28T19:00:00.000Z,1.26304,1.26312,1.26289,1.26297,30
2025-02-28T20:00:00.000Z,1.26297,1.26325,1.26174,1.26202,15
2025-02-28T21:00:00.000Z,1.26202,1.2623,1.26097,1.26125,15
2025-02-28T22:00:00.000Z,1.26125,1.26153,1.2602,1.26048,15
2025-02-28T23:00:00.000Z,1.26048,1.26076,1.25961,1.25989,15
2025-03-03T00:00:00.000Z,1.26016,1.2608,1.25996,1.2606,25
2025-03-03T01:00:00.000Z,1.2606,1.26112,1.2604,1.26092,25
2025-03-03T02:00:00.000Z,1.26092,1.26144,1.26072,1.26124,25
2025-03-03T03:00:00.000Z,1.26124,1.26163,1.26104,1.26143,25
2025-03-03T04:00:00.000Z,1.26143,1.26172,1.2607,1.26099,30
2025-03-03T05:00:00.000Z,1.26099,1.26128,1.26045,1.26074,30
2025-03-03T06:00:00.000Z,1.26074,1.26103,1.26019,1.26048,30
2025-03-03T07:00:00.000Z,1.26048,1.26077,1.26012,1.26041,30
2025-03-03T08:00:00.000Z,1.26041,1.26267,1.2598,1.26206,70
2025-03-03T09:00:00.000Z,1.26206,1.26394,1.26145,1.26333,70
2025-03-03T10:00:00.000Z,1.26333,1.26521,1.26272,1.2646,70
2025-03-03T11:00:00.000Z,1.2646,1.2661,1.26399,1.26549,70
2025-03-03T12:00:00.000Z,1.26549,1.26741,1.26499,1.26691,80
2025-03-03T13:00:00.000Z,1.26691,1.26852,1.26641,1.26802,80
2025-03-03T14:00:00.000Z,1.26802,1.26963,1.26752,1.26913,80
2025-03-03T15:00:00.000Z,1.26913,1.27043,1.26863,1.26993,80
2025-03-03T16:00:00.000Z,1.26993,1.27013,1.26929,1.26949,30
2025-03-03T17:00:00.000Z,1.26949,1.26969,1.26897,1.26917,30
2025-03-03T18:00:00.000Z,1.26917,1.26937,1.26865,1.26885,30
2025-03-03T19:00:00.000Z,1.26885,1.26905,1.26846,1.26866,30
2025-03-03T20:00:00.000Z,1.26866,1.26942,1.26536,1.26612,15
2025-03-03T21:00:00.000Z,1.26612,1.26688,1.26329,1.26405,15
2025-03-03T22:00:00.000Z,1.26405,1.26481,1.26123,1.26199,15
2025-03-03T23:00:00.000Z,1.26199,1.26275,1.25964,1.2604,15
2025-03-04T00:00:00.000Z,1.27024,1.27036,1.26986,1.26998,25
2025-03-04T01:00:00.000Z,1.26998,1.2701,1.26968,1.2698,25
2025-03-04T02:00:00.000Z,1.2698,1.26992,1.26949,1.26961,25
2025-03-04T03:00:00.000Z,1.26961,1.26973,1.26938,1.2695,25
2025-03-04T04:00:00.000Z,1.2695,1.27046,1.269,1.26996,30
2025-03-04T05:00:00.000Z,1.26996,1.27061,1.26946,1.27011,30
2025-03-04T06:00:00.000Z,1.27011,1.27076,1.26961,1.27026,30
2025-03-04T07:00:00.000Z,1.27026,1.27076,1.2696,1.2701,30
2025-03-04T08:00:00.000Z,1.2701,1.27046,1.26877,1.26913,70
2025-03-04T09:00:00.000Z,1.26913,1.26949,1.26802,1.26838,70
2025-03-04T10:00:00.000Z,1.26838,1.26874,1.26727,1.26763,70
2025-03-04T11:00:00.000Z,1.26763,1.26799,1.26674,1.2671,70
2025-03-04T12:00:00.000Z,1.2671,1.26734,1.26606,1.2663,80
2025-03-04T13:00:00.000Z,1.2663,1.26654,1.26541,1.26565,80
2025-03-04T14:00:00.000Z,1.26565,1.26589,1.26475,1.26499,80
2025-03-04T15:00:00.000Z,1.26499,1.26523,1.26425,1.26449,80
2025-03-04T16:00:00.000Z,1.26449,1.26487,1.26437,1.26475,30
2025-03-04T17:00:00.000Z,1.26475,1.26506,1.26463,1.26494,30
2025-03-04T18:00:00.000Z,1.26494,1.26525,1.26482,1.26513,30
2025-03-04T19:00:00.000Z,1.26513,1.26536,1.26501,1.26524,30
2025-03-04T20:00:00.000Z,1.26524,1.2672,1.26479,1.26675,15
2025-03-04T21:00:00.000Z,1.26675,1.26843,1.2663,1.26798,15
2025-03-04T22:00:00.000Z,1.26798,1.26966,1.26753,1.26921,15
2025-03-04T23:00:00.000Z,1.26921,1.2706,1.26876,1.27015,15
2025-03-05T00:00:00.000Z,1.27957,1.27975,1.27901,1.27919,25
2025-03-05T01:00:00.000Z,1.27919,1.27937,1.27874,1.27892,25
2025-03-05T02:00:00.000Z,1.27892,1.2791,1.27846,1.27864,25
2025-03-05T03:00:00.000Z,1.27864,1.27882,1.2783,1.27848,25
2025-03-05T04:00:00.000Z,1.27848,1.27998,1.27769,1.27919,30
2025-03-05T05:00:00.000Z,1.27919,1.2802,1.2784,1.27941,30
2025-03-05T06:00:00.000Z,1.27941,1.28042,1.27862,1.27963,30
2025-03-05T07:00:00.000Z,1.27963,1.28042,1.27857,1.27936,30
2025-03-05T08:00:00.000Z,1.27936,1.27988,1.27742,1.27794,70
2025-03-05T09:00:00.000Z,1.27794,1.27846,1.27632,1.27684,70
2025-03-05T10:00:00.000Z,1.27684,1.27736,1.27523,1.27575,70
2025-03-05T11:00:00.000Z,1.27575,1.27627,1.27446,1.27498,70
2025-03-05T12:00:00.000Z,1.27498,1.27533,1.27345,1.2738,80
2025-03-05T13:00:00.000Z,1.2738,1.27415,1.2725,1.27285,80
2025-03-05T14:00:00.000Z,1.27285,1.2732,1.27154,1.27189,80
2025-03-05T15:00:00.000Z,1.27189,1.27224,1.2708,1.27115,80
2025-03-05T16:00:00.000Z,1.27115,1.2717,1.27098,1.27153,30
2025-03-05T17:00:00.000Z,1.27153,1.27198,1.27136,1.27181,30
2025-03-05T18:00:00.000Z,1.27181,1.27225,1.27164,1.27208,30
2025-03-05T19:00:00.000Z,1.27208,1.27242,1.27191,1.27225,30
2025-03-05T20:00:00.000Z,1.27225,1.27512,1.27159,1.27446,15
2025-03-05T21:00:00.000Z,1.27446,1.27691,1.2738,1.27625,15
2025-03-05T22:00:00.000Z,1.27625,1.27871,1.27559,1.27805,15
2025-03-05T23:00:00.000Z,1.27805,1.28009,1.27739,1.27943,15
2025-03-06T00:00:00.000Z,1.28899,1.28927,1.2889,1.28918,25
2025-03-06T01:00:00.000Z,1.28918,1.28941,1.28909,1.28932,25
2025-03-06T02:00:00.000Z,1.28932,1.28955,1.28923,1.28946,25
2025-03-06T03:00:00.000Z,1.28946,1.28963,1.28937,1.28954,25
2025-03-06T04:00:00.000Z,1.28954,1.28978,1.28904,1.28928,30
2025-03-06T05:00:00.000Z,1.28928,1.28952,1.28893,1.28917,30
2025-03-06T06:00:00.000Z,1.28917,1.28941,1.28882,1.28906,30
2025-03-06T07:00:00.000Z,1.28906,1.28934,1.28882,1.2891,30
2025-03-06T08:00:00.000Z,1.2891,1.29007,1.28884,1.28981,70
2025-03-06T09:00:00.000Z,1.28981,1.29061,1.28955,1.29035,70
2025-03-06T10:00:00.000Z,1.29035,1.29116,1.29009,1.2909,70
2025-03-06T11:00:00.000Z,1.2909,1.29154,1.29064,1.29128,70
2025-03-06T12:00:00.000Z,1.29128,1.29204,1.29111,1.29187,80
2025-03-06T13:00:00.000Z,1.29187,1.29251,1.2917,1.29234,80
2025-03-06T14:00:00.000Z,1.29234,1.29299,1.29217,1.29282,80
2025-03-06T15:00:00.000Z,1.29282,1.29336,1.29265,1.29319,80
2025-03-06T16:00:00.000Z,1.29319,1.29328,1.29291,1.293,30
2025-03-06T17:00:00.000Z,1.293,1.29309,1.29278,1.29287,30
2025-03-06T18:00:00.000Z,1.29287,1.29296,1.29264,1.29273,30
2025-03-06T19:00:00.000Z,1.29273,1.29282,1.29256,1.29265,30
2025-03-06T20:00:00.000Z,1.29265,1.29297,1.29126,1.29158,15
2025-03-06T21:00:00.000Z,1.29158,1.2919,1.2904,1.29072,15
2025-03-06T22:00:00.000Z,1.29072,1.29104,1.28954,1.28986,15
2025-03-06T23:00:00.000Z,1.28986,1.29018,1.28887,1.28919,15
2025-03-07T00:00:00.000Z,1.28838,1.28873,1.28827,1.28862,25
2025-03-07T01:00:00.000Z,1.28862,1.2889,1.28851,1.28879,25
2025-03-07T02:00:00.000Z,1.28879,1.28907,1.28868,1.28896,25
2025-03-07T03:00:00.000Z,1.28896,1.28917,1.28885,1.28906,25
2025-03-07T04:00:00.000Z,1.28906,1.2892,1.2887,1.28884,30
2025-03-07T05:00:00.000Z,1.28884,1.28898,1.28856,1.2887,30
2025-03-07T06:00:00.000Z,1.2887,1.28884,1.28842,1.28856,30
2025-03-07T07:00:00.000Z,1.28856,1.2887,1.28837,1.28851,30
2025-03-07T08:00:00.000Z,1.28851,1.28972,1.28818,1.28939,70
2025-03-07T09:00:00.000Z,1.28939,1.2904,1.28906,1.29007,70
2025-03-07T10:00:00.000Z,1.29007,1.29108,1.28974,1.29075,70
2025-03-07T11:00:00.000Z,1.29075,1.29156,1.29042,1.29123,70
2025-03-07T12:00:00.000Z,1.29123,1.2923,1.29094,1.29201,80
2025-03-07T13:00:00.000Z,1.29201,1.29289,1.29172,1.2926,80
2025-03-07T14:00:00.000Z,1.2926,1.29349,1.29231,1.2932,80
2025-03-07T15:00:00.000Z,1.2932,1.2939,1.29291,1.29361,80
2025-03-07T16:00:00.000Z,1.29361,1.29372,1.29326,1.29337,30
2025-03-07T17:00:00.000Z,1.29337,1.29348,1.29309,1.2932,30
2025-03-07T18:00:00.000Z,1.2932,1.29331,1.29292,1.29303,30
2025-03-07T19:00:00.000Z,1.29303,1.29314,1.29282,1.29293,30
2025-03-07T20:00:00.000Z,1.29293,1.29334,1.29117,1.29158,15
2025-03-07T21:00:00.000Z,1.29158,1.29199,1.29007,1.29048,15
2025-03-07T22:00:00.000Z,1.29048,1.29089,1.28897,1.28938,15
2025-03-07T23:00:00.000Z,1.28938,1.28979,1.28812,1.28853,15
2025-03-10T00:00:00.000Z,1.29333,1.29344,1.29297,1.29308,25
2025-03-10T01:00:00.000Z,1.29308,1.29319,1.29279,1.2929,25
2025-03-10T02:00:00.000Z,1.2929,1.29301,1.29262,1.29273,25
2025-03-10T03:00:00.000Z,1.29273,1.29284,1.29251,1.29262,25
2025-03-10T04:00:00.000Z,1.29262,1.29307,1.29243,1.29288,30
2025-03-10T05:00:00.000Z,1.29288,1.29321,1.29269,1.29302,30
2025-03-10T06:00:00.000Z,1.29302,1.29336,1.29283,1.29317,30
2025-03-10T07:00:00.000Z,1.29317,1.29338,1.29298,1.29319,30
2025-03-10T08:00:00.000Z,1.29319,1.29353,1.29194,1.29228,70
2025-03-10T09:00:00.000Z,1.29228,1.29262,1.29123,1.29157,70
2025-03-10T10:00:00.000Z,1.29157,1.29191,1.29053,1.29087,70
2025-03-10T11:00:00.000Z,1.29087,1.29121,1.29004,1.29038,70
2025-03-10T12:00:00.000Z,1.29038,1.29063,1.28936,1.28961,80
2025-03-10T13:00:00.000Z,1.28961,1.28986,1.28874,1.28899,80
2025-03-10T14:00:00.000Z,1.28899,1.28924,1.28813,1.28838,80
2025-03-10T15:00:00.000Z,1.28838,1.28863,1.28767,1.28792,80
2025-03-10T16:00:00.000Z,1.28792,1.28828,1.28781,1.28817,30
2025-03-10T17:00:00.000Z,1.28817,1.28845,1.28806,1.28834,30
2025-03-10T18:00:00.000Z,1.28834,1.28863,1.28823,1.28852,30
2025-03-10T19:00:00.000Z,1.28852,1.28873,1.28841,1.28862,30
2025-03-10T20:00:00.000Z,1.28862,1.29047,1.28819,1.29004,15
2025-03-10T21:00:00.000Z,1.29004,1.29163,1.28961,1.2912,15
2025-03-10T22:00:00.000Z,1.2912,1.29278,1.29077,1.29235,15
2025-03-10T23:00:00.000Z,1.29235,1.29367,1.29192,1.29324,15
2025-03-11T00:00:00.000Z,1.2876,1.28773,1.28718,1.28731,25
2025-03-11T01:00:00.000Z,1.28731,1.28744,1.28698,1.28711,25
2025-03-11T02:00:00.000Z,1.28711,1.28724,1.28677,1.2869,25
2025-03-11T03:00:00.000Z,1.2869,1.28703,1.28665,1.28678,25
2025-03-11T04:00:00.000Z,1.28678,1.28813,1.28605,1.2874,30
2025-03-11T05:00:00.000Z,1.2874,1.28829,1.28667,1.28756,30
2025-03-11T06:00:00.000Z,1.28756,1.28846,1.28683,1.28773,30
2025-03-11T07:00:00.000Z,1.28773,1.28846,1.2867,1.28743,30
2025-03-11T08:00:00.000Z,1.28743,1.28782,1.28598,1.28637,70
2025-03-11T09:00:00.000Z,1.28637,1.28676,1.28516,1.28555,70
2025-03-11T10:00:00.000Z,1.28555,1.28594,1.28434,1.28473,70
2025-03-11T11:00:00.000Z,1.28473,1.28512,1.28377,1.28416,70
2025-03-11T12:00:00.000Z,1.28416,1.28442,1.28302,1.28328,80
2025-03-11T13:00:00.000Z,1.28328,1.28354,1.2823,1.28256,80
2025-03-11T14:00:00.000Z,1.28256,1.28282,1.28158,1.28184,80
2025-03-11T15:00:00.000Z,1.28184,1.2821,1.28103,1.28129,80
2025-03-11T16:00:00.000Z,1.28129,1.28171,1.28116,1.28158,30
2025-03-11T17:00:00.000Z,1.28158,1.28191,1.28145,1.28178,30
2025-03-11T18:00:00.000Z,1.28178,1.28212,1.28165,1.28199,30
2025-03-11T19:00:00.000Z,1.28199,1.28224,1.28186,1.28211,30
2025-03-11T20:00:00.000Z,1.28211,1.28428,1.28161,1.28378,15
2025-03-11T21:00:00.000Z,1.28378,1.28564,1.28328,1.28514,15
2025-03-11T22:00:00.000Z,1.28514,1.287,1.28464,1.2865,15
2025-03-11T23:00:00.000Z,1.2865,1.28805,1.286,1.28755,15
2025-03-12T00:00:00.000Z,1.29448,1.29486,1.29436,1.29474,25
2025-03-12T01:00:00.000Z,1.29474,1.29504,1.29462,1.29492,25
2025-03-12T02:00:00.000Z,1.29492,1.29523,1.2948,1.29511,25
2025-03-12T03:00:00.000Z,1.29511,1.29534,1.29499,1.29522,25
2025-03-12T04:00:00.000Z,1.29522,1.29555,1.29454,1.29487,30
2025-03-12T05:00:00.000Z,1.29487,1.2952,1.29439,1.29472,30
2025-03-12T06:00:00.000Z,1.29472,1.29505,1.29424,1.29457,30
2025-03-12T07:00:00.000Z,1.29457,1.29496,1.29424,1.29463,30
2025-03-12T08:00:00.000Z,1.29463,1.29594,1.29428,1.29559,70
2025-03-12T09:00:00.000Z,1.29559,1.29668,1.29524,1.29633,70
2025-03-12T10:00:00.000Z,1.29633,1.29741,1.29598,1.29706,70
2025-03-12T11:00:00.000Z,1.29706,1.29793,1.29671,1.29758,70
2025-03-12T12:00:00.000Z,1.29758,1.29861,1.29734,1.29837,80
2025-03-12T13:00:00.000Z,1.29837,1.29926,1.29813,1.29902,80
2025-03-12T14:00:00.000Z,1.29902,1.2999,1.29878,1.29966,80
2025-03-12T15:00:00.000Z,1.29966,1.3004,1.29942,1.30016,80
2025-03-12T16:00:00.000Z,1.30016,1.30028,1.29978,1.2999,30
2025-03-12T17:00:00.000Z,1.2999,1.30002,1.2996,1.29972,30
2025-03-12T18:00:00.000Z,1.29972,1.29984,1.29941,1.29953,30
2025-03-12T19:00:00.000Z,1.29953,1.29965,1.2993,1.29942,30
2025-03-12T20:00:00.000Z,1.29942,1.29987,1.29745,1.2979,15
2025-03-12T21:00:00.000Z,1.2979,1.29835,1.29622,1.29667,15
2025-03-12T22:00:00.000Z,1.29667,1.29712,1.29498,1.29543,15
2025-03-12T23:00:00.000Z,1.29543,1.29588,1.29403,1.29448,15
2025-03-13T00:00:00.000Z,1.2965,1.29658,1.29624,1.29632,25
2025-03-13T01:00:00.000Z,1.29632,1.2964,1.29611,1.29619,25
2025-03-13T02:00:00.000Z,1.29619,1.29627,1.29598,1.29606,25
2025-03-13T03:00:00.000Z,1.29606,1.29614,1.2959,1.29598,25
2025-03-13T04:00:00.000Z,1.29598,1.29629,1.29585,1.29616,30
2025-03-13T05:00:00.000Z,1.29616,1.2964,1.29603,1.29627,30
2025-03-13T06:00:00.000Z,1.29627,1.2965,1.29614,1.29637,30
2025-03-13T07:00:00.000Z,1.29637,1.29652,1.29624,1.29639,30
2025-03-13T08:00:00.000Z,1.29639,1.29664,1.29547,1.29572,70
2025-03-13T09:00:00.000Z,1.29572,1.29597,1.29496,1.29521,70
2025-03-13T10:00:00.000Z,1.29521,1.29546,1.29445,1.2947,70
2025-03-13T11:00:00.000Z,1.2947,1.29495,1.29409,1.29434,70
2025-03-13T12:00:00.000Z,1.29434,1.29453,1.29358,1.29377,80
2025-03-13T13:00:00.000Z,1.29377,1.29396,1.29314,1.29333,80
2025-03-13T14:00:00.000Z,1.29333,1.29352,1.29269,1.29288,80
2025-03-13T15:00:00.000Z,1.29288,1.29307,1.29236,1.29255,80
2025-03-13T16:00:00.000Z,1.29255,1.29281,1.29247,1.29273,30
2025-03-13T17:00:00.000Z,1.29273,1.29294,1.29265,1.29286,30
2025-03-13T18:00:00.000Z,1.29286,1.29306,1.29278,1.29298,30
2025-03-13T19:00:00.000Z,1.29298,1.29314,1.2929,1.29306,30
2025-03-13T20:00:00.000Z,1.29306,1.29441,1.29275,1.2941,15
2025-03-13T21:00:00.000Z,1.2941,1.29525,1.29379,1.29494,15
2025-03-13T22:00:00.000Z,1.29494,1.29609,1.29463,1.29578,15
2025-03-13T23:00:00.000Z,1.29578,1.29674,1.29547,1.29643,15
2025-03-14T00:00:00.000Z,1.29567,1.2959,1.2956,1.29583,25
2025-03-14T01:00:00.000Z,1.29583,1.29602,1.29576,1.29595,25
2025-03-14T02:00:00.000Z,1.29595,1.29614,1.29588,1.29607,25
2025-03-14T03:00:00.000Z,1.29607,1.29621,1.296,1.29614,25
2025-03-14T04:00:00.000Z,1.29614,1.29655,1.29538,1.29579,30
2025-03-14T05:00:00.000Z,1.29579,1.2962,1.29529,1.2957,30
2025-03-14T06:00:00.000Z,1.2957,1.29611,1.2952,1.29561,30
2025-03-14T07:00:00.000Z,1.29561,1.29618,1.2952,1.29577,30
2025-03-14T08:00:00.000Z,1.29577,1.2966,1.29555,1.29638,70
2025-03-14T09:00:00.000Z,1.29638,1.29706,1.29616,1.29684,70
2025-03-14T10:00:00.000Z,1.29684,1.29753,1.29662,1.29731,70
2025-03-14T11:00:00.000Z,1.29731,1.29785,1.29709,1.29763,70
2025-03-14T12:00:00.000Z,1.29763,1.29828,1.29748,1.29813,80
2025-03-14T13:00:00.000Z,1.29813,1.29869,1.29798,1.29854,80
2025-03-14T14:00:00.000Z,1.29854,1.2991,1.29839,1.29895,80
2025-03-14T15:00:00.000Z,1.29895,1.29942,1.2988,1.29927,80
2025-03-14T16:00:00.000Z,1.29927,1.29934,1.29904,1.29911,30
2025-03-14T17:00:00.000Z,1.29911,1.29918,1.29892,1.29899,30
2025-03-14T18:00:00.000Z,1.29899,1.29906,1.2988,1.29887,30
2025-03-14T19:00:00.000Z,1.29887,1.29894,1.29873,1.2988,30
2025-03-14T20:00:00.000Z,1.2988,1.29907,1.29762,1.29789,15
2025-03-14T21:00:00.000Z,1.29789,1.29816,1.29688,1.29715,15
2025-03-14T22:00:00.000Z,1.29715,1.29742,1.29614,1.29641,15
2025-03-14T23:00:00.000Z,1.29641,1.29668,1.29557,1.29584,15
2025-03-17T00:00:00.000Z,1.29279,1.29313,1.29268,1.29302,25
2025-03-17T01:00:00.000Z,1.29302,1.2933,1.29291,1.29319,25
2025-03-17T02:00:00.000Z,1.29319,1.29347,1.29308,1.29336,25
2025-03-17T03:00:00.000Z,1.29336,1.29357,1.29325,1.29346,25
2025-03-17T04:00:00.000Z,1.29346,1.29354,1.2932,1.29328,30
2025-03-17T05:00:00.000Z,1.29328,1.29336,1.29306,1.29314,30
2025-03-17T06:00:00.000Z,1.29314,1.29322,1.29293,1.29301,30
2025-03-17T07:00:00.000Z,1.29301,1.29309,1.29285,1.29293,30
2025-03-17T08:00:00.000Z,1.29293,1.29412,1.29261,1.2938,70
2025-03-17T09:00:00.000Z,1.2938,1.29479,1.29348,1.29447,70
2025-03-17T10:00:00.000Z,1.29447,1.29545,1.29415,1.29513,70
2025-03-17T11:00:00.000Z,1.29513,1.29592,1.29481,1.2956,70
2025-03-17T12:00:00.000Z,1.2956,1.29674,1.29526,1.2964,80
2025-03-17T13:00:00.000Z,1.2964,1.29732,1.29606,1.29698,80
2025-03-17T14:00:00.000Z,1.29698,1.29791,1.29664,1.29757,80
2025-03-17T15:00:00.000Z,1.29757,1.29828,1.29723,1.29794,80
2025-03-17T16:00:00.000Z,1.29794,1.29805,1.2976,1.29771,30
2025-03-17T17:00:00.000Z,1.29771,1.29782,1.29743,1.29754,30
2025-03-17T18:00:00.000Z,1.29754,1.29765,1.29726,1.29737,30
2025-03-17T19:00:00.000Z,1.29737,1.29748,1.29716,1.29727,30
2025-03-17T20:00:00.000Z,1.29727,1.29766,1.29558,1.29597,15
2025-03-17T21:00:00.000Z,1.29597,1.29636,1.29453,1.29492,15
2025-03-17T22:00:00.000Z,1.29492,1.29531,1.29348,1.29387,15
2025-03-17T23:00:00.000Z,1.29387,1.29426,1.29267,1.29306,15
2025-03-18T00:00:00.000Z,1.2986,1.29868,1.29834,1.29842,25
2025-03-18T01:00:00.000Z,1.29842,1.2985,1.29821,1.29829,25
2025-03-18T02:00:00.000Z,1.29829,1.29837,1.29808,1.29816,25
2025-03-18T03:00:00.000Z,1.29816,1.29824,1.298,1.29808,25
2025-03-18T04:00:00.000Z,1.29808,1.29854,1.29786,1.29832,30
2025-03-18T05:00:00.000Z,1.29832,1.29865,1.2981,1.29843,30
2025-03-18T06:00:00.000Z,1.29843,1.29875,1.29821,1.29853,30
2025-03-18T07:00:00.000Z,1.29853,1.29875,1.29828,1.2985,30
2025-03-18T08:00:00.000Z,1.2985,1.29875,1.29758,1.29783,70
2025-03-18T09:00:00.000Z,1.29783,1.29808,1.29706,1.29731,70
2025-03-18T10:00:00.000Z,1.29731,1.29756,1.29654,1.29679,70
2025-03-18T11:00:00.000Z,1.29679,1.29704,1.29618,1.29643,70
2025-03-18T12:00:00.000Z,1.29643,1.2966,1.2957,1.29587,80
2025-03-18T13:00:00.000Z,1.29587,1.29604,1.29525,1.29542,80
2025-03-18T14:00:00.000Z,1.29542,1.29559,1.2948,1.29497,80
2025-03-18T15:00:00.000Z,1.29497,1.29514,1.29445,1.29462,80
2025-03-18T16:00:00.000Z,1.29462,1.29488,1.29454,1.2948,30
2025-03-18T17:00:00.000Z,1.2948,1.29501,1.29472,1.29493,30
2025-03-18T18:00:00.000Z,1.29493,1.29513,1.29485,1.29505,30
2025-03-18T19:00:00.000Z,1.29505,1.29521,1.29497,1.29513,30
2025-03-18T20:00:00.000Z,1.29513,1.29649,1.29482,1.29618,15
2025-03-18T21:00:00.000Z,1.29618,1.29734,1.29587,1.29703,15
2025-03-18T22:00:00.000Z,1.29703,1.29819,1.29672,1.29788,15
2025-03-18T23:00:00.000Z,1.29788,1.29884,1.29757,1.29853,15
2025-03-19T00:00:00.000Z,1.30005,1.3003,1.29997,1.30022,25
2025-03-19T01:00:00.000Z,1.30022,1.30042,1.30014,1.30034,25
2025-03-19T02:00:00.000Z,1.30034,1.30054,1.30026,1.30046,25
2025-03-19T03:00:00.000Z,1.30046,1.30061,1.30038,1.30053,25
2025-03-19T04:00:00.000Z,1.30053,1.30095,1.29975,1.30017,30
2025-03-19T05:00:00.000Z,1.30017,1.30059,1.29966,1.30008,30
2025-03-19T06:00:00.000Z,1.30008,1.3005,1.29956,1.29998,30
2025-03-19T07:00:00.000Z,1.29998,1.30057,1.29956,1.30015,30
2025-03-19T08:00:00.000Z,1.30015,1.30101,1.29992,1.30078,70
2025-03-19T09:00:00.000Z,1.30078,1.30149,1.30055,1.30126,70
2025-03-19T10:00:00.000Z,1.30126,1.30197,1.30103,1.30174,70
2025-03-19T11:00:00.000Z,1.30174,1.30231,1.30151,1.30208,70
2025-03-19T12:00:00.000Z,1.30208,1.30275,1.30193,1.3026,80
2025-03-19T13:00:00.000Z,1.3026,1.30317,1.30245,1.30302,80
2025-03-19T14:00:00.000Z,1.30302,1.30359,1.30287,1.30344,80
2025-03-19T15:00:00.000Z,1.30344,1.30391,1.30329,1.30376,80
2025-03-19T16:00:00.000Z,1.30376,1.30384,1.30351,1.30359,30
2025-03-19T17:00:00.000Z,1.30359,1.30367,1.30339,1.30347,30
2025-03-19T18:00:00.000Z,1.30347,1.30355,1.30327,1.30335,30
2025-03-19T19:00:00.000Z,1.30335,1.30343,1.3032,1.30328,30
2025-03-19T20:00:00.000Z,1.30328,1.30358,1.30199,1.30229,15
2025-03-19T21:00:00.000Z,1.30229,1.30259,1.30118,1.30148,15
2025-03-19T22:00:00.000Z,1.30148,1.30178,1.30037,1.30067,15
2025-03-19T23:00:00.000Z,1.30067,1.30097,1.29975,1.30005,15
2025-03-20T00:00:00.000Z,1.30107,1.30146,1.30095,1.30134,25
2025-03-20T01:00:00.000Z,1.30134,1.30165,1.30122,1.30153,25
2025-03-20T02:00:00.000Z,1.30153,1.30185,1.30141,1.30173,25
2025-03-20T03:00:00.000Z,1.30173,1.30196,1.30161,1.30184,25
2025-03-20T04:00:00.000Z,1.30184,1.30252,1.30058,1.30126,30
2025-03-20T05:00:00.000Z,1.30126,1.30194,1.30043,1.30111,30
2025-03-20T06:00:00.000Z,1.30111,1.30179,1.30027,1.30095,30
2025-03-20T07:00:00.000Z,1.30095,1.3019,1.30027,1.30122,30
2025-03-20T08:00:00.000Z,1.30122,1.3026,1.30085,1.30223,70
2025-03-20T09:00:00.000Z,1.30223,1.30338,1.30186,1.30301,70
2025-03-20T10:00:00.000Z,1.30301,1.30416,1.30264,1.30379,70
2025-03-20T11:00:00.000Z,1.30379,1.3047,1.30342,1.30433,70
2025-03-20T12:00:00.000Z,1.30433,1.30542,1.30408,1.30517,80
2025-03-20T13:00:00.000Z,1.30517,1.3061,1.30492,1.30585,80
2025-03-20T14:00:00.000Z,1.30585,1.30678,1.3056,1.30653,80
2025-03-20T15:00:00.000Z,1.30653,1.30731,1.30628,1.30706,80
2025-03-20T16:00:00.000Z,1.30706,1.30718,1.30667,1.30679,30
2025-03-20T17:00:00.000Z,1.30679,1.30691,1.30647,1.30659,30
2025-03-20T18:00:00.000Z,1.30659,1.30671,1.30628,1.3064,30
2025-03-20T19:00:00.000Z,1.3064,1.30652,1.30616,1.30628,30
2025-03-20T20:00:00.000Z,1.30628,1.30676,1.3042,1.30468,15
2025-03-20T21:00:00.000Z,1.30468,1.30516,1.3029,1.30338,15
2025-03-20T22:00:00.000Z,1.30338,1.30386,1.30159,1.30207,15
2025-03-20T23:00:00.000Z,1.30207,1.30255,1.30059,1.30107,15
2025-03-21T00:00:00.000Z,1.29665,1.29706,1.29652,1.29693,25
2025-03-21T01:00:00.000Z,1.29693,1.29725,1.2968,1.29712,25
2025-03-21T02:00:00.000Z,1.29712,1.29745,1.29699,1.29732,25
2025-03-21T03:00:00.000Z,1.29732,1.29757,1.29719,1.29744,25
2025-03-21T04:00:00.000Z,1.29744,1.29814,1.29615,1.29685,30
2025-03-21T05:00:00.000Z,1.29685,1.29755,1.29599,1.29669,30
2025-03-21T06:00:00.000Z,1.29669,1.29739,1.29583,1.29653,30
2025-03-21T07:00:00.000Z,1.29653,1.29751,1.29583,1.29681,30
2025-03-21T08:00:00.000Z,1.29681,1.29823,1.29643,1.29785,70
2025-03-21T09:00:00.000Z,1.29785,1.29902,1.29747,1.29864,70
2025-03-21T10:00:00.000Z,1.29864,1.29982,1.29826,1.29944,70
2025-03-21T11:00:00.000Z,1.29944,1.30038,1.29906,1.3,70
2025-03-21T12:00:00.000Z,1.3,1.30112,1.29974,1.30086,80
2025-03-21T13:00:00.000Z,1.30086,1.30181,1.3006,1.30155,80
2025-03-21T14:00:00.000Z,1.30155,1.30251,1.30129,1.30225,80
2025-03-21T15:00:00.000Z,1.30225,1.30305,1.30199,1.30279,80
2025-03-21T16:00:00.000Z,1.30279,1.30292,1.30238,1.30251,30
2025-03-21T17:00:00.000Z,1.30251,1.30264,1.30218,1.30231,30
2025-03-21T18:00:00.000Z,1.30231,1.30244,1.30198,1.30211,30
2025-03-21T19:00:00.000Z,1.30211,1.30224,1.30186,1.30199,30
2025-03-21T20:00:00.000Z,1.30199,1.30247,1.29991,1.30039,15
2025-03-21T21:00:00.000Z,1.30039,1.30087,1.29862,1.2991,15
2025-03-21T22:00:00.000Z,1.2991,1.29958,1.29732,1.2978,15
2025-03-21T23:00:00.000Z,1.2978,1.29828,1.29632,1.2968,15
2025-03-24T00:00:00.000Z,1.29252,1.29262,1.2922,1.2923,25
2025-03-24T01:00:00.000Z,1.2923,1.2924,1.29205,1.29215,25
2025-03-24T02:00:00.000Z,1.29215,1.29225,1.29189,1.29199,25
2025-03-24T03:00:00.000Z,1.29199,1.29209,1.2918,1.2919,25
2025-03-24T04:00:00.000Z,1.2919,1.29276,1.29145,1.29231,30
2025-03-24T05:00:00.000Z,1.29231,1.29288,1.29186,1.29243,30
2025-03-24T06:00:00.000Z,1.29243,1.29301,1.29198,1.29256,30
2025-03-24T07:00:00.000Z,1.29256,1.29301,1.29195,1.2924,30
2025-03-24T08:00:00.000Z,1.2924,1.2927,1.29129,1.29159,70
2025-03-24T09:00:00.000Z,1.29159,1.29189,1.29066,1.29096,70
2025-03-24T10:00:00.000Z,1.29096,1.29126,1.29004,1.29034,70
2025-03-24T11:00:00.000Z,1.29034,1.29064,1.2896,1.2899,70
2025-03-24T12:00:00.000Z,1.2899,1.2901,1.28903,1.28923,80
2025-03-24T13:00:00.000Z,1.28923,1.28943,1.28848,1.28868,80
2025-03-24T14:00:00.000Z,1.28868,1.28888,1.28793,1.28813,80
2025-03-24T15:00:00.000Z,1.28813,1.28833,1.28751,1.28771,80
2025-03-24T16:00:00.000Z,1.28771,1.28803,1.28761,1.28793,30
2025-03-24T17:00:00.000Z,1.28793,1.28819,1.28783,1.28809,30
2025-03-24T18:00:00.000Z,1.28809,1.28835,1.28799,1.28825,30
2025-03-24T19:00:00.000Z,1.28825,1.28844,1.28815,1.28834,30
2025-03-24T20:00:00.000Z,1.28834,1.28999,1.28796,1.28961,15
2025-03-24T21:00:00.000Z,1.28961,1.29102,1.28923,1.29064,15
2025-03-24T22:00:00.000Z,1.29064,1.29205,1.29026,1.29167,15
2025-03-24T23:00:00.000Z,1.29167,1.29284,1.29129,1.29246,15
2025-03-25T00:00:00.000Z,1.29229,1.29258,1.2922,1.29249,25
2025-03-25T01:00:00.000Z,1.29249,1.29272,1.2924,1.29263,25
2025-03-25T02:00:00.000Z,1.29263,1.29286,1.29254,1.29277,25
2025-03-25T03:00:00.000Z,1.29277,1.29294,1.29268,1.29285,25
2025-03-25T04:00:00.000Z,1.29285,1.29306,1.29239,1.2926,30
2025-03-25T05:00:00.000Z,1.2926,1.29281,1.29228,1.29249,30
2025-03-25T06:00:00.000Z,1.29249,1.2927,1.29217,1.29238,30
2025-03-25T07:00:00.000Z,1.29238,1.29261,1.29217,1.2924,30
2025-03-25T08:00:00.000Z,1.2924,1.2934,1.29213,1.29313,70
2025-03-25T09:00:00.000Z,1.29313,1.29397,1.29286,1.2937,70
2025-03-25T10:00:00.000Z,1.2937,1.29453,1.29343,1.29426,70
2025-03-25T11:00:00.000Z,1.29426,1.29493,1.29399,1.29466,70
2025-03-25T12:00:00.000Z,1.29466,1.29544,1.29448,1.29526,80
2025-03-25T13:00:00.000Z,1.29526,1.29594,1.29508,1.29576,80
2025-03-25T14:00:00.000Z,1.29576,1.29643,1.29558,1.29625,80
2025-03-25T15:00:00.000Z,1.29625,1.29681,1.29607,1.29663,80
2025-03-25T16:00:00.000Z,1.29663,1.29672,1.29634,1.29643,30
2025-03-25T17:00:00.000Z,1.29643,1.29652,1.2962,1.29629,30
2025-03-25T18:00:00.000Z,1.29629,1.29638,1.29606,1.29615,30
2025-03-25T19:00:00.000Z,1.29615,1.29624,1.29598,1.29607,30
2025-03-25T20:00:00.000Z,1.29607,1.29641,1.29461,1.29495,15
2025-03-25T21:00:00.000Z,1.29495,1.29529,1.29369,1.29403,15
2025-03-25T22:00:00.000Z,1.29403,1.29437,1.29278,1.29312,15
2025-03-25T23:00:00.000Z,1.29312,1.29346,1.29208,1.29242,15
2025-03-26T00:00:00.000Z,1.29453,1.29464,1.29417,1.29428,25
2025-03-26T01:00:00.000Z,1.29428,1.29439,1.29399,1.2941,25
2025-03-26T02:00:00.000Z,1.2941,1.29421,1.29382,1.29393,25
2025-03-26T03:00:00.000Z,1.29393,1.29404,1.29371,1.29382,25
2025-03-26T04:00:00.000Z,1.29382,1.29413,1.29372,1.29403,30
2025-03-26T05:00:00.000Z,1.29403,1.29427,1.29393,1.29417,30
2025-03-26T06:00:00.000Z,1.29417,1.29441,1.29407,1.29431,30
2025-03-26T07:00:00.000Z,1.29431,1.29449,1.29421,1.29439,30
2025-03-26T08:00:00.000Z,1.29439,1.29473,1.29312,1.29346,70
2025-03-26T09:00:00.000Z,1.29346,1.2938,1.29241,1.29275,70
2025-03-26T10:00:00.000Z,1.29275,1.29309,1.2917,1.29204,70
2025-03-26T11:00:00.000Z,1.29204,1.29238,1.2912,1.29154,70
2025-03-26T12:00:00.000Z,1.29154,1.29188,1.29036,1.2907,80
2025-03-26T13:00:00.000Z,1.2907,1.29104,1.28974,1.29008,80
2025-03-26T14:00:00.000Z,1.29008,1.29042,1.28912,1.28946,80
2025-03-26T15:00:00.000Z,1.28946,1.2898,1.28871,1.28905,80
2025-03-26T16:00:00.000Z,1.28905,1.28941,1.28894,1.2893,30
2025-03-26T17:00:00.000Z,1.2893,1.28959,1.28919,1.28948,30
2025-03-26T18:00:00.000Z,1.28948,1.28976,1.28937,1.28965,30
2025-03-26T19:00:00.000Z,1.28965,1.28987,1.28954,1.28976,30
2025-03-26T20:00:00.000Z,1.28976,1.29159,1.28934,1.29117,15
2025-03-26T21:00:00.000Z,1.29117,1.29273,1.29075,1.29231,15
2025-03-26T22:00:00.000Z,1.29231,1.29387,1.29189,1.29345,15
2025-03-26T23:00:00.000Z,1.29345,1.29475,1.29303,1.29433,15
2025-03-27T00:00:00.000Z,1.28773,1.28831,1.28755,1.28813,25
2025-03-27T01:00:00.000Z,1.28813,1.2886,1.28795,1.28842,25
2025-03-27T02:00:00.000Z,1.28842,1.28889,1.28824,1.28871,25
2025-03-27T03:00:00.000Z,1.28871,1.28906,1.28853,1.28888,25
2025-03-27T04:00:00.000Z,1.28888,1.28902,1.28842,1.28856,30
2025-03-27T05:00:00.000Z,1.28856,1.2887,1.28819,1.28833,30
2025-03-27T06:00:00.000Z,1.28833,1.28847,1.28796,1.2881,30
2025-03-27T07:00:00.000Z,1.2881,1.28824,1.28782,1.28796,30
2025-03-27T08:00:00.000Z,1.28796,1.29001,1.28741,1.28946,70
2025-03-27T09:00:00.000Z,1.28946,1.29116,1.28891,1.29061,70
2025-03-27T10:00:00.000Z,1.29061,1.2923,1.29006,1.29175,70
2025-03-27T11:00:00.000Z,1.29175,1.29311,1.2912,1.29256,70
2025-03-27T12:00:00.000Z,1.29256,1.29451,1.29198,1.29393,80
2025-03-27T13:00:00.000Z,1.29393,1.29551,1.29335,1.29493,80
2025-03-27T14:00:00.000Z,1.29493,1.29652,1.29435,1.29594,80
2025-03-27T15:00:00.000Z,1.29594,1.29716,1.29536,1.29658,80
2025-03-27T16:00:00.000Z,1.29658,1.29676,1.296,1.29618,30
2025-03-27T17:00:00.000Z,1.29618,1.29636,1.29571,1.29589,30
2025-03-27T18:00:00.000Z,1.29589,1.29607,1.29542,1.2956,30
2025-03-27T19:00:00.000Z,1.2956,1.29578,1.29525,1.29543,30
2025-03-27T20:00:00.000Z,1.29543,1.29614,1.29236,1.29307,15
2025-03-27T21:00:00.000Z,1.29307,1.29378,1.29044,1.29115,15
2025-03-27T22:00:00.000Z,1.29115,1.29186,1.28853,1.28924,15
2025-03-27T23:00:00.000Z,1.28924,1.28995,1.28705,1.28776,15
2025-03-28T00:00:00.000Z,1.29512,1.29535,1.29505,1.29528,25
2025-03-28T01:00:00.000Z,1.29528,1.29546,1.29521,1.29539,25
2025-03-28T02:00:00.000Z,1.29539,1.29557,1.29532,1.2955,25
2025-03-28T03:00:00.000Z,1.2955,1.29564,1.29543,1.29557,25
2025-03-28T04:00:00.000Z,1.29557,1.29585,1.29503,1.29531,30
2025-03-28T05:00:00.000Z,1.29531,1.29559,1.29494,1.29522,30
2025-03-28T06:00:00.000Z,1.29522,1.2955,1.29485,1.29513,30
2025-03-28T07:00:00.000Z,1.29513,1.29549,1.29485,1.29521,30
2025-03-28T08:00:00.000Z,1.29521,1.29602,1.29499,1.2958,70
2025-03-28T09:00:00.000Z,1.2958,1.29647,1.29558,1.29625,70
2025-03-28T10:00:00.000Z,1.29625,1.29692,1.29603,1.2967,70
2025-03-28T11:00:00.000Z,1.2967,1.29724,1.29648,1.29702,70
2025-03-28T12:00:00.000Z,1.29702,1.29765,1.29688,1.29751,80
2025-03-28T13:00:00.000Z,1.29751,1.29804,1.29737,1.2979,80
2025-03-28T14:00:00.000Z,1.2979,1.29844,1.29776,1.2983,80
2025-03-28T15:00:00.000Z,1.2983,1.29874,1.29816,1.2986,80
2025-03-28T16:00:00.000Z,1.2986,1.29867,1.29837,1.29844,30
2025-03-28T17:00:00.000Z,1.29844,1.29851,1.29826,1.29833,30
2025-03-28T18:00:00.000Z,1.29833,1.2984,1.29815,1.29822,30
2025-03-28T19:00:00.000Z,1.29822,1.29829,1.29808,1.29815,30
2025-03-28T20:00:00.000Z,1.29815,1.29842,1.29697,1.29724,15
2025-03-28T21:00:00.000Z,1.29724,1.29751,1.29624,1.29651,15
2025-03-28T22:00:00.000Z,1.29651,1.29678,1.2955,1.29577,15
2025-03-28T23:00:00.000Z,1.29577,1.29604,1.29493,1.2952,15
2025-03-30T00:00:00.000Z,1.294,1.29413,1.29358,1.29371,25
2025-03-30T01:00:00.000Z,1.29371,1.29384,1.29338,1.29351,25
2025-03-30T02:00:00.000Z,1.29351,1.29364,1.29317,1.2933,25
2025-03-30T03:00:00.000Z,1.2933,1.29343,1.29305,1.29318,25
2025-03-30T04:00:00.000Z,1.29318,1.29393,1.29282,1.29357,30
2025-03-30T05:00:00.000Z,1.29357,1.29409,1.29321,1.29373,30
2025-03-30T06:00:00.000Z,1.29373,1.29425,1.29337,1.29389,30
2025-03-30T07:00:00.000Z,1.29389,1.29425,1.29347,1.29383,30
2025-03-30T08:00:00.000Z,1.29383,1.29422,1.29238,1.29277,70
2025-03-30T09:00:00.000Z,1.29277,1.29316,1.29156,1.29195,70
2025-03-30T10:00:00.000Z,1.29195,1.29234,1.29074,1.29113,70
2025-03-30T11:00:00.000Z,1.29113,1.29152,1.29017,1.29056,70
2025-03-30T12:00:00.000Z,1.29056,1.29082,1.28942,1.28968,80
2025-03-30T13:00:00.000Z,1.28968,1.28994,1.28871,1.28897,80
2025-03-30T14:00:00.000Z,1.28897,1.28923,1.28799,1.28825,80
2025-03-30T15:00:00.000Z,1.28825,1.28851,1.28744,1.2877,80
2025-03-30T16:00:00.000Z,1.2877,1.28812,1.28757,1.28799,30
2025-03-30T17:00:00.000Z,1.28799,1.28832,1.28786,1.28819,30
2025-03-30T18:00:00.000Z,1.28819,1.28853,1.28806,1.2884,30
2025-03-30T19:00:00.000Z,1.2884,1.28865,1.28827,1.28852,30
2025-03-30T20:00:00.000Z,1.28852,1.29064,1.28803,1.29015,15
2025-03-30T21:00:00.000Z,1.29015,1.29197,1.28966,1.29148,15
2025-03-30T22:00:00.000Z,1.29148,1.2933,1.29099,1.29281,15
2025-03-30T23:00:00.000Z,1.29281,1.29432,1.29232,1.29383,15
2025-03-31T00:00:00.000Z,1.29199,1.2923,1.29189,1.2922,25
2025-03-31T01:00:00.000Z,1.2922,1.29246,1.2921,1.29236,25
2025-03-31T02:00:00.000Z,1.29236,1.29261,1.29226,1.29251,25
2025-03-31T03:00:00.000Z,1.29251,1.2927,1.29241,1.2926,25
2025-03-31T04:00:00.000Z,1.2926,1.29299,1.29184,1.29223,30
2025-03-31T05:00:00.000Z,1.29223,1.29262,1.29172,1.29211,30
2025-03-31T06:00:00.000Z,1.29211,1.2925,1.2916,1.29199,30
2025-03-31T07:00:00.000Z,1.29199,1.2925,1.2916,1.29211,30
2025-03-31T08:00:00.000Z,1.29211,1.29319,1.29182,1.2929,70
2025-03-31T09:00:00.000Z,1.2929,1.2938,1.29261,1.29351,70
2025-03-31T10:00:00.000Z,1.29351,1.29441,1.29322,1.29412,70
2025-03-31T11:00:00.000Z,1.29412,1.29484,1.29383,1.29455,70
2025-03-31T12:00:00.000Z,1.29455,1.2954,1.29435,1.2952,80
2025-03-31T13:00:00.000Z,1.2952,1.29594,1.295,1.29574,80
2025-03-31T14:00:00.000Z,1.29574,1.29647,1.29554,1.29627,80
2025-03-31T15:00:00.000Z,1.29627,1.29688,1.29607,1.29668,80
2025-03-31T16:00:00.000Z,1.29668,1.29678,1.29637,1.29647,30
2025-03-31T17:00:00.000Z,1.29647,1.29657,1.29621,1.29631,30
2025-03-31T18:00:00.000Z,1.29631,1.29641,1.29606,1.29616,30
2025-03-31T19:00:00.000Z,1.29616,1.29626,1.29597,1.29607,30
2025-03-31T20:00:00.000Z,1.29607,1.29644,1.29448,1.29485,15
2025-03-31T21:00:00.000Z,1.29485,1.29522,1.29348,1.29385,15
2025-03-31T22:00:00.000Z,1.29385,1.29422,1.29249,1.29286,15
2025-03-31T23:00:00.000Z,1.29286,1.29323,1.29172,1.29209,15
2025-04-01T00:00:00.000Z,1.29224,1.29263,1.29212,1.29251,25
2025-04-01T01:00:00.000Z,1.29251,1.29282,1.29239,1.2927,25
2025-04-01T02:00:00.000Z,1.2927,1.29301,1.29258,1.29289,25
2025-04-01T03:00:00.000Z,1.29289,1.29313,1.29277,1.29301,25
2025-04-01T04:00:00.000Z,1.29301,1.29326,1.29245,1.2927,30
2025-04-01T05:00:00.000Z,1.2927,1.29295,1.2923,1.29255,30
2025-04-01T06:00:00.000Z,1.29255,1.2928,1.29214,1.29239,30
2025-04-01T07:00:00.000Z,1.29239,1.29264,1.29214,1.29239,30
2025-04-01T08:00:00.000Z,1.29239,1.29376,1.29202,1.29339,70
2025-04-01T09:00:00.000Z,1.29339,1.29452,1.29302,1.29415,70
2025-04-01T10:00:00.000Z,1.29415,1.29529,1.29378,1.29492,70
2025-04-01T11:00:00.000Z,1.29492,1.29583,1.29455,1.29546,70
2025-04-01T12:00:00.000Z,1.29546,1.29654,1.29521,1.29629,80
2025-04-01T13:00:00.000Z,1.29629,1.29721,1.29604,1.29696,80
2025-04-01T14:00:00.000Z,1.29696,1.29788,1.29671,1.29763,80
2025-04-01T15:00:00.000Z,1.29763,1.2984,1.29738,1.29815,80
2025-04-01T16:00:00.000Z,1.29815,1.29827,1.29776,1.29788,30
2025-04-01T17:00:00.000Z,1.29788,1.298,1.29757,1.29769,30
2025-04-01T18:00:00.000Z,1.29769,1.29781,1.29738,1.2975,30
2025-04-01T19:00:00.000Z,1.2975,1.29762,1.29726,1.29738,30
2025-04-01T20:00:00.000Z,1.29738,1.29785,1.29535,1.29582,15
2025-04-01T21:00:00.000Z,1.29582,1.29629,1.29408,1.29455,15
2025-04-01T22:00:00.000Z,1.29455,1.29502,1.29282,1.29329,15
2025-04-01T23:00:00.000Z,1.29329,1.29376,1.29184,1.29231,15
2025-04-02T00:00:00.000Z,1.30448,1.30538,1.3042,1.3051,25
2025-04-02T01:00:00.000Z,1.3051,1.30582,1.30482,1.30554,25
2025-04-02T02:00:00.000Z,1.30554,1.30626,1.30526,1.30598,25
2025-04-02T03:00:00.000Z,1.30598,1.30652,1.3057,1.30624,25
2025-04-02T04:00:00.000Z,1.30624,1.30658,1.30533,1.30567,30
2025-04-02T05:00:00.000Z,1.30567,1.30601,1.30498,1.30532,30
2025-04-02T06:00:00.000Z,1.30532,1.30566,1.30463,1.30497,30
2025-04-02T07:00:00.000Z,1.30497,1.30531,1.30449,1.30483,30
2025-04-02T08:00:00.000Z,1.30483,1.30796,1.30399,1.30712,70
2025-04-02T09:00:00.000Z,1.30712,1.30972,1.30628,1.30888,70
2025-04-02T10:00:00.000Z,1.30888,1.31148,1.30804,1.31064,70
2025-04-02T11:00:00.000Z,1.31064,1.31271,1.3098,1.31187,70
2025-04-02T12:00:00.000Z,1.31187,1.31464,1.31111,1.31388,80
2025-04-02T13:00:00.000Z,1.31388,1.31618,1.31312,1.31542,80
2025-04-02T14:00:00.000Z,1.31542,1.31772,1.31466,1.31696,80
2025-04-02T15:00:00.000Z,1.31696,1.31879,1.3162,1.31803,80
2025-04-02T16:00:00.000Z,1.31803,1.31831,1.31713,1.31741,30
2025-04-02T17:00:00.000Z,1.31741,1.31769,1.31669,1.31697,30
2025-04-02T18:00:00.000Z,1.31697,1.31725,1.31625,1.31653,30
2025-04-02T19:00:00.000Z,1.31653,1.31681,1.31599,1.31627,30
2025-04-02T20:00:00.000Z,1.31627,1.31734,1.31162,1.31269,15
2025-04-02T21:00:00.000Z,1.31269,1.31376,1.30871,1.30978,15
2025-04-02T22:00:00.000Z,1.30978,1.31085,1.3058,1.30687,15
2025-04-02T23:00:00.000Z,1.30687,1.30794,1.30356,1.30463,15
2025-04-03T00:00:00.000Z,1.309,1.30932,1.30799,1.30831,25
2025-04-03T01:00:00.000Z,1.30831,1.30863,1.3075,1.30782,25
2025-04-03T02:00:00.000Z,1.30782,1.30814,1.30701,1.30733,25
2025-04-03T03:00:00.000Z,1.30733,1.30765,1.30672,1.30704,25
2025-04-03T04:00:00.000Z,1.30704,1.3081,1.30663,1.30769,30
2025-04-03T05:00:00.000Z,1.30769,1.30849,1.30728,1.30808,30
2025-04-03T06:00:00.000Z,1.30808,1.30889,1.30767,1.30848,30
2025-04-03T07:00:00.000Z,1.30848,1.30902,1.30807,1.30861,30
2025-04-03T08:00:00.000Z,1.30861,1.30955,1.30511,1.30605,70
2025-04-03T09:00:00.000Z,1.30605,1.30699,1.30315,1.30409,70
2025-04-03T10:00:00.000Z,1.30409,1.30503,1.30118,1.30212,70
2025-04-03T11:00:00.000Z,1.30212,1.30306,1.29981,1.30075,70
2025-04-03T12:00:00.000Z,1.30075,1.30156,1.29771,1.29852,80
2025-04-03T13:00:00.000Z,1.29852,1.29933,1.29599,1.2968,80
2025-04-03T14:00:00.000Z,1.2968,1.29761,1.29426,1.29507,80
2025-04-03T15:00:00.000Z,1.29507,1.29588,1.29305,1.29386,80
2025-04-03T16:00:00.000Z,1.29386,1.29486,1.29355,1.29455,30
2025-04-03T17:00:00.000Z,1.29455,1.29535,1.29424,1.29504,30
2025-04-03T18:00:00.000Z,1.29504,1.29584,1.29473,1.29553,30
2025-04-03T19:00:00.000Z,1.29553,1.29614,1.29522,1.29583,30
2025-04-03T20:00:00.000Z,1.29583,1.30104,1.29463,1.29984,15
2025-04-03T21:00:00.000Z,1.29984,1.3043,1.29864,1.3031,15
2025-04-03T22:00:00.000Z,1.3031,1.30756,1.3019,1.30636,15
2025-04-03T23:00:00.000Z,1.30636,1.31007,1.30516,1.30887,15
2025-04-06T00:00:00.000Z,1.29124,1.29158,1.29016,1.2905,25
2025-04-06T01:00:00.000Z,1.2905,1.29084,1.28963,1.28997,25
2025-04-06T02:00:00.000Z,1.28997,1.29031,1.28911,1.28945,25
2025-04-06T03:00:00.000Z,1.28945,1.28979,1.28879,1.28913,25
2025-04-06T04:00:00.000Z,1.28913,1.29024,1.28871,1.28982,30
2025-04-06T05:00:00.000Z,1.28982,1.29066,1.2894,1.29024,30
2025-04-06T06:00:00.000Z,1.29024,1.29108,1.28982,1.29066,30
2025-04-06T07:00:00.000Z,1.29066,1.29124,1.29024,1.29082,30
2025-04-06T08:00:00.000Z,1.29082,1.29183,1.28707,1.28808,70
2025-04-06T09:00:00.000Z,1.28808,1.28909,1.28496,1.28597,70
2025-04-06T10:00:00.000Z,1.28597,1.28698,1.28286,1.28387,70
2025-04-06T11:00:00.000Z,1.28387,1.28488,1.28138,1.28239,70
2025-04-06T12:00:00.000Z,1.28239,1.28328,1.2791,1.27999,80
2025-04-06T13:00:00.000Z,1.27999,1.28088,1.27725,1.27814,80
2025-04-06T14:00:00.000Z,1.27814,1.27903,1.27541,1.2763,80
2025-04-06T15:00:00.000Z,1.2763,1.27719,1.27412,1.27501,80
2025-04-06T16:00:00.000Z,1.27501,1.27609,1.27467,1.27575,30
2025-04-06T17:00:00.000Z,1.27575,1.27662,1.27541,1.27628,30
2025-04-06T18:00:00.000Z,1.27628,1.27714,1.27594,1.2768,30
2025-04-06T19:00:00.000Z,1.2768,1.27746,1.27646,1.27712,30
2025-04-06T20:00:00.000Z,1.27712,1.2827,1.27583,1.28141,15
2025-04-06T21:00:00.000Z,1.28141,1.28619,1.28012,1.2849,15
2025-04-06T22:00:00.000Z,1.2849,1.28968,1.28361,1.28839,15
2025-04-06T23:00:00.000Z,1.28839,1.29236,1.2871,1.29107,15
2025-04-07T00:00:00.000Z,1.27389,1.274,1.27354,1.27365,25
2025-04-07T01:00:00.000Z,1.27365,1.27376,1.27336,1.27347,25
2025-04-07T02:00:00.000Z,1.27347,1.27358,1.27319,1.2733,25
2025-04-07T03:00:00.000Z,1.2733,1.27341,1.27308,1.27319,25
2025-04-07T04:00:00.000Z,1.27319,1.27421,1.27265,1.27367,30
2025-04-07T05:00:00.000Z,1.27367,1.27435,1.27313,1.27381,30
2025-04-07T06:00:00.000Z,1.27381,1.27449,1.27327,1.27395,30
2025-04-07T07:00:00.000Z,1.27395,1.27449,1.27321,1.27375,30
2025-04-07T08:00:00.000Z,1.27375,1.27408,1.27252,1.27285,70
2025-04-07T09:00:00.000Z,1.27285,1.27318,1.27182,1.27215,70
2025-04-07T10:00:00.000Z,1.27215,1.27248,1.27113,1.27146,70
2025-04-07T11:00:00.000Z,1.27146,1.27179,1.27064,1.27097,70
2025-04-07T12:00:00.000Z,1.27097,1.27119,1.27,1.27022,80
2025-04-07T13:00:00.000Z,1.27022,1.27044,1.2694,1.26962,80
2025-04-07T14:00:00.000Z,1.26962,1.26984,1.26879,1.26901,80
2025-04-07T15:00:00.000Z,1.26901,1.26923,1.26832,1.26854,80
2025-04-07T16:00:00.000Z,1.26854,1.26889,1.26843,1.26878,30
2025-04-07T17:00:00.000Z,1.26878,1.26907,1.26867,1.26896,30
2025-04-07T18:00:00.000Z,1.26896,1.26924,1.26885,1.26913,30
2025-04-07T19:00:00.000Z,1.26913,1.26935,1.26902,1.26924,30
2025-04-07T20:00:00.000Z,1.26924,1.27095,1.26884,1.27055,15
2025-04-07T21:00:00.000Z,1.27055,1.27202,1.27015,1.27162,15
2025-04-07T22:00:00.000Z,1.27162,1.27308,1.27122,1.27268,15
2025-04-07T23:00:00.000Z,1.27268,1.2739,1.27228,1.2735,15
2025-04-08T00:00:00.000Z,1.27876,1.2793,1.27859,1.27913,25
2025-04-08T01:00:00.000Z,1.27913,1.27957,1.27896,1.2794,25
2025-04-08T02:00:00.000Z,1.2794,1.27983,1.27923,1.27966,25
2025-04-08T03:00:00.000Z,1.27966,1.27999,1.27949,1.27982,25
2025-04-08T04:00:00.000Z,1.27982,1.28022,1.27896,1.27936,30
2025-04-08T05:00:00.000Z,1.27936,1.27976,1.27875,1.27915,30
2025-04-08T06:00:00.000Z,1.27915,1.27955,1.27853,1.27893,30
2025-04-08T07:00:00.000Z,1.27893,1.27937,1.27853,1.27897,30
2025-04-08T08:00:00.000Z,1.27897,1.28087,1.27846,1.28036,70
2025-04-08T09:00:00.000Z,1.28036,1.28193,1.27985,1.28142,70
2025-04-08T10:00:00.000Z,1.28142,1.283,1.28091,1.28249,70
2025-04-08T11:00:00.000Z,1.28249,1.28374,1.28198,1.28323,70
2025-04-08T12:00:00.000Z,1.28323,1.28472,1.28289,1.28438,80
2025-04-08T13:00:00.000Z,1.28438,1.28565,1.28404,1.28531,80
2025-04-08T14:00:00.000Z,1.28531,1.28659,1.28497,1.28625,80
2025-04-08T15:00:00.000Z,1.28625,1.28731,1.28591,1.28697,80
2025-04-08T16:00:00.000Z,1.28697,1.28714,1.28643,1.2866,30
2025-04-08T17:00:00.000Z,1.2866,1.28677,1.28616,1.28633,30
2025-04-08T18:00:00.000Z,1.28633,1.2865,1.28589,1.28606,30
2025-04-08T19:00:00.000Z,1.28606,1.28623,1.28573,1.2859,30
2025-04-08T20:00:00.000Z,1.2859,1.28653,1.28318,1.28381,15
2025-04-08T21:00:00.000Z,1.28381,1.28444,1.28148,1.28211,15
2025-04-08T22:00:00.000Z,1.28211,1.28274,1.27978,1.28041,15
2025-04-08T23:00:00.000Z,1.28041,1.28104,1.27847,1.2791,15
2025-04-09T00:00:00.000Z,1.28268,1.28293,1.28189,1.28214,25
2025-04-09T01:00:00.000Z,1.28214,1.28239,1.28151,1.28176,25
2025-04-09T02:00:00.000Z,1.28176,1.28201,1.28112,1.28137,25
2025-04-09T03:00:00.000Z,1.28137,1.28162,1.28089,1.28114,25
2025-04-09T04:00:00.000Z,1.28114,1.28372,1.27974,1.28232,30
2025-04-09T05:00:00.000Z,1.28232,1.28403,1.28092,1.28263,30
2025-04-09T06:00:00.000Z,1.28263,1.28433,1.28123,1.28293,30
2025-04-09T07:00:00.000Z,1.28293,1.28433,1.28097,1.28237,30
2025-04-09T08:00:00.000Z,1.28237,1.28311,1.27963,1.28037,70
2025-04-09T09:00:00.000Z,1.28037,1.28111,1.27809,1.27883,70
2025-04-09T10:00:00.000Z,1.27883,1.27957,1.27655,1.27729,70
2025-04-09T11:00:00.000Z,1.27729,1.27803,1.27547,1.27621,70
2025-04-09T12:00:00.000Z,1.27621,1.2767,1.27406,1.27455,80
2025-04-09T13:00:00.000Z,1.27455,1.27504,1.27272,1.27321,80
2025-04-09T14:00:00.000Z,1.27321,1.2737,1.27137,1.27186,80
2025-04-09T15:00:00.000Z,1.27186,1.27235,1.27033,1.27082,80
2025-04-09T16:00:00.000Z,1.27082,1.27161,1.27057,1.27136,30
2025-04-09T17:00:00.000Z,1.27136,1.27199,1.27111,1.27174,30
2025-04-09T18:00:00.000Z,1.27174,1.27238,1.27149,1.27213,30
2025-04-09T19:00:00.000Z,1.27213,1.27261,1.27188,1.27236,30
2025-04-09T20:00:00.000Z,1.27236,1.27643,1.27142,1.27549,15
2025-04-09T21:00:00.000Z,1.27549,1.27898,1.27455,1.27804,15
2025-04-09T22:00:00.000Z,1.27804,1.28152,1.2771,1.28058,15
2025-04-09T23:00:00.000Z,1.28058,1.28348,1.27964,1.28254,15
2025-04-10T00:00:00.000Z,1.29943,1.29968,1.29864,1.29889,25
2025-04-10T01:00:00.000Z,1.29889,1.29914,1.29825,1.2985,25
2025-04-10T02:00:00.000Z,1.2985,1.29875,1.29786,1.29811,25
2025-04-10T03:00:00.000Z,1.29811,1.29836,1.29762,1.29787,25
2025-04-10T04:00:00.000Z,1.29787,1.30042,1.29649,1.29904,30
2025-04-10T05:00:00.000Z,1.29904,1.30073,1.29766,1.29935,30
2025-04-10T06:00:00.000Z,1.29935,1.30105,1.29797,1.29967,30
2025-04-10T07:00:00.000Z,1.29967,1.30105,1.29774,1.29912,30
2025-04-10T08:00:00.000Z,1.29912,1.29987,1.29635,1.2971,70
2025-04-10T09:00:00.000Z,1.2971,1.29785,1.29479,1.29554,70
2025-04-10T10:00:00.000Z,1.29554,1.29629,1.29324,1.29399,70
2025-04-10T11:00:00.000Z,1.29399,1.29474,1.29215,1.2929,70
2025-04-10T12:00:00.000Z,1.2929,1.2934,1.29073,1.29123,80
2025-04-10T13:00:00.000Z,1.29123,1.29173,1.28937,1.28987,80
2025-04-10T14:00:00.000Z,1.28987,1.29037,1.28802,1.28852,80
2025-04-10T15:00:00.000Z,1.28852,1.28902,1.28697,1.28747,80
2025-04-10T16:00:00.000Z,1.28747,1.28826,1.28722,1.28801,30
2025-04-10T17:00:00.000Z,1.28801,1.28865,1.28776,1.2884,30
2025-04-10T18:00:00.000Z,1.2884,1.28904,1.28815,1.28879,30
2025-04-10T19:00:00.000Z,1.28879,1.28927,1.28854,1.28902,30
2025-04-10T20:00:00.000Z,1.28902,1.29309,1.28808,1.29215,15
2025-04-10T21:00:00.000Z,1.29215,1.29564,1.29121,1.2947,15
2025-04-10T22:00:00.000Z,1.2947,1.29819,1.29376,1.29725,15
2025-04-10T23:00:00.000Z,1.29725,1.30015,1.29631,1.29921,15
2025-04-13T00:00:00.000Z,1.30909,1.30928,1.30849,1.30868,25
2025-04-13T01:00:00.000Z,1.30868,1.30887,1.3082,1.30839,25
2025-04-13T02:00:00.000Z,1.30839,1.30858,1.30791,1.3081,25
2025-04-13T03:00:00.000Z,1.3081,1.30829,1.30774,1.30793,25
2025-04-13T04:00:00.000Z,1.30793,1.30983,1.3069,1.3088,30
2025-04-13T05:00:00.000Z,1.3088,1.31007,1.30777,1.30904,30
2025-04-13T06:00:00.000Z,1.30904,1.3103,1.30801,1.30927,30
2025-04-13T07:00:00.000Z,1.30927,1.3103,1.30783,1.30886,30
2025-04-13T08:00:00.000Z,1.30886,1.30942,1.30679,1.30735,70
2025-04-13T09:00:00.000Z,1.30735,1.30791,1.30563,1.30619,70
2025-04-13T10:00:00.000Z,1.30619,1.30675,1.30447,1.30503,70
2025-04-13T11:00:00.000Z,1.30503,1.30559,1.30366,1.30422,70
2025-04-13T12:00:00.000Z,1.30422,1.30459,1.3026,1.30297,80
2025-04-13T13:00:00.000Z,1.30297,1.30334,1.30159,1.30196,80
2025-04-13T14:00:00.000Z,1.30196,1.30233,1.30057,1.30094,80
2025-04-13T15:00:00.000Z,1.30094,1.30131,1.29979,1.30016,80
2025-04-13T16:00:00.000Z,1.30016,1.30076,1.29997,1.30057,30
2025-04-13T17:00:00.000Z,1.30057,1.30105,1.30038,1.30086,30
2025-04-13T18:00:00.000Z,1.30086,1.30134,1.30067,1.30115,30
2025-04-13T19:00:00.000Z,1.30115,1.30151,1.30096,1.30132,30
2025-04-13T20:00:00.000Z,1.30132,1.30421,1.30065,1.30354,15
2025-04-13T21:00:00.000Z,1.30354,1.30601,1.30287,1.30534,15
2025-04-13T22:00:00.000Z,1.30534,1.30781,1.30467,1.30714,15
2025-04-13T23:00:00.000Z,1.30714,1.30919,1.30647,1.30852,15
2025-04-14T00:00:00.000Z,1.31735,1.31779,1.31721,1.31765,25
2025-04-14T01:00:00.000Z,1.31765,1.31801,1.31751,1.31787,25
2025-04-14T02:00:00.000Z,1.31787,1.31822,1.31773,1.31808,25
2025-04-14T03:00:00.000Z,1.31808,1.31835,1.31794,1.31821,25
2025-04-14T04:00:00.000Z,1.31821,1.31837,1.31778,1.31794,30
2025-04-14T05:00:00.000Z,1.31794,1.3181,1.3176,1.31776,30
2025-04-14T06:00:00.000Z,1.31776,1.31792,1.31743,1.31759,30
2025-04-14T07:00:00.000Z,1.31759,1.31775,1.31736,1.31752,30
2025-04-14T08:00:00.000Z,1.31752,1.31904,1.31711,1.31863,70
2025-04-14T09:00:00.000Z,1.31863,1.3199,1.31822,1.31949,70
2025-04-14T10:00:00.000Z,1.31949,1.32076,1.31908,1.32035,70
2025-04-14T11:00:00.000Z,1.32035,1.32136,1.31994,1.32095,70
2025-04-14T12:00:00.000Z,1.32095,1.3223,1.32058,1.32193,80
2025-04-14T13:00:00.000Z,1.32193,1.32305,1.32156,1.32268,80
2025-04-14T14:00:00.000Z,1.32268,1.3238,1.32231,1.32343,80
2025-04-14T15:00:00.000Z,1.32343,1.32432,1.32306,1.32395,80
2025-04-14T16:00:00.000Z,1.32395,1.32409,1.32351,1.32365,30
2025-04-14T17:00:00.000Z,1.32365,1.32379,1.32329,1.32343,30
2025-04-14T18:00:00.000Z,1.32343,1.32357,1.32308,1.32322,30
2025-04-14T19:00:00.000Z,1.32322,1.32336,1.32295,1.32309,30
2025-04-14T20:00:00.000Z,1.32309,1.32361,1.32084,1.32136,15
2025-04-14T21:00:00.000Z,1.32136,1.32188,1.31943,1.31995,15
2025-04-14T22:00:00.000Z,1.31995,1.32047,1.31802,1.31854,15
2025-04-14T23:00:00.000Z,1.31854,1.31906,1.31693,1.31745,15
2025-04-15T00:00:00.000Z,1.32319,1.32329,1.32286,1.32296,25
2025-04-15T01:00:00.000Z,1.32296,1.32306,1.3227,1.3228,25
2025-04-15T02:00:00.000Z,1.3228,1.3229,1.32254,1.32264,25
2025-04-15T03:00:00.000Z,1.32264,1.32274,1.32244,1.32254,25
2025-04-15T04:00:00.000Z,1.32254,1.32358,1.32198,1.32302,30
2025-04-15T05:00:00.000Z,1.32302,1.32371,1.32246,1.32315,30
2025-04-15T06:00:00.000Z,1.32315,1.32384,1.32259,1.32328,30
2025-04-15T07:00:00.000Z,1.32328,1.32384,1.3225,1.32306,30
2025-04-15T08:00:00.000Z,1.32306,1.32337,1.32191,1.32222,70
2025-04-15T09:00:00.000Z,1.32222,1.32253,1.32127,1.32158,70
2025-04-15T10:00:00.000Z,1.32158,1.32189,1.32062,1.32093,70
2025-04-15T11:00:00.000Z,1.32093,1.32124,1.32017,1.32048,70
2025-04-15T12:00:00.000Z,1.32048,1.32069,1.31958,1.31979,80
2025-04-15T13:00:00.000Z,1.31979,1.32,1.31901,1.31922,80
2025-04-15T14:00:00.000Z,1.31922,1.31943,1.31845,1.31866,80
2025-04-15T15:00:00.000Z,1.31866,1.31887,1.31801,1.31822,80
2025-04-15T16:00:00.000Z,1.31822,1.31855,1.31812,1.31845,30
2025-04-15T17:00:00.000Z,1.31845,1.31871,1.31835,1.31861,30
2025-04-15T18:00:00.000Z,1.31861,1.31887,1.31851,1.31877,30
2025-04-15T19:00:00.000Z,1.31877,1.31897,1.31867,1.31887,30
2025-04-15T20:00:00.000Z,1.31887,1.32056,1.31848,1.32017,15
2025-04-15T21:00:00.000Z,1.32017,1.32162,1.31978,1.32123,15
2025-04-15T22:00:00.000Z,1.32123,1.32268,1.32084,1.32229,15
2025-04-15T23:00:00.000Z,1.32229,1.32349,1.3219,1.3231,15
2025-04-16T00:00:00.000Z,1.32333,1.32368,1.32322,1.32357,25
2025-04-16T01:00:00.000Z,1.32357,1.32385,1.32346,1.32374,25
2025-04-16T02:00:00.000Z,1.32374,1.32402,1.32363,1.32391,25
2025-04-16T03:00:00.000Z,1.32391,1.32412,1.3238,1.32401,25
2025-04-16T04:00:00.000Z,1.32401,1.32431,1.32339,1.32369,30
2025-04-16T05:00:00.000Z,1.32369,1.32399,1.32325,1.32355,30
2025-04-16T06:00:00.000Z,1.32355,1.32385,1.32311,1.32341,30
2025-04-16T07:00:00.000Z,1.32341,1.32376,1.32311,1.32346,30
2025-04-16T08:00:00.000Z,1.32346,1.32466,1.32314,1.32434,70
2025-04-16T09:00:00.000Z,1.32434,1.32534,1.32402,1.32502,70
2025-04-16T10:00:00.000Z,1.32502,1.32602,1.3247,1.3257,70
2025-04-16T11:00:00.000Z,1.3257,1.32649,1.32538,1.32617,70
2025-04-16T12:00:00.000Z,1.32617,1.32712,1.32595,1.3269,80
2025-04-16T13:00:00.000Z,1.3269,1.32771,1.32668,1.32749,80
2025-04-16T14:00:00.000Z,1.32749,1.3283,1.32727,1.32808,80
2025-04-16T15:00:00.000Z,1.32808,1.32876,1.32786,1.32854,80
2025-04-16T16:00:00.000Z,1.32854,1.32865,1.32819,1.3283,30
2025-04-16T17:00:00.000Z,1.3283,1.32841,1.32802,1.32813,30
2025-04-16T18:00:00.000Z,1.32813,1.32824,1.32785,1.32796,30
2025-04-16T19:00:00.000Z,1.32796,1.32807,1.32775,1.32786,30
2025-04-16T20:00:00.000Z,1.32786,1.32827,1.32608,1.32649,15
2025-04-16T21:00:00.000Z,1.32649,1.3269,1.32496,1.32537,15
2025-04-16T22:00:00.000Z,1.32537,1.32578,1.32385,1.32426,15
2025-04-16T23:00:00.000Z,1.32426,1.32467,1.32299,1.3234,15
2025-04-21T00:00:00.000Z,1.33815,1.33825,1.33783,1.33793,25
2025-04-21T01:00:00.000Z,1.33793,1.33803,1.33767,1.33777,25
2025-04-21T02:00:00.000Z,1.33777,1.33787,1.33751,1.33761,25
2025-04-21T03:00:00.000Z,1.33761,1.33771,1.33742,1.33752,25
2025-04-21T04:00:00.000Z,1.33752,1.33829,1.33712,1.33789,30
2025-04-21T05:00:00.000Z,1.33789,1.33842,1.33749,1.33802,30
2025-04-21T06:00:00.000Z,1.33802,1.33854,1.33762,1.33814,30
2025-04-21T07:00:00.000Z,1.33814,1.33854,1.33762,1.33802,30
2025-04-21T08:00:00.000Z,1.33802,1.33832,1.33689,1.33719,70
2025-04-21T09:00:00.000Z,1.33719,1.33749,1.33626,1.33656,70
2025-04-21T10:00:00.000Z,1.33656,1.33686,1.33562,1.33592,70
2025-04-21T11:00:00.000Z,1.33592,1.33622,1.33518,1.33548,70
2025-04-21T12:00:00.000Z,1.33548,1.33568,1.3346,1.3348,80
2025-04-21T13:00:00.000Z,1.3348,1.335,1.33404,1.33424,80
2025-04-21T14:00:00.000Z,1.33424,1.33444,1.33349,1.33369,80
2025-04-21T15:00:00.000Z,1.33369,1.33389,1.33306,1.33326,80
2025-04-21T16:00:00.000Z,1.33326,1.33358,1.33316,1.33348,30
2025-04-21T17:00:00.000Z,1.33348,1.33374,1.33338,1.33364,30
2025-04-21T18:00:00.000Z,1.33364,1.3339,1.33354,1.3338,30
2025-04-21T19:00:00.000Z,1.3338,1.334,1.3337,1.3339,30
2025-04-21T20:00:00.000Z,1.3339,1.33553,1.33352,1.33515,15
2025-04-21T21:00:00.000Z,1.33515,1.33655,1.33477,1.33617,15
2025-04-21T22:00:00.000Z,1.33617,1.33757,1.33579,1.33719,15
2025-04-21T23:00:00.000Z,1.33719,1.33835,1.33681,1.33797,15
2025-04-22T00:00:00.000Z,1.32732,1.32776,1.32718,1.32762,25
2025-04-22T01:00:00.000Z,1.32762,1.32797,1.32748,1.32783,25
2025-04-22T02:00:00.000Z,1.32783,1.32818,1.32769,1.32804,25
2025-04-22T03:00:00.000Z,1.32804,1.32831,1.3279,1.32817,25
2025-04-22T04:00:00.000Z,1.32817,1.32843,1.32758,1.32784,30
2025-04-22T05:00:00.000Z,1.32784,1.3281,1.32741,1.32767,30
2025-04-22T06:00:00.000Z,1.32767,1.32793,1.32724,1.3275,30
2025-04-22T07:00:00.000Z,1.3275,1.32776,1.32723,1.32749,30
2025-04-22T08:00:00.000Z,1.32749,1.32901,1.32708,1.3286,70
2025-04-22T09:00:00.000Z,1.3286,1.32987,1.32819,1.32946,70
2025-04-22T10:00:00.000Z,1.32946,1.33073,1.32905,1.33032,70
2025-04-22T11:00:00.000Z,1.33032,1.33133,1.32991,1.33092,70
2025-04-22T12:00:00.000Z,1.33092,1.33211,1.33065,1.33184,80
2025-04-22T13:00:00.000Z,1.33184,1.33286,1.33157,1.33259,80
2025-04-22T14:00:00.000Z,1.33259,1.33361,1.33232,1.33334,80
2025-04-22T15:00:00.000Z,1.33334,1.33419,1.33307,1.33392,80
2025-04-22T16:00:00.000Z,1.33392,1.33406,1.33348,1.33362,30
2025-04-22T17:00:00.000Z,1.33362,1.33376,1.33326,1.3334,30
2025-04-22T18:00:00.000Z,1.3334,1.33354,1.33305,1.33319,30
2025-04-22T19:00:00.000Z,1.33319,1.33333,1.33292,1.33306,30
2025-04-22T20:00:00.000Z,1.33306,1.33359,1.33076,1.33129,15
2025-04-22T21:00:00.000Z,1.33129,1.33182,1.32933,1.32986,15
2025-04-22T22:00:00.000Z,1.32986,1.33039,1.3279,1.32843,15
2025-04-22T23:00:00.000Z,1.32843,1.32896,1.32679,1.32732,15
2025-04-23T00:00:00.000Z,1.32654,1.32665,1.32619,1.3263,25
2025-04-23T01:00:00.000Z,1.3263,1.32641,1.32601,1.32612,25
2025-04-23T02:00:00.000Z,1.32612,1.32623,1.32583,1.32594,25
2025-04-23T03:00:00.000Z,1.32594,1.32605,1.32573,1.32584,25
2025-04-23T04:00:00.000Z,1.32584,1.32697,1.32523,1.32636,30
2025-04-23T05:00:00.000Z,1.32636,1.32711,1.32575,1.3265,30
2025-04-23T06:00:00.000Z,1.3265,1.32725,1.32589,1.32664,30
2025-04-23T07:00:00.000Z,1.32664,1.32725,1.32579,1.3264,30
2025-04-23T08:00:00.000Z,1.3264,1.32674,1.32515,1.32549,70
2025-04-23T09:00:00.000Z,1.32549,1.32583,1.32446,1.3248,70
2025-04-23T10:00:00.000Z,1.3248,1.32514,1.32376,1.3241,70
2025-04-23T11:00:00.000Z,1.3241,1.32444,1.32327,1.32361,70
2025-04-23T12:00:00.000Z,1.32361,1.32383,1.32264,1.32286,80
2025-04-23T13:00:00.000Z,1.32286,1.32308,1.32202,1.32224,80
2025-04-23T14:00:00.000Z,1.32224,1.32246,1.32141,1.32163,80
2025-04-23T15:00:00.000Z,1.32163,1.32185,1.32094,1.32116,80
2025-04-23T16:00:00.000Z,1.32116,1.32151,1.32105,1.3214,30
2025-04-23T17:00:00.000Z,1.3214,1.32169,1.32129,1.32158,30
2025-04-23T18:00:00.000Z,1.32158,1.32186,1.32147,1.32175,30
2025-04-23T19:00:00.000Z,1.32175,1.32197,1.32164,1.32186,30
2025-04-23T20:00:00.000Z,1.32186,1.32369,1.32144,1.32327,15
2025-04-23T21:00:00.000Z,1.32327,1.32484,1.32285,1.32442,15
2025-04-23T22:00:00.000Z,1.32442,1.32599,1.324,1.32557,15
2025-04-23T23:00:00.000Z,1.32557,1.32687,1.32515,1.32645,15
2025-04-24T00:00:00.000Z,1.33275,1.33284,1.33247,1.33256,25
2025-04-24T01:00:00.000Z,1.33256,1.33265,1.33233,1.33242,25
2025-04-24T02:00:00.000Z,1.33242,1.33251,1.33219,1.33228,25
2025-04-24T03:00:00.000Z,1.33228,1.33237,1.3321,1.33219,25
2025-04-24T04:00:00.000Z,1.33219,1.33245,1.3321,1.33236,30
2025-04-24T05:00:00.000Z,1.33236,1.33256,1.33227,1.33247,30
2025-04-24T06:00:00.000Z,1.33247,1.33267,1.33238,1.33258,30
2025-04-24T07:00:00.000Z,1.33258,1.33273,1.33249,1.33264,30
2025-04-24T08:00:00.000Z,1.33264,1.3329,1.33166,1.33192,70
2025-04-24T09:00:00.000Z,1.33192,1.33218,1.33111,1.33137,70
2025-04-24T10:00:00.000Z,1.33137,1.33163,1.33056,1.33082,70
2025-04-24T11:00:00.000Z,1.33082,1.33108,1.33017,1.33043,70
2025-04-24T12:00:00.000Z,1.33043,1.33069,1.32953,1.32979,80
2025-04-24T13:00:00.000Z,1.32979,1.33005,1.32904,1.3293,80
2025-04-24T14:00:00.000Z,1.3293,1.32956,1.32856,1.32882,80
2025-04-24T15:00:00.000Z,1.32882,1.32908,1.32824,1.3285,80
2025-04-24T16:00:00.000Z,1.3285,1.32878,1.32841,1.32869,30
2025-04-24T17:00:00.000Z,1.32869,1.32892,1.3286,1.32883,30
2025-04-24T18:00:00.000Z,1.32883,1.32906,1.32874,1.32897,30
2025-04-24T19:00:00.000Z,1.32897,1.32914,1.32888,1.32905,30
2025-04-24T20:00:00.000Z,1.32905,1.33048,1.32872,1.33015,15
2025-04-24T21:00:00.000Z,1.33015,1.33137,1.32982,1.33104,15
2025-04-24T22:00:00.000Z,1.33104,1.33226,1.33071,1.33193,15
2025-04-24T23:00:00.000Z,1.33193,1.33295,1.3316,1.33262,15
2025-04-27T00:00:00.000Z,1.32901,1.32971,1.32879,1.32949,25
2025-04-27T01:00:00.000Z,1.32949,1.33006,1.32927,1.32984,25
2025-04-27T02:00:00.000Z,1.32984,1.3304,1.32962,1.33018,25
2025-04-27T03:00:00.000Z,1.33018,1.33061,1.32996,1.33039,25
2025-04-27T04:00:00.000Z,1.33039,1.33063,1.32973,1.32997,30
2025-04-27T05:00:00.000Z,1.32997,1.33021,1.32945,1.32969,30
2025-04-27T06:00:00.000Z,1.32969,1.32993,1.32918,1.32942,30
2025-04-27T07:00:00.000Z,1.32942,1.32966,1.32905,1.32929,30
2025-04-27T08:00:00.000Z,1.32929,1.33174,1.32863,1.33108,70
2025-04-27T09:00:00.000Z,1.33108,1.33312,1.33042,1.33246,70
2025-04-27T10:00:00.000Z,1.33246,1.3345,1.3318,1.33384,70
2025-04-27T11:00:00.000Z,1.33384,1.33547,1.33318,1.33481,70
2025-04-27T12:00:00.000Z,1.33481,1.33704,1.33418,1.33641,80
2025-04-27T13:00:00.000Z,1.33641,1.33825,1.33578,1.33762,80
2025-04-27T14:00:00.000Z,1.33762,1.33946,1.33699,1.33883,80
2025-04-27T15:00:00.000Z,1.33883,1.34028,1.3382,1.33965,80
2025-04-27T16:00:00.000Z,1.33965,1.33987,1.33894,1.33916,30
2025-04-27T17:00:00.000Z,1.33916,1.33938,1.3386,1.33882,30
2025-04-27T18:00:00.000Z,1.33882,1.33904,1.33825,1.33847,30
2025-04-27T19:00:00.000Z,1.33847,1.33869,1.33804,1.33826,30
2025-04-27T20:00:00.000Z,1.33826,1.33911,1.33457,1.33542,15
2025-04-27T21:00:00.000Z,1.33542,1.33627,1.33225,1.3331,15
2025-04-27T22:00:00.000Z,1.3331,1.33395,1.32994,1.33079,15
2025-04-27T23:00:00.000Z,1.33079,1.33164,1.32816,1.32901,15
2025-04-28T00:00:00.000Z,1.34351,1.34382,1.34341,1.34372,25
2025-04-28T01:00:00.000Z,1.34372,1.34398,1.34362,1.34388,25
2025-04-28T02:00:00.000Z,1.34388,1.34413,1.34378,1.34403,25
2025-04-28T03:00:00.000Z,1.34403,1.34422,1.34393,1.34412,25
2025-04-28T04:00:00.000Z,1.34412,1.34462,1.34318,1.34368,30
2025-04-28T05:00:00.000Z,1.34368,1.34418,1.34306,1.34356,30
2025-04-28T06:00:00.000Z,1.34356,1.34406,1.34294,1.34344,30
2025-04-28T07:00:00.000Z,1.34344,1.34413,1.34294,1.34363,30
2025-04-28T08:00:00.000Z,1.34363,1.34471,1.34334,1.34442,70
2025-04-28T09:00:00.000Z,1.34442,1.34532,1.34413,1.34503,70
2025-04-28T10:00:00.000Z,1.34503,1.34592,1.34474,1.34563,70
2025-04-28T11:00:00.000Z,1.34563,1.34635,1.34534,1.34606,70
2025-04-28T12:00:00.000Z,1.34606,1.3469,1.34587,1.34671,80
2025-04-28T13:00:00.000Z,1.34671,1.34744,1.34652,1.34725,80
2025-04-28T14:00:00.000Z,1.34725,1.34797,1.34706,1.34778,80
2025-04-28T15:00:00.000Z,1.34778,1.34838,1.34759,1.34819,80
2025-04-28T16:00:00.000Z,1.34819,1.34829,1.34788,1.34798,30
2025-04-28T17:00:00.000Z,1.34798,1.34808,1.34772,1.34782,30
2025-04-28T18:00:00.000Z,1.34782,1.34792,1.34757,1.34767,30
2025-04-28T19:00:00.000Z,1.34767,1.34777,1.34748,1.34758,30
2025-04-28T20:00:00.000Z,1.34758,1.34795,1.34599,1.34636,15
2025-04-28T21:00:00.000Z,1.34636,1.34673,1.345,1.34537,15
2025-04-28T22:00:00.000Z,1.34537,1.34574,1.34401,1.34438,15
2025-04-28T23:00:00.000Z,1.34438,1.34475,1.34325,1.34362,15
2025-04-29T00:00:00.000Z,1.34127,1.34144,1.34074,1.34091,25
2025-04-29T01:00:00.000Z,1.34091,1.34108,1.34048,1.34065,25
2025-04-29T02:00:00.000Z,1.34065,1.34082,1.34022,1.34039,25
2025-04-29T03:00:00.000Z,1.34039,1.34056,1.34007,1.34024,25
2025-04-29T04:00:00.000Z,1.34024,1.34067,1.3401,1.34053,30
2025-04-29T05:00:00.000Z,1.34053,1.34088,1.34039,1.34074,30
2025-04-29T06:00:00.000Z,1.34074,1.34109,1.3406,1.34095,30
2025-04-29T07:00:00.000Z,1.34095,1.34121,1.34081,1.34107,30
2025-04-29T08:00:00.000Z,1.34107,1.34157,1.33922,1.33972,70
2025-04-29T09:00:00.000Z,1.33972,1.34022,1.33818,1.33868,70
2025-04-29T10:00:00.000Z,1.33868,1.33918,1.33715,1.33765,70
2025-04-29T11:00:00.000Z,1.33765,1.33815,1.33642,1.33692,70
2025-04-29T12:00:00.000Z,1.33692,1.33743,1.33518,1.33569,80
2025-04-29T13:00:00.000Z,1.33569,1.3362,1.33428,1.33479,80
2025-04-29T14:00:00.000Z,1.33479,1.3353,1.33337,1.33388,80
2025-04-29T15:00:00.000Z,1.33388,1.33439,1.33278,1.33329,80
2025-04-29T16:00:00.000Z,1.33329,1.33382,1.33312,1.33365,30
2025-04-29T17:00:00.000Z,1.33365,1.33408,1.33348,1.33391,30
2025-04-29T18:00:00.000Z,1.33391,1.33434,1.33374,1.33417,30
2025-04-29T19:00:00.000Z,1.33417,1.33449,1.334,1.33432,30
2025-04-29T20:00:00.000Z,1.33432,1.33702,1.3337,1.3364,15
2025-04-29T21:00:00.000Z,1.3364,1.33871,1.33578,1.33809,15
2025-04-29T22:00:00.000Z,1.33809,1.3404,1.33747,1.33978,15
2025-04-29T23:00:00.000Z,1.33978,1.3417,1.33916,1.34108,15
2025-04-30T00:00:00.000Z,1.33216,1.33257,1.33203,1.33244,25
2025-04-30T01:00:00.000Z,1.33244,1.33276,1.33231,1.33263,25
2025-04-30T02:00:00.000Z,1.33263,1.33296,1.3325,1.33283,25
2025-04-30T03:00:00.000Z,1.33283,1.33308,1.3327,1.33295,25
2025-04-30T04:00:00.000Z,1.33295,1.33349,1.33191,1.33245,30
2025-04-30T05:00:00.000Z,1.33245,1.33299,1.33176,1.3323,30
2025-04-30T06:00:00.000Z,1.3323,1.33284,1.3316,1.33214,30
2025-04-30T07:00:00.000Z,1.33214,1.33286,1.3316,1.33232,30
2025-04-30T08:00:00.000Z,1.33232,1.33373,1.33194,1.33335,70
2025-04-30T09:00:00.000Z,1.33335,1.33452,1.33297,1.33414,70
2025-04-30T10:00:00.000Z,1.33414,1.33532,1.33376,1.33494,70
2025-04-30T11:00:00.000Z,1.33494,1.33587,1.33456,1.33549,70
2025-04-30T12:00:00.000Z,1.33549,1.33659,1.33524,1.33634,80
2025-04-30T13:00:00.000Z,1.33634,1.33729,1.33609,1.33704,80
2025-04-30T14:00:00.000Z,1.33704,1.33798,1.33679,1.33773,80
2025-04-30T15:00:00.000Z,1.33773,1.33852,1.33748,1.33827,80
2025-04-30T16:00:00.000Z,1.33827,1.3384,1.33786,1.33799,30
2025-04-30T17:00:00.000Z,1.33799,1.33812,1.33767,1.3378,30
2025-04-30T18:00:00.000Z,1.3378,1.33793,1.33747,1.3376,30
2025-04-30T19:00:00.000Z,1.3376,1.33773,1.33735,1.33748,30
2025-04-30T20:00:00.000Z,1.33748,1.33795,1.33544,1.33591,15
2025-04-30T21:00:00.000Z,1.33591,1.33638,1.33417,1.33464,15
2025-04-30T22:00:00.000Z,1.33464,1.33511,1.3329,1.33337,15
2025-04-30T23:00:00.000Z,1.33337,1.33384,1.33192,1.33239,15
2025-05-01T00:00:00.000Z,1.32866,1.32876,1.32834,1.32844,25
2025-05-01T01:00:00.000Z,1.32844,1.32854,1.32818,1.32828,25
2025-05-01T02:00:00.000Z,1.32828,1.32838,1.32802,1.32812,25
2025-05-01T03:00:00.000Z,1.32812,1.32822,1.32793,1.32803,25
2025-05-01T04:00:00.000Z,1.32803,1.32885,1.3276,1.32842,30
2025-05-01T05:00:00.000Z,1.32842,1.32898,1.32799,1.32855,30
2025-05-01T06:00:00.000Z,1.32855,1.3291,1.32812,1.32867,30
2025-05-01T07:00:00.000Z,1.32867,1.3291,1.3281,1.32853,30
2025-05-01T08:00:00.000Z,1.32853,1.32883,1.32741,1.32771,70
2025-05-01T09:00:00.000Z,1.32771,1.32801,1.32679,1.32709,70
2025-05-01T10:00:00.000Z,1.32709,1.32739,1.32616,1.32646,70
2025-05-01T11:00:00.000Z,1.32646,1.32676,1.32572,1.32602,70
2025-05-01T12:00:00.000Z,1.32602,1.32622,1.32514,1.32534,80
2025-05-01T13:00:00.000Z,1.32534,1.32554,1.32459,1.32479,80
2025-05-01T14:00:00.000Z,1.32479,1.32499,1.32404,1.32424,80
2025-05-01T15:00:00.000Z,1.32424,1.32444,1.32362,1.32382,80
2025-05-01T16:00:00.000Z,1.32382,1.32414,1.32372,1.32404,30
2025-05-01T17:00:00.000Z,1.32404,1.3243,1.32394,1.3242,30
2025-05-01T18:00:00.000Z,1.3242,1.32445,1.3241,1.32435,30
2025-05-01T19:00:00.000Z,1.32435,1.32455,1.32425,1.32445,30
2025-05-01T20:00:00.000Z,1.32445,1.32612,1.32407,1.32574,15
2025-05-01T21:00:00.000Z,1.32574,1.32717,1.32536,1.32679,15
2025-05-01T22:00:00.000Z,1.32679,1.32821,1.32641,1.32783,15
2025-05-01T23:00:00.000Z,1.32783,1.32902,1.32745,1.32864,15
2025-05-04T00:00:00.000Z,1.32709,1.32747,1.32697,1.32735,25
2025-05-04T01:00:00.000Z,1.32735,1.32765,1.32723,1.32753,25
2025-05-04T02:00:00.000Z,1.32753,1.32783,1.32741,1.32771,25
2025-05-04T03:00:00.000Z,1.32771,1.32794,1.32759,1.32782,25
2025-05-04T04:00:00.000Z,1.32782,1.32798,1.32741,1.32757,30
2025-05-04T05:00:00.000Z,1.32757,1.32773,1.32727,1.32743,30
2025-05-04T06:00:00.000Z,1.32743,1.32759,1.32712,1.32728,30
2025-05-04T07:00:00.000Z,1.32728,1.32744,1.32707,1.32723,30
2025-05-04T08:00:00.000Z,1.32723,1.32854,1.32688,1.32819,70
2025-05-04T09:00:00.000Z,1.32819,1.32928,1.32784,1.32893,70
2025-05-04T10:00:00.000Z,1.32893,1.33001,1.32858,1.32966,70
2025-05-04T11:00:00.000Z,1.32966,1.33053,1.32931,1.33018,70
2025-05-04T12:00:00.000Z,1.33018,1.33132,1.32988,1.33102,80
2025-05-04T13:00:00.000Z,1.33102,1.33196,1.33072,1.33166,80
2025-05-04T14:00:00.000Z,1.33166,1.33261,1.33136,1.33231,80
2025-05-04T15:00:00.000Z,1.33231,1.33307,1.33201,1.33277,80
2025-05-04T16:00:00.000Z,1.33277,1.33289,1.33239,1.33251,30
2025-05-04T17:00:00.000Z,1.33251,1.33263,1.33221,1.33233,30
2025-05-04T18:00:00.000Z,1.33233,1.33245,1.33202,1.33214,30
2025-05-04T19:00:00.000Z,1.33214,1.33226,1.33191,1.33203,30
2025-05-04T20:00:00.000Z,1.33203,1.33248,1.33009,1.33054,15
2025-05-04T21:00:00.000Z,1.33054,1.33099,1.32888,1.32933,15
2025-05-04T22:00:00.000Z,1.32933,1.32978,1.32767,1.32812,15
2025-05-04T23:00:00.000Z,1.32812,1.32857,1.32674,1.32719,15
2025-05-05T00:00:00.000Z,1.32903,1.32973,1.32881,1.32951,25
2025-05-05T01:00:00.000Z,1.32951,1.33008,1.32929,1.32986,25
2025-05-05T02:00:00.000Z,1.32986,1.33042,1.32964,1.3302,25
2025-05-05T03:00:00.000Z,1.3302,1.33063,1.32998,1.33041,25
2025-05-05T04:00:00.000Z,1.33041,1.3308,1.3295,1.32989,30
2025-05-05T05:00:00.000Z,1.32989,1.33028,1.32922,1.32961,30
2025-05-05T06:00:00.000Z,1.32961,1.33,1.32894,1.32933,30
2025-05-05T07:00:00.000Z,1.32933,1.32972,1.32891,1.3293,30
2025-05-05T08:00:00.000Z,1.3293,1.33176,1.32864,1.3311,70
2025-05-05T09:00:00.000Z,1.3311,1.33314,1.33044,1.33248,70
2025-05-05T10:00:00.000Z,1.33248,1.33452,1.33182,1.33386,70
2025-05-05T11:00:00.000Z,1.33386,1.33549,1.3332,1.33483,70
2025-05-05T12:00:00.000Z,1.33483,1.33681,1.33436,1.33634,80
2025-05-05T13:00:00.000Z,1.33634,1.33802,1.33587,1.33755,80
2025-05-05T14:00:00.000Z,1.33755,1.33923,1.33708,1.33876,80
2025-05-05T15:00:00.000Z,1.33876,1.34014,1.33829,1.33967,80
2025-05-05T16:00:00.000Z,1.33967,1.33989,1.33897,1.33919,30
2025-05-05T17:00:00.000Z,1.33919,1.33941,1.33862,1.33884,30
2025-05-05T18:00:00.000Z,1.33884,1.33906,1.33828,1.3385,30
2025-05-05T19:00:00.000Z,1.3385,1.33872,1.33807,1.33829,30
2025-05-05T20:00:00.000Z,1.33829,1.33912,1.33468,1.33551,15
2025-05-05T21:00:00.000Z,1.33551,1.33634,1.33242,1.33325,15
2025-05-05T22:00:00.000Z,1.33325,1.33408,1.33017,1.331,15
2025-05-05T23:00:00.000Z,1.331,1.33183,1.32843,1.32926,15
2025-05-06T00:00:00.000Z,1.33531,1.33558,1.33523,1.3355,25
2025-05-06T01:00:00.000Z,1.3355,1.33571,1.33542,1.33563,25
2025-05-06T02:00:00.000Z,1.33563,1.33584,1.33555,1.33576,25
2025-05-06T03:00:00.000Z,1.33576,1.33592,1.33568,1.33584,25
2025-05-06T04:00:00.000Z,1.33584,1.33613,1.33526,1.33555,30
2025-05-06T05:00:00.000Z,1.33555,1.33584,1.33516,1.33545,30
2025-05-06T06:00:00.000Z,1.33545,1.33574,1.33505,1.33534,30
2025-05-06T07:00:00.000Z,1.33534,1.33571,1.33505,1.33542,30
2025-05-06T08:00:00.000Z,1.33542,1.33636,1.33517,1.33611,70
2025-05-06T09:00:00.000Z,1.33611,1.33688,1.33586,1.33663,70
2025-05-06T10:00:00.000Z,1.33663,1.33741,1.33638,1.33716,70
2025-05-06T11:00:00.000Z,1.33716,1.33778,1.33691,1.33753,70
2025-05-06T12:00:00.000Z,1.33753,1.33827,1.33736,1.3381,80
2025-05-06T13:00:00.000Z,1.3381,1.33873,1.33793,1.33856,80
2025-05-06T14:00:00.000Z,1.33856,1.33919,1.33839,1.33902,80
2025-05-06T15:00:00.000Z,1.33902,1.33954,1.33885,1.33937,80
2025-05-06T16:00:00.000Z,1.33937,1.33945,1.3391,1.33918,30
2025-05-06T17:00:00.000Z,1.33918,1.33926,1.33897,1.33905,30
2025-05-06T18:00:00.000Z,1.33905,1.33913,1.33884,1.33892,30
2025-05-06T19:00:00.000Z,1.33892,1.339,1.33876,1.33884,30
2025-05-06T20:00:00.000Z,1.33884,1.33914,1.33754,1.33784,15
2025-05-06T21:00:00.000Z,1.33784,1.33814,1.33673,1.33703,15
2025-05-06T22:00:00.000Z,1.33703,1.33733,1.33591,1.33621,15
2025-05-06T23:00:00.000Z,1.33621,1.33651,1.33529,1.33559,15
2025-05-07T00:00:00.000Z,1.32913,1.32967,1.32896,1.3295,25
2025-05-07T01:00:00.000Z,1.3295,1.32994,1.32933,1.32977,25
2025-05-07T02:00:00.000Z,1.32977,1.3302,1.3296,1.33003,25
2025-05-07T03:00:00.000Z,1.33003,1.33036,1.32986,1.33019,25
2025-05-07T04:00:00.000Z,1.33019,1.33064,1.32925,1.3297,30
2025-05-07T05:00:00.000Z,1.3297,1.33015,1.32904,1.32949,30
2025-05-07T06:00:00.000Z,1.32949,1.32994,1.32882,1.32927,30
2025-05-07T07:00:00.000Z,1.32927,1.32979,1.32882,1.32934,30
2025-05-07T08:00:00.000Z,1.32934,1.33122,1.32883,1.33071,70
2025-05-07T09:00:00.000Z,1.33071,1.33228,1.3302,1.33177,70
2025-05-07T10:00:00.000Z,1.33177,1.33333,1.33126,1.33282,70
2025-05-07T11:00:00.000Z,1.33282,1.33407,1.33231,1.33356,70
2025-05-07T12:00:00.000Z,1.33356,1.33504,1.33322,1.3347,80
2025-05-07T13:00:00.000Z,1.3347,1.33596,1.33436,1.33562,80
2025-05-07T14:00:00.000Z,1.33562,1.33689,1.33528,1.33655,80
2025-05-07T15:00:00.000Z,1.33655,1.3376,1.33621,1.33726,80
2025-05-07T16:00:00.000Z,1.33726,1.33743,1.33672,1.33689,30
2025-05-07T17:00:00.000Z,1.33689,1.33706,1.33645,1.33662,30
2025-05-07T18:00:00.000Z,1.33662,1.33679,1.33619,1.33636,30
2025-05-07T19:00:00.000Z,1.33636,1.33653,1.33603,1.3362,30
2025-05-07T20:00:00.000Z,1.3362,1.33683,1.33348,1.33411,15
2025-05-07T21:00:00.000Z,1.33411,1.33474,1.33179,1.33242,15
2025-05-07T22:00:00.000Z,1.33242,1.33305,1.33009,1.33072,15
2025-05-07T23:00:00.000Z,1.33072,1.33135,1.32879,1.32942,15
2025-05-08T00:00:00.000Z,1.32408,1.32425,1.32355,1.32372,25
2025-05-08T01:00:00.000Z,1.32372,1.32389,1.32329,1.32346,25
2025-05-08T02:00:00.000Z,1.32346,1.32363,1.32303,1.3232,25
2025-05-08T03:00:00.000Z,1.3232,1.32337,1.32287,1.32304,25
2025-05-08T04:00:00.000Z,1.32304,1.32445,1.3223,1.32371,30
2025-05-08T05:00:00.000Z,1.32371,1.32466,1.32297,1.32392,30
2025-05-08T06:00:00.000Z,1.32392,1.32487,1.32318,1.32413,30
2025-05-08T07:00:00.000Z,1.32413,1.32487,1.32313,1.32387,30
2025-05-08T08:00:00.000Z,1.32387,1.32437,1.32201,1.32251,70
2025-05-08T09:00:00.000Z,1.32251,1.32301,1.32097,1.32147,70
2025-05-08T10:00:00.000Z,1.32147,1.32197,1.31993,1.32043,70
2025-05-08T11:00:00.000Z,1.32043,1.32093,1.3192,1.3197,70
2025-05-08T12:00:00.000Z,1.3197,1.32003,1.31825,1.31858,80
2025-05-08T13:00:00.000Z,1.31858,1.31891,1.31734,1.31767,80
2025-05-08T14:00:00.000Z,1.31767,1.318,1.31642,1.31675,80
2025-05-08T15:00:00.000Z,1.31675,1.31708,1.31572,1.31605,80
2025-05-08T16:00:00.000Z,1.31605,1.31658,1.31588,1.31641,30
2025-05-08T17:00:00.000Z,1.31641,1.31684,1.31624,1.31667,30
2025-05-08T18:00:00.000Z,1.31667,1.3171,1.3165,1.31693,30
2025-05-08T19:00:00.000Z,1.31693,1.31726,1.31676,1.31709,30
2025-05-08T20:00:00.000Z,1.31709,1.31968,1.31649,1.31908,15
2025-05-08T21:00:00.000Z,1.31908,1.32129,1.31848,1.32069,15
2025-05-08T22:00:00.000Z,1.32069,1.3229,1.32009,1.3223,15
2025-05-08T23:00:00.000Z,1.3223,1.32414,1.3217,1.32354,15
2025-05-11T00:00:00.000Z,1.32848,1.32928,1.32823,1.32903,25
2025-05-11T01:00:00.000Z,1.32903,1.32968,1.32878,1.32943,25
2025-05-11T02:00:00.000Z,1.32943,1.33007,1.32918,1.32982,25
2025-05-11T03:00:00.000Z,1.32982,1.33031,1.32957,1.33006,25
2025-05-11T04:00:00.000Z,1.33006,1.33139,1.32758,1.32891,30
2025-05-11T05:00:00.000Z,1.32891,1.33024,1.32727,1.3286,30
2025-05-11T06:00:00.000Z,1.3286,1.32993,1.32695,1.32828,30
2025-05-11T07:00:00.000Z,1.32828,1.33013,1.32695,1.3288,30
2025-05-11T08:00:00.000Z,1.3288,1.33161,1.32804,1.33085,70
2025-05-11T09:00:00.000Z,1.33085,1.33318,1.33009,1.33242,70
2025-05-11T10:00:00.000Z,1.33242,1.33476,1.33166,1.334,70
2025-05-11T11:00:00.000Z,1.334,1.33586,1.33324,1.3351,70
2025-05-11T12:00:00.000Z,1.3351,1.3373,1.3346,1.3368,80
2025-05-11T13:00:00.000Z,1.3368,1.33868,1.3363,1.33818,80
2025-05-11T14:00:00.000Z,1.33818,1.34006,1.33768,1.33956,80
2025-05-11T15:00:00.000Z,1.33956,1.34112,1.33906,1.34062,80
2025-05-11T16:00:00.000Z,1.34062,1.34087,1.33982,1.34007,30
2025-05-11T17:00:00.000Z,1.34007,1.34032,1.33942,1.33967,30
2025-05-11T18:00:00.000Z,1.33967,1.33992,1.33903,1.33928,30
2025-05-11T19:00:00.000Z,1.33928,1.33953,1.33879,1.33904,30
2025-05-11T20:00:00.000Z,1.33904,1.33998,1.33498,1.33592,15
2025-05-11T21:00:00.000Z,1.33592,1.33686,1.33244,1.33338,15
2025-05-11T22:00:00.000Z,1.33338,1.33432,1.32991,1.33085,15
2025-05-11T23:00:00.000Z,1.33085,1.33179,1.32796,1.3289,15
2025-05-12T00:00:00.000Z,1.31784,1.31801,1.3173,1.31747,25
2025-05-12T01:00:00.000Z,1.31747,1.31764,1.31703,1.3172,25
2025-05-12T02:00:00.000Z,1.3172,1.31737,1.31677,1.31694,25
2025-05-12T03:00:00.000Z,1.31694,1.31711,1.31661,1.31678,25
2025-05-12T04:00:00.000Z,1.31678,1.31853,1.31583,1.31758,30
2025-05-12T05:00:00.000Z,1.31758,1.31874,1.31663,1.31779,30
2025-05-12T06:00:00.000Z,1.31779,1.31895,1.31684,1.318,30
2025-05-12T07:00:00.000Z,1.318,1.31895,1.31667,1.31762,30
2025-05-12T08:00:00.000Z,1.31762,1.31813,1.31574,1.31625,70
2025-05-12T09:00:00.000Z,1.31625,1.31676,1.31468,1.31519,70
2025-05-12T10:00:00.000Z,1.31519,1.3157,1.31362,1.31413,70
2025-05-12T11:00:00.000Z,1.31413,1.31464,1.31288,1.31339,70
2025-05-12T12:00:00.000Z,1.31339,1.31373,1.31191,1.31225,80
2025-05-12T13:00:00.000Z,1.31225,1.31259,1.31098,1.31132,80
2025-05-12T14:00:00.000Z,1.31132,1.31166,1.31006,1.3104,80
2025-05-12T15:00:00.000Z,1.3104,1.31074,1.30934,1.30968,80
2025-05-12T16:00:00.000Z,1.30968,1.31022,1.30951,1.31005,30
2025-05-12T17:00:00.000Z,1.31005,1.31049,1.30988,1.31032,30
2025-05-12T18:00:00.000Z,1.31032,1.31075,1.31015,1.31058,30
2025-05-12T19:00:00.000Z,1.31058,1.31091,1.31041,1.31074,30
2025-05-12T20:00:00.000Z,1.31074,1.31355,1.31009,1.3129,15
2025-05-12T21:00:00.000Z,1.3129,1.31531,1.31225,1.31466,15
2025-05-12T22:00:00.000Z,1.31466,1.31707,1.31401,1.31642,15
2025-05-12T23:00:00.000Z,1.31642,1.31843,1.31577,1.31778,15
2025-05-13T00:00:00.000Z,1.33046,1.33058,1.33008,1.3302,25
2025-05-13T01:00:00.000Z,1.3302,1.33032,1.3299,1.33002,25
2025-05-13T02:00:00.000Z,1.33002,1.33014,1.32972,1.32984,25
2025-05-13T03:00:00.000Z,1.32984,1.32996,1.32961,1.32973,25
2025-05-13T04:00:00.000Z,1.32973,1.33075,1.32919,1.33021,30
2025-05-13T05:00:00.000Z,1.33021,1.3309,1.32967,1.33036,30
2025-05-13T06:00:00.000Z,1.33036,1.33104,1.32982,1.3305,30
2025-05-13T07:00:00.000Z,1.3305,1.33104,1.32977,1.33031,30
2025-05-13T08:00:00.000Z,1.33031,1.33066,1.32901,1.32936,70
2025-05-13T09:00:00.000Z,1.32936,1.32971,1.32828,1.32863,70
2025-05-13T10:00:00.000Z,1.32863,1.32898,1.32755,1.3279,70
2025-05-13T11:00:00.000Z,1.3279,1.32825,1.32704,1.32739,70
2025-05-13T12:00:00.000Z,1.32739,1.32762,1.32637,1.3266,80
2025-05-13T13:00:00.000Z,1.3266,1.32683,1.32573,1.32596,80
2025-05-13T14:00:00.000Z,1.32596,1.32619,1.32509,1.32532,80
2025-05-13T15:00:00.000Z,1.32532,1.32555,1.3246,1.32483,80
2025-05-13T16:00:00.000Z,1.32483,1.32521,1.32471,1.32509,30
2025-05-13T17:00:00.000Z,1.32509,1.32539,1.32497,1.32527,30
2025-05-13T18:00:00.000Z,1.32527,1.32557,1.32515,1.32545,30
2025-05-13T19:00:00.000Z,1.32545,1.32568,1.32533,1.32556,30
2025-05-13T20:00:00.000Z,1.32556,1.32751,1.32511,1.32706,15
2025-05-13T21:00:00.000Z,1.32706,1.32873,1.32661,1.32828,15
2025-05-13T22:00:00.000Z,1.32828,1.32995,1.32783,1.3295,15
2025-05-13T23:00:00.000Z,1.3295,1.33089,1.32905,1.33044,15
2025-05-14T00:00:00.000Z,1.32644,1.32653,1.32614,1.32623,25
2025-05-14T01:00:00.000Z,1.32623,1.32632,1.326,1.32609,25
2025-05-14T02:00:00.000Z,1.32609,1.32618,1.32585,1.32594,25
2025-05-14T03:00:00.000Z,1.32594,1.32603,1.32576,1.32585,25
2025-05-14T04:00:00.000Z,1.32585,1.32679,1.32534,1.32628,30
2025-05-14T05:00:00.000Z,1.32628,1.32691,1.32577,1.3264,30
2025-05-14T06:00:00.000Z,1.3264,1.32703,1.32589,1.32652,30
2025-05-14T07:00:00.000Z,1.32652,1.32703,1.32581,1.32632,30
2025-05-14T08:00:00.000Z,1.32632,1.3266,1.32529,1.32557,70
2025-05-14T09:00:00.000Z,1.32557,1.32585,1.32471,1.32499,70
2025-05-14T10:00:00.000Z,1.32499,1.32527,1.32413,1.32441,70
2025-05-14T11:00:00.000Z,1.32441,1.32469,1.32372,1.324,70
2025-05-14T12:00:00.000Z,1.324,1.32419,1.32318,1.32337,80
2025-05-14T13:00:00.000Z,1.32337,1.32356,1.32267,1.32286,80
2025-05-14T14:00:00.000Z,1.32286,1.32305,1.32216,1.32235,80
2025-05-14T15:00:00.000Z,1.32235,1.32254,1.32177,1.32196,80
2025-05-14T16:00:00.000Z,1.32196,1.32225,1.32187,1.32216,30
2025-05-14T17:00:00.000Z,1.32216,1.3224,1.32207,1.32231,30
2025-05-14T18:00:00.000Z,1.32231,1.32254,1.32222,1.32245,30
2025-05-14T19:00:00.000Z,1.32245,1.32263,1.32236,1.32254,30
2025-05-14T20:00:00.000Z,1.32254,1.32406,1.32219,1.32371,15
2025-05-14T21:00:00.000Z,1.32371,1.32501,1.32336,1.32466,15
2025-05-14T22:00:00.000Z,1.32466,1.32597,1.32431,1.32562,15
2025-05-14T23:00:00.000Z,1.32562,1.3267,1.32527,1.32635,15
2025-05-15T00:00:00.000Z,1.33032,1.33071,1.3302,1.33059,25
2025-05-15T01:00:00.000Z,1.33059,1.3309,1.33047,1.33078,25
2025-05-15T02:00:00.000Z,1.33078,1.3311,1.33066,1.33098,25
2025-05-15T03:00:00.000Z,1.33098,1.33121,1.33086,1.33109,25
2025-05-15T04:00:00.000Z,1.33109,1.33157,1.33015,1.33063,30
2025-05-15T05:00:00.000Z,1.33063,1.33111,1.33,1.33048,30
2025-05-15T06:00:00.000Z,1.33048,1.33096,1.32984,1.33032,30
2025-05-15T07:00:00.000Z,1.33032,1.33095,1.32984,1.33047,30
2025-05-15T08:00:00.000Z,1.33047,1.33184,1.3301,1.33147,70
2025-05-15T09:00:00.000Z,1.33147,1.33262,1.3311,1.33225,70
2025-05-15T10:00:00.000Z,1.33225,1.33339,1.33188,1.33302,70
2025-05-15T11:00:00.000Z,1.33302,1.33393,1.33265,1.33356,70
2025-05-15T12:00:00.000Z,1.33356,1.33464,1.33331,1.33439,80
2025-05-15T13:00:00.000Z,1.33439,1.33531,1.33414,1.33506,80
2025-05-15T14:00:00.000Z,1.33506,1.33599,1.33481,1.33574,80
2025-05-15T15:00:00.000Z,1.33574,1.33651,1.33549,1.33626,80
2025-05-15T16:00:00.000Z,1.33626,1.33638,1.33587,1.33599,30
2025-05-15T17:00:00.000Z,1.33599,1.33611,1.33568,1.3358,30
2025-05-15T18:00:00.000Z,1.3358,1.33592,1.33549,1.33561,30
2025-05-15T19:00:00.000Z,1.33561,1.33573,1.33537,1.33549,30
2025-05-15T20:00:00.000Z,1.33549,1.33594,1.33356,1.33401,15
2025-05-15T21:00:00.000Z,1.33401,1.33446,1.33236,1.33281,15
2025-05-15T22:00:00.000Z,1.33281,1.33326,1.33116,1.33161,15
2025-05-15T23:00:00.000Z,1.33161,1.33206,1.33024,1.33069,15
2025-05-18T00:00:00.000Z,1.33057,1.33075,1.33,1.33018,25
2025-05-18T01:00:00.000Z,1.33018,1.33036,1.32972,1.3299,25
2025-05-18T02:00:00.000Z,1.3299,1.33008,1.32944,1.32962,25
2025-05-18T03:00:00.000Z,1.32962,1.3298,1.32927,1.32945,25
2025-05-18T04:00:00.000Z,1.32945,1.33117,1.32853,1.33025,30
2025-05-18T05:00:00.000Z,1.33025,1.33139,1.32933,1.33047,30
2025-05-18T06:00:00.000Z,1.33047,1.33161,1.32955,1.33069,30
2025-05-18T07:00:00.000Z,1.33069,1.33161,1.32942,1.33034,30
2025-05-18T08:00:00.000Z,1.33034,1.33088,1.32835,1.32889,70
2025-05-18T09:00:00.000Z,1.32889,1.32943,1.32724,1.32778,70
2025-05-18T10:00:00.000Z,1.32778,1.32832,1.32612,1.32666,70
2025-05-18T11:00:00.000Z,1.32666,1.3272,1.32534,1.32588,70
2025-05-18T12:00:00.000Z,1.32588,1.32624,1.32432,1.32468,80
2025-05-18T13:00:00.000Z,1.32468,1.32504,1.32335,1.32371,80
2025-05-18T14:00:00.000Z,1.32371,1.32407,1.32237,1.32273,80
2025-05-18T15:00:00.000Z,1.32273,1.32309,1.32162,1.32198,80
2025-05-18T16:00:00.000Z,1.32198,1.32255,1.3218,1.32237,30
2025-05-18T17:00:00.000Z,1.32237,1.32283,1.32219,1.32265,30
2025-05-18T18:00:00.000Z,1.32265,1.3231,1.32247,1.32292,30
2025-05-18T19:00:00.000Z,1.32292,1.32327,1.32274,1.32309,30
2025-05-18T20:00:00.000Z,1.32309,1.32607,1.3224,1.32538,15
2025-05-18T21:00:00.000Z,1.32538,1.32794,1.32469,1.32725,15
2025-05-18T22:00:00.000Z,1.32725,1.3298,1.32656,1.32911,15
2025-05-18T23:00:00.000Z,1.32911,1.33124,1.32842,1.33055,15
2025-05-19T00:00:00.000Z,1.33597,1.33628,1.33587,1.33618,25
2025-05-19T01:00:00.000Z,1.33618,1.33644,1.33608,1.33634,25
2025-05-19T02:00:00.000Z,1.33634,1.33659,1.33624,1.33649,25
2025-05-19T03:00:00.000Z,1.33649,1.33668,1.33639,1.33658,25
2025-05-19T04:00:00.000Z,1.33658,1.33685,1.33602,1.33629,30
2025-05-19T05:00:00.000Z,1.33629,1.33656,1.3359,1.33617,30
2025-05-19T06:00:00.000Z,1.33617,1.33644,1.33578,1.33605,30
2025-05-19T07:00:00.000Z,1.33605,1.33636,1.33578,1.33609,30
2025-05-19T08:00:00.000Z,1.33609,1.33717,1.3358,1.33688,70
2025-05-19T09:00:00.000Z,1.33688,1.33778,1.33659,1.33749,70
2025-05-19T10:00:00.000Z,1.33749,1.33838,1.3372,1.33809,70
2025-05-19T11:00:00.000Z,1.33809,1.33881,1.3378,1.33852,70
2025-05-19T12:00:00.000Z,1.33852,1.33936,1.33833,1.33917,80
2025-05-19T13:00:00.000Z,1.33917,1.3399,1.33898,1.33971,80
2025-05-19T14:00:00.000Z,1.33971,1.34043,1.33952,1.34024,80
2025-05-19T15:00:00.000Z,1.34024,1.34084,1.34005,1.34065,80
2025-05-19T16:00:00.000Z,1.34065,1.34075,1.34034,1.34044,30
2025-05-19T17:00:00.000Z,1.34044,1.34054,1.34018,1.34028,30
2025-05-19T18:00:00.000Z,1.34028,1.34038,1.34003,1.34013,30
2025-05-19T19:00:00.000Z,1.34013,1.34023,1.33994,1.34004,30
2025-05-19T20:00:00.000Z,1.34004,1.34041,1.33843,1.3388,15
2025-05-19T21:00:00.000Z,1.3388,1.33917,1.33742,1.33779,15
2025-05-19T22:00:00.000Z,1.33779,1.33816,1.33642,1.33679,15
2025-05-19T23:00:00.000Z,1.33679,1.33716,1.33564,1.33601,15
2025-05-20T00:00:00.000Z,1.33985,1.33998,1.33945,1.33958,25
2025-05-20T01:00:00.000Z,1.33958,1.33971,1.33925,1.33938,25
2025-05-20T02:00:00.000Z,1.33938,1.33951,1.33906,1.33919,25
2025-05-20T03:00:00.000Z,1.33919,1.33932,1.33894,1.33907,25
2025-05-20T04:00:00.000Z,1.33907,1.34028,1.33842,1.33963,30
2025-05-20T05:00:00.000Z,1.33963,1.34044,1.33898,1.33979,30
2025-05-20T06:00:00.000Z,1.33979,1.3406,1.33914,1.33995,30
2025-05-20T07:00:00.000Z,1.33995,1.3406,1.33905,1.3397,30
2025-05-20T08:00:00.000Z,1.3397,1.34008,1.3383,1.33868,70
2025-05-20T09:00:00.000Z,1.33868,1.33906,1.33752,1.3379,70
2025-05-20T10:00:00.000Z,1.3379,1.33828,1.33674,1.33712,70
2025-05-20T11:00:00.000Z,1.33712,1.3375,1.33619,1.33657,70
2025-05-20T12:00:00.000Z,1.33657,1.33682,1.33548,1.33573,80
2025-05-20T13:00:00.000Z,1.33573,1.33598,1.33479,1.33504,80
2025-05-20T14:00:00.000Z,1.33504,1.33529,1.33411,1.33436,80
2025-05-20T15:00:00.000Z,1.33436,1.33461,1.33358,1.33383,80
2025-05-20T16:00:00.000Z,1.33383,1.33422,1.33371,1.3341,30
2025-05-20T17:00:00.000Z,1.3341,1.33442,1.33398,1.3343,30
2025-05-20T18:00:00.000Z,1.3343,1.33461,1.33418,1.33449,30
2025-05-20T19:00:00.000Z,1.33449,1.33473,1.33437,1.33461,30
2025-05-20T20:00:00.000Z,1.33461,1.33668,1.33413,1.3362,15
2025-05-20T21:00:00.000Z,1.3362,1.33797,1.33572,1.33749,15
2025-05-20T22:00:00.000Z,1.33749,1.33927,1.33701,1.33879,15
2025-05-20T23:00:00.000Z,1.33879,1.34026,1.33831,1.33978,15
2025-05-21T00:00:00.000Z,1.34225,1.34233,1.342,1.34208,25
2025-05-21T01:00:00.000Z,1.34208,1.34216,1.34188,1.34196,25
2025-05-21T02:00:00.000Z,1.34196,1.34204,1.34175,1.34183,25
2025-05-21T03:00:00.000Z,1.34183,1.34191,1.34168,1.34176,25
2025-05-21T04:00:00.000Z,1.34176,1.3422,1.34155,1.34199,30
2025-05-21T05:00:00.000Z,1.34199,1.34229,1.34178,1.34208,30
2025-05-21T06:00:00.000Z,1.34208,1.34239,1.34187,1.34218,30
2025-05-21T07:00:00.000Z,1.34218,1.34239,1.34194,1.34215,30
2025-05-21T08:00:00.000Z,1.34215,1.34239,1.34127,1.34151,70
2025-05-21T09:00:00.000Z,1.34151,1.34175,1.34078,1.34102,70
2025-05-21T10:00:00.000Z,1.34102,1.34126,1.34029,1.34053,70
2025-05-21T11:00:00.000Z,1.34053,1.34077,1.33995,1.34019,70
2025-05-21T12:00:00.000Z,1.34019,1.34035,1.3395,1.33966,80
2025-05-21T13:00:00.000Z,1.33966,1.33982,1.33908,1.33924,80
2025-05-21T14:00:00.000Z,1.33924,1.3394,1.33865,1.33881,80
2025-05-21T15:00:00.000Z,1.33881,1.33897,1.33832,1.33848,80
2025-05-21T16:00:00.000Z,1.33848,1.33873,1.3384,1.33865,30
2025-05-21T17:00:00.000Z,1.33865,1.33885,1.33857,1.33877,30
2025-05-21T18:00:00.000Z,1.33877,1.33898,1.33869,1.3389,30
2025-05-21T19:00:00.000Z,1.3389,1.33905,1.33882,1.33897,30
2025-05-21T20:00:00.000Z,1.33897,1.34014,1.3387,1.33987,15
2025-05-21T21:00:00.000Z,1.33987,1.34088,1.3396,1.34061,15
2025-05-21T22:00:00.000Z,1.34061,1.34161,1.34034,1.34134,15
2025-05-21T23:00:00.000Z,1.34134,1.34217,1.34107,1.3419,15
2025-05-22T00:00:00.000Z,1.34214,1.34232,1.34156,1.34174,25
2025-05-22T01:00:00.000Z,1.34174,1.34192,1.34128,1.34146,25
2025-05-22T02:00:00.000Z,1.34146,1.34164,1.34099,1.34117,25
2025-05-22T03:00:00.000Z,1.34117,1.34135,1.34082,1.341,25
2025-05-22T04:00:00.000Z,1.341,1.3429,1.33997,1.34187,30
2025-05-22T05:00:00.000Z,1.34187,1.34313,1.34084,1.3421,30
2025-05-22T06:00:00.000Z,1.3421,1.34336,1.34107,1.34233,30
2025-05-22T07:00:00.000Z,1.34233,1.34336,1.34088,1.34191,30
2025-05-22T08:00:00.000Z,1.34191,1.34246,1.33988,1.34043,70
2025-05-22T09:00:00.000Z,1.34043,1.34098,1.33874,1.33929,70
2025-05-22T10:00:00.000Z,1.33929,1.33984,1.3376,1.33815,70
2025-05-22T11:00:00.000Z,1.33815,1.3387,1.3368,1.33735,70
2025-05-22T12:00:00.000Z,1.33735,1.33771,1.33576,1.33612,80
2025-05-22T13:00:00.000Z,1.33612,1.33648,1.33477,1.33513,80
2025-05-22T14:00:00.000Z,1.33513,1.33549,1.33377,1.33413,80
2025-05-22T15:00:00.000Z,1.33413,1.33449,1.333,1.33336,80
2025-05-22T16:00:00.000Z,1.33336,1.33394,1.33318,1.33376,30
2025-05-22T17:00:00.000Z,1.33376,1.33422,1.33358,1.33404,30
2025-05-22T18:00:00.000Z,1.33404,1.33451,1.33386,1.33433,30
2025-05-22T19:00:00.000Z,1.33433,1.33468,1.33415,1.3345,30
2025-05-22T20:00:00.000Z,1.3345,1.33746,1.33382,1.33678,15
2025-05-22T21:00:00.000Z,1.33678,1.33932,1.3361,1.33864,15
2025-05-22T22:00:00.000Z,1.33864,1.34117,1.33796,1.34049,15
2025-05-22T23:00:00.000Z,1.34049,1.3426,1.33981,1.34192,15
2025-05-25T00:00:00.000Z,1.35378,1.35387,1.3535,1.35359,25
2025-05-25T01:00:00.000Z,1.35359,1.35368,1.35336,1.35345,25
2025-05-25T02:00:00.000Z,1.35345,1.35354,1.35322,1.35331,25
2025-05-25T03:00:00.000Z,1.35331,1.3534,1.35314,1.35323,25
2025-05-25T04:00:00.000Z,1.35323,1.35417,1.35272,1.35366,30
2025-05-25T05:00:00.000Z,1.35366,1.35428,1.35315,1.35377,30
2025-05-25T06:00:00.000Z,1.35377,1.35439,1.35326,1.35388,30
2025-05-25T07:00:00.000Z,1.35388,1.35439,1.35316,1.35367,30
2025-05-25T08:00:00.000Z,1.35367,1.35394,1.35268,1.35295,70
2025-05-25T09:00:00.000Z,1.35295,1.35322,1.35213,1.3524,70
2025-05-25T10:00:00.000Z,1.3524,1.35267,1.35158,1.35185,70
2025-05-25T11:00:00.000Z,1.35185,1.35212,1.3512,1.35147,70
2025-05-25T12:00:00.000Z,1.35147,1.35165,1.35069,1.35087,80
2025-05-25T13:00:00.000Z,1.35087,1.35105,1.35021,1.35039,80
2025-05-25T14:00:00.000Z,1.35039,1.35057,1.34972,1.3499,80
2025-05-25T15:00:00.000Z,1.3499,1.35008,1.34935,1.34953,80
2025-05-25T16:00:00.000Z,1.34953,1.34981,1.34944,1.34972,30
2025-05-25T17:00:00.000Z,1.34972,1.34995,1.34963,1.34986,30
2025-05-25T18:00:00.000Z,1.34986,1.35009,1.34977,1.35,30
2025-05-25T19:00:00.000Z,1.35,1.35018,1.34991,1.35009,30
2025-05-25T20:00:00.000Z,1.35009,1.35149,1.34977,1.35117,15
2025-05-25T21:00:00.000Z,1.35117,1.35236,1.35085,1.35204,15
2025-05-25T22:00:00.000Z,1.35204,1.35323,1.35172,1.35291,15
2025-05-25T23:00:00.000Z,1.35291,1.3539,1.35259,1.35358,15
2025-05-26T00:00:00.000Z,1.35667,1.35681,1.35623,1.35637,25
2025-05-26T01:00:00.000Z,1.35637,1.35651,1.35601,1.35615,25
2025-05-26T02:00:00.000Z,1.35615,1.35629,1.3558,1.35594,25
2025-05-26T03:00:00.000Z,1.35594,1.35608,1.35567,1.35581,25
2025-05-26T04:00:00.000Z,1.35581,1.35642,1.35554,1.35615,30
2025-05-26T05:00:00.000Z,1.35615,1.35659,1.35588,1.35632,30
2025-05-26T06:00:00.000Z,1.35632,1.35676,1.35605,1.35649,30
2025-05-26T07:00:00.000Z,1.35649,1.35677,1.35622,1.3565,30
2025-05-26T08:00:00.000Z,1.3565,1.35691,1.35498,1.35539,70
2025-05-26T09:00:00.000Z,1.35539,1.3558,1.35412,1.35453,70
2025-05-26T10:00:00.000Z,1.35453,1.35494,1.35326,1.35367,70
2025-05-26T11:00:00.000Z,1.35367,1.35408,1.35266,1.35307,70
2025-05-26T12:00:00.000Z,1.35307,1.35334,1.35188,1.35215,80
2025-05-26T13:00:00.000Z,1.35215,1.35242,1.35113,1.3514,80
2025-05-26T14:00:00.000Z,1.3514,1.35167,1.35038,1.35065,80
2025-05-26T15:00:00.000Z,1.35065,1.35092,1.3498,1.35007,80
2025-05-26T16:00:00.000Z,1.35007,1.35051,1.34993,1.35037,30
2025-05-26T17:00:00.000Z,1.35037,1.35073,1.35023,1.35059,30
2025-05-26T18:00:00.000Z,1.35059,1.35094,1.35045,1.3508,30
2025-05-26T19:00:00.000Z,1.3508,1.35107,1.35066,1.35093,30
2025-05-26T20:00:00.000Z,1.35093,1.35317,1.35041,1.35265,15
2025-05-26T21:00:00.000Z,1.35265,1.35457,1.35213,1.35405,15
2025-05-26T22:00:00.000Z,1.35405,1.35597,1.35353,1.35545,15
2025-05-26T23:00:00.000Z,1.35545,1.35704,1.35493,1.35652,15
2025-05-27T00:00:00.000Z,1.35152,1.35163,1.35116,1.35127,25
2025-05-27T01:00:00.000Z,1.35127,1.35138,1.35098,1.35109,25
2025-05-27T02:00:00.000Z,1.35109,1.3512,1.3508,1.35091,25
2025-05-27T03:00:00.000Z,1.35091,1.35102,1.35069,1.3508,25
2025-05-27T04:00:00.000Z,1.3508,1.35117,1.35066,1.35103,30
2025-05-27T05:00:00.000Z,1.35103,1.35131,1.35089,1.35117,30
2025-05-27T06:00:00.000Z,1.35117,1.35146,1.35103,1.35132,30
2025-05-27T07:00:00.000Z,1.35132,1.35151,1.35118,1.35137,30
2025-05-27T08:00:00.000Z,1.35137,1.35171,1.3501,1.35044,70
2025-05-27T09:00:00.000Z,1.35044,1.35078,1.34939,1.34973,70
2025-05-27T10:00:00.000Z,1.34973,1.35007,1.34868,1.34902,70
2025-05-27T11:00:00.000Z,1.34902,1.34936,1.34818,1.34852,70
2025-05-27T12:00:00.000Z,1.34852,1.34882,1.34741,1.34771,80
2025-05-27T13:00:00.000Z,1.34771,1.34801,1.34679,1.34709,80
2025-05-27T14:00:00.000Z,1.34709,1.34739,1.34616,1.34646,80
2025-05-27T15:00:00.000Z,1.34646,1.34676,1.34573,1.34603,80
2025-05-27T16:00:00.000Z,1.34603,1.34639,1.34592,1.34628,30
2025-05-27T17:00:00.000Z,1.34628,1.34657,1.34617,1.34646,30
2025-05-27T18:00:00.000Z,1.34646,1.34674,1.34635,1.34663,30
2025-05-27T19:00:00.000Z,1.34663,1.34685,1.34652,1.34674,30
2025-05-27T20:00:00.000Z,1.34674,1.34857,1.34632,1.34815,15
2025-05-27T21:00:00.000Z,1.34815,1.34972,1.34773,1.3493,15
2025-05-27T22:00:00.000Z,1.3493,1.35087,1.34888,1.35045,15
2025-05-27T23:00:00.000Z,1.35045,1.35175,1.35003,1.35133,15
2025-05-28T00:00:00.000Z,1.3427,1.34314,1.34256,1.343,25
2025-05-28T01:00:00.000Z,1.343,1.34336,1.34286,1.34322,25
2025-05-28T02:00:00.000Z,1.34322,1.34357,1.34308,1.34343,25
2025-05-28T03:00:00.000Z,1.34343,1.3437,1.34329,1.34356,25
2025-05-28T04:00:00.000Z,1.34356,1.34371,1.34314,1.34329,30
2025-05-28T05:00:00.000Z,1.34329,1.34344,1.34297,1.34312,30
2025-05-28T06:00:00.000Z,1.34312,1.34327,1.3428,1.34295,30
2025-05-28T07:00:00.000Z,1.34295,1.3431,1.34272,1.34287,30
2025-05-28T08:00:00.000Z,1.34287,1.34441,1.34245,1.34399,70
2025-05-28T09:00:00.000Z,1.34399,1.34528,1.34357,1.34486,70
2025-05-28T10:00:00.000Z,1.34486,1.34614,1.34444,1.34572,70
2025-05-28T11:00:00.000Z,1.34572,1.34675,1.3453,1.34633,70
2025-05-28T12:00:00.000Z,1.34633,1.34772,1.34594,1.34733,80
2025-05-28T13:00:00.000Z,1.34733,1.34847,1.34694,1.34808,80
2025-05-28T14:00:00.000Z,1.34808,1.34923,1.34769,1.34884,80
2025-05-28T15:00:00.000Z,1.34884,1.34974,1.34845,1.34935,80
2025-05-28T16:00:00.000Z,1.34935,1.34949,1.34891,1.34905,30
2025-05-28T17:00:00.000Z,1.34905,1.34919,1.34869,1.34883,30
2025-05-28T18:00:00.000Z,1.34883,1.34897,1.34848,1.34862,30
2025-05-28T19:00:00.000Z,1.34862,1.34876,1.34835,1.34849,30
2025-05-28T20:00:00.000Z,1.34849,1.34899,1.34634,1.34684,15
2025-05-28T21:00:00.000Z,1.34684,1.34734,1.34501,1.34551,15
2025-05-28T22:00:00.000Z,1.34551,1.34601,1.34367,1.34417,15
2025-05-28T23:00:00.000Z,1.34417,1.34467,1.34265,1.34315,15
2025-05-29T00:00:00.000Z,1.34996,1.35006,1.34965,1.34975,25
2025-05-29T01:00:00.000Z,1.34975,1.34985,1.3495,1.3496,25
2025-05-29T02:00:00.000Z,1.3496,1.3497,1.34935,1.34945,25
2025-05-29T03:00:00.000Z,1.34945,1.34955,1.34926,1.34936,25
2025-05-29T04:00:00.000Z,1.34936,1.34975,1.34919,1.34958,30
2025-05-29T05:00:00.000Z,1.34958,1.34987,1.34941,1.3497,30
2025-05-29T06:00:00.000Z,1.3497,1.34999,1.34953,1.34982,30
2025-05-29T07:00:00.000Z,1.34982,1.35001,1.34965,1.34984,30
2025-05-29T08:00:00.000Z,1.34984,1.35013,1.34876,1.34905,70
2025-05-29T09:00:00.000Z,1.34905,1.34934,1.34816,1.34845,70
2025-05-29T10:00:00.000Z,1.34845,1.34874,1.34755,1.34784,70
2025-05-29T11:00:00.000Z,1.34784,1.34813,1.34713,1.34742,70
2025-05-29T12:00:00.000Z,1.34742,1.34763,1.34655,1.34676,80
2025-05-29T13:00:00.000Z,1.34676,1.34697,1.34602,1.34623,80
2025-05-29T14:00:00.000Z,1.34623,1.34644,1.34549,1.3457,80
2025-05-29T15:00:00.000Z,1.3457,1.34591,1.34509,1.3453,80
2025-05-29T16:00:00.000Z,1.3453,1.34561,1.3452,1.34551,30
2025-05-29T17:00:00.000Z,1.34551,1.34577,1.34541,1.34567,30
2025-05-29T18:00:00.000Z,1.34567,1.34592,1.34557,1.34582,30
2025-05-29T19:00:00.000Z,1.34582,1.34601,1.34572,1.34591,30
2025-05-29T20:00:00.000Z,1.34591,1.34751,1.34554,1.34714,15
2025-05-29T21:00:00.000Z,1.34714,1.3485,1.34677,1.34813,15
2025-05-29T22:00:00.000Z,1.34813,1.3495,1.34776,1.34913,15
2025-05-29T23:00:00.000Z,1.34913,1.35027,1.34876,1.3499,15
2025-06-01T00:00:00.000Z,1.34695,1.34709,1.34649,1.34663,25
2025-06-01T01:00:00.000Z,1.34663,1.34677,1.34626,1.3464,25
2025-06-01T02:00:00.000Z,1.3464,1.34654,1.34604,1.34618,25
2025-06-01T03:00:00.000Z,1.34618,1.34632,1.3459,1.34604,25
2025-06-01T04:00:00.000Z,1.34604,1.34757,1.34521,1.34674,30
2025-06-01T05:00:00.000Z,1.34674,1.34775,1.34591,1.34692,30
2025-06-01T06:00:00.000Z,1.34692,1.34794,1.34609,1.34711,30
2025-06-01T07:00:00.000Z,1.34711,1.34794,1.34594,1.34677,30
2025-06-01T08:00:00.000Z,1.34677,1.3472,1.34517,1.3456,70
2025-06-01T09:00:00.000Z,1.3456,1.34603,1.34426,1.34469,70
2025-06-01T10:00:00.000Z,1.34469,1.34512,1.34336,1.34379,70
2025-06-01T11:00:00.000Z,1.34379,1.34422,1.34273,1.34316,70
2025-06-01T12:00:00.000Z,1.34316,1.34345,1.3419,1.34219,80
2025-06-01T13:00:00.000Z,1.34219,1.34248,1.34111,1.3414,80
2025-06-01T14:00:00.000Z,1.3414,1.34169,1.34032,1.34061,80
2025-06-01T15:00:00.000Z,1.34061,1.3409,1.33971,1.34,80
2025-06-01T16:00:00.000Z,1.34,1.34045,1.33986,1.34031,30
2025-06-01T17:00:00.000Z,1.34031,1.34068,1.34017,1.34054,30
2025-06-01T18:00:00.000Z,1.34054,1.3409,1.3404,1.34076,30
2025-06-01T19:00:00.000Z,1.34076,1.34104,1.34062,1.3409,30
2025-06-01T20:00:00.000Z,1.3409,1.34323,1.34036,1.34269,15
2025-06-01T21:00:00.000Z,1.34269,1.34469,1.34215,1.34415,15
2025-06-01T22:00:00.000Z,1.34415,1.34615,1.34361,1.34561,15
2025-06-01T23:00:00.000Z,1.34561,1.34727,1.34507,1.34673,15
2025-06-02T00:00:00.000Z,1.35573,1.35583,1.35541,1.35551,25
2025-06-02T01:00:00.000Z,1.35551,1.35561,1.35525,1.35535,25
2025-06-02T02:00:00.000Z,1.35535,1.35545,1.35509,1.35519,25
2025-06-02T03:00:00.000Z,1.35519,1.35529,1.355,1.3551,25
2025-06-02T04:00:00.000Z,1.3551,1.35536,1.35502,1.35528,30
2025-06-02T05:00:00.000Z,1.35528,1.35548,1.3552,1.3554,30
2025-06-02T06:00:00.000Z,1.3554,1.35561,1.35532,1.35553,30
2025-06-02T07:00:00.000Z,1.35553,1.35568,1.35545,1.3556,30
2025-06-02T08:00:00.000Z,1.3556,1.3559,1.35447,1.35477,70
2025-06-02T09:00:00.000Z,1.35477,1.35507,1.35384,1.35414,70
2025-06-02T10:00:00.000Z,1.35414,1.35444,1.3532,1.3535,70
2025-06-02T11:00:00.000Z,1.3535,1.3538,1.35276,1.35306,70
2025-06-02T12:00:00.000Z,1.35306,1.35337,1.352,1.35231,80
2025-06-02T13:00:00.000Z,1.35231,1.35262,1.35144,1.35175,80
2025-06-02T14:00:00.000Z,1.35175,1.35206,1.35089,1.3512,80
2025-06-02T15:00:00.000Z,1.3512,1.35151,1.35053,1.35084,80
2025-06-02T16:00:00.000Z,1.35084,1.35116,1.35074,1.35106,30
2025-06-02T17:00:00.000Z,1.35106,1.35132,1.35096,1.35122,30
2025-06-02T18:00:00.000Z,1.35122,1.35148,1.35112,1.35138,30
2025-06-02T19:00:00.000Z,1.35138,1.35158,1.35128,1.35148,30
2025-06-02T20:00:00.000Z,1.35148,1.35316,1.35109,1.35277,15
2025-06-02T21:00:00.000Z,1.35277,1.35421,1.35238,1.35382,15
2025-06-02T22:00:00.000Z,1.35382,1.35525,1.35343,1.35486,15
2025-06-02T23:00:00.000Z,1.35486,1.35606,1.35447,1.35567,15
2025-06-03T00:00:00.000Z,1.35316,1.35329,1.35276,1.35289,25
2025-06-03T01:00:00.000Z,1.35289,1.35302,1.35256,1.35269,25
2025-06-03T02:00:00.000Z,1.35269,1.35282,1.35237,1.3525,25
2025-06-03T03:00:00.000Z,1.3525,1.35263,1.35225,1.35238,25
2025-06-03T04:00:00.000Z,1.35238,1.35333,1.35189,1.35284,30
2025-06-03T05:00:00.000Z,1.35284,1.35349,1.35235,1.353,30
2025-06-03T06:00:00.000Z,1.353,1.35364,1.35251,1.35315,30
2025-06-03T07:00:00.000Z,1.35315,1.35364,1.35251,1.353,30
2025-06-03T08:00:00.000Z,1.353,1.35338,1.3516,1.35198,70
2025-06-03T09:00:00.000Z,1.35198,1.35236,1.35082,1.3512,70
2025-06-03T10:00:00.000Z,1.3512,1.35158,1.35004,1.35042,70
2025-06-03T11:00:00.000Z,1.35042,1.3508,1.34949,1.34987,70
2025-06-03T12:00:00.000Z,1.34987,1.35012,1.34878,1.34903,80
2025-06-03T13:00:00.000Z,1.34903,1.34928,1.34809,1.34834,80
2025-06-03T14:00:00.000Z,1.34834,1.34859,1.3474,1.34765,80
2025-06-03T15:00:00.000Z,1.34765,1.3479,1.34687,1.34712,80
2025-06-03T16:00:00.000Z,1.34712,1.34752,1.34699,1.34739,30
2025-06-03T17:00:00.000Z,1.34739,1.34772,1.34726,1.34759,30
2025-06-03T18:00:00.000Z,1.34759,1.34791,1.34746,1.34778,30
2025-06-03T19:00:00.000Z,1.34778,1.34803,1.34765,1.3479,30
2025-06-03T20:00:00.000Z,1.3479,1.34999,1.34742,1.34951,15
2025-06-03T21:00:00.000Z,1.34951,1.3513,1.34903,1.35082,15
2025-06-03T22:00:00.000Z,1.35082,1.35261,1.35034,1.35213,15
2025-06-03T23:00:00.000Z,1.35213,1.35362,1.35165,1.35314,15
2025-06-04T00:00:00.000Z,1.35518,1.35557,1.35506,1.35545,25
2025-06-04T01:00:00.000Z,1.35545,1.35576,1.35533,1.35564,25
2025-06-04T02:00:00.000Z,1.35564,1.35595,1.35552,1.35583,25
2025-06-04T03:00:00.000Z,1.35583,1.35606,1.35571,1.35594,25
2025-06-04T04:00:00.000Z,1.35594,1.35612,1.3555,1.35568,30
2025-06-04T05:00:00.000Z,1.35568,1.35586,1.35535,1.35553,30
2025-06-04T06:00:00.000Z,1.35553,1.35571,1.35519,1.35537,30
2025-06-04T07:00:00.000Z,1.35537,1.35555,1.35515,1.35533,30
2025-06-04T08:00:00.000Z,1.35533,1.35668,1.35497,1.35632,70
2025-06-04T09:00:00.000Z,1.35632,1.35744,1.35596,1.35708,70
2025-06-04T10:00:00.000Z,1.35708,1.3582,1.35672,1.35784,70
2025-06-04T11:00:00.000Z,1.35784,1.35873,1.35748,1.35837,70
2025-06-04T12:00:00.000Z,1.35837,1.35952,1.35807,1.35922,80
2025-06-04T13:00:00.000Z,1.35922,1.36019,1.35892,1.35989,80
2025-06-04T14:00:00.000Z,1.35989,1.36085,1.35959,1.36055,80
2025-06-04T15:00:00.000Z,1.36055,1.36133,1.36025,1.36103,80
2025-06-04T16:00:00.000Z,1.36103,1.36115,1.36064,1.36076,30
2025-06-04T17:00:00.000Z,1.36076,1.36088,1.36045,1.36057,30
2025-06-04T18:00:00.000Z,1.36057,1.36069,1.36026,1.36038,30
2025-06-04T19:00:00.000Z,1.36038,1.3605,1.36015,1.36027,30
2025-06-04T20:00:00.000Z,1.36027,1.36073,1.35826,1.35872,15
2025-06-04T21:00:00.000Z,1.35872,1.35918,1.35699,1.35745,15
2025-06-04T22:00:00.000Z,1.35745,1.35791,1.35573,1.35619,15
2025-06-04T23:00:00.000Z,1.35619,1.35665,1.35476,1.35522,15
2025-06-05T00:00:00.000Z,1.35799,1.35811,1.3576,1.35772,25
2025-06-05T01:00:00.000Z,1.35772,1.35784,1.35741,1.35753,25
2025-06-05T02:00:00.000Z,1.35753,1.35765,1.35722,1.35734,25
2025-06-05T03:00:00.000Z,1.35734,1.35746,1.3571,1.35722,25
2025-06-05T04:00:00.000Z,1.35722,1.3576,1.35708,1.35746,30
2025-06-05T05:00:00.000Z,1.35746,1.35776,1.35732,1.35762,30
2025-06-05T06:00:00.000Z,1.35762,1.35791,1.35748,1.35777,30
2025-06-05T07:00:00.000Z,1.35777,1.35798,1.35763,1.35784,30
2025-06-05T08:00:00.000Z,1.35784,1.35821,1.35647,1.35684,70
2025-06-05T09:00:00.000Z,1.35684,1.35721,1.35569,1.35606,70
2025-06-05T10:00:00.000Z,1.35606,1.35643,1.35492,1.35529,70
2025-06-05T11:00:00.000Z,1.35529,1.35566,1.35438,1.35475,70
2025-06-05T12:00:00.000Z,1.35475,1.3551,1.35351,1.35386,80
2025-06-05T13:00:00.000Z,1.35386,1.35421,1.35283,1.35318,80
2025-06-05T14:00:00.000Z,1.35318,1.35353,1.35215,1.3525,80
2025-06-05T15:00:00.000Z,1.3525,1.35285,1.35169,1.35204,80
2025-06-05T16:00:00.000Z,1.35204,1.35243,1.35192,1.35231,30
2025-06-05T17:00:00.000Z,1.35231,1.35262,1.35219,1.3525,30
2025-06-05T18:00:00.000Z,1.3525,1.35281,1.35238,1.35269,30
2025-06-05T19:00:00.000Z,1.35269,1.35293,1.35257,1.35281,30
2025-06-05T20:00:00.000Z,1.35281,1.35486,1.35234,1.35439,15
2025-06-05T21:00:00.000Z,1.35439,1.35615,1.35392,1.35568,15
2025-06-05T22:00:00.000Z,1.35568,1.35744,1.35521,1.35697,15
2025-06-05T23:00:00.000Z,1.35697,1.35843,1.3565,1.35796,15
2025-06-08T00:00:00.000Z,1.35373,1.35402,1.35364,1.35393,25
2025-06-08T01:00:00.000Z,1.35393,1.35416,1.35384,1.35407,25
2025-06-08T02:00:00.000Z,1.35407,1.35431,1.35398,1.35422,25
2025-06-08T03:00:00.000Z,1.35422,1.35439,1.35413,1.3543,25
2025-06-08T04:00:00.000Z,1.3543,1.35447,1.35391,1.35408,30
2025-06-08T05:00:00.000Z,1.35408,1.35425,1.35379,1.35396,30
2025-06-08T06:00:00.000Z,1.35396,1.35413,1.35368,1.35385,30
2025-06-08T07:00:00.000Z,1.35385,1.35402,1.35367,1.35384,30
2025-06-08T08:00:00.000Z,1.35384,1.35485,1.35357,1.35458,70
2025-06-08T09:00:00.000Z,1.35458,1.35543,1.35431,1.35516,70
2025-06-08T10:00:00.000Z,1.35516,1.356,1.35489,1.35573,70
2025-06-08T11:00:00.000Z,1.35573,1.3564,1.35546,1.35613,70
2025-06-08T12:00:00.000Z,1.35613,1.35694,1.35594,1.35675,80
2025-06-08T13:00:00.000Z,1.35675,1.35744,1.35656,1.35725,80
2025-06-08T14:00:00.000Z,1.35725,1.35794,1.35706,1.35775,80
2025-06-08T15:00:00.000Z,1.35775,1.35832,1.35756,1.35813,80
2025-06-08T16:00:00.000Z,1.35813,1.35822,1.35784,1.35793,30
2025-06-08T17:00:00.000Z,1.35793,1.35802,1.3577,1.35779,30
2025-06-08T18:00:00.000Z,1.35779,1.35788,1.35756,1.35765,30
2025-06-08T19:00:00.000Z,1.35765,1.35774,1.35747,1.35756,30
2025-06-08T20:00:00.000Z,1.35756,1.3579,1.35607,1.35641,15
2025-06-08T21:00:00.000Z,1.35641,1.35675,1.35513,1.35547,15
2025-06-08T22:00:00.000Z,1.35547,1.35581,1.3542,1.35454,15
2025-06-08T23:00:00.000Z,1.35454,1.35488,1.35348,1.35382,15
2025-06-09T00:00:00.000Z,1.35538,1.35592,1.35521,1.35575,25
2025-06-09T01:00:00.000Z,1.35575,1.35619,1.35558,1.35602,25
2025-06-09T02:00:00.000Z,1.35602,1.35645,1.35585,1.35628,25
2025-06-09T03:00:00.000Z,1.35628,1.35661,1.35611,1.35644,25
2025-06-09T04:00:00.000Z,1.35644,1.35733,1.35478,1.35567,30
2025-06-09T05:00:00.000Z,1.35567,1.35656,1.35457,1.35546,30
2025-06-09T06:00:00.000Z,1.35546,1.35635,1.35436,1.35525,30
2025-06-09T07:00:00.000Z,1.35525,1.35648,1.35436,1.35559,30
2025-06-09T08:00:00.000Z,1.35559,1.35748,1.35508,1.35697,70
2025-06-09T09:00:00.000Z,1.35697,1.35854,1.35646,1.35803,70
2025-06-09T10:00:00.000Z,1.35803,1.3596,1.35752,1.35909,70
2025-06-09T11:00:00.000Z,1.35909,1.36034,1.35858,1.35983,70
2025-06-09T12:00:00.000Z,1.35983,1.36131,1.35949,1.36097,80
2025-06-09T13:00:00.000Z,1.36097,1.36223,1.36063,1.36189,80
2025-06-09T14:00:00.000Z,1.36189,1.36316,1.36155,1.36282,80
2025-06-09T15:00:00.000Z,1.36282,1.36387,1.36248,1.36353,80
2025-06-09T16:00:00.000Z,1.36353,1.3637,1.36299,1.36316,30
2025-06-09T17:00:00.000Z,1.36316,1.36333,1.36273,1.3629,30
2025-06-09T18:00:00.000Z,1.3629,1.36307,1.36247,1.36264,30
2025-06-09T19:00:00.000Z,1.36264,1.36281,1.36231,1.36248,30
2025-06-09T20:00:00.000Z,1.36248,1.36311,1.35975,1.36038,15
2025-06-09T21:00:00.000Z,1.36038,1.36101,1.35805,1.35868,15
2025-06-09T22:00:00.000Z,1.35868,1.35931,1.35635,1.35698,15
2025-06-09T23:00:00.000Z,1.35698,1.35761,1.35504,1.35567,15
2025-06-10T00:00:00.000Z,1.35086,1.35101,1.35038,1.35053,25
2025-06-10T01:00:00.000Z,1.35053,1.35068,1.35015,1.3503,25
2025-06-10T02:00:00.000Z,1.3503,1.35045,1.34992,1.35007,25
2025-06-10T03:00:00.000Z,1.35007,1.35022,1.34978,1.34993,25
2025-06-10T04:00:00.000Z,1.34993,1.35093,1.34943,1.35043,30
2025-06-10T05:00:00.000Z,1.35043,1.35111,1.34993,1.35061,30
2025-06-10T06:00:00.000Z,1.35061,1.3513,1.35011,1.3508,30
2025-06-10T07:00:00.000Z,1.3508,1.3513,1.35017,1.35067,30
2025-06-10T08:00:00.000Z,1.35067,1.35111,1.34903,1.34947,70
2025-06-10T09:00:00.000Z,1.34947,1.34991,1.3481,1.34854,70
2025-06-10T10:00:00.000Z,1.34854,1.34898,1.34718,1.34762,70
2025-06-10T11:00:00.000Z,1.34762,1.34806,1.34653,1.34697,70
2025-06-10T12:00:00.000Z,1.34697,1.34727,1.34568,1.34598,80
2025-06-10T13:00:00.000Z,1.34598,1.34628,1.34487,1.34517,80
2025-06-10T14:00:00.000Z,1.34517,1.34547,1.34406,1.34436,80
2025-06-10T15:00:00.000Z,1.34436,1.34466,1.34343,1.34373,80
2025-06-10T16:00:00.000Z,1.34373,1.3442,1.34358,1.34405,30
2025-06-10T17:00:00.000Z,1.34405,1.34444,1.3439,1.34429,30
2025-06-10T18:00:00.000Z,1.34429,1.34467,1.34414,1.34452,30
2025-06-10T19:00:00.000Z,1.34452,1.34481,1.34437,1.34466,30
2025-06-10T20:00:00.000Z,1.34466,1.34712,1.34409,1.34655,15
2025-06-10T21:00:00.000Z,1.34655,1.34866,1.34598,1.34809,15
2025-06-10T22:00:00.000Z,1.34809,1.3502,1.34752,1.34963,15
2025-06-10T23:00:00.000Z,1.34963,1.35139,1.34906,1.35082,15
2025-06-11T00:00:00.000Z,1.35687,1.35703,1.35637,1.35653,25
2025-06-11T01:00:00.000Z,1.35653,1.35669,1.35613,1.35629,25
2025-06-11T02:00:00.000Z,1.35629,1.35645,1.35588,1.35604,25
2025-06-11T03:00:00.000Z,1.35604,1.3562,1.35574,1.3559,25
2025-06-11T04:00:00.000Z,1.3559,1.357,1.35534,1.35644,30
2025-06-11T05:00:00.000Z,1.35644,1.3572,1.35588,1.35664,30
2025-06-11T06:00:00.000Z,1.35664,1.35739,1.35608,1.35683,30
2025-06-11T07:00:00.000Z,1.35683,1.35739,1.35612,1.35668,30
2025-06-11T08:00:00.000Z,1.35668,1.35715,1.35494,1.35541,70
2025-06-11T09:00:00.000Z,1.35541,1.35588,1.35397,1.35444,70
2025-06-11T10:00:00.000Z,1.35444,1.35491,1.35299,1.35346,70
2025-06-11T11:00:00.000Z,1.35346,1.35393,1.35231,1.35278,70
2025-06-11T12:00:00.000Z,1.35278,1.35309,1.35142,1.35173,80
2025-06-11T13:00:00.000Z,1.35173,1.35204,1.35057,1.35088,80
2025-06-11T14:00:00.000Z,1.35088,1.35119,1.34971,1.35002,80
2025-06-11T15:00:00.000Z,1.35002,1.35033,1.34905,1.34936,80
2025-06-11T16:00:00.000Z,1.34936,1.34986,1.3492,1.3497,30
2025-06-11T17:00:00.000Z,1.3497,1.35011,1.34954,1.34995,30
2025-06-11T18:00:00.000Z,1.34995,1.35035,1.34979,1.35019,30
2025-06-11T19:00:00.000Z,1.35019,1.3505,1.35003,1.35034,30
2025-06-11T20:00:00.000Z,1.35034,1.3529,1.34975,1.35231,15
2025-06-11T21:00:00.000Z,1.35231,1.3545,1.35172,1.35391,15
2025-06-11T22:00:00.000Z,1.35391,1.3561,1.35332,1.35551,15
2025-06-11T23:00:00.000Z,1.35551,1.35733,1.35492,1.35674,15
2025-06-12T00:00:00.000Z,1.36307,1.36325,1.36248,1.36266,25
2025-06-12T01:00:00.000Z,1.36266,1.36284,1.36219,1.36237,25
2025-06-12T02:00:00.000Z,1.36237,1.36255,1.3619,1.36208,25
2025-06-12T03:00:00.000Z,1.36208,1.36226,1.36173,1.36191,25
2025-06-12T04:00:00.000Z,1.36191,1.36239,1.36176,1.36224,30
2025-06-12T05:00:00.000Z,1.36224,1.36262,1.36209,1.36247,30
2025-06-12T06:00:00.000Z,1.36247,1.36285,1.36232,1.3627,30
2025-06-12T07:00:00.000Z,1.3627,1.36299,1.36255,1.36284,30
2025-06-12T08:00:00.000Z,1.36284,1.36339,1.36079,1.36134,70
2025-06-12T09:00:00.000Z,1.36134,1.36189,1.35963,1.36018,70
2025-06-12T10:00:00.000Z,1.36018,1.36073,1.35848,1.35903,70
2025-06-12T11:00:00.000Z,1.35903,1.35958,1.35767,1.35822,70
2025-06-12T12:00:00.000Z,1.35822,1.35879,1.35629,1.35686,80
2025-06-12T13:00:00.000Z,1.35686,1.35743,1.35528,1.35585,80
2025-06-12T14:00:00.000Z,1.35585,1.35642,1.35427,1.35484,80
2025-06-12T15:00:00.000Z,1.35484,1.35541,1.35361,1.35418,80
2025-06-12T16:00:00.000Z,1.35418,1.35477,1.354,1.35459,30
2025-06-12T17:00:00.000Z,1.35459,1.35506,1.35441,1.35488,30
2025-06-12T18:00:00.000Z,1.35488,1.35534,1.3547,1.35516,30
2025-06-12T19:00:00.000Z,1.35516,1.35552,1.35498,1.35534,30
2025-06-12T20:00:00.000Z,1.35534,1.35832,1.35465,1.35763,15
2025-06-12T21:00:00.000Z,1.35763,1.36017,1.35694,1.35948,15
2025-06-12T22:00:00.000Z,1.35948,1.36203,1.35879,1.36134,15
2025-06-12T23:00:00.000Z,1.36134,1.36346,1.36065,1.36277,15
2025-06-15T00:00:00.000Z,1.3547,1.35514,1.35456,1.355,25
2025-06-15T01:00:00.000Z,1.355,1.35536,1.35486,1.35522,25
2025-06-15T02:00:00.000Z,1.35522,1.35558,1.35508,1.35544,25
2025-06-15T03:00:00.000Z,1.35544,1.35571,1.3553,1.35557,25
2025-06-15T04:00:00.000Z,1.35557,1.35576,1.35509,1.35528,30
2025-06-15T05:00:00.000Z,1.35528,1.35547,1.35491,1.3551,30
2025-06-15T06:00:00.000Z,1.3551,1.35529,1.35474,1.35493,30
2025-06-15T07:00:00.000Z,1.35493,1.35512,1.35469,1.35488,30
2025-06-15T08:00:00.000Z,1.35488,1.35643,1.35446,1.35601,70
2025-06-15T09:00:00.000Z,1.35601,1.3573,1.35559,1.35688,70
2025-06-15T10:00:00.000Z,1.35688,1.35817,1.35646,1.35775,70
2025-06-15T11:00:00.000Z,1.35775,1.35878,1.35733,1.35836,70
2025-06-15T12:00:00.000Z,1.35836,1.35969,1.35801,1.35934,80
2025-06-15T13:00:00.000Z,1.35934,1.36046,1.35899,1.36011,80
2025-06-15T14:00:00.000Z,1.36011,1.36122,1.35976,1.36087,80
2025-06-15T15:00:00.000Z,1.36087,1.36177,1.36052,1.36142,80
2025-06-15T16:00:00.000Z,1.36142,1.36156,1.36098,1.36112,30
2025-06-15T17:00:00.000Z,1.36112,1.36126,1.36076,1.3609,30
2025-06-15T18:00:00.000Z,1.3609,1.36104,1.36054,1.36068,30
2025-06-15T19:00:00.000Z,1.36068,1.36082,1.36041,1.36055,30
2025-06-15T20:00:00.000Z,1.36055,1.36101,1.35859,1.35905,15
2025-06-15T21:00:00.000Z,1.35905,1.35951,1.35738,1.35784,15
2025-06-15T22:00:00.000Z,1.35784,1.3583,1.35617,1.35663,15
2025-06-15T23:00:00.000Z,1.35663,1.35709,1.35524,1.3557,15
2025-06-16T00:00:00.000Z,1.35685,1.35698,1.35643,1.35656,25
2025-06-16T01:00:00.000Z,1.35656,1.35669,1.35623,1.35636,25
2025-06-16T02:00:00.000Z,1.35636,1.35649,1.35602,1.35615,25
2025-06-16T03:00:00.000Z,1.35615,1.35628,1.3559,1.35603,25
2025-06-16T04:00:00.000Z,1.35603,1.3565,1.35584,1.35631,30
2025-06-16T05:00:00.000Z,1.35631,1.35667,1.35612,1.35648,30
2025-06-16T06:00:00.000Z,1.35648,1.35683,1.35629,1.35664,30
2025-06-16T07:00:00.000Z,1.35664,1.35688,1.35645,1.35669,30
2025-06-16T08:00:00.000Z,1.35669,1.35709,1.35522,1.35562,70
2025-06-16T09:00:00.000Z,1.35562,1.35602,1.35439,1.35479,70
2025-06-16T10:00:00.000Z,1.35479,1.35519,1.35357,1.35397,70
2025-06-16T11:00:00.000Z,1.35397,1.35437,1.35299,1.35339,70
2025-06-16T12:00:00.000Z,1.35339,1.35371,1.35215,1.35247,80
2025-06-16T13:00:00.000Z,1.35247,1.35279,1.35142,1.35174,80
2025-06-16T14:00:00.000Z,1.35174,1.35206,1.3507,1.35102,80
2025-06-16T15:00:00.000Z,1.35102,1.35134,1.35018,1.3505,80
2025-06-16T16:00:00.000Z,1.3505,1.35092,1.35037,1.35079,30
2025-06-16T17:00:00.000Z,1.35079,1.35113,1.35066,1.351,30
2025-06-16T18:00:00.000Z,1.351,1.35133,1.35087,1.3512,30
2025-06-16T19:00:00.000Z,1.3512,1.35146,1.35107,1.35133,30
2025-06-16T20:00:00.000Z,1.35133,1.35342,1.35085,1.35294,15
2025-06-16T21:00:00.000Z,1.35294,1.35473,1.35246,1.35425,15
2025-06-16T22:00:00.000Z,1.35425,1.35604,1.35377,1.35556,15
2025-06-16T23:00:00.000Z,1.35556,1.35704,1.35508,1.35656,15
2025-06-17T00:00:00.000Z,1.34308,1.34316,1.34283,1.34291,25
2025-06-17T01:00:00.000Z,1.34291,1.34299,1.3427,1.34278,25
2025-06-17T02:00:00.000Z,1.34278,1.34286,1.34258,1.34266,25
2025-06-17T03:00:00.000Z,1.34266,1.34274,1.3425,1.34258,25
2025-06-17T04:00:00.000Z,1.34258,1.34338,1.34215,1.34295,30
2025-06-17T05:00:00.000Z,1.34295,1.34348,1.34252,1.34305,30
2025-06-17T06:00:00.000Z,1.34305,1.34358,1.34262,1.34315,30
2025-06-17T07:00:00.000Z,1.34315,1.34358,1.34255,1.34298,30
2025-06-17T08:00:00.000Z,1.34298,1.34322,1.3421,1.34234,70
2025-06-17T09:00:00.000Z,1.34234,1.34258,1.34161,1.34185,70
2025-06-17T10:00:00.000Z,1.34185,1.34209,1.34112,1.34136,70
2025-06-17T11:00:00.000Z,1.34136,1.3416,1.34077,1.34101,70
2025-06-17T12:00:00.000Z,1.34101,1.34117,1.34032,1.34048,80
2025-06-17T13:00:00.000Z,1.34048,1.34064,1.33989,1.34005,80
2025-06-17T14:00:00.000Z,1.34005,1.34021,1.33945,1.33961,80
2025-06-17T15:00:00.000Z,1.33961,1.33977,1.33912,1.33928,80
2025-06-17T16:00:00.000Z,1.33928,1.33953,1.3392,1.33945,30
2025-06-17T17:00:00.000Z,1.33945,1.33966,1.33937,1.33958,30
2025-06-17T18:00:00.000Z,1.33958,1.33978,1.3395,1.3397,30
2025-06-17T19:00:00.000Z,1.3397,1.33986,1.33962,1.33978,30
2025-06-17T20:00:00.000Z,1.33978,1.34107,1.33948,1.34077,15
2025-06-17T21:00:00.000Z,1.34077,1.34188,1.34047,1.34158,15
2025-06-17T22:00:00.000Z,1.34158,1.34268,1.34128,1.34238,15
2025-06-17T23:00:00.000Z,1.34238,1.3433,1.34208,1.343,15
2025-06-18T00:00:00.000Z,1.34151,1.34185,1.3414,1.34174,25
2025-06-18T01:00:00.000Z,1.34174,1.34202,1.34163,1.34191,25
2025-06-18T02:00:00.000Z,1.34191,1.34218,1.3418,1.34207,25
2025-06-18T03:00:00.000Z,1.34207,1.34228,1.34196,1.34217,25
2025-06-18T04:00:00.000Z,1.34217,1.3425,1.3415,1.34183,30
2025-06-18T05:00:00.000Z,1.34183,1.34216,1.34137,1.3417,30
2025-06-18T06:00:00.000Z,1.3417,1.34203,1.34124,1.34157,30
2025-06-18T07:00:00.000Z,1.34157,1.34197,1.34124,1.34164,30
2025-06-18T08:00:00.000Z,1.34164,1.34282,1.34132,1.3425,70
2025-06-18T09:00:00.000Z,1.3425,1.34348,1.34218,1.34316,70
2025-06-18T10:00:00.000Z,1.34316,1.34415,1.34284,1.34383,70
2025-06-18T11:00:00.000Z,1.34383,1.34461,1.34351,1.34429,70
2025-06-18T12:00:00.000Z,1.34429,1.34521,1.34408,1.345,80
2025-06-18T13:00:00.000Z,1.345,1.34579,1.34479,1.34558,80
2025-06-18T14:00:00.000Z,1.34558,1.34637,1.34537,1.34616,80
2025-06-18T15:00:00.000Z,1.34616,1.34682,1.34595,1.34661,80
2025-06-18T16:00:00.000Z,1.34661,1.34672,1.34627,1.34638,30
2025-06-18T17:00:00.000Z,1.34638,1.34649,1.3461,1.34621,30
2025-06-18T18:00:00.000Z,1.34621,1.34632,1.34594,1.34605,30
2025-06-18T19:00:00.000Z,1.34605,1.34616,1.34584,1.34595,30
2025-06-18T20:00:00.000Z,1.34595,1.34635,1.34423,1.34463,15
2025-06-18T21:00:00.000Z,1.34463,1.34503,1.34315,1.34355,15
2025-06-18T22:00:00.000Z,1.34355,1.34395,1.34208,1.34248,15
2025-06-18T23:00:00.000Z,1.34248,1.34288,1.34125,1.34165,15
2025-06-19T00:00:00.000Z,1.34787,1.34796,1.34759,1.34768,25
2025-06-19T01:00:00.000Z,1.34768,1.34777,1.34745,1.34754,25
2025-06-19T02:00:00.000Z,1.34754,1.34763,1.34731,1.3474,25
2025-06-19T03:00:00.000Z,1.3474,1.34749,1.34723,1.34732,25
2025-06-19T04:00:00.000Z,1.34732,1.34796,1.34699,1.34763,30
2025-06-19T05:00:00.000Z,1.34763,1.34807,1.3473,1.34774,30
2025-06-19T06:00:00.000Z,1.34774,1.34818,1.34741,1.34785,30
2025-06-19T07:00:00.000Z,1.34785,1.34818,1.34743,1.34776,30
2025-06-19T08:00:00.000Z,1.34776,1.34802,1.34678,1.34704,70
2025-06-19T09:00:00.000Z,1.34704,1.3473,1.34623,1.34649,70
2025-06-19T10:00:00.000Z,1.34649,1.34675,1.34568,1.34594,70
2025-06-19T11:00:00.000Z,1.34594,1.3462,1.34529,1.34555,70
2025-06-19T12:00:00.000Z,1.34555,1.34573,1.34478,1.34496,80
2025-06-19T13:00:00.000Z,1.34496,1.34514,1.34429,1.34447,80
2025-06-19T14:00:00.000Z,1.34447,1.34465,1.34381,1.34399,80
2025-06-19T15:00:00.000Z,1.34399,1.34417,1.34344,1.34362,80
2025-06-19T16:00:00.000Z,1.34362,1.3439,1.34353,1.34381,30
2025-06-19T17:00:00.000Z,1.34381,1.34404,1.34372,1.34395,30
2025-06-19T18:00:00.000Z,1.34395,1.34418,1.34386,1.34409,30
2025-06-19T19:00:00.000Z,1.34409,1.34426,1.344,1.34417,30
2025-06-19T20:00:00.000Z,1.34417,1.34557,1.34385,1.34525,15
2025-06-19T21:00:00.000Z,1.34525,1.34644,1.34493,1.34612,15
2025-06-19T22:00:00.000Z,1.34612,1.34732,1.3458,1.347,15
2025-06-19T23:00:00.000Z,1.347,1.34799,1.34668,1.34767,15
2025-06-22T00:00:00.000Z,1.34369,1.3439,1.34302,1.34323,25
2025-06-22T01:00:00.000Z,1.34323,1.34344,1.34269,1.3429,25
2025-06-22T02:00:00.000Z,1.3429,1.34311,1.34236,1.34257,25
2025-06-22T03:00:00.000Z,1.34257,1.34278,1.34216,1.34237,25
2025-06-22T04:00:00.000Z,1.34237,1.34378,1.34166,1.34307,30
2025-06-22T05:00:00.000Z,1.34307,1.34405,1.34236,1.34334,30
2025-06-22T06:00:00.000Z,1.34334,1.34431,1.34263,1.3436,30
2025-06-22T07:00:00.000Z,1.3436,1.34431,1.34271,1.34342,30
2025-06-22T08:00:00.000Z,1.34342,1.34405,1.34108,1.34171,70
2025-06-22T09:00:00.000Z,1.34171,1.34234,1.33976,1.34039,70
2025-06-22T10:00:00.000Z,1.34039,1.34102,1.33844,1.33907,70
2025-06-22T11:00:00.000Z,1.33907,1.3397,1.33752,1.33815,70
2025-06-22T12:00:00.000Z,1.33815,1.33857,1.33631,1.33673,80
2025-06-22T13:00:00.000Z,1.33673,1.33715,1.33516,1.33558,80
2025-06-22T14:00:00.000Z,1.33558,1.336,1.33401,1.33443,80
2025-06-22T15:00:00.000Z,1.33443,1.33485,1.33312,1.33354,80
2025-06-22T16:00:00.000Z,1.33354,1.33421,1.33333,1.334,30
2025-06-22T17:00:00.000Z,1.334,1.33454,1.33379,1.33433,30
2025-06-22T18:00:00.000Z,1.33433,1.33486,1.33412,1.33465,30
2025-06-22T19:00:00.000Z,1.33465,1.33506,1.33444,1.33485,30
2025-06-22T20:00:00.000Z,1.33485,1.33834,1.33405,1.33754,15
2025-06-22T21:00:00.000Z,1.33754,1.34053,1.33674,1.33973,15
2025-06-22T22:00:00.000Z,1.33973,1.34272,1.33893,1.34192,15
2025-06-22T23:00:00.000Z,1.34192,1.3444,1.34112,1.3436,15
2025-06-23T00:00:00.000Z,1.35465,1.35482,1.3541,1.35427,25
2025-06-23T01:00:00.000Z,1.35427,1.35444,1.35382,1.35399,25
2025-06-23T02:00:00.000Z,1.35399,1.35416,1.35355,1.35372,25
2025-06-23T03:00:00.000Z,1.35372,1.35389,1.35338,1.35355,25
2025-06-23T04:00:00.000Z,1.35355,1.35528,1.35262,1.35435,30
2025-06-23T05:00:00.000Z,1.35435,1.3555,1.35342,1.35457,30
2025-06-23T06:00:00.000Z,1.35457,1.35572,1.35364,1.35479,30
2025-06-23T07:00:00.000Z,1.35479,1.35572,1.3535,1.35443,30
2025-06-23T08:00:00.000Z,1.35443,1.35495,1.35249,1.35301,70
2025-06-23T09:00:00.000Z,1.35301,1.35353,1.3514,1.35192,70
2025-06-23T10:00:00.000Z,1.35192,1.35244,1.3503,1.35082,70
2025-06-23T11:00:00.000Z,1.35082,1.35134,1.34954,1.35006,70
2025-06-23T12:00:00.000Z,1.35006,1.35041,1.34854,1.34889,80
2025-06-23T13:00:00.000Z,1.34889,1.34924,1.34758,1.34793,80
2025-06-23T14:00:00.000Z,1.34793,1.34828,1.34663,1.34698,80
2025-06-23T15:00:00.000Z,1.34698,1.34733,1.34589,1.34624,80
2025-06-23T16:00:00.000Z,1.34624,1.3468,1.34606,1.34662,30
2025-06-23T17:00:00.000Z,1.34662,1.34707,1.34644,1.34689,30
2025-06-23T18:00:00.000Z,1.34689,1.34735,1.34671,1.34717,30
2025-06-23T19:00:00.000Z,1.34717,1.34751,1.34699,1.34733,30
2025-06-23T20:00:00.000Z,1.34733,1.35021,1.34667,1.34955,15
2025-06-23T21:00:00.000Z,1.34955,1.35201,1.34889,1.35135,15
2025-06-23T22:00:00.000Z,1.35135,1.35381,1.35069,1.35315,15
2025-06-23T23:00:00.000Z,1.35315,1.3552,1.35249,1.35454,15
2025-06-24T00:00:00.000Z,1.36149,1.36171,1.36142,1.36164,25
2025-06-24T01:00:00.000Z,1.36164,1.36181,1.36157,1.36174,25
2025-06-24T02:00:00.000Z,1.36174,1.36192,1.36167,1.36185,25
2025-06-24T03:00:00.000Z,1.36185,1.36198,1.36178,1.36191,25
2025-06-24T04:00:00.000Z,1.36191,1.36214,1.36145,1.36168,30
2025-06-24T05:00:00.000Z,1.36168,1.36191,1.36137,1.3616,30
2025-06-24T06:00:00.000Z,1.3616,1.36183,1.36128,1.36151,30
2025-06-24T07:00:00.000Z,1.36151,1.3618,1.36128,1.36157,30
2025-06-24T08:00:00.000Z,1.36157,1.36232,1.36137,1.36212,70
2025-06-24T09:00:00.000Z,1.36212,1.36274,1.36192,1.36254,70
2025-06-24T10:00:00.000Z,1.36254,1.36316,1.36234,1.36296,70
2025-06-24T11:00:00.000Z,1.36296,1.36345,1.36276,1.36325,70
2025-06-24T12:00:00.000Z,1.36325,1.36383,1.36312,1.3637,80
2025-06-24T13:00:00.000Z,1.3637,1.36419,1.36357,1.36406,80
2025-06-24T14:00:00.000Z,1.36406,1.36456,1.36393,1.36443,80
2025-06-24T15:00:00.000Z,1.36443,1.36484,1.3643,1.36471,80
2025-06-24T16:00:00.000Z,1.36471,1.36478,1.3645,1.36457,30
2025-06-24T17:00:00.000Z,1.36457,1.36464,1.36439,1.36446,30
2025-06-24T18:00:00.000Z,1.36446,1.36453,1.36429,1.36436,30
2025-06-24T19:00:00.000Z,1.36436,1.36443,1.36423,1.3643,30
2025-06-24T20:00:00.000Z,1.3643,1.36456,1.36318,1.36344,15
2025-06-24T21:00:00.000Z,1.36344,1.3637,1.36247,1.36273,15
2025-06-24T22:00:00.000Z,1.36273,1.36299,1.36177,1.36203,15
2025-06-24T23:00:00.000Z,1.36203,1.36229,1.36123,1.36149,15
2025-06-25T00:00:00.000Z,1.36913,1.36957,1.36899,1.36943,25
2025-06-25T01:00:00.000Z,1.36943,1.36979,1.36929,1.36965,25
2025-06-25T02:00:00.000Z,1.36965,1.37,1.36951,1.36986,25
2025-06-25T03:00:00.000Z,1.36986,1.37013,1.36972,1.36999,25
2025-06-25T04:00:00.000Z,1.36999,1.37019,1.36949,1.36969,30
2025-06-25T05:00:00.000Z,1.36969,1.36989,1.36932,1.36952,30
2025-06-25T06:00:00.000Z,1.36952,1.36972,1.36915,1.36935,30
2025-06-25T07:00:00.000Z,1.36935,1.36955,1.3691,1.3693,30
2025-06-25T08:00:00.000Z,1.3693,1.37083,1.36889,1.37042,70
2025-06-25T09:00:00.000Z,1.37042,1.37169,1.37001,1.37128,70
2025-06-25T10:00:00.000Z,1.37128,1.37256,1.37087,1.37215,70
2025-06-25T11:00:00.000Z,1.37215,1.37316,1.37174,1.37275,70
2025-06-25T12:00:00.000Z,1.37275,1.37404,1.37242,1.37371,80
2025-06-25T13:00:00.000Z,1.37371,1.37479,1.37338,1.37446,80
2025-06-25T14:00:00.000Z,1.37446,1.37555,1.37413,1.37522,80
2025-06-25T15:00:00.000Z,1.37522,1.37609,1.37489,1.37576,80
2025-06-25T16:00:00.000Z,1.37576,1.3759,1.37532,1.37546,30
2025-06-25T17:00:00.000Z,1.37546,1.3756,1.3751,1.37524,30
2025-06-25T18:00:00.000Z,1.37524,1.37538,1.37489,1.37503,30
2025-06-25T19:00:00.000Z,1.37503,1.37517,1.37476,1.3749,30
2025-06-25T20:00:00.000Z,1.3749,1.37543,1.37261,1.37314,15
2025-06-25T21:00:00.000Z,1.37314,1.37367,1.37119,1.37172,15
2025-06-25T22:00:00.000Z,1.37172,1.37225,1.36976,1.37029,15
2025-06-25T23:00:00.000Z,1.37029,1.37082,1.36866,1.36919,15
2025-06-26T00:00:00.000Z,1.37268,1.37275,1.37245,1.37252,25
2025-06-26T01:00:00.000Z,1.37252,1.37259,1.37233,1.3724,25
2025-06-26T02:00:00.000Z,1.3724,1.37247,1.37222,1.37229,25
2025-06-26T03:00:00.000Z,1.37229,1.37236,1.37215,1.37222,25
2025-06-26T04:00:00.000Z,1.37222,1.37273,1.37196,1.37247,30
2025-06-26T05:00:00.000Z,1.37247,1.37282,1.37221,1.37256,30
2025-06-26T06:00:00.000Z,1.37256,1.37292,1.3723,1.37266,30
2025-06-26T07:00:00.000Z,1.37266,1.37292,1.37233,1.37259,30
2025-06-26T08:00:00.000Z,1.37259,1.37281,1.37177,1.37199,70
2025-06-26T09:00:00.000Z,1.37199,1.37221,1.37131,1.37153,70
2025-06-26T10:00:00.000Z,1.37153,1.37175,1.37084,1.37106,70
2025-06-26T11:00:00.000Z,1.37106,1.37128,1.37052,1.37074,70
2025-06-26T12:00:00.000Z,1.37074,1.37089,1.37009,1.37024,80
2025-06-26T13:00:00.000Z,1.37024,1.37039,1.36968,1.36983,80
2025-06-26T14:00:00.000Z,1.36983,1.36998,1.36927,1.36942,80
2025-06-26T15:00:00.000Z,1.36942,1.36957,1.36896,1.36911,80
2025-06-26T16:00:00.000Z,1.36911,1.36934,1.36904,1.36927,30
2025-06-26T17:00:00.000Z,1.36927,1.36946,1.3692,1.36939,30
2025-06-26T18:00:00.000Z,1.36939,1.36958,1.36932,1.36951,30
2025-06-26T19:00:00.000Z,1.36951,1.36965,1.36944,1.36958,30
2025-06-26T20:00:00.000Z,1.36958,1.37074,1.36931,1.37047,15
2025-06-26T21:00:00.000Z,1.37047,1.37147,1.3702,1.3712,15
2025-06-26T22:00:00.000Z,1.3712,1.37219,1.37093,1.37192,15
2025-06-26T23:00:00.000Z,1.37192,1.37275,1.37165,1.37248,15
2025-06-29T00:00:00.000Z,1.37206,1.37216,1.37173,1.37183,25
2025-06-29T01:00:00.000Z,1.37183,1.37193,1.37157,1.37167,25
2025-06-29T02:00:00.000Z,1.37167,1.37177,1.37141,1.37151,25
2025-06-29T03:00:00.000Z,1.37151,1.37161,1.37131,1.37141,25
2025-06-29T04:00:00.000Z,1.37141,1.37193,1.37117,1.37169,30
2025-06-29T05:00:00.000Z,1.37169,1.37206,1.37145,1.37182,30
2025-06-29T06:00:00.000Z,1.37182,1.37219,1.37158,1.37195,30
2025-06-29T07:00:00.000Z,1.37195,1.37219,1.37169,1.37193,30
2025-06-29T08:00:00.000Z,1.37193,1.37224,1.37077,1.37108,70
2025-06-29T09:00:00.000Z,1.37108,1.37139,1.37012,1.37043,70
2025-06-29T10:00:00.000Z,1.37043,1.37074,1.36947,1.36978,70
2025-06-29T11:00:00.000Z,1.36978,1.37009,1.36901,1.36932,70
2025-06-29T12:00:00.000Z,1.36932,1.36953,1.36841,1.36862,80
2025-06-29T13:00:00.000Z,1.36862,1.36883,1.36784,1.36805,80
2025-06-29T14:00:00.000Z,1.36805,1.36826,1.36727,1.36748,80
2025-06-29T15:00:00.000Z,1.36748,1.36769,1.36683,1.36704,80
2025-06-29T16:00:00.000Z,1.36704,1.36737,1.36694,1.36727,30
2025-06-29T17:00:00.000Z,1.36727,1.36753,1.36717,1.36743,30
2025-06-29T18:00:00.000Z,1.36743,1.36769,1.36733,1.36759,30
2025-06-29T19:00:00.000Z,1.36759,1.36779,1.36749,1.36769,30
2025-06-29T20:00:00.000Z,1.36769,1.3694,1.3673,1.36901,15
2025-06-29T21:00:00.000Z,1.36901,1.37047,1.36862,1.37008,15
2025-06-29T22:00:00.000Z,1.37008,1.37154,1.36969,1.37115,15
2025-06-29T23:00:00.000Z,1.37115,1.37236,1.37076,1.37197,15
2025-06-30T00:00:00.000Z,1.37344,1.37357,1.37302,1.37315,25
2025-06-30T01:00:00.000Z,1.37315,1.37328,1.37281,1.37294,25
2025-06-30T02:00:00.000Z,1.37294,1.37307,1.3726,1.37273,25
2025-06-30T03:00:00.000Z,1.37273,1.37286,1.37247,1.3726,25
2025-06-30T04:00:00.000Z,1.3726,1.37363,1.37207,1.3731,30
2025-06-30T05:00:00.000Z,1.3731,1.3738,1.37257,1.37327,30
2025-06-30T06:00:00.000Z,1.37327,1.37397,1.37274,1.37344,30
2025-06-30T07:00:00.000Z,1.37344,1.37397,1.37274,1.37327,30
2025-06-30T08:00:00.000Z,1.37327,1.37367,1.37179,1.37219,70
2025-06-30T09:00:00.000Z,1.37219,1.37259,1.37095,1.37135,70
2025-06-30T10:00:00.000Z,1.37135,1.37175,1.37012,1.37052,70
2025-06-30T11:00:00.000Z,1.37052,1.37092,1.36954,1.36994,70
2025-06-30T12:00:00.000Z,1.36994,1.37021,1.36877,1.36904,80
2025-06-30T13:00:00.000Z,1.36904,1.36931,1.36804,1.36831,80
2025-06-30T14:00:00.000Z,1.36831,1.36858,1.36731,1.36758,80
2025-06-30T15:00:00.000Z,1.36758,1.36785,1.36675,1.36702,80
2025-06-30T16:00:00.000Z,1.36702,1.36744,1.36689,1.36731,30
2025-06-30T17:00:00.000Z,1.36731,1.36765,1.36718,1.36752,30
2025-06-30T18:00:00.000Z,1.36752,1.36786,1.36739,1.36773,30
2025-06-30T19:00:00.000Z,1.36773,1.36798,1.3676,1.36785,30
2025-06-30T20:00:00.000Z,1.36785,1.36993,1.36737,1.36945,15
2025-06-30T21:00:00.000Z,1.36945,1.37124,1.36897,1.37076,15
2025-06-30T22:00:00.000Z,1.37076,1.37254,1.37028,1.37206,15
2025-06-30T23:00:00.000Z,1.37206,1.37354,1.37158,1.37306,15
2025-07-01T00:00:00.000Z,1.37472,1.37567,1.37442,1.37537,25
2025-07-01T01:00:00.000Z,1.37537,1.37614,1.37507,1.37584,25
2025-07-01T02:00:00.000Z,1.37584,1.3766,1.37554,1.3763,25
2025-07-01T03:00:00.000Z,1.3763,1.37688,1.376,1.37658,25
2025-07-01T04:00:00.000Z,1.37658,1.37824,1.37351,1.37517,30
2025-07-01T05:00:00.000Z,1.37517,1.37683,1.37314,1.3748,30
2025-07-01T06:00:00.000Z,1.3748,1.37646,1.37276,1.37442,30
2025-07-01T07:00:00.000Z,1.37442,1.37675,1.37276,1.37509,30
2025-07-01T08:00:00.000Z,1.37509,1.37839,1.3742,1.3775,70
2025-07-01T09:00:00.000Z,1.3775,1.38025,1.37661,1.37936,70
2025-07-01T10:00:00.000Z,1.37936,1.38211,1.37847,1.38122,70
2025-07-01T11:00:00.000Z,1.38122,1.38341,1.38033,1.38252,70
2025-07-01T12:00:00.000Z,1.38252,1.38511,1.38193,1.38452,80
2025-07-01T13:00:00.000Z,1.38452,1.38673,1.38393,1.38614,80
2025-07-01T14:00:00.000Z,1.38614,1.38836,1.38555,1.38777,80
2025-07-01T15:00:00.000Z,1.38777,1.38961,1.38718,1.38902,80
2025-07-01T16:00:00.000Z,1.38902,1.38932,1.38807,1.38837,30
2025-07-01T17:00:00.000Z,1.38837,1.38867,1.3876,1.3879,30
2025-07-01T18:00:00.000Z,1.3879,1.3882,1.38714,1.38744,30
2025-07-01T19:00:00.000Z,1.38744,1.38774,1.38686,1.38716,30
2025-07-01T20:00:00.000Z,1.38716,1.3883,1.38219,1.38333,15
2025-07-01T21:00:00.000Z,1.38333,1.38447,1.37908,1.38022,15
2025-07-01T22:00:00.000Z,1.38022,1.38136,1.37597,1.37711,15
2025-07-01T23:00:00.000Z,1.37711,1.37825,1.37358,1.37472,15
2025-07-02T00:00:00.000Z,1.36515,1.36528,1.36473,1.36486,25
2025-07-02T01:00:00.000Z,1.36486,1.36499,1.36452,1.36465,25
2025-07-02T02:00:00.000Z,1.36465,1.36478,1.36431,1.36444,25
2025-07-02T03:00:00.000Z,1.36444,1.36457,1.36419,1.36432,25
2025-07-02T04:00:00.000Z,1.36432,1.36496,1.36403,1.36467,30
2025-07-02T05:00:00.000Z,1.36467,1.36512,1.36438,1.36483,30
2025-07-02T06:00:00.000Z,1.36483,1.36529,1.36454,1.365,30
2025-07-02T07:00:00.000Z,1.365,1.36529,1.36469,1.36498,30
2025-07-02T08:00:00.000Z,1.36498,1.36538,1.3635,1.3639,70
2025-07-02T09:00:00.000Z,1.3639,1.3643,1.36266,1.36306,70
2025-07-02T10:00:00.000Z,1.36306,1.36346,1.36183,1.36223,70
2025-07-02T11:00:00.000Z,1.36223,1.36263,1.36125,1.36165,70
2025-07-02T12:00:00.000Z,1.36165,1.36192,1.36049,1.36076,80
2025-07-02T13:00:00.000Z,1.36076,1.36103,1.35976,1.36003,80
2025-07-02T14:00:00.000Z,1.36003,1.3603,1.35903,1.3593,80
2025-07-02T15:00:00.000Z,1.3593,1.35957,1.35847,1.35874,80
2025-07-02T16:00:00.000Z,1.35874,1.35916,1.35861,1.35903,30
2025-07-02T17:00:00.000Z,1.35903,1.35937,1.3589,1.35924,30
2025-07-02T18:00:00.000Z,1.35924,1.35958,1.35911,1.35945,30
2025-07-02T19:00:00.000Z,1.35945,1.3597,1.35932,1.35957,30
2025-07-02T20:00:00.000Z,1.35957,1.36174,1.35907,1.36124,15
2025-07-02T21:00:00.000Z,1.36124,1.3631,1.36074,1.3626,15
2025-07-02T22:00:00.000Z,1.3626,1.36446,1.3621,1.36396,15
2025-07-02T23:00:00.000Z,1.36396,1.3655,1.36346,1.365,15
2025-07-03T00:00:00.000Z,1.36664,1.36687,1.36657,1.3668,25
2025-07-03T01:00:00.000Z,1.3668,1.36699,1.36673,1.36692,25
2025-07-03T02:00:00.000Z,1.36692,1.36711,1.36685,1.36704,25
2025-07-03T03:00:00.000Z,1.36704,1.36718,1.36697,1.36711,25
2025-07-03T04:00:00.000Z,1.36711,1.36741,1.36653,1.36683,30
2025-07-03T05:00:00.000Z,1.36683,1.36713,1.36643,1.36673,30
2025-07-03T06:00:00.000Z,1.36673,1.36703,1.36634,1.36664,30
2025-07-03T07:00:00.000Z,1.36664,1.36704,1.36634,1.36674,30
2025-07-03T08:00:00.000Z,1.36674,1.36756,1.36652,1.36734,70
2025-07-03T09:00:00.000Z,1.36734,1.36802,1.36712,1.3678,70
2025-07-03T10:00:00.000Z,1.3678,1.36849,1.36758,1.36827,70
2025-07-03T11:00:00.000Z,1.36827,1.36881,1.36805,1.36859,70
2025-07-03T12:00:00.000Z,1.36859,1.36924,1.36844,1.36909,80
2025-07-03T13:00:00.000Z,1.36909,1.36965,1.36894,1.3695,80
2025-07-03T14:00:00.000Z,1.3695,1.37006,1.36935,1.36991,80
2025-07-03T15:00:00.000Z,1.36991,1.37037,1.36976,1.37022,80
2025-07-03T16:00:00.000Z,1.37022,1.37029,1.36999,1.37006,30
2025-07-03T17:00:00.000Z,1.37006,1.37013,1.36987,1.36994,30
2025-07-03T18:00:00.000Z,1.36994,1.37001,1.36976,1.36983,30
2025-07-03T19:00:00.000Z,1.36983,1.3699,1.36969,1.36976,30
2025-07-03T20:00:00.000Z,1.36976,1.37003,1.36859,1.36886,15
2025-07-03T21:00:00.000Z,1.36886,1.36913,1.36786,1.36813,15
2025-07-03T22:00:00.000Z,1.36813,1.3684,1.36712,1.36739,15
2025-07-03T23:00:00.000Z,1.36739,1.36766,1.36656,1.36683,15
2025-07-06T00:00:00.000Z,1.36508,1.3655,1.36495,1.36537,25
2025-07-06T01:00:00.000Z,1.36537,1.3657,1.36524,1.36557,25
2025-07-06T02:00:00.000Z,1.36557,1.36591,1.36544,1.36578,25
2025-07-06T03:00:00.000Z,1.36578,1.36603,1.36565,1.3659,25
2025-07-06T04:00:00.000Z,1.3659,1.3666,1.3646,1.3653,30
2025-07-06T05:00:00.000Z,1.3653,1.366,1.36443,1.36513,30
2025-07-06T06:00:00.000Z,1.36513,1.36583,1.36427,1.36497,30
2025-07-06T07:00:00.000Z,1.36497,1.36594,1.36427,1.36524,30
2025-07-06T08:00:00.000Z,1.36524,1.3667,1.36485,1.36631,70
2025-07-06T09:00:00.000Z,1.36631,1.36752,1.36592,1.36713,70
2025-07-06T10:00:00.000Z,1.36713,1.36834,1.36674,1.36795,70
2025-07-06T11:00:00.000Z,1.36795,1.36891,1.36756,1.36852,70
2025-07-06T12:00:00.000Z,1.36852,1.36966,1.36826,1.3694,80
2025-07-06T13:00:00.000Z,1.3694,1.37038,1.36914,1.37012,80
2025-07-06T14:00:00.000Z,1.37012,1.3711,1.36986,1.37084,80
2025-07-06T15:00:00.000Z,1.37084,1.37165,1.37058,1.37139,80
2025-07-06T16:00:00.000Z,1.37139,1.37152,1.37097,1.3711,30
2025-07-06T17:00:00.000Z,1.3711,1.37123,1.37077,1.3709,30
2025-07-06T18:00:00.000Z,1.3709,1.37103,1.37056,1.37069,30
2025-07-06T19:00:00.000Z,1.37069,1.37082,1.37044,1.37057,30
2025-07-06T20:00:00.000Z,1.37057,1.37107,1.3684,1.3689,15
2025-07-06T21:00:00.000Z,1.3689,1.3694,1.36705,1.36755,15
2025-07-06T22:00:00.000Z,1.36755,1.36805,1.36569,1.36619,15
2025-07-06T23:00:00.000Z,1.36619,1.36669,1.36465,1.36515,15
2025-07-07T00:00:00.000Z,1.36255,1.36274,1.36194,1.36213,25
2025-07-07T01:00:00.000Z,1.36213,1.36232,1.36165,1.36184,25
2025-07-07T02:00:00.000Z,1.36184,1.36203,1.36135,1.36154,25
2025-07-07T03:00:00.000Z,1.36154,1.36173,1.36117,1.36136,25
2025-07-07T04:00:00.000Z,1.36136,1.3621,1.36105,1.36179,30
2025-07-07T05:00:00.000Z,1.36179,1.36234,1.36148,1.36203,30
2025-07-07T06:00:00.000Z,1.36203,1.36258,1.36172,1.36227,30
2025-07-07T07:00:00.000Z,1.36227,1.36262,1.36196,1.36231,30
2025-07-07T08:00:00.000Z,1.36231,1.36288,1.3602,1.36077,70
2025-07-07T09:00:00.000Z,1.36077,1.36134,1.35901,1.35958,70
2025-07-07T10:00:00.000Z,1.35958,1.36015,1.35783,1.3584,70
2025-07-07T11:00:00.000Z,1.3584,1.35897,1.357,1.35757,70
2025-07-07T12:00:00.000Z,1.35757,1.358,1.35583,1.35626,80
2025-07-07T13:00:00.000Z,1.35626,1.35669,1.3548,1.35523,80
2025-07-07T14:00:00.000Z,1.35523,1.35566,1.35376,1.35419,80
2025-07-07T15:00:00.000Z,1.35419,1.35462,1.35299,1.35342,80
2025-07-07T16:00:00.000Z,1.35342,1.35403,1.35323,1.35384,30
2025-07-07T17:00:00.000Z,1.35384,1.35432,1.35365,1.35413,30
2025-07-07T18:00:00.000Z,1.35413,1.35462,1.35394,1.35443,30
2025-07-07T19:00:00.000Z,1.35443,1.3548,1.35424,1.35461,30
2025-07-07T20:00:00.000Z,1.35461,1.35771,1.35389,1.35699,15
2025-07-07T21:00:00.000Z,1.35699,1.35965,1.35627,1.35893,15
2025-07-07T22:00:00.000Z,1.35893,1.36159,1.35821,1.36087,15
2025-07-07T23:00:00.000Z,1.36087,1.36308,1.36015,1.36236,15
2025-07-08T00:00:00.000Z,1.35853,1.35879,1.35845,1.35871,25
2025-07-08T01:00:00.000Z,1.35871,1.35892,1.35863,1.35884,25
2025-07-08T02:00:00.000Z,1.35884,1.35905,1.35876,1.35897,25
2025-07-08T03:00:00.000Z,1.35897,1.35913,1.35889,1.35905,25
2025-07-08T04:00:00.000Z,1.35905,1.35927,1.35859,1.35881,30
2025-07-08T05:00:00.000Z,1.35881,1.35903,1.35849,1.35871,30
2025-07-08T06:00:00.000Z,1.35871,1.35893,1.35838,1.3586,30
2025-07-08T07:00:00.000Z,1.3586,1.35885,1.35838,1.35863,30
2025-07-08T08:00:00.000Z,1.35863,1.35956,1.35838,1.35931,70
2025-07-08T09:00:00.000Z,1.35931,1.36008,1.35906,1.35983,70
2025-07-08T10:00:00.000Z,1.35983,1.3606,1.35958,1.36035,70
2025-07-08T11:00:00.000Z,1.36035,1.36097,1.3601,1.36072,70
2025-07-08T12:00:00.000Z,1.36072,1.36145,1.36055,1.36128,80
2025-07-08T13:00:00.000Z,1.36128,1.3619,1.36111,1.36173,80
2025-07-08T14:00:00.000Z,1.36173,1.36236,1.36156,1.36219,80
2025-07-08T15:00:00.000Z,1.36219,1.36271,1.36202,1.36254,80
2025-07-08T16:00:00.000Z,1.36254,1.36262,1.36228,1.36236,30
2025-07-08T17:00:00.000Z,1.36236,1.36244,1.36215,1.36223,30
2025-07-08T18:00:00.000Z,1.36223,1.36231,1.36202,1.3621,30
2025-07-08T19:00:00.000Z,1.3621,1.36218,1.36194,1.36202,30
2025-07-08T20:00:00.000Z,1.36202,1.36234,1.36063,1.36095,15
2025-07-08T21:00:00.000Z,1.36095,1.36127,1.35975,1.36007,15
2025-07-08T22:00:00.000Z,1.36007,1.36039,1.35888,1.3592,15
2025-07-08T23:00:00.000Z,1.3592,1.35952,1.35821,1.35853,15
2025-07-09T00:00:00.000Z,1.35971,1.35985,1.35927,1.35941,25
2025-07-09T01:00:00.000Z,1.35941,1.35955,1.35905,1.35919,25
2025-07-09T02:00:00.000Z,1.35919,1.35933,1.35884,1.35898,25
2025-07-09T03:00:00.000Z,1.35898,1.35912,1.35871,1.35885,25
2025-07-09T04:00:00.000Z,1.35885,1.35949,1.35856,1.3592,30
2025-07-09T05:00:00.000Z,1.3592,1.35967,1.35891,1.35938,30
2025-07-09T06:00:00.000Z,1.35938,1.35984,1.35909,1.35955,30
2025-07-09T07:00:00.000Z,1.35955,1.35984,1.35925,1.35954,30
2025-07-09T08:00:00.000Z,1.35954,1.35995,1.35801,1.35842,70
2025-07-09T09:00:00.000Z,1.35842,1.35883,1.35715,1.35756,70
2025-07-09T10:00:00.000Z,1.35756,1.35797,1.35629,1.3567,70
2025-07-09T11:00:00.000Z,1.3567,1.35711,1.35569,1.3561,70
2025-07-09T12:00:00.000Z,1.3561,1.35637,1.35491,1.35518,80
2025-07-09T13:00:00.000Z,1.35518,1.35545,1.35416,1.35443,80
2025-07-09T14:00:00.000Z,1.35443,1.3547,1.35341,1.35368,80
2025-07-09T15:00:00.000Z,1.35368,1.35395,1.35283,1.3531,80
2025-07-09T16:00:00.000Z,1.3531,1.35354,1.35296,1.3534,30
2025-07-09T17:00:00.000Z,1.3534,1.35376,1.35326,1.35362,30
2025-07-09T18:00:00.000Z,1.35362,1.35397,1.35348,1.35383,30
2025-07-09T19:00:00.000Z,1.35383,1.3541,1.35369,1.35396,30
2025-07-09T20:00:00.000Z,1.35396,1.35611,1.35346,1.35561,15
2025-07-09T21:00:00.000Z,1.35561,1.35745,1.35511,1.35695,15
2025-07-09T22:00:00.000Z,1.35695,1.35878,1.35645,1.35828,15
2025-07-09T23:00:00.000Z,1.35828,1.35981,1.35778,1.35931,15
2025-07-10T00:00:00.000Z,1.35803,1.35819,1.35753,1.35769,25
2025-07-10T01:00:00.000Z,1.35769,1.35785,1.35729,1.35745,25
2025-07-10T02:00:00.000Z,1.35745,1.35761,1.35704,1.3572,25
2025-07-10T03:00:00.000Z,1.3572,1.35736,1.3569,1.35706,25
2025-07-10T04:00:00.000Z,1.35706,1.35745,1.35694,1.35733,30
2025-07-10T05:00:00.000Z,1.35733,1.35765,1.35721,1.35753,30
2025-07-10T06:00:00.000Z,1.35753,1.35784,1.35741,1.35772,30
2025-07-10T07:00:00.000Z,1.35772,1.35796,1.3576,1.35784,30
2025-07-10T08:00:00.000Z,1.35784,1.35831,1.3561,1.35657,70
2025-07-10T09:00:00.000Z,1.35657,1.35704,1.35513,1.3556,70
2025-07-10T10:00:00.000Z,1.3556,1.35607,1.35415,1.35462,70
2025-07-10T11:00:00.000Z,1.35462,1.35509,1.35347,1.35394,70
2025-07-10T12:00:00.000Z,1.35394,1.35442,1.3523,1.35278,80
2025-07-10T13:00:00.000Z,1.35278,1.35326,1.35145,1.35193,80
2025-07-10T14:00:00.000Z,1.35193,1.35241,1.3506,1.35108,80
2025-07-10T15:00:00.000Z,1.35108,1.35156,1.35005,1.35053,80
2025-07-10T16:00:00.000Z,1.35053,1.35103,1.35037,1.35087,30
2025-07-10T17:00:00.000Z,1.35087,1.35127,1.35071,1.35111,30
2025-07-10T18:00:00.000Z,1.35111,1.35152,1.35095,1.35136,30
2025-07-10T19:00:00.000Z,1.35136,1.35166,1.3512,1.3515,30
2025-07-10T20:00:00.000Z,1.3515,1.35408,1.35091,1.35349,15
2025-07-10T21:00:00.000Z,1.35349,1.35569,1.3529,1.3551,15
2025-07-10T22:00:00.000Z,1.3551,1.35731,1.35451,1.35672,15
2025-07-10T23:00:00.000Z,1.35672,1.35855,1.35613,1.35796,15
2025-07-13T00:00:00.000Z,1.34971,1.34983,1.34934,1.34946,25
2025-07-13T01:00:00.000Z,1.34946,1.34958,1.34916,1.34928,25
2025-07-13T02:00:00.000Z,1.34928,1.3494,1.34898,1.3491,25
2025-07-13T03:00:00.000Z,1.3491,1.34922,1.34887,1.34899,25
2025-07-13T04:00:00.000Z,1.34899,1.34938,1.34884,1.34923,30
2025-07-13T05:00:00.000Z,1.34923,1.34952,1.34908,1.34937,30
2025-07-13T06:00:00.000Z,1.34937,1.34967,1.34922,1.34952,30
2025-07-13T07:00:00.000Z,1.34952,1.34972,1.34937,1.34957,30
2025-07-13T08:00:00.000Z,1.34957,1.34992,1.34828,1.34863,70
2025-07-13T09:00:00.000Z,1.34863,1.34898,1.34756,1.34791,70
2025-07-13T10:00:00.000Z,1.34791,1.34826,1.34684,1.34719,70
2025-07-13T11:00:00.000Z,1.34719,1.34754,1.34634,1.34669,70
2025-07-13T12:00:00.000Z,1.34669,1.34699,1.34557,1.34587,80
2025-07-13T13:00:00.000Z,1.34587,1.34617,1.34494,1.34524,80
2025-07-13T14:00:00.000Z,1.34524,1.34554,1.3443,1.3446,80
2025-07-13T15:00:00.000Z,1.3446,1.3449,1.34386,1.34416,80
2025-07-13T16:00:00.000Z,1.34416,1.34453,1.34404,1.34441,30
2025-07-13T17:00:00.000Z,1.34441,1.34471,1.34429,1.34459,30
2025-07-13T18:00:00.000Z,1.34459,1.34489,1.34447,1.34477,30
2025-07-13T19:00:00.000Z,1.34477,1.345,1.34465,1.34488,30
2025-07-13T20:00:00.000Z,1.34488,1.34669,1.34446,1.34627,15
2025-07-13T21:00:00.000Z,1.34627,1.34781,1.34585,1.34739,15
2025-07-13T22:00:00.000Z,1.34739,1.34894,1.34697,1.34852,15
2025-07-13T23:00:00.000Z,1.34852,1.3498,1.3481,1.34938,15
2025-07-14T00:00:00.000Z,1.34273,1.34317,1.34259,1.34303,25
2025-07-14T01:00:00.000Z,1.34303,1.34338,1.34289,1.34324,25
2025-07-14T02:00:00.000Z,1.34324,1.34359,1.3431,1.34345,25
2025-07-14T03:00:00.000Z,1.34345,1.34372,1.34331,1.34358,25
2025-07-14T04:00:00.000Z,1.34358,1.34404,1.34266,1.34312,30
2025-07-14T05:00:00.000Z,1.34312,1.34358,1.34249,1.34295,30
2025-07-14T06:00:00.000Z,1.34295,1.34341,1.34232,1.34278,30
2025-07-14T07:00:00.000Z,1.34278,1.34336,1.34232,1.3429,30
2025-07-14T08:00:00.000Z,1.3429,1.34441,1.34249,1.344,70
2025-07-14T09:00:00.000Z,1.344,1.34525,1.34359,1.34484,70
2025-07-14T10:00:00.000Z,1.34484,1.3461,1.34443,1.34569,70
2025-07-14T11:00:00.000Z,1.34569,1.34669,1.34528,1.34628,70
2025-07-14T12:00:00.000Z,1.34628,1.34746,1.34601,1.34719,80
2025-07-14T13:00:00.000Z,1.34719,1.3482,1.34692,1.34793,80
2025-07-14T14:00:00.000Z,1.34793,1.34894,1.34766,1.34867,80
2025-07-14T15:00:00.000Z,1.34867,1.34951,1.3484,1.34924,80
2025-07-14T16:00:00.000Z,1.34924,1.34938,1.34881,1.34895,30
2025-07-14T17:00:00.000Z,1.34895,1.34909,1.3486,1.34874,30
2025-07-14T18:00:00.000Z,1.34874,1.34888,1.34839,1.34853,30
2025-07-14T19:00:00.000Z,1.34853,1.34867,1.34826,1.3484,30
2025-07-14T20:00:00.000Z,1.3484,1.34892,1.34616,1.34668,15
2025-07-14T21:00:00.000Z,1.34668,1.3472,1.34476,1.34528,15
2025-07-14T22:00:00.000Z,1.34528,1.3458,1.34336,1.34388,15
2025-07-14T23:00:00.000Z,1.34388,1.3444,1.34228,1.3428,15
2025-07-15T00:00:00.000Z,1.33942,1.3396,1.33885,1.33903,25
2025-07-15T01:00:00.000Z,1.33903,1.33921,1.33858,1.33876,25
2025-07-15T02:00:00.000Z,1.33876,1.33894,1.3383,1.33848,25
2025-07-15T03:00:00.000Z,1.33848,1.33866,1.33814,1.33832,25
2025-07-15T04:00:00.000Z,1.33832,1.33984,1.33752,1.33904,30
2025-07-15T05:00:00.000Z,1.33904,1.34006,1.33824,1.33926,30
2025-07-15T06:00:00.000Z,1.33926,1.34028,1.33846,1.33948,30
2025-07-15T07:00:00.000Z,1.33948,1.34028,1.3384,1.3392,30
2025-07-15T08:00:00.000Z,1.3392,1.33973,1.33724,1.33777,70
2025-07-15T09:00:00.000Z,1.33777,1.3383,1.33615,1.33668,70
2025-07-15T10:00:00.000Z,1.33668,1.33721,1.33505,1.33558,70
2025-07-15T11:00:00.000Z,1.33558,1.33611,1.33428,1.33481,70
2025-07-15T12:00:00.000Z,1.33481,1.33516,1.33328,1.33363,80
2025-07-15T13:00:00.000Z,1.33363,1.33398,1.33231,1.33266,80
2025-07-15T14:00:00.000Z,1.33266,1.33301,1.33135,1.3317,80
2025-07-15T15:00:00.000Z,1.3317,1.33205,1.33061,1.33096,80
2025-07-15T16:00:00.000Z,1.33096,1.33153,1.33078,1.33135,30
2025-07-15T17:00:00.000Z,1.33135,1.3318,1.33117,1.33162,30
2025-07-15T18:00:00.000Z,1.33162,1.33208,1.33144,1.3319,30
2025-07-15T19:00:00.000Z,1.3319,1.33224,1.33172,1.33206,30
2025-07-15T20:00:00.000Z,1.33206,1.33497,1.33139,1.3343,15
2025-07-15T21:00:00.000Z,1.3343,1.33678,1.33363,1.33611,15
2025-07-15T22:00:00.000Z,1.33611,1.3386,1.33544,1.33793,15
2025-07-15T23:00:00.000Z,1.33793,1.34,1.33726,1.33933,15
2025-07-16T00:00:00.000Z,1.34108,1.3413,1.34101,1.34123,25
2025-07-16T01:00:00.000Z,1.34123,1.3414,1.34116,1.34133,25
2025-07-16T02:00:00.000Z,1.34133,1.34151,1.34126,1.34144,25
2025-07-16T03:00:00.000Z,1.34144,1.34157,1.34137,1.3415,25
2025-07-16T04:00:00.000Z,1.3415,1.34183,1.34088,1.34121,30
2025-07-16T05:00:00.000Z,1.34121,1.34154,1.34079,1.34112,30
2025-07-16T06:00:00.000Z,1.34112,1.34145,1.34071,1.34104,30
2025-07-16T07:00:00.000Z,1.34104,1.34149,1.34071,1.34116,30
2025-07-16T08:00:00.000Z,1.34116,1.34193,1.34095,1.34172,70
2025-07-16T09:00:00.000Z,1.34172,1.34235,1.34151,1.34214,70
2025-07-16T10:00:00.000Z,1.34214,1.34278,1.34193,1.34257,70
2025-07-16T11:00:00.000Z,1.34257,1.34308,1.34236,1.34287,70
2025-07-16T12:00:00.000Z,1.34287,1.34347,1.34273,1.34333,80
2025-07-16T13:00:00.000Z,1.34333,1.34385,1.34319,1.34371,80
2025-07-16T14:00:00.000Z,1.34371,1.34422,1.34357,1.34408,80
2025-07-16T15:00:00.000Z,1.34408,1.34451,1.34394,1.34437,80
2025-07-16T16:00:00.000Z,1.34437,1.34444,1.34415,1.34422,30
2025-07-16T17:00:00.000Z,1.34422,1.34429,1.34404,1.34411,30
2025-07-16T18:00:00.000Z,1.34411,1.34418,1.34393,1.344,30
2025-07-16T19:00:00.000Z,1.344,1.34407,1.34387,1.34394,30
2025-07-16T20:00:00.000Z,1.34394,1.3442,1.34281,1.34307,15
2025-07-16T21:00:00.000Z,1.34307,1.34333,1.3421,1.34236,15
2025-07-16T22:00:00.000Z,1.34236,1.34262,1.34139,1.34165,15
2025-07-16T23:00:00.000Z,1.34165,1.34191,1.34085,1.34111,15
2025-07-17T00:00:00.000Z,1.34315,1.34347,1.34305,1.34337,25
2025-07-17T01:00:00.000Z,1.34337,1.34363,1.34327,1.34353,25
2025-07-17T02:00:00.000Z,1.34353,1.34379,1.34343,1.34369,25
2025-07-17T03:00:00.000Z,1.34369,1.34388,1.34359,1.34378,25
2025-07-17T04:00:00.000Z,1.34378,1.34401,1.34328,1.34351,30
2025-07-17T05:00:00.000Z,1.34351,1.34374,1.34315,1.34338,30
2025-07-17T06:00:00.000Z,1.34338,1.34361,1.34302,1.34325,30
2025-07-17T07:00:00.000Z,1.34325,1.3435,1.34302,1.34327,30
2025-07-17T08:00:00.000Z,1.34327,1.34439,1.34297,1.34409,70
2025-07-17T09:00:00.000Z,1.34409,1.34502,1.34379,1.34472,70
2025-07-17T10:00:00.000Z,1.34472,1.34566,1.34442,1.34536,70
2025-07-17T11:00:00.000Z,1.34536,1.3461,1.34506,1.3458,70
2025-07-17T12:00:00.000Z,1.3458,1.34668,1.3456,1.34648,80
2025-07-17T13:00:00.000Z,1.34648,1.34724,1.34628,1.34704,80
2025-07-17T14:00:00.000Z,1.34704,1.34779,1.34684,1.34759,80
2025-07-17T15:00:00.000Z,1.34759,1.34822,1.34739,1.34802,80
2025-07-17T16:00:00.000Z,1.34802,1.34812,1.3477,1.3478,30
2025-07-17T17:00:00.000Z,1.3478,1.3479,1.34754,1.34764,30
2025-07-17T18:00:00.000Z,1.34764,1.34774,1.34738,1.34748,30
2025-07-17T19:00:00.000Z,1.34748,1.34758,1.34729,1.34739,30
2025-07-17T20:00:00.000Z,1.34739,1.34777,1.34574,1.34612,15
2025-07-17T21:00:00.000Z,1.34612,1.3465,1.34471,1.34509,15
2025-07-17T22:00:00.000Z,1.34509,1.34547,1.34367,1.34405,15
2025-07-17T23:00:00.000Z,1.34405,1.34443,1.34288,1.34326,15
2025-07-20T00:00:00.000Z,1.34163,1.3418,1.34109,1.34126,25
2025-07-20T01:00:00.000Z,1.34126,1.34143,1.34082,1.34099,25
2025-07-20T02:00:00.000Z,1.34099,1.34116,1.34056,1.34073,25
2025-07-20T03:00:00.000Z,1.34073,1.3409,1.3404,1.34057,25
2025-07-20T04:00:00.000Z,1.34057,1.34221,1.33969,1.34133,30
2025-07-20T05:00:00.000Z,1.34133,1.34242,1.34045,1.34154,30
2025-07-20T06:00:00.000Z,1.34154,1.34264,1.34066,1.34176,30
2025-07-20T07:00:00.000Z,1.34176,1.34264,1.34054,1.34142,30
2025-07-20T08:00:00.000Z,1.34142,1.34193,1.33952,1.34003,70
2025-07-20T09:00:00.000Z,1.34003,1.34054,1.33845,1.33896,70
2025-07-20T10:00:00.000Z,1.33896,1.33947,1.33739,1.3379,70
2025-07-20T11:00:00.000Z,1.3379,1.33841,1.33664,1.33715,70
2025-07-20T12:00:00.000Z,1.33715,1.33749,1.33566,1.336,80
2025-07-20T13:00:00.000Z,1.336,1.33634,1.33473,1.33507,80
2025-07-20T14:00:00.000Z,1.33507,1.33541,1.33379,1.33413,80
2025-07-20T15:00:00.000Z,1.33413,1.33447,1.33307,1.33341,80
2025-07-20T16:00:00.000Z,1.33341,1.33395,1.33324,1.33378,30
2025-07-20T17:00:00.000Z,1.33378,1.33422,1.33361,1.33405,30
2025-07-20T18:00:00.000Z,1.33405,1.33449,1.33388,1.33432,30
2025-07-20T19:00:00.000Z,1.33432,1.33465,1.33415,1.33448,30
2025-07-20T20:00:00.000Z,1.33448,1.33733,1.33382,1.33667,15
2025-07-20T21:00:00.000Z,1.33667,1.33911,1.33601,1.33845,15
2025-07-20T22:00:00.000Z,1.33845,1.34089,1.33779,1.34023,15
2025-07-20T23:00:00.000Z,1.34023,1.34226,1.33957,1.3416,15
2025-07-21T00:00:00.000Z,1.34895,1.34924,1.34886,1.34915,25
2025-07-21T01:00:00.000Z,1.34915,1.34938,1.34906,1.34929,25
2025-07-21T02:00:00.000Z,1.34929,1.34952,1.3492,1.34943,25
2025-07-21T03:00:00.000Z,1.34943,1.3496,1.34934,1.34951,25
2025-07-21T04:00:00.000Z,1.34951,1.34979,1.34894,1.34922,30
2025-07-21T05:00:00.000Z,1.34922,1.3495,1.34883,1.34911,30
2025-07-21T06:00:00.000Z,1.34911,1.34939,1.34872,1.349,30
2025-07-21T07:00:00.000Z,1.349,1.34934,1.34872,1.34906,30
2025-07-21T08:00:00.000Z,1.34906,1.35007,1.34879,1.3498,70
2025-07-21T09:00:00.000Z,1.3498,1.35064,1.34953,1.35037,70
2025-07-21T10:00:00.000Z,1.35037,1.35121,1.3501,1.35094,70
2025-07-21T11:00:00.000Z,1.35094,1.35161,1.35067,1.35134,70
2025-07-21T12:00:00.000Z,1.35134,1.35213,1.35116,1.35195,80
2025-07-21T13:00:00.000Z,1.35195,1.35263,1.35177,1.35245,80
2025-07-21T14:00:00.000Z,1.35245,1.35313,1.35227,1.35295,80
2025-07-21T15:00:00.000Z,1.35295,1.35351,1.35277,1.35333,80
2025-07-21T16:00:00.000Z,1.35333,1.35342,1.35304,1.35313,30
2025-07-21T17:00:00.000Z,1.35313,1.35322,1.3529,1.35299,30
2025-07-21T18:00:00.000Z,1.35299,1.35308,1.35276,1.35285,30
2025-07-21T19:00:00.000Z,1.35285,1.35294,1.35267,1.35276,30
2025-07-21T20:00:00.000Z,1.35276,1.35311,1.35124,1.35159,15
2025-07-21T21:00:00.000Z,1.35159,1.35194,1.35029,1.35064,15
2025-07-21T22:00:00.000Z,1.35064,1.35099,1.34933,1.34968,15
2025-07-21T23:00:00.000Z,1.34968,1.35003,1.3486,1.34895,15
2025-07-22T00:00:00.000Z,1.35217,1.35226,1.35188,1.35197,25
2025-07-22T01:00:00.000Z,1.35197,1.35206,1.35173,1.35182,25
2025-07-22T02:00:00.000Z,1.35182,1.35191,1.35159,1.35168,25
2025-07-22T03:00:00.000Z,1.35168,1.35177,1.3515,1.35159,25
2025-07-22T04:00:00.000Z,1.35159,1.35252,1.35109,1.35202,30
2025-07-22T05:00:00.000Z,1.35202,1.35264,1.35152,1.35214,30
2025-07-22T06:00:00.000Z,1.35214,1.35276,1.35164,1.35226,30
2025-07-22T07:00:00.000Z,1.35226,1.35276,1.35156,1.35206,30
2025-07-22T08:00:00.000Z,1.35206,1.35234,1.35102,1.3513,70
2025-07-22T09:00:00.000Z,1.3513,1.35158,1.35043,1.35071,70
2025-07-22T10:00:00.000Z,1.35071,1.35099,1.34984,1.35012,70
2025-07-22T11:00:00.000Z,1.35012,1.3504,1.34943,1.34971,70
2025-07-22T12:00:00.000Z,1.34971,1.3499,1.34889,1.34908,80
2025-07-22T13:00:00.000Z,1.34908,1.34927,1.34837,1.34856,80
2025-07-22T14:00:00.000Z,1.34856,1.34875,1.34786,1.34805,80
2025-07-22T15:00:00.000Z,1.34805,1.34824,1.34746,1.34765,80
2025-07-22T16:00:00.000Z,1.34765,1.34795,1.34756,1.34786,30
2025-07-22T17:00:00.000Z,1.34786,1.34809,1.34777,1.348,30
2025-07-22T18:00:00.000Z,1.348,1.34824,1.34791,1.34815,30
2025-07-22T19:00:00.000Z,1.34815,1.34833,1.34806,1.34824,30
2025-07-22T20:00:00.000Z,1.34824,1.34981,1.34788,1.34945,15
2025-07-22T21:00:00.000Z,1.34945,1.35078,1.34909,1.35042,15
2025-07-22T22:00:00.000Z,1.35042,1.35176,1.35006,1.3514,15
2025-07-22T23:00:00.000Z,1.3514,1.35252,1.35104,1.35216,15
2025-07-23T00:00:00.000Z,1.35796,1.35829,1.35786,1.35819,25
2025-07-23T01:00:00.000Z,1.35819,1.35845,1.35809,1.35835,25
2025-07-23T02:00:00.000Z,1.35835,1.35861,1.35825,1.35851,25
2025-07-23T03:00:00.000Z,1.35851,1.35871,1.35841,1.35861,25
2025-07-23T04:00:00.000Z,1.35861,1.35914,1.35762,1.35815,30
2025-07-23T05:00:00.000Z,1.35815,1.35868,1.35749,1.35802,30
2025-07-23T06:00:00.000Z,1.35802,1.35855,1.35736,1.35789,30
2025-07-23T07:00:00.000Z,1.35789,1.35862,1.35736,1.35809,30
2025-07-23T08:00:00.000Z,1.35809,1.35925,1.35778,1.35894,70
2025-07-23T09:00:00.000Z,1.35894,1.3599,1.35863,1.35959,70
2025-07-23T10:00:00.000Z,1.35959,1.36055,1.35928,1.36024,70
2025-07-23T11:00:00.000Z,1.36024,1.36101,1.35993,1.3607,70
2025-07-23T12:00:00.000Z,1.3607,1.36161,1.36049,1.3614,80
2025-07-23T13:00:00.000Z,1.3614,1.36218,1.36119,1.36197,80
2025-07-23T14:00:00.000Z,1.36197,1.36275,1.36176,1.36254,80
2025-07-23T15:00:00.000Z,1.36254,1.36319,1.36233,1.36298,80
2025-07-23T16:00:00.000Z,1.36298,1.36308,1.36265,1.36275,30
2025-07-23T17:00:00.000Z,1.36275,1.36285,1.36249,1.36259,30
2025-07-23T18:00:00.000Z,1.36259,1.36269,1.36233,1.36243,30
2025-07-23T19:00:00.000Z,1.36243,1.36253,1.36223,1.36233,30
2025-07-23T20:00:00.000Z,1.36233,1.36273,1.36059,1.36099,15
2025-07-23T21:00:00.000Z,1.36099,1.36139,1.35949,1.35989,15
2025-07-23T22:00:00.000Z,1.35989,1.36029,1.3584,1.3588,15
2025-07-23T23:00:00.000Z,1.3588,1.3592,1.35756,1.35796,15
2025-07-24T00:00:00.000Z,1.35099,1.35147,1.35084,1.35132,25
2025-07-24T01:00:00.000Z,1.35132,1.3517,1.35117,1.35155,25
2025-07-24T02:00:00.000Z,1.35155,1.35194,1.3514,1.35179,25
2025-07-24T03:00:00.000Z,1.35179,1.35208,1.35164,1.35193,25
2025-07-24T04:00:00.000Z,1.35193,1.35278,1.35036,1.35121,30
2025-07-24T05:00:00.000Z,1.35121,1.35206,1.35017,1.35102,30
2025-07-24T06:00:00.000Z,1.35102,1.35187,1.34998,1.35083,30
2025-07-24T07:00:00.000Z,1.35083,1.35202,1.34998,1.35117,30
2025-07-24T08:00:00.000Z,1.35117,1.35285,1.35072,1.3524,70
2025-07-24T09:00:00.000Z,1.3524,1.35379,1.35195,1.35334,70
2025-07-24T10:00:00.000Z,1.35334,1.35473,1.35289,1.35428,70
2025-07-24T11:00:00.000Z,1.35428,1.35539,1.35383,1.35494,70
2025-07-24T12:00:00.000Z,1.35494,1.35625,1.35464,1.35595,80
2025-07-24T13:00:00.000Z,1.35595,1.35707,1.35565,1.35677,80
2025-07-24T14:00:00.000Z,1.35677,1.3579,1.35647,1.3576,80
2025-07-24T15:00:00.000Z,1.3576,1.35853,1.3573,1.35823,80
2025-07-24T16:00:00.000Z,1.35823,1.35838,1.35775,1.3579,30
2025-07-24T17:00:00.000Z,1.3579,1.35805,1.35752,1.35767,30
2025-07-24T18:00:00.000Z,1.35767,1.35782,1.35728,1.35743,30
2025-07-24T19:00:00.000Z,1.35743,1.35758,1.35714,1.35729,30
2025-07-24T20:00:00.000Z,1.35729,1.35787,1.35478,1.35536,15
2025-07-24T21:00:00.000Z,1.35536,1.35594,1.3532,1.35378,15
2025-07-24T22:00:00.000Z,1.35378,1.35436,1.35163,1.35221,15
2025-07-24T23:00:00.000Z,1.35221,1.35279,1.35042,1.351,15
2025-07-27T00:00:00.000Z,1.344,1.34431,1.3439,1.34421,25
2025-07-27T01:00:00.000Z,1.34421,1.34447,1.34411,1.34437,25
2025-07-27T02:00:00.000Z,1.34437,1.34462,1.34427,1.34452,25
2025-07-27T03:00:00.000Z,1.34452,1.34471,1.34442,1.34461,25
2025-07-27T04:00:00.000Z,1.34461,1.34506,1.34375,1.3442,30
2025-07-27T05:00:00.000Z,1.3442,1.34465,1.34363,1.34408,30
2025-07-27T06:00:00.000Z,1.34408,1.34453,1.34351,1.34396,30
2025-07-27T07:00:00.000Z,1.34396,1.34457,1.34351,1.34412,30
2025-07-27T08:00:00.000Z,1.34412,1.3452,1.34383,1.34491,70
2025-07-27T09:00:00.000Z,1.34491,1.34581,1.34462,1.34552,70
2025-07-27T10:00:00.000Z,1.34552,1.34642,1.34523,1.34613,70
2025-07-27T11:00:00.000Z,1.34613,1.34685,1.34584,1.34656,70
2025-07-27T12:00:00.000Z,1.34656,1.34742,1.34636,1.34722,80
2025-07-27T13:00:00.000Z,1.34722,1.34795,1.34702,1.34775,80
2025-07-27T14:00:00.000Z,1.34775,1.34849,1.34755,1.34829,80
2025-07-27T15:00:00.000Z,1.34829,1.3489,1.34809,1.3487,80
2025-07-27T16:00:00.000Z,1.3487,1.3488,1.34839,1.34849,30
2025-07-27T17:00:00.000Z,1.34849,1.34859,1.34823,1.34833,30
2025-07-27T18:00:00.000Z,1.34833,1.34843,1.34808,1.34818,30
2025-07-27T19:00:00.000Z,1.34818,1.34828,1.34799,1.34809,30
2025-07-27T20:00:00.000Z,1.34809,1.34846,1.34649,1.34686,15
2025-07-27T21:00:00.000Z,1.34686,1.34723,1.34549,1.34586,15
2025-07-27T22:00:00.000Z,1.34586,1.34623,1.34449,1.34486,15
2025-07-27T23:00:00.000Z,1.34486,1.34523,1.34372,1.34409,15
2025-07-28T00:00:00.000Z,1.33584,1.33611,1.33576,1.33603,25
2025-07-28T01:00:00.000Z,1.33603,1.33624,1.33595,1.33616,25
2025-07-28T02:00:00.000Z,1.33616,1.33638,1.33608,1.3363,25
2025-07-28T03:00:00.000Z,1.3363,1.33646,1.33622,1.33638,25
2025-07-28T04:00:00.000Z,1.33638,1.33684,1.33552,1.33598,30
2025-07-28T05:00:00.000Z,1.33598,1.33644,1.33542,1.33588,30
2025-07-28T06:00:00.000Z,1.33588,1.33634,1.33531,1.33577,30
2025-07-28T07:00:00.000Z,1.33577,1.33641,1.33531,1.33595,30
2025-07-28T08:00:00.000Z,1.33595,1.3369,1.33569,1.33664,70
2025-07-28T09:00:00.000Z,1.33664,1.33744,1.33638,1.33718,70
2025-07-28T10:00:00.000Z,1.33718,1.33797,1.33692,1.33771,70
2025-07-28T11:00:00.000Z,1.33771,1.33835,1.33745,1.33809,70
2025-07-28T12:00:00.000Z,1.33809,1.33883,1.33792,1.33866,80
2025-07-28T13:00:00.000Z,1.33866,1.3393,1.33849,1.33913,80
2025-07-28T14:00:00.000Z,1.33913,1.33976,1.33896,1.33959,80
2025-07-28T15:00:00.000Z,1.33959,1.34012,1.33942,1.33995,80
2025-07-28T16:00:00.000Z,1.33995,1.34004,1.33967,1.33976,30
2025-07-28T17:00:00.000Z,1.33976,1.33985,1.33954,1.33963,30
2025-07-28T18:00:00.000Z,1.33963,1.33972,1.33941,1.3395,30
2025-07-28T19:00:00.000Z,1.3395,1.33959,1.33933,1.33942,30
2025-07-28T20:00:00.000Z,1.33942,1.33973,1.33806,1.33837,15
2025-07-28T21:00:00.000Z,1.33837,1.33868,1.33721,1.33752,15
2025-07-28T22:00:00.000Z,1.33752,1.33783,1.33636,1.33667,15
2025-07-28T23:00:00.000Z,1.33667,1.33698,1.33571,1.33602,15
2025-07-29T00:00:00.000Z,1.33561,1.33579,1.33504,1.33522,25
2025-07-29T01:00:00.000Z,1.33522,1.3354,1.33476,1.33494,25
2025-07-29T02:00:00.000Z,1.33494,1.33512,1.33448,1.33466,25
2025-07-29T03:00:00.000Z,1.33466,1.33484,1.33431,1.33449,25
2025-07-29T04:00:00.000Z,1.33449,1.33532,1.33412,1.33495,30
2025-07-29T05:00:00.000Z,1.33495,1.33554,1.33458,1.33517,30
2025-07-29T06:00:00.000Z,1.33517,1.33577,1.3348,1.3354,30
2025-07-29T07:00:00.000Z,1.3354,1.33577,1.33502,1.33539,30
2025-07-29T08:00:00.000Z,1.33539,1.33593,1.33339,1.33393,70
2025-07-29T09:00:00.000Z,1.33393,1.33447,1.33226,1.3328,70
2025-07-29T10:00:00.000Z,1.3328,1.33334,1.33114,1.33168,70
2025-07-29T11:00:00.000Z,1.33168,1.33222,1.33035,1.33089,70
2025-07-29T12:00:00.000Z,1.33089,1.33125,1.32932,1.32968,80
2025-07-29T13:00:00.000Z,1.32968,1.33004,1.32834,1.3287,80
2025-07-29T14:00:00.000Z,1.3287,1.32906,1.32735,1.32771,80
2025-07-29T15:00:00.000Z,1.32771,1.32807,1.32659,1.32695,80
2025-07-29T16:00:00.000Z,1.32695,1.32752,1.32677,1.32734,30
2025-07-29T17:00:00.000Z,1.32734,1.32781,1.32716,1.32763,30
2025-07-29T18:00:00.000Z,1.32763,1.32809,1.32745,1.32791,30
2025-07-29T19:00:00.000Z,1.32791,1.32826,1.32773,1.32808,30
2025-07-29T20:00:00.000Z,1.32808,1.33099,1.32741,1.33032,15
2025-07-29T21:00:00.000Z,1.33032,1.33281,1.32965,1.33214,15
2025-07-29T22:00:00.000Z,1.33214,1.33463,1.33147,1.33396,15
2025-07-29T23:00:00.000Z,1.33396,1.33603,1.33329,1.33536,15
2025-07-30T00:00:00.000Z,1.32556,1.32604,1.32541,1.32589,25
2025-07-30T01:00:00.000Z,1.32589,1.32627,1.32574,1.32612,25
2025-07-30T02:00:00.000Z,1.32612,1.32651,1.32597,1.32636,25
2025-07-30T03:00:00.000Z,1.32636,1.32665,1.32621,1.3265,25
2025-07-30T04:00:00.000Z,1.3265,1.32715,1.32525,1.3259,30
2025-07-30T05:00:00.000Z,1.3259,1.32655,1.32506,1.32571,30
2025-07-30T06:00:00.000Z,1.32571,1.32636,1.32487,1.32552,30
2025-07-30T07:00:00.000Z,1.32552,1.32639,1.32487,1.32574,30
2025-07-30T08:00:00.000Z,1.32574,1.32741,1.32529,1.32696,70
2025-07-30T09:00:00.000Z,1.32696,1.32835,1.32651,1.3279,70
2025-07-30T10:00:00.000Z,1.3279,1.32929,1.32745,1.32884,70
2025-07-30T11:00:00.000Z,1.32884,1.32995,1.32839,1.3295,70
2025-07-30T12:00:00.000Z,1.3295,1.33081,1.3292,1.33051,80
2025-07-30T13:00:00.000Z,1.33051,1.33163,1.33021,1.33133,80
2025-07-30T14:00:00.000Z,1.33133,1.33246,1.33103,1.33216,80
2025-07-30T15:00:00.000Z,1.33216,1.33309,1.33186,1.33279,80
2025-07-30T16:00:00.000Z,1.33279,1.33294,1.33231,1.33246,30
2025-07-30T17:00:00.000Z,1.33246,1.33261,1.33208,1.33223,30
2025-07-30T18:00:00.000Z,1.33223,1.33238,1.33184,1.33199,30
2025-07-30T19:00:00.000Z,1.33199,1.33214,1.3317,1.33185,30
2025-07-30T20:00:00.000Z,1.33185,1.33241,1.32942,1.32998,15
2025-07-30T21:00:00.000Z,1.32998,1.33054,1.3279,1.32846,15
2025-07-30T22:00:00.000Z,1.32846,1.32902,1.32638,1.32694,15
2025-07-30T23:00:00.000Z,1.32694,1.3275,1.32521,1.32577,15
2025-07-31T00:00:00.000Z,1.32074,1.32157,1.32048,1.32131,25
2025-07-31T01:00:00.000Z,1.32131,1.32197,1.32105,1.32171,25
2025-07-31T02:00:00.000Z,1.32171,1.32238,1.32145,1.32212,25
2025-07-31T03:00:00.000Z,1.32212,1.32262,1.32186,1.32236,25
2025-07-31T04:00:00.000Z,1.32236,1.32306,1.3209,1.3216,30
2025-07-31T05:00:00.000Z,1.3216,1.3223,1.32058,1.32128,30
2025-07-31T06:00:00.000Z,1.32128,1.32198,1.32025,1.32095,30
2025-07-31T07:00:00.000Z,1.32095,1.32177,1.32025,1.32107,30
2025-07-31T08:00:00.000Z,1.32107,1.32395,1.32029,1.32317,70
2025-07-31T09:00:00.000Z,1.32317,1.32556,1.32239,1.32478,70
2025-07-31T10:00:00.000Z,1.32478,1.32717,1.324,1.32639,70
2025-07-31T11:00:00.000Z,1.32639,1.3283,1.32561,1.32752,70
2025-07-31T12:00:00.000Z,1.32752,1.32978,1.327,1.32926,80
2025-07-31T13:00:00.000Z,1.32926,1.33119,1.32874,1.33067,80
2025-07-31T14:00:00.000Z,1.33067,1.3326,1.33015,1.33208,80
2025-07-31T15:00:00.000Z,1.33208,1.33369,1.33156,1.33317,80
2025-07-31T16:00:00.000Z,1.33317,1.33343,1.33235,1.33261,30
2025-07-31T17:00:00.000Z,1.33261,1.33287,1.33194,1.3322,30
2025-07-31T18:00:00.000Z,1.3322,1.33246,1.33154,1.3318,30
2025-07-31T19:00:00.000Z,1.3318,1.33206,1.3313,1.33156,30
2025-07-31T20:00:00.000Z,1.33156,1.33253,1.32734,1.32831,15
2025-07-31T21:00:00.000Z,1.32831,1.32928,1.3247,1.32567,15
2025-07-31T22:00:00.000Z,1.32567,1.32664,1.32205,1.32302,15
2025-07-31T23:00:00.000Z,1.32302,1.32399,1.32002,1.32099,15
2025-08-03T00:00:00.000Z,1.32922,1.32934,1.32883,1.32895,25
2025-08-03T01:00:00.000Z,1.32895,1.32907,1.32864,1.32876,25
2025-08-03T02:00:00.000Z,1.32876,1.32888,1.32845,1.32857,25
2025-08-03T03:00:00.000Z,1.32857,1.32869,1.32834,1.32846,25
2025-08-03T04:00:00.000Z,1.32846,1.32926,1.32806,1.32886,30
2025-08-03T05:00:00.000Z,1.32886,1.32942,1.32846,1.32902,30
2025-08-03T06:00:00.000Z,1.32902,1.32957,1.32862,1.32917,30
2025-08-03T07:00:00.000Z,1.32917,1.32957,1.32867,1.32907,30
2025-08-03T08:00:00.000Z,1.32907,1.32944,1.32771,1.32808,70
2025-08-03T09:00:00.000Z,1.32808,1.32845,1.32695,1.32732,70
2025-08-03T10:00:00.000Z,1.32732,1.32769,1.32618,1.32655,70
2025-08-03T11:00:00.000Z,1.32655,1.32692,1.32565,1.32602,70
2025-08-03T12:00:00.000Z,1.32602,1.32626,1.32496,1.3252,80
2025-08-03T13:00:00.000Z,1.3252,1.32544,1.3243,1.32454,80
2025-08-03T14:00:00.000Z,1.32454,1.32478,1.32363,1.32387,80
2025-08-03T15:00:00.000Z,1.32387,1.32411,1.32312,1.32336,80
2025-08-03T16:00:00.000Z,1.32336,1.32375,1.32324,1.32363,30
2025-08-03T17:00:00.000Z,1.32363,1.32394,1.32351,1.32382,30
2025-08-03T18:00:00.000Z,1.32382,1.32413,1.3237,1.32401,30
2025-08-03T19:00:00.000Z,1.32401,1.32424,1.32389,1.32412,30
2025-08-03T20:00:00.000Z,1.32412,1.32607,1.32367,1.32562,15
2025-08-03T21:00:00.000Z,1.32562,1.32729,1.32517,1.32684,15
2025-08-03T22:00:00.000Z,1.32684,1.3285,1.32639,1.32805,15
2025-08-03T23:00:00.000Z,1.32805,1.32944,1.3276,1.32899,15
2025-08-04T00:00:00.000Z,1.33,1.33007,1.32977,1.32984,25
2025-08-04T01:00:00.000Z,1.32984,1.32991,1.32965,1.32972,25
2025-08-04T02:00:00.000Z,1.32972,1.32979,1.32954,1.32961,25
2025-08-04T03:00:00.000Z,1.32961,1.32968,1.32947,1.32954,25
2025-08-04T04:00:00.000Z,1.32954,1.32985,1.32941,1.32972,30
2025-08-04T05:00:00.000Z,1.32972,1.32994,1.32959,1.32981,30
2025-08-04T06:00:00.000Z,1.32981,1.33003,1.32968,1.3299,30
2025-08-04T07:00:00.000Z,1.3299,1.33004,1.32977,1.32991,30
2025-08-04T08:00:00.000Z,1.32991,1.33013,1.32909,1.32931,70
2025-08-04T09:00:00.000Z,1.32931,1.32953,1.32862,1.32884,70
2025-08-04T10:00:00.000Z,1.32884,1.32906,1.32816,1.32838,70
2025-08-04T11:00:00.000Z,1.32838,1.3286,1.32783,1.32805,70
2025-08-04T12:00:00.000Z,1.32805,1.32821,1.32738,1.32754,80
2025-08-04T13:00:00.000Z,1.32754,1.3277,1.32698,1.32714,80
2025-08-04T14:00:00.000Z,1.32714,1.3273,1.32657,1.32673,80
2025-08-04T15:00:00.000Z,1.32673,1.32689,1.32626,1.32642,80
2025-08-04T16:00:00.000Z,1.32642,1.32665,1.32635,1.32658,30
2025-08-04T17:00:00.000Z,1.32658,1.32677,1.32651,1.3267,30
2025-08-04T18:00:00.000Z,1.3267,1.32689,1.32663,1.32682,30
2025-08-04T19:00:00.000Z,1.32682,1.32696,1.32675,1.32689,30
2025-08-04T20:00:00.000Z,1.32689,1.32804,1.32662,1.32777,15
2025-08-04T21:00:00.000Z,1.32777,1.32876,1.3275,1.32849,15
2025-08-04T22:00:00.000Z,1.32849,1.32947,1.32822,1.3292,15
2025-08-04T23:00:00.000Z,1.3292,1.33002,1.32893,1.32975,15
2025-08-05T00:00:00.000Z,1.32986,1.33024,1.32974,1.33012,25
2025-08-05T01:00:00.000Z,1.33012,1.33043,1.33,1.33031,25
2025-08-05T02:00:00.000Z,1.33031,1.33062,1.33019,1.3305,25
2025-08-05T03:00:00.000Z,1.3305,1.33073,1.33038,1.33061,25
2025-08-05T04:00:00.000Z,1.33061,1.33082,1.33012,1.33033,30
2025-08-05T05:00:00.000Z,1.33033,1.33054,1.32997,1.33018,30
2025-08-05T06:00:00.000Z,1.33018,1.33039,1.32982,1.33003,30
2025-08-05T07:00:00.000Z,1.33003,1.33024,1.3298,1.33001,30
2025-08-05T08:00:00.000Z,1.33001,1.33135,1.32965,1.33099,70
2025-08-05T09:00:00.000Z,1.33099,1.33211,1.33063,1.33175,70
2025-08-05T10:00:00.000Z,1.33175,1.33286,1.33139,1.3325,70
2025-08-05T11:00:00.000Z,1.3325,1.33339,1.33214,1.33303,70
2025-08-05T12:00:00.000Z,1.33303,1.33411,1.33277,1.33385,80
2025-08-05T13:00:00.000Z,1.33385,1.33478,1.33359,1.33452,80
2025-08-05T14:00:00.000Z,1.33452,1.33544,1.33426,1.33518,80
2025-08-05T15:00:00.000Z,1.33518,1.33594,1.33492,1.33568,80
2025-08-05T16:00:00.000Z,1.33568,1.3358,1.33529,1.33541,30
2025-08-05T17:00:00.000Z,1.33541,1.33553,1.3351,1.33522,30
2025-08-05T18:00:00.000Z,1.33522,1.33534,1.33491,1.33503,30
2025-08-05T19:00:00.000Z,1.33503,1.33515,1.3348,1.33492,30
2025-08-05T20:00:00.000Z,1.33492,1.33538,1.33293,1.33339,15
2025-08-05T21:00:00.000Z,1.33339,1.33385,1.33169,1.33215,15
2025-08-05T22:00:00.000Z,1.33215,1.33261,1.33045,1.33091,15
2025-08-05T23:00:00.000Z,1.33091,1.33137,1.32949,1.32995,15
2025-08-06T00:00:00.000Z,1.33577,1.33622,1.33563,1.33608,25
2025-08-06T01:00:00.000Z,1.33608,1.33645,1.33594,1.33631,25
2025-08-06T02:00:00.000Z,1.33631,1.33667,1.33617,1.33653,25
2025-08-06T03:00:00.000Z,1.33653,1.33681,1.33639,1.33667,25
2025-08-06T04:00:00.000Z,1.33667,1.33686,1.33618,1.33637,30
2025-08-06T05:00:00.000Z,1.33637,1.33656,1.336,1.33619,30
2025-08-06T06:00:00.000Z,1.33619,1.33638,1.33582,1.33601,30
2025-08-06T07:00:00.000Z,1.33601,1.3362,1.33576,1.33595,30
2025-08-06T08:00:00.000Z,1.33595,1.33755,1.33552,1.33712,70
2025-08-06T09:00:00.000Z,1.33712,1.33844,1.33669,1.33801,70
2025-08-06T10:00:00.000Z,1.33801,1.33934,1.33758,1.33891,70
2025-08-06T11:00:00.000Z,1.33891,1.33997,1.33848,1.33954,70
2025-08-06T12:00:00.000Z,1.33954,1.34093,1.33917,1.34056,80
2025-08-06T13:00:00.000Z,1.34056,1.34171,1.34019,1.34134,80
2025-08-06T14:00:00.000Z,1.34134,1.3425,1.34097,1.34213,80
2025-08-06T15:00:00.000Z,1.34213,1.34305,1.34176,1.34268,80
2025-08-06T16:00:00.000Z,1.34268,1.34282,1.34223,1.34237,30
2025-08-06T17:00:00.000Z,1.34237,1.34251,1.342,1.34214,30
2025-08-06T18:00:00.000Z,1.34214,1.34228,1.34177,1.34191,30
2025-08-06T19:00:00.000Z,1.34191,1.34205,1.34164,1.34178,30
2025-08-06T20:00:00.000Z,1.34178,1.34233,1.33939,1.33994,15
2025-08-06T21:00:00.000Z,1.33994,1.34049,1.33789,1.33844,15
2025-08-06T22:00:00.000Z,1.33844,1.33899,1.33639,1.33694,15
2025-08-06T23:00:00.000Z,1.33694,1.33749,1.33524,1.33579,15
2025-08-07T00:00:00.000Z,1.34519,1.34525,1.34501,1.34507,25
2025-08-07T01:00:00.000Z,1.34507,1.34513,1.34492,1.34498,25
2025-08-07T02:00:00.000Z,1.34498,1.34504,1.34483,1.34489,25
2025-08-07T03:00:00.000Z,1.34489,1.34495,1.34478,1.34484,25
2025-08-07T04:00:00.000Z,1.34484,1.34501,1.34478,1.34495,30
2025-08-07T05:00:00.000Z,1.34495,1.34508,1.34489,1.34502,30
2025-08-07T06:00:00.000Z,1.34502,1.34515,1.34496,1.34509,30
2025-08-07T07:00:00.000Z,1.34509,1.34518,1.34503,1.34512,30
2025-08-07T08:00:00.000Z,1.34512,1.34529,1.3445,1.34467,70
2025-08-07T09:00:00.000Z,1.34467,1.34484,1.34415,1.34432,70
2025-08-07T10:00:00.000Z,1.34432,1.34449,1.3438,1.34397,70
2025-08-07T11:00:00.000Z,1.34397,1.34414,1.34356,1.34373,70
2025-08-07T12:00:00.000Z,1.34373,1.34388,1.34318,1.34333,80
2025-08-07T13:00:00.000Z,1.34333,1.34348,1.34287,1.34302,80
2025-08-07T14:00:00.000Z,1.34302,1.34317,1.34257,1.34272,80
2025-08-07T15:00:00.000Z,1.34272,1.34287,1.34236,1.34251,80
2025-08-07T16:00:00.000Z,1.34251,1.34269,1.34245,1.34263,30
2025-08-07T17:00:00.000Z,1.34263,1.34278,1.34257,1.34272,30
2025-08-07T18:00:00.000Z,1.34272,1.34286,1.34266,1.3428,30
2025-08-07T19:00:00.000Z,1.3428,1.34291,1.34274,1.34285,30
2025-08-07T20:00:00.000Z,1.34285,1.34377,1.34264,1.34356,15
2025-08-07T21:00:00.000Z,1.34356,1.34434,1.34335,1.34413,15
2025-08-07T22:00:00.000Z,1.34413,1.34492,1.34392,1.34471,15
2025-08-07T23:00:00.000Z,1.34471,1.34536,1.3445,1.34515,15
2025-08-10T00:00:00.000Z,1.34439,1.34478,1.34427,1.34466,25
2025-08-10T01:00:00.000Z,1.34466,1.34497,1.34454,1.34485,25
2025-08-10T02:00:00.000Z,1.34485,1.34516,1.34473,1.34504,25
2025-08-10T03:00:00.000Z,1.34504,1.34528,1.34492,1.34516,25
2025-08-10T04:00:00.000Z,1.34516,1.3456,1.34429,1.34473,30
2025-08-10T05:00:00.000Z,1.34473,1.34517,1.34414,1.34458,30
2025-08-10T06:00:00.000Z,1.34458,1.34502,1.34399,1.34443,30
2025-08-10T07:00:00.000Z,1.34443,1.34499,1.34399,1.34455,30
2025-08-10T08:00:00.000Z,1.34455,1.34591,1.34418,1.34554,70
2025-08-10T09:00:00.000Z,1.34554,1.34667,1.34517,1.3463,70
2025-08-10T10:00:00.000Z,1.3463,1.34743,1.34593,1.34706,70
2025-08-10T11:00:00.000Z,1.34706,1.34796,1.34669,1.34759,70
2025-08-10T12:00:00.000Z,1.34759,1.34865,1.34735,1.34841,80
2025-08-10T13:00:00.000Z,1.34841,1.34932,1.34817,1.34908,80
2025-08-10T14:00:00.000Z,1.34908,1.34998,1.34884,1.34974,80
2025-08-10T15:00:00.000Z,1.34974,1.3505,1.3495,1.35026,80
2025-08-10T16:00:00.000Z,1.35026,1.35038,1.34987,1.34999,30
2025-08-10T17:00:00.000Z,1.34999,1.35011,1.34968,1.3498,30
2025-08-10T18:00:00.000Z,1.3498,1.34992,1.34949,1.34961,30
2025-08-10T19:00:00.000Z,1.34961,1.34973,1.34938,1.3495,30
2025-08-10T20:00:00.000Z,1.3495,1.34996,1.34749,1.34795,15
2025-08-10T21:00:00.000Z,1.34795,1.34841,1.34622,1.34668,15
2025-08-10T22:00:00.000Z,1.34668,1.34714,1.34496,1.34542,15
2025-08-10T23:00:00.000Z,1.34542,1.34588,1.34399,1.34445,15
2025-08-11T00:00:00.000Z,1.34344,1.34395,1.34328,1.34379,25
2025-08-11T01:00:00.000Z,1.34379,1.34421,1.34363,1.34405,25
2025-08-11T02:00:00.000Z,1.34405,1.34446,1.34389,1.3443,25
2025-08-11T03:00:00.000Z,1.3443,1.34461,1.34414,1.34445,25
2025-08-11T04:00:00.000Z,1.34445,1.34467,1.34389,1.34411,30
2025-08-11T05:00:00.000Z,1.34411,1.34433,1.34369,1.34391,30
2025-08-11T06:00:00.000Z,1.34391,1.34413,1.34349,1.34371,30
2025-08-11T07:00:00.000Z,1.34371,1.34393,1.34342,1.34364,30
2025-08-11T08:00:00.000Z,1.34364,1.34545,1.34315,1.34496,70
2025-08-11T09:00:00.000Z,1.34496,1.34647,1.34447,1.34598,70
2025-08-11T10:00:00.000Z,1.34598,1.34749,1.34549,1.347,70
2025-08-11T11:00:00.000Z,1.347,1.3482,1.34651,1.34771,70
2025-08-11T12:00:00.000Z,1.34771,1.34928,1.34729,1.34886,80
2025-08-11T13:00:00.000Z,1.34886,1.35016,1.34844,1.34974,80
2025-08-11T14:00:00.000Z,1.34974,1.35105,1.34932,1.35063,80
2025-08-11T15:00:00.000Z,1.35063,1.35168,1.35021,1.35126,80
2025-08-11T16:00:00.000Z,1.35126,1.35142,1.35075,1.35091,30
2025-08-11T17:00:00.000Z,1.35091,1.35107,1.35049,1.35065,30
2025-08-11T18:00:00.000Z,1.35065,1.35081,1.35024,1.3504,30
2025-08-11T19:00:00.000Z,1.3504,1.35056,1.35009,1.35025,30
2025-08-11T20:00:00.000Z,1.35025,1.35087,1.34756,1.34818,15
2025-08-11T21:00:00.000Z,1.34818,1.3488,1.34588,1.3465,15
2025-08-11T22:00:00.000Z,1.3465,1.34712,1.3442,1.34482,15
2025-08-11T23:00:00.000Z,1.34482,1.34544,1.34291,1.34353,15
2025-08-12T00:00:00.000Z,1.35053,1.35067,1.35007,1.35021,25
2025-08-12T01:00:00.000Z,1.35021,1.35035,1.34984,1.34998,25
2025-08-12T02:00:00.000Z,1.34998,1.35012,1.34962,1.34976,25
2025-08-12T03:00:00.000Z,1.34976,1.3499,1.34948,1.34962,25
2025-08-12T04:00:00.000Z,1.34962,1.35102,1.34887,1.35027,30
2025-08-12T05:00:00.000Z,1.35027,1.3512,1.34952,1.35045,30
2025-08-12T06:00:00.000Z,1.35045,1.35138,1.3497,1.35063,30
2025-08-12T07:00:00.000Z,1.35063,1.35138,1.3496,1.35035,30
2025-08-12T08:00:00.000Z,1.35035,1.35079,1.34873,1.34917,70
2025-08-12T09:00:00.000Z,1.34917,1.34961,1.34782,1.34826,70
2025-08-12T10:00:00.000Z,1.34826,1.3487,1.34691,1.34735,70
2025-08-12T11:00:00.000Z,1.34735,1.34779,1.34627,1.34671,70
2025-08-12T12:00:00.000Z,1.34671,1.347,1.34544,1.34573,80
2025-08-12T13:00:00.000Z,1.34573,1.34602,1.34465,1.34494,80
2025-08-12T14:00:00.000Z,1.34494,1.34523,1.34385,1.34414,80
2025-08-12T15:00:00.000Z,1.34414,1.34443,1.34324,1.34353,80
2025-08-12T16:00:00.000Z,1.34353,1.344,1.34338,1.34385,30
2025-08-12T17:00:00.000Z,1.34385,1.34423,1.3437,1.34408,30
2025-08-12T18:00:00.000Z,1.34408,1.34445,1.34393,1.3443,30
2025-08-12T19:00:00.000Z,1.3443,1.34459,1.34415,1.34444,30
2025-08-12T20:00:00.000Z,1.34444,1.34683,1.34389,1.34628,15
2025-08-12T21:00:00.000Z,1.34628,1.34833,1.34573,1.34778,15
2025-08-12T22:00:00.000Z,1.34778,1.34982,1.34723,1.34927,15
2025-08-12T23:00:00.000Z,1.34927,1.35097,1.34872,1.35042,15
2025-08-13T00:00:00.000Z,1.35857,1.35867,1.35824,1.35834,25
2025-08-13T01:00:00.000Z,1.35834,1.35844,1.35807,1.35817,25
2025-08-13T02:00:00.000Z,1.35817,1.35827,1.35791,1.35801,25
2025-08-13T03:00:00.000Z,1.35801,1.35811,1.35781,1.35791,25
2025-08-13T04:00:00.000Z,1.35791,1.35829,1.35776,1.35814,30
2025-08-13T05:00:00.000Z,1.35814,1.35842,1.35799,1.35827,30
2025-08-13T06:00:00.000Z,1.35827,1.35855,1.35812,1.3584,30
2025-08-13T07:00:00.000Z,1.3584,1.35859,1.35825,1.35844,30
2025-08-13T08:00:00.000Z,1.35844,1.35875,1.35728,1.35759,70
2025-08-13T09:00:00.000Z,1.35759,1.3579,1.35662,1.35693,70
2025-08-13T10:00:00.000Z,1.35693,1.35724,1.35597,1.35628,70
2025-08-13T11:00:00.000Z,1.35628,1.35659,1.35551,1.35582,70
2025-08-13T12:00:00.000Z,1.35582,1.35608,1.35483,1.35509,80
2025-08-13T13:00:00.000Z,1.35509,1.35535,1.35426,1.35452,80
2025-08-13T14:00:00.000Z,1.35452,1.35478,1.35369,1.35395,80
2025-08-13T15:00:00.000Z,1.35395,1.35421,1.35328,1.35354,80
2025-08-13T16:00:00.000Z,1.35354,1.35387,1.35344,1.35377,30
2025-08-13T17:00:00.000Z,1.35377,1.35403,1.35367,1.35393,30
2025-08-13T18:00:00.000Z,1.35393,1.35419,1.35383,1.35409,30
2025-08-13T19:00:00.000Z,1.35409,1.35429,1.35399,1.35419,30
2025-08-13T20:00:00.000Z,1.35419,1.35592,1.35379,1.35552,15
2025-08-13T21:00:00.000Z,1.35552,1.35701,1.35512,1.35661,15
2025-08-13T22:00:00.000Z,1.35661,1.35809,1.35621,1.35769,15
2025-08-13T23:00:00.000Z,1.35769,1.35893,1.35729,1.35853,15
2025-08-14T00:00:00.000Z,1.35302,1.35326,1.35294,1.35318,25
2025-08-14T01:00:00.000Z,1.35318,1.35338,1.3531,1.3533,25
2025-08-14T02:00:00.000Z,1.3533,1.3535,1.35322,1.35342,25
2025-08-14T03:00:00.000Z,1.35342,1.35357,1.35334,1.35349,25
2025-08-14T04:00:00.000Z,1.35349,1.35356,1.35328,1.35335,30
2025-08-14T05:00:00.000Z,1.35335,1.35342,1.35319,1.35326,30
2025-08-14T06:00:00.000Z,1.35326,1.35333,1.35309,1.35316,30
2025-08-14T07:00:00.000Z,1.35316,1.35323,1.35304,1.35311,30
2025-08-14T08:00:00.000Z,1.35311,1.35395,1.35288,1.35372,70
2025-08-14T09:00:00.000Z,1.35372,1.35443,1.35349,1.3542,70
2025-08-14T10:00:00.000Z,1.3542,1.3549,1.35397,1.35467,70
2025-08-14T11:00:00.000Z,1.35467,1.35523,1.35444,1.355,70
2025-08-14T12:00:00.000Z,1.355,1.35577,1.35478,1.35555,80
2025-08-14T13:00:00.000Z,1.35555,1.35618,1.35533,1.35596,80
2025-08-14T14:00:00.000Z,1.35596,1.3566,1.35574,1.35638,80
2025-08-14T15:00:00.000Z,1.35638,1.35687,1.35616,1.35665,80
2025-08-14T16:00:00.000Z,1.35665,1.35673,1.3564,1.35648,30
2025-08-14T17:00:00.000Z,1.35648,1.35656,1.35629,1.35637,30
2025-08-14T18:00:00.000Z,1.35637,1.35645,1.35617,1.35625,30
2025-08-14T19:00:00.000Z,1.35625,1.35633,1.3561,1.35618,30
2025-08-14T20:00:00.000Z,1.35618,1.35647,1.35493,1.35522,15
2025-08-14T21:00:00.000Z,1.35522,1.35551,1.35416,1.35445,15
2025-08-14T22:00:00.000Z,1.35445,1.35474,1.35338,1.35367,15
2025-08-14T23:00:00.000Z,1.35367,1.35396,1.35278,1.35307,15
2025-08-17T00:00:00.000Z,1.35577,1.35585,1.3555,1.35558,25
2025-08-17T01:00:00.000Z,1.35558,1.35566,1.35537,1.35545,25
2025-08-17T02:00:00.000Z,1.35545,1.35553,1.35524,1.35532,25
2025-08-17T03:00:00.000Z,1.35532,1.3554,1.35516,1.35524,25
2025-08-17T04:00:00.000Z,1.35524,1.35556,1.35511,1.35543,30
2025-08-17T05:00:00.000Z,1.35543,1.35566,1.3553,1.35553,30
2025-08-17T06:00:00.000Z,1.35553,1.35577,1.3554,1.35564,30
2025-08-17T07:00:00.000Z,1.35564,1.35579,1.35551,1.35566,30
2025-08-17T08:00:00.000Z,1.35566,1.35591,1.35472,1.35497,70
2025-08-17T09:00:00.000Z,1.35497,1.35522,1.35419,1.35444,70
2025-08-17T10:00:00.000Z,1.35444,1.35469,1.35366,1.35391,70
2025-08-17T11:00:00.000Z,1.35391,1.35416,1.35329,1.35354,70
2025-08-17T12:00:00.000Z,1.35354,1.35374,1.35275,1.35295,80
2025-08-17T13:00:00.000Z,1.35295,1.35315,1.35228,1.35248,80
2025-08-17T14:00:00.000Z,1.35248,1.35268,1.35182,1.35202,80
2025-08-17T15:00:00.000Z,1.35202,1.35222,1.35148,1.35168,80
2025-08-17T16:00:00.000Z,1.35168,1.35195,1.3516,1.35187,30
2025-08-17T17:00:00.000Z,1.35187,1.35208,1.35179,1.352,30
2025-08-17T18:00:00.000Z,1.352,1.35221,1.35192,1.35213,30
2025-08-17T19:00:00.000Z,1.35213,1.35229,1.35205,1.35221,30
2025-08-17T20:00:00.000Z,1.35221,1.35358,1.35189,1.35326,15
2025-08-17T21:00:00.000Z,1.35326,1.35444,1.35294,1.35412,15
2025-08-17T22:00:00.000Z,1.35412,1.3553,1.3538,1.35498,15
2025-08-17T23:00:00.000Z,1.35498,1.35596,1.35466,1.35564,15
2025-08-18T00:00:00.000Z,1.3508,1.35102,1.35073,1.35095,25
2025-08-18T01:00:00.000Z,1.35095,1.35113,1.35088,1.35106,25
2025-08-18T02:00:00.000Z,1.35106,1.35124,1.35099,1.35117,25
2025-08-18T03:00:00.000Z,1.35117,1.3513,1.3511,1.35123,25
2025-08-18T04:00:00.000Z,1.35123,1.35144,1.3508,1.35101,30
2025-08-18T05:00:00.000Z,1.35101,1.35122,1.35072,1.35093,30
2025-08-18T06:00:00.000Z,1.35093,1.35114,1.35063,1.35084,30
2025-08-18T07:00:00.000Z,1.35084,1.3511,1.35063,1.35089,30
2025-08-18T08:00:00.000Z,1.35089,1.35166,1.35068,1.35145,70
2025-08-18T09:00:00.000Z,1.35145,1.35209,1.35124,1.35188,70
2025-08-18T10:00:00.000Z,1.35188,1.35252,1.35167,1.35231,70
2025-08-18T11:00:00.000Z,1.35231,1.35282,1.3521,1.35261,70
2025-08-18T12:00:00.000Z,1.35261,1.35321,1.35247,1.35307,80
2025-08-18T13:00:00.000Z,1.35307,1.35359,1.35293,1.35345,80
2025-08-18T14:00:00.000Z,1.35345,1.35396,1.35331,1.35382,80
2025-08-18T15:00:00.000Z,1.35382,1.35425,1.35368,1.35411,80
2025-08-18T16:00:00.000Z,1.35411,1.35418,1.35389,1.35396,30
2025-08-18T17:00:00.000Z,1.35396,1.35403,1.35378,1.35385,30
2025-08-18T18:00:00.000Z,1.35385,1.35392,1.35367,1.35374,30
2025-08-18T19:00:00.000Z,1.35374,1.35381,1.35361,1.35368,30
2025-08-18T20:00:00.000Z,1.35368,1.35394,1.35254,1.3528,15
2025-08-18T21:00:00.000Z,1.3528,1.35306,1.35183,1.35209,15
2025-08-18T22:00:00.000Z,1.35209,1.35235,1.35111,1.35137,15
2025-08-18T23:00:00.000Z,1.35137,1.35163,1.35056,1.35082,15
2025-08-19T00:00:00.000Z,1.34856,1.34887,1.34846,1.34877,25
2025-08-19T01:00:00.000Z,1.34877,1.34902,1.34867,1.34892,25
2025-08-19T02:00:00.000Z,1.34892,1.34917,1.34882,1.34907,25
2025-08-19T03:00:00.000Z,1.34907,1.34926,1.34897,1.34916,25
2025-08-19T04:00:00.000Z,1.34916,1.34952,1.34845,1.34881,30
2025-08-19T05:00:00.000Z,1.34881,1.34917,1.34833,1.34869,30
2025-08-19T06:00:00.000Z,1.34869,1.34905,1.34821,1.34857,30
2025-08-19T07:00:00.000Z,1.34857,1.34904,1.34821,1.34868,30
2025-08-19T08:00:00.000Z,1.34868,1.34975,1.34839,1.34946,70
2025-08-19T09:00:00.000Z,1.34946,1.35035,1.34917,1.35006,70
2025-08-19T10:00:00.000Z,1.35006,1.35095,1.34977,1.35066,70
2025-08-19T11:00:00.000Z,1.35066,1.35137,1.35037,1.35108,70
2025-08-19T12:00:00.000Z,1.35108,1.35192,1.35089,1.35173,80
2025-08-19T13:00:00.000Z,1.35173,1.35244,1.35154,1.35225,80
2025-08-19T14:00:00.000Z,1.35225,1.35296,1.35206,1.35277,80
2025-08-19T15:00:00.000Z,1.35277,1.35337,1.35258,1.35318,80
2025-08-19T16:00:00.000Z,1.35318,1.35328,1.35287,1.35297,30
2025-08-19T17:00:00.000Z,1.35297,1.35307,1.35272,1.35282,30
2025-08-19T18:00:00.000Z,1.35282,1.35292,1.35257,1.35267,30
2025-08-19T19:00:00.000Z,1.35267,1.35277,1.35248,1.35258,30
2025-08-19T20:00:00.000Z,1.35258,1.35294,1.35102,1.35138,15
2025-08-19T21:00:00.000Z,1.35138,1.35174,1.35005,1.35041,15
2025-08-19T22:00:00.000Z,1.35041,1.35077,1.34907,1.34943,15
2025-08-19T23:00:00.000Z,1.34943,1.34979,1.34832,1.34868,15
2025-08-20T00:00:00.000Z,1.34662,1.34699,1.3465,1.34687,25
2025-08-20T01:00:00.000Z,1.34687,1.34718,1.34675,1.34706,25
2025-08-20T02:00:00.000Z,1.34706,1.34736,1.34694,1.34724,25
2025-08-20T03:00:00.000Z,1.34724,1.34747,1.34712,1.34735,25
2025-08-20T04:00:00.000Z,1.34735,1.34789,1.34633,1.34687,30
2025-08-20T05:00:00.000Z,1.34687,1.34741,1.34619,1.34673,30
2025-08-20T06:00:00.000Z,1.34673,1.34727,1.34604,1.34658,30
2025-08-20T07:00:00.000Z,1.34658,1.34731,1.34604,1.34677,30
2025-08-20T08:00:00.000Z,1.34677,1.34807,1.34642,1.34772,70
2025-08-20T09:00:00.000Z,1.34772,1.34879,1.34737,1.34844,70
2025-08-20T10:00:00.000Z,1.34844,1.34952,1.34809,1.34917,70
2025-08-20T11:00:00.000Z,1.34917,1.35003,1.34882,1.34968,70
2025-08-20T12:00:00.000Z,1.34968,1.35069,1.34945,1.35046,80
2025-08-20T13:00:00.000Z,1.35046,1.35133,1.35023,1.3511,80
2025-08-20T14:00:00.000Z,1.3511,1.35197,1.35087,1.35174,80
2025-08-20T15:00:00.000Z,1.35174,1.35246,1.35151,1.35223,80
2025-08-20T16:00:00.000Z,1.35223,1.35235,1.35185,1.35197,30
2025-08-20T17:00:00.000Z,1.35197,1.35209,1.35167,1.35179,30
2025-08-20T18:00:00.000Z,1.35179,1.35191,1.35149,1.35161,30
2025-08-20T19:00:00.000Z,1.35161,1.35173,1.35138,1.3515,30
2025-08-20T20:00:00.000Z,1.3515,1.35195,1.34955,1.35,15
2025-08-20T21:00:00.000Z,1.35,1.35045,1.34834,1.34879,15
2025-08-20T22:00:00.000Z,1.34879,1.34924,1.34712,1.34757,15
2025-08-20T23:00:00.000Z,1.34757,1.34802,1.34619,1.34664,15
2025-08-21T00:00:00.000Z,1.34169,1.34246,1.34145,1.34222,25
2025-08-21T01:00:00.000Z,1.34222,1.34284,1.34198,1.3426,25
2025-08-21T02:00:00.000Z,1.3426,1.34322,1.34236,1.34298,25
2025-08-21T03:00:00.000Z,1.34298,1.34345,1.34274,1.34321,25
2025-08-21T04:00:00.000Z,1.34321,1.3436,1.34227,1.34266,30
2025-08-21T05:00:00.000Z,1.34266,1.34305,1.34197,1.34236,30
2025-08-21T06:00:00.000Z,1.34236,1.34275,1.34166,1.34205,30
2025-08-21T07:00:00.000Z,1.34205,1.34244,1.3416,1.34199,30
2025-08-21T08:00:00.000Z,1.34199,1.3447,1.34126,1.34397,70
2025-08-21T09:00:00.000Z,1.34397,1.34622,1.34324,1.34549,70
2025-08-21T10:00:00.000Z,1.34549,1.34774,1.34476,1.34701,70
2025-08-21T11:00:00.000Z,1.34701,1.34881,1.34628,1.34808,70
2025-08-21T12:00:00.000Z,1.34808,1.35032,1.34752,1.34976,80
2025-08-21T13:00:00.000Z,1.34976,1.35165,1.3492,1.35109,80
2025-08-21T14:00:00.000Z,1.35109,1.35298,1.35053,1.35242,80
2025-08-21T15:00:00.000Z,1.35242,1.35396,1.35186,1.3534,80
2025-08-21T16:00:00.000Z,1.3534,1.35364,1.35263,1.35287,30
2025-08-21T17:00:00.000Z,1.35287,1.35311,1.35225,1.35249,30
2025-08-21T18:00:00.000Z,1.35249,1.35273,1.35187,1.35211,30
2025-08-21T19:00:00.000Z,1.35211,1.35235,1.35164,1.35188,30
2025-08-21T20:00:00.000Z,1.35188,1.3528,1.3479,1.34882,15
2025-08-21T21:00:00.000Z,1.34882,1.34974,1.34542,1.34634,15
2025-08-21T22:00:00.000Z,1.34634,1.34726,1.34293,1.34385,15
2025-08-21T23:00:00.000Z,1.34385,1.34477,1.34102,1.34194,15
2025-08-24T00:00:00.000Z,1.35098,1.3512,1.35091,1.35113,25
2025-08-24T01:00:00.000Z,1.35113,1.35131,1.35106,1.35124,25
2025-08-24T02:00:00.000Z,1.35124,1.35142,1.35117,1.35135,25
2025-08-24T03:00:00.000Z,1.35135,1.35149,1.35128,1.35142,25
2025-08-24T04:00:00.000Z,1.35142,1.35168,1.35091,1.35117,30
2025-08-24T05:00:00.000Z,1.35117,1.35143,1.35083,1.35109,30
2025-08-24T06:00:00.000Z,1.35109,1.35135,1.35074,1.351,30
2025-08-24T07:00:00.000Z,1.351,1.35133,1.35074,1.35107,30
2025-08-24T08:00:00.000Z,1.35107,1.35185,1.35086,1.35164,70
2025-08-24T09:00:00.000Z,1.35164,1.35229,1.35143,1.35208,70
2025-08-24T10:00:00.000Z,1.35208,1.35272,1.35187,1.35251,70
2025-08-24T11:00:00.000Z,1.35251,1.35303,1.3523,1.35282,70
2025-08-24T12:00:00.000Z,1.35282,1.35343,1.35268,1.35329,80
2025-08-24T13:00:00.000Z,1.35329,1.35381,1.35315,1.35367,80
2025-08-24T14:00:00.000Z,1.35367,1.3542,1.35353,1.35406,80
2025-08-24T15:00:00.000Z,1.35406,1.35449,1.35392,1.35435,80
2025-08-24T16:00:00.000Z,1.35435,1.35442,1.35413,1.3542,30
2025-08-24T17:00:00.000Z,1.3542,1.35427,1.35402,1.35409,30
2025-08-24T18:00:00.000Z,1.35409,1.35416,1.35391,1.35398,30
2025-08-24T19:00:00.000Z,1.35398,1.35405,1.35384,1.35391,30
2025-08-24T20:00:00.000Z,1.35391,1.35417,1.35279,1.35305,15
2025-08-24T21:00:00.000Z,1.35305,1.35331,1.35209,1.35235,15
2025-08-24T22:00:00.000Z,1.35235,1.35261,1.35139,1.35165,15
2025-08-24T23:00:00.000Z,1.35165,1.35191,1.35085,1.35111,15
2025-08-25T00:00:00.000Z,1.34542,1.34551,1.34513,1.34522,25
2025-08-25T01:00:00.000Z,1.34522,1.34531,1.34499,1.34508,25
2025-08-25T02:00:00.000Z,1.34508,1.34517,1.34484,1.34493,25
2025-08-25T03:00:00.000Z,1.34493,1.34502,1.34476,1.34485,25
2025-08-25T04:00:00.000Z,1.34485,1.34558,1.34447,1.3452,30
2025-08-25T05:00:00.000Z,1.3452,1.3457,1.34482,1.34532,30
2025-08-25T06:00:00.000Z,1.34532,1.34581,1.34494,1.34543,30
2025-08-25T07:00:00.000Z,1.34543,1.34581,1.34493,1.34531,30
2025-08-25T08:00:00.000Z,1.34531,1.34559,1.34428,1.34456,70
2025-08-25T09:00:00.000Z,1.34456,1.34484,1.3437,1.34398,70
2025-08-25T10:00:00.000Z,1.34398,1.34426,1.34312,1.3434,70
2025-08-25T11:00:00.000Z,1.3434,1.34368,1.34272,1.343,70
2025-08-25T12:00:00.000Z,1.343,1.34318,1.3422,1.34238,80
2025-08-25T13:00:00.000Z,1.34238,1.34256,1.3417,1.34188,80
2025-08-25T14:00:00.000Z,1.34188,1.34206,1.3412,1.34138,80
2025-08-25T15:00:00.000Z,1.34138,1.34156,1.34081,1.34099,80
2025-08-25T16:00:00.000Z,1.34099,1.34128,1.3409,1.34119,30
2025-08-25T17:00:00.000Z,1.34119,1.34142,1.3411,1.34133,30
2025-08-25T18:00:00.000Z,1.34133,1.34156,1.34124,1.34147,30
2025-08-25T19:00:00.000Z,1.34147,1.34165,1.34138,1.34156,30
2025-08-25T20:00:00.000Z,1.34156,1.34308,1.34121,1.34273,15
2025-08-25T21:00:00.000Z,1.34273,1.34402,1.34238,1.34367,15
2025-08-25T22:00:00.000Z,1.34367,1.34497,1.34332,1.34462,15
2025-08-25T23:00:00.000Z,1.34462,1.3457,1.34427,1.34535,15
2025-08-26T00:00:00.000Z,1.34779,1.3481,1.34769,1.348,25
2025-08-26T01:00:00.000Z,1.348,1.34825,1.3479,1.34815,25
2025-08-26T02:00:00.000Z,1.34815,1.3484,1.34805,1.3483,25
2025-08-26T03:00:00.000Z,1.3483,1.34849,1.3482,1.34839,25
2025-08-26T04:00:00.000Z,1.34839,1.34894,1.34738,1.34793,30
2025-08-26T05:00:00.000Z,1.34793,1.34848,1.34726,1.34781,30
2025-08-26T06:00:00.000Z,1.34781,1.34836,1.34714,1.34769,30
2025-08-26T07:00:00.000Z,1.34769,1.34846,1.34714,1.34791,30
2025-08-26T08:00:00.000Z,1.34791,1.34898,1.34762,1.34869,70
2025-08-26T09:00:00.000Z,1.34869,1.34959,1.3484,1.3493,70
2025-08-26T10:00:00.000Z,1.3493,1.35019,1.34901,1.3499,70
2025-08-26T11:00:00.000Z,1.3499,1.35061,1.34961,1.35032,70
2025-08-26T12:00:00.000Z,1.35032,1.35116,1.35013,1.35097,80
2025-08-26T13:00:00.000Z,1.35097,1.35169,1.35078,1.3515,80
2025-08-26T14:00:00.000Z,1.3515,1.35221,1.35131,1.35202,80
2025-08-26T15:00:00.000Z,1.35202,1.35262,1.35183,1.35243,80
2025-08-26T16:00:00.000Z,1.35243,1.35253,1.35212,1.35222,30
2025-08-26T17:00:00.000Z,1.35222,1.35232,1.35197,1.35207,30
2025-08-26T18:00:00.000Z,1.35207,1.35217,1.35182,1.35192,30
2025-08-26T19:00:00.000Z,1.35192,1.35202,1.35173,1.35183,30
2025-08-26T20:00:00.000Z,1.35183,1.35219,1.35025,1.35061,15
2025-08-26T21:00:00.000Z,1.35061,1.35097,1.34926,1.34962,15
2025-08-26T22:00:00.000Z,1.34962,1.34998,1.34827,1.34863,15
2025-08-26T23:00:00.000Z,1.34863,1.34899,1.34751,1.34787,15
2025-08-27T00:00:00.000Z,1.35048,1.35055,1.35026,1.35033,25
2025-08-27T01:00:00.000Z,1.35033,1.3504,1.35015,1.35022,25
2025-08-27T02:00:00.000Z,1.35022,1.35029,1.35004,1.35011,25
2025-08-27T03:00:00.000Z,1.35011,1.35018,1.34998,1.35005,25
2025-08-27T04:00:00.000Z,1.35005,1.35052,1.34981,1.35028,30
2025-08-27T05:00:00.000Z,1.35028,1.35061,1.35004,1.35037,30
2025-08-27T06:00:00.000Z,1.35037,1.35069,1.35013,1.35045,30
2025-08-27T07:00:00.000Z,1.35045,1.35069,1.35015,1.35039,30
2025-08-27T08:00:00.000Z,1.35039,1.3506,1.34962,1.34983,70
2025-08-27T09:00:00.000Z,1.34983,1.35004,1.34919,1.3494,70
2025-08-27T10:00:00.000Z,1.3494,1.34961,1.34876,1.34897,70
2025-08-27T11:00:00.000Z,1.34897,1.34918,1.34846,1.34867,70
2025-08-27T12:00:00.000Z,1.34867,1.34881,1.34807,1.34821,80
2025-08-27T13:00:00.000Z,1.34821,1.34835,1.34769,1.34783,80
2025-08-27T14:00:00.000Z,1.34783,1.34797,1.34732,1.34746,80
2025-08-27T15:00:00.000Z,1.34746,1.3476,1.34703,1.34717,80
2025-08-27T16:00:00.000Z,1.34717,1.34739,1.3471,1.34732,30
2025-08-27T17:00:00.000Z,1.34732,1.3475,1.34725,1.34743,30
2025-08-27T18:00:00.000Z,1.34743,1.34761,1.34736,1.34754,30
2025-08-27T19:00:00.000Z,1.34754,1.34767,1.34747,1.3476,30
2025-08-27T20:00:00.000Z,1.3476,1.34872,1.34734,1.34846,15
2025-08-27T21:00:00.000Z,1.34846,1.34941,1.3482,1.34915,15
2025-08-27T22:00:00.000Z,1.34915,1.35011,1.34889,1.34985,15
2025-08-27T23:00:00.000Z,1.34985,1.35064,1.34959,1.35038,15
2025-08-28T00:00:00.000Z,1.35099,1.35132,1.35089,1.35122,25
2025-08-28T01:00:00.000Z,1.35122,1.35148,1.35112,1.35138,25
2025-08-28T02:00:00.000Z,1.35138,1.35164,1.35128,1.35154,25
2025-08-28T03:00:00.000Z,1.35154,1.35174,1.35144,1.35164,25
2025-08-28T04:00:00.000Z,1.35164,1.35221,1.35058,1.35115,30
2025-08-28T05:00:00.000Z,1.35115,1.35172,1.35045,1.35102,30
2025-08-28T06:00:00.000Z,1.35102,1.35159,1.35032,1.35089,30
2025-08-28T07:00:00.000Z,1.35089,1.35169,1.35032,1.35112,30
2025-08-28T08:00:00.000Z,1.35112,1.35228,1.35081,1.35197,70
2025-08-28T09:00:00.000Z,1.35197,1.35293,1.35166,1.35262,70
2025-08-28T10:00:00.000Z,1.35262,1.35358,1.35231,1.35327,70
2025-08-28T11:00:00.000Z,1.35327,1.35404,1.35296,1.35373,70
2025-08-28T12:00:00.000Z,1.35373,1.35464,1.35352,1.35443,80
2025-08-28T13:00:00.000Z,1.35443,1.35522,1.35422,1.35501,80
2025-08-28T14:00:00.000Z,1.35501,1.35579,1.3548,1.35558,80
2025-08-28T15:00:00.000Z,1.35558,1.35623,1.35537,1.35602,80
2025-08-28T16:00:00.000Z,1.35602,1.35612,1.35569,1.35579,30
2025-08-28T17:00:00.000Z,1.35579,1.35589,1.35553,1.35563,30
2025-08-28T18:00:00.000Z,1.35563,1.35573,1.35537,1.35547,30
2025-08-28T19:00:00.000Z,1.35547,1.35557,1.35527,1.35537,30
2025-08-28T20:00:00.000Z,1.35537,1.35576,1.35367,1.35406,15
2025-08-28T21:00:00.000Z,1.35406,1.35445,1.3526,1.35299,15
2025-08-28T22:00:00.000Z,1.35299,1.35338,1.35154,1.35193,15
2025-08-28T23:00:00.000Z,1.35193,1.35232,1.35072,1.35111,15
2025-08-31T00:00:00.000Z,1.35042,1.35049,1.35019,1.35026,25
2025-08-31T01:00:00.000Z,1.35026,1.35033,1.35007,1.35014,25
2025-08-31T02:00:00.000Z,1.35014,1.35021,1.34996,1.35003,25
2025-08-31T03:00:00.000Z,1.35003,1.3501,1.34989,1.34996,25
2025-08-31T04:00:00.000Z,1.34996,1.35073,1.34954,1.35031,30
2025-08-31T05:00:00.000Z,1.35031,1.35083,1.34989,1.35041,30
2025-08-31T06:00:00.000Z,1.35041,1.35092,1.34999,1.3505,30
2025-08-31T07:00:00.000Z,1.3505,1.35092,1.34991,1.35033,30
2025-08-31T08:00:00.000Z,1.35033,1.35055,1.34951,1.34973,70
2025-08-31T09:00:00.000Z,1.34973,1.34995,1.34905,1.34927,70
2025-08-31T10:00:00.000Z,1.34927,1.34949,1.34859,1.34881,70
2025-08-31T11:00:00.000Z,1.34881,1.34903,1.34827,1.34849,70
2025-08-31T12:00:00.000Z,1.34849,1.34864,1.34785,1.348,80
2025-08-31T13:00:00.000Z,1.348,1.34815,1.34744,1.34759,80
2025-08-31T14:00:00.000Z,1.34759,1.34774,1.34704,1.34719,80
2025-08-31T15:00:00.000Z,1.34719,1.34734,1.34673,1.34688,80
2025-08-31T16:00:00.000Z,1.34688,1.34711,1.34681,1.34704,30
2025-08-31T17:00:00.000Z,1.34704,1.34723,1.34697,1.34716,30
2025-08-31T18:00:00.000Z,1.34716,1.34734,1.34709,1.34727,30
2025-08-31T19:00:00.000Z,1.34727,1.34741,1.3472,1.34734,30
2025-08-31T20:00:00.000Z,1.34734,1.34856,1.34706,1.34828,15
2025-08-31T21:00:00.000Z,1.34828,1.34931,1.348,1.34903,15
2025-08-31T22:00:00.000Z,1.34903,1.35007,1.34875,1.34979,15
2025-08-31T23:00:00.000Z,1.34979,1.35066,1.34951,1.35038,15
2025-09-01T00:00:00.000Z,1.3547,1.35575,1.35437,1.35542,25
2025-09-01T01:00:00.000Z,1.35542,1.35627,1.35509,1.35594,25
2025-09-01T02:00:00.000Z,1.35594,1.35679,1.35561,1.35646,25
2025-09-01T03:00:00.000Z,1.35646,1.3571,1.35613,1.35677,25
2025-09-01T04:00:00.000Z,1.35677,1.35866,1.35329,1.35518,30
2025-09-01T05:00:00.000Z,1.35518,1.35707,1.35287,1.35476,30
2025-09-01T06:00:00.000Z,1.35476,1.35665,1.35246,1.35435,30
2025-09-01T07:00:00.000Z,1.35435,1.35701,1.35246,1.35512,30
2025-09-01T08:00:00.000Z,1.35512,1.3588,1.35413,1.35781,70
2025-09-01T09:00:00.000Z,1.35781,1.36087,1.35682,1.35988,70
2025-09-01T10:00:00.000Z,1.35988,1.36294,1.35889,1.36195,70
2025-09-01T11:00:00.000Z,1.36195,1.36439,1.36096,1.3634,70
2025-09-01T12:00:00.000Z,1.3634,1.36629,1.36274,1.36563,80
2025-09-01T13:00:00.000Z,1.36563,1.3681,1.36497,1.36744,80
2025-09-01T14:00:00.000Z,1.36744,1.36991,1.36678,1.36925,80
2025-09-01T15:00:00.000Z,1.36925,1.37131,1.36859,1.37065,80
2025-09-01T16:00:00.000Z,1.37065,1.37098,1.3696,1.36993,30
2025-09-01T17:00:00.000Z,1.36993,1.37026,1.36908,1.36941,30
2025-09-01T18:00:00.000Z,1.36941,1.36974,1.36856,1.36889,30
2025-09-01T19:00:00.000Z,1.36889,1.36922,1.36825,1.36858,30
2025-09-01T20:00:00.000Z,1.36858,1.36985,1.36307,1.36434,15
2025-09-01T21:00:00.000Z,1.36434,1.36561,1.35962,1.36089,15
2025-09-01T22:00:00.000Z,1.36089,1.36216,1.35617,1.35744,15
2025-09-01T23:00:00.000Z,1.35744,1.35871,1.35352,1.35479,15
2025-09-02T00:00:00.000Z,1.33837,1.33856,1.33777,1.33796,25
2025-09-02T01:00:00.000Z,1.33796,1.33815,1.33748,1.33767,25
2025-09-02T02:00:00.000Z,1.33767,1.33786,1.33719,1.33738,25
2025-09-02T03:00:00.000Z,1.33738,1.33757,1.33701,1.3372,25
2025-09-02T04:00:00.000Z,1.3372,1.33857,1.3365,1.33787,30
2025-09-02T05:00:00.000Z,1.33787,1.3388,1.33717,1.3381,30
2025-09-02T06:00:00.000Z,1.3381,1.33903,1.3374,1.33833,30
2025-09-02T07:00:00.000Z,1.33833,1.33903,1.33743,1.33813,30
2025-09-02T08:00:00.000Z,1.33813,1.33869,1.33605,1.33661,70
2025-09-02T09:00:00.000Z,1.33661,1.33717,1.33488,1.33544,70
2025-09-02T10:00:00.000Z,1.33544,1.336,1.33371,1.33427,70
2025-09-02T11:00:00.000Z,1.33427,1.33483,1.33289,1.33345,70
2025-09-02T12:00:00.000Z,1.33345,1.33382,1.33182,1.33219,80
2025-09-02T13:00:00.000Z,1.33219,1.33256,1.3308,1.33117,80
2025-09-02T14:00:00.000Z,1.33117,1.33154,1.32978,1.33015,80
2025-09-02T15:00:00.000Z,1.33015,1.33052,1.32899,1.32936,80
2025-09-02T16:00:00.000Z,1.32936,1.32996,1.32917,1.32977,30
2025-09-02T17:00:00.000Z,1.32977,1.33025,1.32958,1.33006,30
2025-09-02T18:00:00.000Z,1.33006,1.33054,1.32987,1.33035,30
2025-09-02T19:00:00.000Z,1.33035,1.33072,1.33016,1.33053,30
2025-09-02T20:00:00.000Z,1.33053,1.33365,1.32981,1.33293,15
2025-09-02T21:00:00.000Z,1.33293,1.33561,1.33221,1.33489,15
2025-09-02T22:00:00.000Z,1.33489,1.33756,1.33417,1.33684,15
2025-09-02T23:00:00.000Z,1.33684,1.33907,1.33612,1.33835,15
2025-09-03T00:00:00.000Z,1.34421,1.34428,1.344,1.34407,25
2025-09-03T01:00:00.000Z,1.34407,1.34414,1.3439,1.34397,25
2025-09-03T02:00:00.000Z,1.34397,1.34404,1.3438,1.34387,25
2025-09-03T03:00:00.000Z,1.34387,1.34394,1.34374,1.34381,25
2025-09-03T04:00:00.000Z,1.34381,1.34418,1.34363,1.344,30
2025-09-03T05:00:00.000Z,1.344,1.34426,1.34382,1.34408,30
2025-09-03T06:00:00.000Z,1.34408,1.34434,1.3439,1.34416,30
2025-09-03T07:00:00.000Z,1.34416,1.34434,1.34395,1.34413,30
2025-09-03T08:00:00.000Z,1.34413,1.34433,1.3434,1.3436,70
2025-09-03T09:00:00.000Z,1.3436,1.3438,1.343,1.3432,70
2025-09-03T10:00:00.000Z,1.3432,1.3434,1.34259,1.34279,70
2025-09-03T11:00:00.000Z,1.34279,1.34299,1.34231,1.34251,70
2025-09-03T12:00:00.000Z,1.34251,1.34264,1.34194,1.34207,80
2025-09-03T13:00:00.000Z,1.34207,1.3422,1.34158,1.34171,80
2025-09-03T14:00:00.000Z,1.34171,1.34184,1.34123,1.34136,80
2025-09-03T15:00:00.000Z,1.34136,1.34149,1.34095,1.34108,80
2025-09-03T16:00:00.000Z,1.34108,1.34128,1.34102,1.34122,30
2025-09-03T17:00:00.000Z,1.34122,1.34139,1.34116,1.34133,30
2025-09-03T18:00:00.000Z,1.34133,1.34149,1.34127,1.34143,30
2025-09-03T19:00:00.000Z,1.34143,1.34155,1.34137,1.34149,30
2025-09-03T20:00:00.000Z,1.34149,1.34256,1.34124,1.34231,15
2025-09-03T21:00:00.000Z,1.34231,1.34323,1.34206,1.34298,15
2025-09-03T22:00:00.000Z,1.34298,1.3439,1.34273,1.34365,15
2025-09-03T23:00:00.000Z,1.34365,1.34441,1.3434,1.34416,15
2025-09-04T00:00:00.000Z,1.34445,1.34502,1.34427,1.34484,25
2025-09-04T01:00:00.000Z,1.34484,1.3453,1.34466,1.34512,25
2025-09-04T02:00:00.000Z,1.34512,1.34558,1.34494,1.3454,25
2025-09-04T03:00:00.000Z,1.3454,1.34575,1.34522,1.34557,25
2025-09-04T04:00:00.000Z,1.34557,1.34572,1.3451,1.34525,30
2025-09-04T05:00:00.000Z,1.34525,1.3454,1.34488,1.34503,30
2025-09-04T06:00:00.000Z,1.34503,1.34518,1.34465,1.3448,30
2025-09-04T07:00:00.000Z,1.3448,1.34495,1.34452,1.34467,30
2025-09-04T08:00:00.000Z,1.34467,1.34667,1.34413,1.34613,70
2025-09-04T09:00:00.000Z,1.34613,1.34779,1.34559,1.34725,70
2025-09-04T10:00:00.000Z,1.34725,1.34891,1.34671,1.34837,70
2025-09-04T11:00:00.000Z,1.34837,1.34969,1.34783,1.34915,70
2025-09-04T12:00:00.000Z,1.34915,1.35102,1.3486,1.35047,80
2025-09-04T13:00:00.000Z,1.35047,1.352,1.34992,1.35145,80
2025-09-04T14:00:00.000Z,1.35145,1.35298,1.3509,1.35243,80
2025-09-04T15:00:00.000Z,1.35243,1.35361,1.35188,1.35306,80
2025-09-04T16:00:00.000Z,1.35306,1.35324,1.35249,1.35267,30
2025-09-04T17:00:00.000Z,1.35267,1.35285,1.35221,1.35239,30
2025-09-04T18:00:00.000Z,1.35239,1.35257,1.35193,1.35211,30
2025-09-04T19:00:00.000Z,1.35211,1.35229,1.35176,1.35194,30
2025-09-04T20:00:00.000Z,1.35194,1.35263,1.34895,1.34964,15
2025-09-04T21:00:00.000Z,1.34964,1.35033,1.34707,1.34776,15
2025-09-04T22:00:00.000Z,1.34776,1.34845,1.3452,1.34589,15
2025-09-04T23:00:00.000Z,1.34589,1.34658,1.34376,1.34445,15
2025-09-07T00:00:00.000Z,1.34922,1.34958,1.34911,1.34947,25
2025-09-07T01:00:00.000Z,1.34947,1.34976,1.34936,1.34965,25
2025-09-07T02:00:00.000Z,1.34965,1.34993,1.34954,1.34982,25
2025-09-07T03:00:00.000Z,1.34982,1.35004,1.34971,1.34993,25
2025-09-07T04:00:00.000Z,1.34993,1.35007,1.34956,1.3497,30
2025-09-07T05:00:00.000Z,1.3497,1.34984,1.34942,1.34956,30
2025-09-07T06:00:00.000Z,1.34956,1.3497,1.34927,1.34941,30
2025-09-07T07:00:00.000Z,1.34941,1.34955,1.34922,1.34936,30
2025-09-07T08:00:00.000Z,1.34936,1.35063,1.34902,1.35029,70
2025-09-07T09:00:00.000Z,1.35029,1.35134,1.34995,1.351,70
2025-09-07T10:00:00.000Z,1.351,1.35206,1.35066,1.35172,70
2025-09-07T11:00:00.000Z,1.35172,1.35256,1.35138,1.35222,70
2025-09-07T12:00:00.000Z,1.35222,1.35333,1.35192,1.35303,80
2025-09-07T13:00:00.000Z,1.35303,1.35396,1.35273,1.35366,80
2025-09-07T14:00:00.000Z,1.35366,1.35458,1.35336,1.35428,80
2025-09-07T15:00:00.000Z,1.35428,1.35502,1.35398,1.35472,80
2025-09-07T16:00:00.000Z,1.35472,1.35483,1.35436,1.35447,30
2025-09-07T17:00:00.000Z,1.35447,1.35458,1.35418,1.35429,30
2025-09-07T18:00:00.000Z,1.35429,1.3544,1.35401,1.35412,30
2025-09-07T19:00:00.000Z,1.35412,1.35423,1.3539,1.35401,30
2025-09-07T20:00:00.000Z,1.35401,1.35444,1.35213,1.35256,15
2025-09-07T21:00:00.000Z,1.35256,1.35299,1.35095,1.35138,15
2025-09-07T22:00:00.000Z,1.35138,1.35181,1.34977,1.3502,15
2025-09-07T23:00:00.000Z,1.3502,1.35063,1.34886,1.34929,15
2025-09-08T00:00:00.000Z,1.35527,1.35561,1.35516,1.3555,25
2025-09-08T01:00:00.000Z,1.3555,1.35578,1.35539,1.35567,25
2025-09-08T02:00:00.000Z,1.35567,1.35594,1.35556,1.35583,25
2025-09-08T03:00:00.000Z,1.35583,1.35604,1.35572,1.35593,25
2025-09-08T04:00:00.000Z,1.35593,1.35623,1.35531,1.35561,30
2025-09-08T05:00:00.000Z,1.35561,1.35591,1.35518,1.35548,30
2025-09-08T06:00:00.000Z,1.35548,1.35578,1.35505,1.35535,30
2025-09-08T07:00:00.000Z,1.35535,1.3557,1.35505,1.3554,30
2025-09-08T08:00:00.000Z,1.3554,1.35658,1.35508,1.35626,70
2025-09-08T09:00:00.000Z,1.35626,1.35725,1.35594,1.35693,70
2025-09-08T10:00:00.000Z,1.35693,1.35791,1.35661,1.35759,70
2025-09-08T11:00:00.000Z,1.35759,1.35838,1.35727,1.35806,70
2025-09-08T12:00:00.000Z,1.35806,1.35898,1.35785,1.35877,80
2025-09-08T13:00:00.000Z,1.35877,1.35956,1.35856,1.35935,80
2025-09-08T14:00:00.000Z,1.35935,1.36014,1.35914,1.35993,80
2025-09-08T15:00:00.000Z,1.35993,1.36059,1.35972,1.36038,80
2025-09-08T16:00:00.000Z,1.36038,1.36049,1.36004,1.36015,30
2025-09-08T17:00:00.000Z,1.36015,1.36026,1.35987,1.35998,30
2025-09-08T18:00:00.000Z,1.35998,1.36009,1.35971,1.35982,30
2025-09-08T19:00:00.000Z,1.35982,1.35993,1.35961,1.35972,30
2025-09-08T20:00:00.000Z,1.35972,1.36013,1.35795,1.35836,15
2025-09-08T21:00:00.000Z,1.35836,1.35877,1.35685,1.35726,15
2025-09-08T22:00:00.000Z,1.35726,1.35767,1.35575,1.35616,15
2025-09-08T23:00:00.000Z,1.35616,1.35657,1.3549,1.35531,15
2025-09-09T00:00:00.000Z,1.35208,1.35231,1.35201,1.35224,25
2025-09-09T01:00:00.000Z,1.35224,1.35242,1.35217,1.35235,25
2025-09-09T02:00:00.000Z,1.35235,1.35253,1.35228,1.35246,25
2025-09-09T03:00:00.000Z,1.35246,1.3526,1.35239,1.35253,25
2025-09-09T04:00:00.000Z,1.35253,1.35262,1.35229,1.35238,30
2025-09-09T05:00:00.000Z,1.35238,1.35247,1.3522,1.35229,30
2025-09-09T06:00:00.000Z,1.35229,1.35238,1.35211,1.3522,30
2025-09-09T07:00:00.000Z,1.3522,1.35229,1.35208,1.35217,30
2025-09-09T08:00:00.000Z,1.35217,1.35298,1.35195,1.35276,70
2025-09-09T09:00:00.000Z,1.35276,1.35343,1.35254,1.35321,70
2025-09-09T10:00:00.000Z,1.35321,1.35388,1.35299,1.35366,70
2025-09-09T11:00:00.000Z,1.35366,1.3542,1.35344,1.35398,70
2025-09-09T12:00:00.000Z,1.35398,1.35469,1.35379,1.3545,80
2025-09-09T13:00:00.000Z,1.3545,1.35508,1.35431,1.35489,80
2025-09-09T14:00:00.000Z,1.35489,1.35548,1.3547,1.35529,80
2025-09-09T15:00:00.000Z,1.35529,1.35576,1.3551,1.35557,80
2025-09-09T16:00:00.000Z,1.35557,1.35564,1.35534,1.35541,30
2025-09-09T17:00:00.000Z,1.35541,1.35548,1.35523,1.3553,30
2025-09-09T18:00:00.000Z,1.3553,1.35537,1.35512,1.35519,30
2025-09-09T19:00:00.000Z,1.35519,1.35526,1.35505,1.35512,30
2025-09-09T20:00:00.000Z,1.35512,1.3554,1.35391,1.35419,15
2025-09-09T21:00:00.000Z,1.35419,1.35447,1.35316,1.35344,15
2025-09-09T22:00:00.000Z,1.35344,1.35372,1.35241,1.35269,15
2025-09-09T23:00:00.000Z,1.35269,1.35297,1.35183,1.35211,15
2025-09-10T00:00:00.000Z,1.35325,1.35367,1.35312,1.35354,25
2025-09-10T01:00:00.000Z,1.35354,1.35388,1.35341,1.35375,25
2025-09-10T02:00:00.000Z,1.35375,1.35409,1.35362,1.35396,25
2025-09-10T03:00:00.000Z,1.35396,1.35421,1.35383,1.35408,25
2025-09-10T04:00:00.000Z,1.35408,1.35448,1.35327,1.35367,30
2025-09-10T05:00:00.000Z,1.35367,1.35407,1.3531,1.3535,30
2025-09-10T06:00:00.000Z,1.3535,1.3539,1.35294,1.35334,30
2025-09-10T07:00:00.000Z,1.35334,1.35382,1.35294,1.35342,30
2025-09-10T08:00:00.000Z,1.35342,1.35489,1.35302,1.35449,70
2025-09-10T09:00:00.000Z,1.35449,1.35572,1.35409,1.35532,70
2025-09-10T10:00:00.000Z,1.35532,1.35654,1.35492,1.35614,70
2025-09-10T11:00:00.000Z,1.35614,1.35712,1.35574,1.35672,70
2025-09-10T12:00:00.000Z,1.35672,1.35787,1.35646,1.35761,80
2025-09-10T13:00:00.000Z,1.35761,1.3586,1.35735,1.35834,80
2025-09-10T14:00:00.000Z,1.35834,1.35932,1.35808,1.35906,80
2025-09-10T15:00:00.000Z,1.35906,1.35988,1.3588,1.35962,80
2025-09-10T16:00:00.000Z,1.35962,1.35975,1.3592,1.35933,30
2025-09-10T17:00:00.000Z,1.35933,1.35946,1.35899,1.35912,30
2025-09-10T18:00:00.000Z,1.35912,1.35925,1.35879,1.35892,30
2025-09-10T19:00:00.000Z,1.35892,1.35905,1.35866,1.35879,30
2025-09-10T20:00:00.000Z,1.35879,1.35928,1.35666,1.35715,15
2025-09-10T21:00:00.000Z,1.35715,1.35764,1.35533,1.35582,15
2025-09-10T22:00:00.000Z,1.35582,1.35631,1.354,1.35449,15
2025-09-10T23:00:00.000Z,1.35449,1.35498,1.35298,1.35347,15
2025-09-11T00:00:00.000Z,1.3574,1.35766,1.35732,1.35758,25
2025-09-11T01:00:00.000Z,1.35758,1.35779,1.3575,1.35771,25
2025-09-11T02:00:00.000Z,1.35771,1.35791,1.35763,1.35783,25
2025-09-11T03:00:00.000Z,1.35783,1.35799,1.35775,1.35791,25
2025-09-11T04:00:00.000Z,1.35791,1.35836,1.35708,1.35753,30
2025-09-11T05:00:00.000Z,1.35753,1.35798,1.35698,1.35743,30
2025-09-11T06:00:00.000Z,1.35743,1.35788,1.35688,1.35733,30
2025-09-11T07:00:00.000Z,1.35733,1.35796,1.35688,1.35751,30
2025-09-11T08:00:00.000Z,1.35751,1.35841,1.35727,1.35817,70
2025-09-11T09:00:00.000Z,1.35817,1.35892,1.35793,1.35868,70
2025-09-11T10:00:00.000Z,1.35868,1.35943,1.35844,1.35919,70
2025-09-11T11:00:00.000Z,1.35919,1.35978,1.35895,1.35954,70
2025-09-11T12:00:00.000Z,1.35954,1.36025,1.35938,1.36009,80
2025-09-11T13:00:00.000Z,1.36009,1.36069,1.35993,1.36053,80
2025-09-11T14:00:00.000Z,1.36053,1.36114,1.36037,1.36098,80
2025-09-11T15:00:00.000Z,1.36098,1.36148,1.36082,1.36132,80
2025-09-11T16:00:00.000Z,1.36132,1.3614,1.36106,1.36114,30
2025-09-11T17:00:00.000Z,1.36114,1.36122,1.36093,1.36101,30
2025-09-11T18:00:00.000Z,1.36101,1.36109,1.36081,1.36089,30
2025-09-11T19:00:00.000Z,1.36089,1.36097,1.36073,1.36081,30
2025-09-11T20:00:00.000Z,1.36081,1.3611,1.35955,1.35984,15
2025-09-11T21:00:00.000Z,1.35984,1.36013,1.35876,1.35905,15
2025-09-11T22:00:00.000Z,1.35905,1.35934,1.35797,1.35826,15
2025-09-11T23:00:00.000Z,1.35826,1.35855,1.35737,1.35766,15
2025-09-14T00:00:00.000Z,1.35553,1.35564,1.35517,1.35528,25
2025-09-14T01:00:00.000Z,1.35528,1.35539,1.35499,1.3551,25
2025-09-14T02:00:00.000Z,1.3551,1.35521,1.35482,1.35493,25
2025-09-14T03:00:00.000Z,1.35493,1.35504,1.35471,1.35482,25
2025-09-14T04:00:00.000Z,1.35482,1.35594,1.35422,1.35534,30
2025-09-14T05:00:00.000Z,1.35534,1.35608,1.35474,1.35548,30
2025-09-14T06:00:00.000Z,1.35548,1.35622,1.35488,1.35562,30
2025-09-14T07:00:00.000Z,1.35562,1.35622,1.35479,1.35539,30
2025-09-14T08:00:00.000Z,1.35539,1.35573,1.35413,1.35447,70
2025-09-14T09:00:00.000Z,1.35447,1.35481,1.35343,1.35377,70
2025-09-14T10:00:00.000Z,1.35377,1.35411,1.35272,1.35306,70
2025-09-14T11:00:00.000Z,1.35306,1.3534,1.35223,1.35257,70
2025-09-14T12:00:00.000Z,1.35257,1.3528,1.35158,1.35181,80
2025-09-14T13:00:00.000Z,1.35181,1.35204,1.35097,1.3512,80
2025-09-14T14:00:00.000Z,1.3512,1.35143,1.35035,1.35058,80
2025-09-14T15:00:00.000Z,1.35058,1.35081,1.34988,1.35011,80
2025-09-14T16:00:00.000Z,1.35011,1.35047,1.35,1.35036,30
2025-09-14T17:00:00.000Z,1.35036,1.35065,1.35025,1.35054,30
2025-09-14T18:00:00.000Z,1.35054,1.35082,1.35043,1.35071,30
2025-09-14T19:00:00.000Z,1.35071,1.35093,1.3506,1.35082,30
2025-09-14T20:00:00.000Z,1.35082,1.35263,1.3504,1.35221,15
2025-09-14T21:00:00.000Z,1.35221,1.35376,1.35179,1.35334,15
2025-09-14T22:00:00.000Z,1.35334,1.35489,1.35292,1.35447,15
2025-09-14T23:00:00.000Z,1.35447,1.35576,1.35405,1.35534,15
2025-09-15T00:00:00.000Z,1.36017,1.36054,1.36005,1.36042,25
2025-09-15T01:00:00.000Z,1.36042,1.36072,1.3603,1.3606,25
2025-09-15T02:00:00.000Z,1.3606,1.3609,1.36048,1.36078,25
2025-09-15T03:00:00.000Z,1.36078,1.36101,1.36066,1.36089,25
2025-09-15T04:00:00.000Z,1.36089,1.361,1.36057,1.36068,30
2025-09-15T05:00:00.000Z,1.36068,1.36079,1.36043,1.36054,30
2025-09-15T06:00:00.000Z,1.36054,1.36065,1.36028,1.36039,30
2025-09-15T07:00:00.000Z,1.36039,1.3605,1.36021,1.36032,30
2025-09-15T08:00:00.000Z,1.36032,1.36161,1.35997,1.36126,70
2025-09-15T09:00:00.000Z,1.36126,1.36233,1.36091,1.36198,70
2025-09-15T10:00:00.000Z,1.36198,1.36305,1.36163,1.3627,70
2025-09-15T11:00:00.000Z,1.3627,1.36355,1.36235,1.3632,70
2025-09-15T12:00:00.000Z,1.3632,1.36438,1.36286,1.36404,80
2025-09-15T13:00:00.000Z,1.36404,1.36501,1.3637,1.36467,80
2025-09-15T14:00:00.000Z,1.36467,1.36563,1.36433,1.36529,80
2025-09-15T15:00:00.000Z,1.36529,1.36605,1.36495,1.36571,80
2025-09-15T16:00:00.000Z,1.36571,1.36583,1.36534,1.36546,30
2025-09-15T17:00:00.000Z,1.36546,1.36558,1.36516,1.36528,30
2025-09-15T18:00:00.000Z,1.36528,1.3654,1.36498,1.3651,30
2025-09-15T19:00:00.000Z,1.3651,1.36522,1.36487,1.36499,30
2025-09-15T20:00:00.000Z,1.36499,1.36543,1.3631,1.36354,15
2025-09-15T21:00:00.000Z,1.36354,1.36398,1.36192,1.36236,15
2025-09-15T22:00:00.000Z,1.36236,1.3628,1.36074,1.36118,15
2025-09-15T23:00:00.000Z,1.36118,1.36162,1.35983,1.36027,15
2025-09-16T00:00:00.000Z,1.36547,1.36553,1.36528,1.36534,25
2025-09-16T01:00:00.000Z,1.36534,1.3654,1.36518,1.36524,25
2025-09-16T02:00:00.000Z,1.36524,1.3653,1.36509,1.36515,25
2025-09-16T03:00:00.000Z,1.36515,1.36521,1.36503,1.36509,25
2025-09-16T04:00:00.000Z,1.36509,1.36543,1.36493,1.36527,30
2025-09-16T05:00:00.000Z,1.36527,1.3655,1.36511,1.36534,30
2025-09-16T06:00:00.000Z,1.36534,1.36558,1.36518,1.36542,30
2025-09-16T07:00:00.000Z,1.36542,1.36558,1.36523,1.36539,30
2025-09-16T08:00:00.000Z,1.36539,1.36557,1.36472,1.3649,70
2025-09-16T09:00:00.000Z,1.3649,1.36508,1.36434,1.36452,70
2025-09-16T10:00:00.000Z,1.36452,1.3647,1.36396,1.36414,70
2025-09-16T11:00:00.000Z,1.36414,1.36432,1.3637,1.36388,70
2025-09-16T12:00:00.000Z,1.36388,1.364,1.36335,1.36347,80
2025-09-16T13:00:00.000Z,1.36347,1.36359,1.36302,1.36314,80
2025-09-16T14:00:00.000Z,1.36314,1.36326,1.36269,1.36281,80
2025-09-16T15:00:00.000Z,1.36281,1.36293,1.36243,1.36255,80
2025-09-16T16:00:00.000Z,1.36255,1.36274,1.36249,1.36268,30
2025-09-16T17:00:00.000Z,1.36268,1.36284,1.36262,1.36278,30
2025-09-16T18:00:00.000Z,1.36278,1.36293,1.36272,1.36287,30
2025-09-16T19:00:00.000Z,1.36287,1.36299,1.36281,1.36293,30
2025-09-16T20:00:00.000Z,1.36293,1.36392,1.3627,1.36369,15
2025-09-16T21:00:00.000Z,1.36369,1.36453,1.36346,1.3643,15
2025-09-16T22:00:00.000Z,1.3643,1.36515,1.36407,1.36492,15
2025-09-16T23:00:00.000Z,1.36492,1.36562,1.36469,1.36539,15
2025-09-17T00:00:00.000Z,1.3629,1.36351,1.36271,1.36332,25
2025-09-17T01:00:00.000Z,1.36332,1.36382,1.36313,1.36363,25
2025-09-17T02:00:00.000Z,1.36363,1.36412,1.36344,1.36393,25
2025-09-17T03:00:00.000Z,1.36393,1.3643,1.36374,1.36411,25
2025-09-17T04:00:00.000Z,1.36411,1.365,1.36242,1.36331,30
2025-09-17T05:00:00.000Z,1.36331,1.3642,1.36218,1.36307,30
2025-09-17T06:00:00.000Z,1.36307,1.36396,1.36194,1.36283,30
2025-09-17T07:00:00.000Z,1.36283,1.36403,1.36194,1.36314,30
2025-09-17T08:00:00.000Z,1.36314,1.36529,1.36256,1.36471,70
2025-09-17T09:00:00.000Z,1.36471,1.3665,1.36413,1.36592,70
2025-09-17T10:00:00.000Z,1.36592,1.36771,1.36534,1.36713,70
2025-09-17T11:00:00.000Z,1.36713,1.36856,1.36655,1.36798,70
2025-09-17T12:00:00.000Z,1.36798,1.36967,1.36759,1.36928,80
2025-09-17T13:00:00.000Z,1.36928,1.37073,1.36889,1.37034,80
2025-09-17T14:00:00.000Z,1.37034,1.37179,1.36995,1.3714,80
2025-09-17T15:00:00.000Z,1.3714,1.37261,1.37101,1.37222,80
2025-09-17T16:00:00.000Z,1.37222,1.37241,1.37161,1.3718,30
2025-09-17T17:00:00.000Z,1.3718,1.37199,1.3713,1.37149,30
2025-09-17T18:00:00.000Z,1.37149,1.37168,1.371,1.37119,30
2025-09-17T19:00:00.000Z,1.37119,1.37138,1.37082,1.37101,30
2025-09-17T20:00:00.000Z,1.37101,1.37175,1.3678,1.36854,15
2025-09-17T21:00:00.000Z,1.36854,1.36928,1.36579,1.36653,15
2025-09-17T22:00:00.000Z,1.36653,1.36727,1.36378,1.36452,15
2025-09-17T23:00:00.000Z,1.36452,1.36526,1.36223,1.36297,15
2025-09-18T00:00:00.000Z,1.35556,1.35604,1.35541,1.35589,25
2025-09-18T01:00:00.000Z,1.35589,1.35627,1.35574,1.35612,25
2025-09-18T02:00:00.000Z,1.35612,1.35651,1.35597,1.35636,25
2025-09-18T03:00:00.000Z,1.35636,1.35665,1.35621,1.3565,25
2025-09-18T04:00:00.000Z,1.3565,1.35733,1.35496,1.35579,30
2025-09-18T05:00:00.000Z,1.35579,1.35662,1.35478,1.35561,30
2025-09-18T06:00:00.000Z,1.35561,1.35644,1.35459,1.35542,30
2025-09-18T07:00:00.000Z,1.35542,1.35658,1.35459,1.35575,30
2025-09-18T08:00:00.000Z,1.35575,1.35742,1.3553,1.35697,70
2025-09-18T09:00:00.000Z,1.35697,1.35835,1.35652,1.3579,70
2025-09-18T10:00:00.000Z,1.3579,1.35929,1.35745,1.35884,70
2025-09-18T11:00:00.000Z,1.35884,1.35994,1.35839,1.35949,70
2025-09-18T12:00:00.000Z,1.35949,1.36079,1.35919,1.36049,80
2025-09-18T13:00:00.000Z,1.36049,1.36161,1.36019,1.36131,80
2025-09-18T14:00:00.000Z,1.36131,1.36243,1.36101,1.36213,80
2025-09-18T15:00:00.000Z,1.36213,1.36306,1.36183,1.36276,80
2025-09-18T16:00:00.000Z,1.36276,1.36291,1.36228,1.36243,30
2025-09-18T17:00:00.000Z,1.36243,1.36258,1.36205,1.3622,30
2025-09-18T18:00:00.000Z,1.3622,1.36235,1.36182,1.36197,30
2025-09-18T19:00:00.000Z,1.36197,1.36212,1.36168,1.36183,30
2025-09-18T20:00:00.000Z,1.36183,1.3624,1.35934,1.35991,15
2025-09-18T21:00:00.000Z,1.35991,1.36048,1.35779,1.35836,15
2025-09-18T22:00:00.000Z,1.35836,1.35893,1.35623,1.3568,15
2025-09-18T23:00:00.000Z,1.3568,1.35737,1.35503,1.3556,15
2025-09-21T00:00:00.000Z,1.34629,1.3466,1.34619,1.3465,25
2025-09-21T01:00:00.000Z,1.3465,1.34675,1.3464,1.34665,25
2025-09-21T02:00:00.000Z,1.34665,1.3469,1.34655,1.3468,25
2025-09-21T03:00:00.000Z,1.3468,1.34699,1.3467,1.34689,25
2025-09-21T04:00:00.000Z,1.34689,1.34704,1.34653,1.34668,30
2025-09-21T05:00:00.000Z,1.34668,1.34683,1.34641,1.34656,30
2025-09-21T06:00:00.000Z,1.34656,1.34671,1.34629,1.34644,30
2025-09-21T07:00:00.000Z,1.34644,1.34659,1.34626,1.34641,30
2025-09-21T08:00:00.000Z,1.34641,1.34748,1.34612,1.34719,70
2025-09-21T09:00:00.000Z,1.34719,1.34808,1.3469,1.34779,70
2025-09-21T10:00:00.000Z,1.34779,1.34868,1.3475,1.34839,70
2025-09-21T11:00:00.000Z,1.34839,1.3491,1.3481,1.34881,70
2025-09-21T12:00:00.000Z,1.34881,1.3497,1.34858,1.34947,80
2025-09-21T13:00:00.000Z,1.34947,1.35023,1.34924,1.35,80
2025-09-21T14:00:00.000Z,1.35,1.35075,1.34977,1.35052,80
2025-09-21T15:00:00.000Z,1.35052,1.35113,1.35029,1.3509,80
2025-09-21T16:00:00.000Z,1.3509,1.351,1.35059,1.35069,30
2025-09-21T17:00:00.000Z,1.35069,1.35079,1.35044,1.35054,30
2025-09-21T18:00:00.000Z,1.35054,1.35064,1.35029,1.35039,30
2025-09-21T19:00:00.000Z,1.35039,1.35049,1.3502,1.3503,30
2025-09-21T20:00:00.000Z,1.3503,1.35065,1.34877,1.34912,15
2025-09-21T21:00:00.000Z,1.34912,1.34947,1.34781,1.34816,15
2025-09-21T22:00:00.000Z,1.34816,1.34851,1.34686,1.34721,15
2025-09-21T23:00:00.000Z,1.34721,1.34756,1.34612,1.34647,15
2025-09-22T00:00:00.000Z,1.35139,1.35162,1.35132,1.35155,25
2025-09-22T01:00:00.000Z,1.35155,1.35173,1.35148,1.35166,25
2025-09-22T02:00:00.000Z,1.35166,1.35184,1.35159,1.35177,25
2025-09-22T03:00:00.000Z,1.35177,1.35191,1.3517,1.35184,25
2025-09-22T04:00:00.000Z,1.35184,1.35208,1.35136,1.3516,30
2025-09-22T05:00:00.000Z,1.3516,1.35184,1.35127,1.35151,30
2025-09-22T06:00:00.000Z,1.35151,1.35175,1.35118,1.35142,30
2025-09-22T07:00:00.000Z,1.35142,1.35172,1.35118,1.35148,30
2025-09-22T08:00:00.000Z,1.35148,1.35229,1.35126,1.35207,70
2025-09-22T09:00:00.000Z,1.35207,1.35274,1.35185,1.35252,70
2025-09-22T10:00:00.000Z,1.35252,1.35319,1.3523,1.35297,70
2025-09-22T11:00:00.000Z,1.35297,1.35351,1.35275,1.35329,70
2025-09-22T12:00:00.000Z,1.35329,1.35392,1.35315,1.35378,80
2025-09-22T13:00:00.000Z,1.35378,1.35431,1.35364,1.35417,80
2025-09-22T14:00:00.000Z,1.35417,1.35471,1.35403,1.35457,80
2025-09-22T15:00:00.000Z,1.35457,1.35501,1.35443,1.35487,80
2025-09-22T16:00:00.000Z,1.35487,1.35494,1.35464,1.35471,30
2025-09-22T17:00:00.000Z,1.35471,1.35478,1.35453,1.3546,30
2025-09-22T18:00:00.000Z,1.3546,1.35467,1.35442,1.35449,30
2025-09-22T19:00:00.000Z,1.35449,1.35456,1.35435,1.35442,30
2025-09-22T20:00:00.000Z,1.35442,1.35469,1.35325,1.35352,15
2025-09-22T21:00:00.000Z,1.35352,1.35379,1.35252,1.35279,15
2025-09-22T22:00:00.000Z,1.35279,1.35306,1.35179,1.35206,15
2025-09-22T23:00:00.000Z,1.35206,1.35233,1.35123,1.3515,15
2025-09-23T00:00:00.000Z,1.35261,1.35277,1.35211,1.35227,25
2025-09-23T01:00:00.000Z,1.35227,1.35243,1.35187,1.35203,25
2025-09-23T02:00:00.000Z,1.35203,1.35219,1.35162,1.35178,25
2025-09-23T03:00:00.000Z,1.35178,1.35194,1.35148,1.35164,25
2025-09-23T04:00:00.000Z,1.35164,1.35203,1.35152,1.35191,30
2025-09-23T05:00:00.000Z,1.35191,1.35222,1.35179,1.3521,30
2025-09-23T06:00:00.000Z,1.3521,1.35242,1.35198,1.3523,30
2025-09-23T07:00:00.000Z,1.3523,1.35254,1.35218,1.35242,30
2025-09-23T08:00:00.000Z,1.35242,1.35289,1.35068,1.35115,70
2025-09-23T09:00:00.000Z,1.35115,1.35162,1.34971,1.35018,70
2025-09-23T10:00:00.000Z,1.35018,1.35065,1.34873,1.3492,70
2025-09-23T11:00:00.000Z,1.3492,1.34967,1.34805,1.34852,70
2025-09-23T12:00:00.000Z,1.34852,1.34901,1.34687,1.34736,80
2025-09-23T13:00:00.000Z,1.34736,1.34785,1.34602,1.34651,80
2025-09-23T14:00:00.000Z,1.34651,1.347,1.34517,1.34566,80
2025-09-23T15:00:00.000Z,1.34566,1.34615,1.34463,1.34512,80
2025-09-23T16:00:00.000Z,1.34512,1.34562,1.34496,1.34546,30
2025-09-23T17:00:00.000Z,1.34546,1.34586,1.3453,1.3457,30
2025-09-23T18:00:00.000Z,1.3457,1.34611,1.34554,1.34595,30
2025-09-23T19:00:00.000Z,1.34595,1.34625,1.34579,1.34609,30
2025-09-23T20:00:00.000Z,1.34609,1.34864,1.3455,1.34805,15
2025-09-23T21:00:00.000Z,1.34805,1.35023,1.34746,1.34964,15
2025-09-23T22:00:00.000Z,1.34964,1.35182,1.34905,1.35123,15
2025-09-23T23:00:00.000Z,1.35123,1.35304,1.35064,1.35245,15
2025-09-24T00:00:00.000Z,1.34501,1.34564,1.34481,1.34544,25
2025-09-24T01:00:00.000Z,1.34544,1.34595,1.34524,1.34575,25
2025-09-24T02:00:00.000Z,1.34575,1.34626,1.34555,1.34606,25
2025-09-24T03:00:00.000Z,1.34606,1.34645,1.34586,1.34625,25
2025-09-24T04:00:00.000Z,1.34625,1.34726,1.34436,1.34537,30
2025-09-24T05:00:00.000Z,1.34537,1.34638,1.34411,1.34512,30
2025-09-24T06:00:00.000Z,1.34512,1.34613,1.34387,1.34488,30
2025-09-24T07:00:00.000Z,1.34488,1.34627,1.34387,1.34526,30
2025-09-24T08:00:00.000Z,1.34526,1.34746,1.34467,1.34687,70
2025-09-24T09:00:00.000Z,1.34687,1.3487,1.34628,1.34811,70
2025-09-24T10:00:00.000Z,1.34811,1.34993,1.34752,1.34934,70
2025-09-24T11:00:00.000Z,1.34934,1.3508,1.34875,1.35021,70
2025-09-24T12:00:00.000Z,1.35021,1.35194,1.34981,1.35154,80
2025-09-24T13:00:00.000Z,1.35154,1.35302,1.35114,1.35262,80
2025-09-24T14:00:00.000Z,1.35262,1.3541,1.35222,1.3537,80
2025-09-24T15:00:00.000Z,1.3537,1.35494,1.3533,1.35454,80
2025-09-24T16:00:00.000Z,1.35454,1.35474,1.35391,1.35411,30
2025-09-24T17:00:00.000Z,1.35411,1.35431,1.3536,1.3538,30
2025-09-24T18:00:00.000Z,1.3538,1.354,1.35329,1.35349,30
2025-09-24T19:00:00.000Z,1.35349,1.35369,1.3531,1.3533,30
2025-09-24T20:00:00.000Z,1.3533,1.35404,1.35008,1.35082,15
2025-09-24T21:00:00.000Z,1.35082,1.35156,1.34807,1.34881,15
2025-09-24T22:00:00.000Z,1.34881,1.34955,1.34605,1.34679,15
2025-09-24T23:00:00.000Z,1.34679,1.34753,1.3445,1.34524,15
2025-09-25T00:00:00.000Z,1.33351,1.33393,1.33338,1.3338,25
2025-09-25T01:00:00.000Z,1.3338,1.33414,1.33367,1.33401,25
2025-09-25T02:00:00.000Z,1.33401,1.33434,1.33388,1.33421,25
2025-09-25T03:00:00.000Z,1.33421,1.33447,1.33408,1.33434,25
2025-09-25T04:00:00.000Z,1.33434,1.33447,1.33396,1.33409,30
2025-09-25T05:00:00.000Z,1.33409,1.33422,1.3338,1.33393,30
2025-09-25T06:00:00.000Z,1.33393,1.33406,1.33363,1.33376,30
2025-09-25T07:00:00.000Z,1.33376,1.33389,1.33355,1.33368,30
2025-09-25T08:00:00.000Z,1.33368,1.33515,1.33328,1.33475,70
2025-09-25T09:00:00.000Z,1.33475,1.33597,1.33435,1.33557,70
2025-09-25T10:00:00.000Z,1.33557,1.33679,1.33517,1.33639,70
2025-09-25T11:00:00.000Z,1.33639,1.33737,1.33599,1.33697,70
2025-09-25T12:00:00.000Z,1.33697,1.33832,1.33658,1.33793,80
2025-09-25T13:00:00.000Z,1.33793,1.33905,1.33754,1.33866,80
2025-09-25T14:00:00.000Z,1.33866,1.33977,1.33827,1.33938,80
2025-09-25T15:00:00.000Z,1.33938,1.34025,1.33899,1.33986,80
2025-09-25T16:00:00.000Z,1.33986,1.33999,1.33944,1.33957,30
2025-09-25T17:00:00.000Z,1.33957,1.3397,1.33923,1.33936,30
2025-09-25T18:00:00.000Z,1.33936,1.33949,1.33902,1.33915,30
2025-09-25T19:00:00.000Z,1.33915,1.33928,1.3389,1.33903,30
2025-09-25T20:00:00.000Z,1.33903,1.33953,1.33687,1.33737,15
2025-09-25T21:00:00.000Z,1.33737,1.33787,1.33553,1.33603,15
2025-09-25T22:00:00.000Z,1.33603,1.33653,1.33418,1.33468,15
2025-09-25T23:00:00.000Z,1.33468,1.33518,1.33315,1.33365,15
2025-09-28T00:00:00.000Z,1.34077,1.34102,1.34069,1.34094,25
2025-09-28T01:00:00.000Z,1.34094,1.34114,1.34086,1.34106,25
2025-09-28T02:00:00.000Z,1.34106,1.34126,1.34098,1.34118,25
2025-09-28T03:00:00.000Z,1.34118,1.34133,1.3411,1.34125,25
2025-09-28T04:00:00.000Z,1.34125,1.34131,1.34106,1.34112,30
2025-09-28T05:00:00.000Z,1.34112,1.34118,1.34096,1.34102,30
2025-09-28T06:00:00.000Z,1.34102,1.34108,1.34087,1.34093,30
2025-09-28T07:00:00.000Z,1.34093,1.34099,1.34081,1.34087,30
2025-09-28T08:00:00.000Z,1.34087,1.34173,1.34064,1.3415,70
2025-09-28T09:00:00.000Z,1.3415,1.34221,1.34127,1.34198,70
2025-09-28T10:00:00.000Z,1.34198,1.34269,1.34175,1.34246,70
2025-09-28T11:00:00.000Z,1.34246,1.34303,1.34223,1.3428,70
2025-09-28T12:00:00.000Z,1.3428,1.34361,1.34256,1.34337,80
2025-09-28T13:00:00.000Z,1.34337,1.34404,1.34313,1.3438,80
2025-09-28T14:00:00.000Z,1.3438,1.34446,1.34356,1.34422,80
2025-09-28T15:00:00.000Z,1.34422,1.34473,1.34398,1.34449,80
2025-09-28T16:00:00.000Z,1.34449,1.34457,1.34424,1.34432,30
2025-09-28T17:00:00.000Z,1.34432,1.3444,1.34412,1.3442,30
2025-09-28T18:00:00.000Z,1.3442,1.34428,1.344,1.34408,30
2025-09-28T19:00:00.000Z,1.34408,1.34416,1.34393,1.34401,30
2025-09-28T20:00:00.000Z,1.34401,1.3443,1.34274,1.34303,15
2025-09-28T21:00:00.000Z,1.34303,1.34332,1.34194,1.34223,15
2025-09-28T22:00:00.000Z,1.34223,1.34252,1.34114,1.34143,15
2025-09-28T23:00:00.000Z,1.34143,1.34172,1.34053,1.34082,15
2025-09-29T00:00:00.000Z,1.34353,1.34378,1.34345,1.3437,25
2025-09-29T01:00:00.000Z,1.3437,1.34391,1.34362,1.34383,25
2025-09-29T02:00:00.000Z,1.34383,1.34403,1.34375,1.34395,25
2025-09-29T03:00:00.000Z,1.34395,1.34411,1.34387,1.34403,25
2025-09-29T04:00:00.000Z,1.34403,1.34425,1.34358,1.3438,30
2025-09-29T05:00:00.000Z,1.3438,1.34402,1.34348,1.3437,30
2025-09-29T06:00:00.000Z,1.3437,1.34392,1.34338,1.3436,30
2025-09-29T07:00:00.000Z,1.3436,1.34385,1.34338,1.34363,30
2025-09-29T08:00:00.000Z,1.34363,1.34452,1.34339,1.34428,70
2025-09-29T09:00:00.000Z,1.34428,1.34502,1.34404,1.34478,70
2025-09-29T10:00:00.000Z,1.34478,1.34552,1.34454,1.34528,70
2025-09-29T11:00:00.000Z,1.34528,1.34587,1.34504,1.34563,70
2025-09-29T12:00:00.000Z,1.34563,1.34633,1.34547,1.34617,80
2025-09-29T13:00:00.000Z,1.34617,1.34677,1.34601,1.34661,80
2025-09-29T14:00:00.000Z,1.34661,1.3472,1.34645,1.34704,80
2025-09-29T15:00:00.000Z,1.34704,1.34754,1.34688,1.34738,80
2025-09-29T16:00:00.000Z,1.34738,1.34746,1.34712,1.3472,30
2025-09-29T17:00:00.000Z,1.3472,1.34728,1.347,1.34708,30
2025-09-29T18:00:00.000Z,1.34708,1.34716,1.34687,1.34695,30
2025-09-29T19:00:00.000Z,1.34695,1.34703,1.3468,1.34688,30
2025-09-29T20:00:00.000Z,1.34688,1.34717,1.34562,1.34591,15
2025-09-29T21:00:00.000Z,1.34591,1.3462,1.34483,1.34512,15
2025-09-29T22:00:00.000Z,1.34512,1.34541,1.34404,1.34433,15
2025-09-29T23:00:00.000Z,1.34433,1.34462,1.34343,1.34372,15
2025-09-30T00:00:00.000Z,1.34418,1.34464,1.34404,1.3445,25
2025-09-30T01:00:00.000Z,1.3445,1.34486,1.34436,1.34472,25
2025-09-30T02:00:00.000Z,1.34472,1.34509,1.34458,1.34495,25
2025-09-30T03:00:00.000Z,1.34495,1.34522,1.34481,1.34508,25
2025-09-30T04:00:00.000Z,1.34508,1.34524,1.34464,1.3448,30
2025-09-30T05:00:00.000Z,1.3448,1.34496,1.34446,1.34462,30
2025-09-30T06:00:00.000Z,1.34462,1.34478,1.34428,1.34444,30
2025-09-30T07:00:00.000Z,1.34444,1.3446,1.3442,1.34436,30
2025-09-30T08:00:00.000Z,1.34436,1.34596,1.34393,1.34553,70
2025-09-30T09:00:00.000Z,1.34553,1.34687,1.3451,1.34644,70
2025-09-30T10:00:00.000Z,1.34644,1.34777,1.34601,1.34734,70
2025-09-30T11:00:00.000Z,1.34734,1.3484,1.34691,1.34797,70
2025-09-30T12:00:00.000Z,1.34797,1.34942,1.34756,1.34901,80
2025-09-30T13:00:00.000Z,1.34901,1.35021,1.3486,1.3498,80
2025-09-30T14:00:00.000Z,1.3498,1.351,1.34939,1.35059,80
2025-09-30T15:00:00.000Z,1.35059,1.35154,1.35018,1.35113,80
2025-09-30T16:00:00.000Z,1.35113,1.35127,1.35068,1.35082,30
2025-09-30T17:00:00.000Z,1.35082,1.35096,1.35045,1.35059,30
2025-09-30T18:00:00.000Z,1.35059,1.35073,1.35023,1.35037,30
2025-09-30T19:00:00.000Z,1.35037,1.35051,1.35009,1.35023,30
2025-09-30T20:00:00.000Z,1.35023,1.35077,1.34788,1.34842,15
2025-09-30T21:00:00.000Z,1.34842,1.34896,1.34641,1.34695,15
2025-09-30T22:00:00.000Z,1.34695,1.34749,1.34493,1.34547,15
2025-09-30T23:00:00.000Z,1.34547,1.34601,1.3438,1.34434,15
2025-10-01T00:00:00.000Z,1.34778,1.34833,1.34761,1.34816,25
2025-10-01T01:00:00.000Z,1.34816,1.3486,1.34799,1.34843,25
2025-10-01T02:00:00.000Z,1.34843,1.34887,1.34826,1.3487,25
2025-10-01T03:00:00.000Z,1.3487,1.34903,1.34853,1.34886,25
2025-10-01T04:00:00.000Z,1.34886,1.3496,1.34744,1.34818,30
2025-10-01T05:00:00.000Z,1.34818,1.34892,1.34723,1.34797,30
2025-10-01T06:00:00.000Z,1.34797,1.34871,1.34702,1.34776,30
2025-10-01T07:00:00.000Z,1.34776,1.34874,1.34702,1.348,30
2025-10-01T08:00:00.000Z,1.348,1.34992,1.34748,1.3494,70
2025-10-01T09:00:00.000Z,1.3494,1.351,1.34888,1.35048,70
2025-10-01T10:00:00.000Z,1.35048,1.35208,1.34996,1.35156,70
2025-10-01T11:00:00.000Z,1.35156,1.35283,1.35104,1.35231,70
2025-10-01T12:00:00.000Z,1.35231,1.35382,1.35196,1.35347,80
2025-10-01T13:00:00.000Z,1.35347,1.35477,1.35312,1.35442,80
2025-10-01T14:00:00.000Z,1.35442,1.35571,1.35407,1.35536,80
2025-10-01T15:00:00.000Z,1.35536,1.35644,1.35501,1.35609,80
2025-10-01T16:00:00.000Z,1.35609,1.35626,1.35554,1.35571,30
2025-10-01T17:00:00.000Z,1.35571,1.35588,1.35527,1.35544,30
2025-10-01T18:00:00.000Z,1.35544,1.35561,1.355,1.35517,30
2025-10-01T19:00:00.000Z,1.35517,1.35534,1.35484,1.35501,30
2025-10-01T20:00:00.000Z,1.35501,1.35566,1.35221,1.35286,15
2025-10-01T21:00:00.000Z,1.35286,1.35351,1.35046,1.35111,15
2025-10-01T22:00:00.000Z,1.35111,1.35176,1.34871,1.34936,15
2025-10-01T23:00:00.000Z,1.34936,1.35001,1.34737,1.34802,15
2025-10-02T00:00:00.000Z,1.34459,1.34487,1.3445,1.34478,25
2025-10-02T01:00:00.000Z,1.34478,1.34501,1.34469,1.34492,25
2025-10-02T02:00:00.000Z,1.34492,1.34515,1.34483,1.34506,25
2025-10-02T03:00:00.000Z,1.34506,1.34523,1.34497,1.34514,25
2025-10-02T04:00:00.000Z,1.34514,1.34533,1.34472,1.34491,30
2025-10-02T05:00:00.000Z,1.34491,1.3451,1.34461,1.3448,30
2025-10-02T06:00:00.000Z,1.3448,1.34499,1.3445,1.34469,30
2025-10-02T07:00:00.000Z,1.34469,1.34489,1.3445,1.3447,30
2025-10-02T08:00:00.000Z,1.3447,1.34567,1.34444,1.34541,70
2025-10-02T09:00:00.000Z,1.34541,1.34621,1.34515,1.34595,70
2025-10-02T10:00:00.000Z,1.34595,1.34676,1.34569,1.3465,70
2025-10-02T11:00:00.000Z,1.3465,1.34714,1.34624,1.34688,70
2025-10-02T12:00:00.000Z,1.34688,1.34764,1.34671,1.34747,80
2025-10-02T13:00:00.000Z,1.34747,1.34811,1.3473,1.34794,80
2025-10-02T14:00:00.000Z,1.34794,1.34859,1.34777,1.34842,80
2025-10-02T15:00:00.000Z,1.34842,1.34896,1.34825,1.34879,80
2025-10-02T16:00:00.000Z,1.34879,1.34888,1.34851,1.3486,30
2025-10-02T17:00:00.000Z,1.3486,1.34869,1.34837,1.34846,30
2025-10-02T18:00:00.000Z,1.34846,1.34855,1.34823,1.34832,30
2025-10-02T19:00:00.000Z,1.34832,1.34841,1.34815,1.34824,30
2025-10-02T20:00:00.000Z,1.34824,1.34857,1.34681,1.34714,15
2025-10-02T21:00:00.000Z,1.34714,1.34747,1.34591,1.34624,15
2025-10-02T22:00:00.000Z,1.34624,1.34657,1.34502,1.34535,15
2025-10-02T23:00:00.000Z,1.34535,1.34568,1.34433,1.34466,15
2025-10-05T00:00:00.000Z,1.34335,1.34369,1.34324,1.34358,25
2025-10-05T01:00:00.000Z,1.34358,1.34386,1.34347,1.34375,25
2025-10-05T02:00:00.000Z,1.34375,1.34402,1.34364,1.34391,25
2025-10-05T03:00:00.000Z,1.34391,1.34412,1.3438,1.34401,25
2025-10-05T04:00:00.000Z,1.34401,1.34421,1.34355,1.34375,30
2025-10-05T05:00:00.000Z,1.34375,1.34395,1.34342,1.34362,30
2025-10-05T06:00:00.000Z,1.34362,1.34382,1.34329,1.34349,30
2025-10-05T07:00:00.000Z,1.34349,1.34369,1.34328,1.34348,30
2025-10-05T08:00:00.000Z,1.34348,1.34466,1.34316,1.34434,70
2025-10-05T09:00:00.000Z,1.34434,1.34532,1.34402,1.345,70
2025-10-05T10:00:00.000Z,1.345,1.34599,1.34468,1.34567,70
2025-10-05T11:00:00.000Z,1.34567,1.34645,1.34535,1.34613,70
2025-10-05T12:00:00.000Z,1.34613,1.34706,1.34592,1.34685,80
2025-10-05T13:00:00.000Z,1.34685,1.34764,1.34664,1.34743,80
2025-10-05T14:00:00.000Z,1.34743,1.34822,1.34722,1.34801,80
2025-10-05T15:00:00.000Z,1.34801,1.34867,1.3478,1.34846,80
2025-10-05T16:00:00.000Z,1.34846,1.34857,1.34812,1.34823,30
2025-10-05T17:00:00.000Z,1.34823,1.34834,1.34795,1.34806,30
2025-10-05T18:00:00.000Z,1.34806,1.34817,1.34778,1.34789,30
2025-10-05T19:00:00.000Z,1.34789,1.348,1.34768,1.34779,30
2025-10-05T20:00:00.000Z,1.34779,1.3482,1.34602,1.34643,15
2025-10-05T21:00:00.000Z,1.34643,1.34684,1.34492,1.34533,15
2025-10-05T22:00:00.000Z,1.34533,1.34574,1.34382,1.34423,15
2025-10-05T23:00:00.000Z,1.34423,1.34464,1.34297,1.34338,15
2025-10-06T00:00:00.000Z,1.34844,1.34889,1.3483,1.34875,25
2025-10-06T01:00:00.000Z,1.34875,1.34912,1.34861,1.34898,25
2025-10-06T02:00:00.000Z,1.34898,1.34934,1.34884,1.3492,25
2025-10-06T03:00:00.000Z,1.3492,1.34948,1.34906,1.34934,25
2025-10-06T04:00:00.000Z,1.34934,1.35017,1.34781,1.34864,30
2025-10-06T05:00:00.000Z,1.34864,1.34947,1.34763,1.34846,30
2025-10-06T06:00:00.000Z,1.34846,1.34929,1.34745,1.34828,30
2025-10-06T07:00:00.000Z,1.34828,1.34945,1.34745,1.34862,30
2025-10-06T08:00:00.000Z,1.34862,1.35022,1.34819,1.34979,70
2025-10-06T09:00:00.000Z,1.34979,1.35112,1.34936,1.35069,70
2025-10-06T10:00:00.000Z,1.35069,1.35202,1.35026,1.35159,70
2025-10-06T11:00:00.000Z,1.35159,1.35265,1.35116,1.35222,70
2025-10-06T12:00:00.000Z,1.35222,1.35348,1.35193,1.35319,80
2025-10-06T13:00:00.000Z,1.35319,1.35427,1.3529,1.35398,80
2025-10-06T14:00:00.000Z,1.35398,1.35506,1.35369,1.35477,80
2025-10-06T15:00:00.000Z,1.35477,1.35567,1.35448,1.35538,80
2025-10-06T16:00:00.000Z,1.35538,1.35552,1.35492,1.35506,30
2025-10-06T17:00:00.000Z,1.35506,1.3552,1.35469,1.35483,30
2025-10-06T18:00:00.000Z,1.35483,1.35497,1.35447,1.35461,30
2025-10-06T19:00:00.000Z,1.35461,1.35475,1.35433,1.35447,30
2025-10-06T20:00:00.000Z,1.35447,1.35502,1.35208,1.35263,15
2025-10-06T21:00:00.000Z,1.35263,1.35318,1.35059,1.35114,15
2025-10-06T22:00:00.000Z,1.35114,1.35169,1.34909,1.34964,15
2025-10-06T23:00:00.000Z,1.34964,1.35019,1.34794,1.34849,15
2025-10-07T00:00:00.000Z,1.3421,1.34238,1.34201,1.34229,25
2025-10-07T01:00:00.000Z,1.34229,1.34251,1.3422,1.34242,25
2025-10-07T02:00:00.000Z,1.34242,1.34265,1.34233,1.34256,25
2025-10-07T03:00:00.000Z,1.34256,1.34273,1.34247,1.34264,25
2025-10-07T04:00:00.000Z,1.34264,1.34299,1.34196,1.34231,30
2025-10-07T05:00:00.000Z,1.34231,1.34266,1.34186,1.34221,30
2025-10-07T06:00:00.000Z,1.34221,1.34256,1.34175,1.3421,30
2025-10-07T07:00:00.000Z,1.3421,1.34256,1.34175,1.34221,30
2025-10-07T08:00:00.000Z,1.34221,1.34317,1.34195,1.34291,70
2025-10-07T09:00:00.000Z,1.34291,1.3437,1.34265,1.34344,70
2025-10-07T10:00:00.000Z,1.34344,1.34424,1.34318,1.34398,70
2025-10-07T11:00:00.000Z,1.34398,1.34461,1.34372,1.34435,70
2025-10-07T12:00:00.000Z,1.34435,1.34509,1.34418,1.34492,80
2025-10-07T13:00:00.000Z,1.34492,1.34556,1.34475,1.34539,80
2025-10-07T14:00:00.000Z,1.34539,1.34603,1.34522,1.34586,80
2025-10-07T15:00:00.000Z,1.34586,1.34639,1.34569,1.34622,80
2025-10-07T16:00:00.000Z,1.34622,1.34631,1.34594,1.34603,30
2025-10-07T17:00:00.000Z,1.34603,1.34612,1.34581,1.3459,30
2025-10-07T18:00:00.000Z,1.3459,1.34599,1.34567,1.34576,30
2025-10-07T19:00:00.000Z,1.34576,1.34585,1.34559,1.34568,30
2025-10-07T20:00:00.000Z,1.34568,1.34601,1.34425,1.34458,15
2025-10-07T21:00:00.000Z,1.34458,1.34491,1.34335,1.34368,15
2025-10-07T22:00:00.000Z,1.34368,1.34401,1.34246,1.34279,15
2025-10-07T23:00:00.000Z,1.34279,1.34312,1.34177,1.3421,15
2025-10-08T00:00:00.000Z,1.34002,1.34067,1.33982,1.34047,25
2025-10-08T01:00:00.000Z,1.34047,1.34098,1.34027,1.34078,25
2025-10-08T02:00:00.000Z,1.34078,1.3413,1.34058,1.3411,25
2025-10-08T03:00:00.000Z,1.3411,1.34149,1.3409,1.34129,25
2025-10-08T04:00:00.000Z,1.34129,1.34231,1.33938,1.3404,30
2025-10-08T05:00:00.000Z,1.3404,1.34142,1.33912,1.34014,30
2025-10-08T06:00:00.000Z,1.34014,1.34116,1.33887,1.33989,30
2025-10-08T07:00:00.000Z,1.33989,1.34129,1.33887,1.34027,30
2025-10-08T08:00:00.000Z,1.34027,1.34254,1.33966,1.34193,70
2025-10-08T09:00:00.000Z,1.34193,1.34381,1.34132,1.3432,70
2025-10-08T10:00:00.000Z,1.3432,1.34509,1.34259,1.34448,70
2025-10-08T11:00:00.000Z,1.34448,1.34598,1.34387,1.34537,70
2025-10-08T12:00:00.000Z,1.34537,1.34715,1.34496,1.34674,80
2025-10-08T13:00:00.000Z,1.34674,1.34827,1.34633,1.34786,80
2025-10-08T14:00:00.000Z,1.34786,1.34939,1.34745,1.34898,80
2025-10-08T15:00:00.000Z,1.34898,1.35025,1.34857,1.34984,80
2025-10-08T16:00:00.000Z,1.34984,1.35004,1.34919,1.34939,30
2025-10-08T17:00:00.000Z,1.34939,1.34959,1.34887,1.34907,30
2025-10-08T18:00:00.000Z,1.34907,1.34927,1.34855,1.34875,30
2025-10-08T19:00:00.000Z,1.34875,1.34895,1.34836,1.34856,30
2025-10-08T20:00:00.000Z,1.34856,1.34934,1.34519,1.34597,15
2025-10-08T21:00:00.000Z,1.34597,1.34675,1.34308,1.34386,15
2025-10-08T22:00:00.000Z,1.34386,1.34464,1.34098,1.34176,15
2025-10-08T23:00:00.000Z,1.34176,1.34254,1.33936,1.34014,15
2025-10-09T00:00:00.000Z,1.33037,1.33084,1.33022,1.33069,25
2025-10-09T01:00:00.000Z,1.33069,1.33108,1.33054,1.33093,25
2025-10-09T02:00:00.000Z,1.33093,1.33131,1.33078,1.33116,25
2025-10-09T03:00:00.000Z,1.33116,1.33145,1.33101,1.3313,25
2025-10-09T04:00:00.000Z,1.3313,1.33171,1.33045,1.33086,30
2025-10-09T05:00:00.000Z,1.33086,1.33127,1.33026,1.33067,30
2025-10-09T06:00:00.000Z,1.33067,1.33108,1.33008,1.33049,30
2025-10-09T07:00:00.000Z,1.33049,1.33097,1.33008,1.33056,30
2025-10-09T08:00:00.000Z,1.33056,1.3322,1.33012,1.33176,70
2025-10-09T09:00:00.000Z,1.33176,1.33313,1.33132,1.33269,70
2025-10-09T10:00:00.000Z,1.33269,1.33405,1.33225,1.33361,70
2025-10-09T11:00:00.000Z,1.33361,1.3347,1.33317,1.33426,70
2025-10-09T12:00:00.000Z,1.33426,1.33556,1.33396,1.33526,80
2025-10-09T13:00:00.000Z,1.33526,1.33637,1.33496,1.33607,80
2025-10-09T14:00:00.000Z,1.33607,1.33718,1.33577,1.33688,80
2025-10-09T15:00:00.000Z,1.33688,1.33781,1.33658,1.33751,80
2025-10-09T16:00:00.000Z,1.33751,1.33766,1.33703,1.33718,30
2025-10-09T17:00:00.000Z,1.33718,1.33733,1.3368,1.33695,30
2025-10-09T18:00:00.000Z,1.33695,1.3371,1.33657,1.33672,30
2025-10-09T19:00:00.000Z,1.33672,1.33687,1.33643,1.33658,30
2025-10-09T20:00:00.000Z,1.33658,1.33714,1.33415,1.33471,15
2025-10-09T21:00:00.000Z,1.33471,1.33527,1.33262,1.33318,15
2025-10-09T22:00:00.000Z,1.33318,1.33374,1.3311,1.33166,15
2025-10-09T23:00:00.000Z,1.33166,1.33222,1.32993,1.33049,15
2025-10-12T00:00:00.000Z,1.33381,1.33389,1.33355,1.33363,25
2025-10-12T01:00:00.000Z,1.33363,1.33371,1.33343,1.33351,25
2025-10-12T02:00:00.000Z,1.33351,1.33359,1.3333,1.33338,25
2025-10-12T03:00:00.000Z,1.33338,1.33346,1.33323,1.33331,25
2025-10-12T04:00:00.000Z,1.33331,1.33387,1.33303,1.33359,30
2025-10-12T05:00:00.000Z,1.33359,1.33397,1.33331,1.33369,30
2025-10-12T06:00:00.000Z,1.33369,1.33407,1.33341,1.33379,30
2025-10-12T07:00:00.000Z,1.33379,1.33407,1.33343,1.33371,30
2025-10-12T08:00:00.000Z,1.33371,1.33395,1.33282,1.33306,70
2025-10-12T09:00:00.000Z,1.33306,1.3333,1.33232,1.33256,70
2025-10-12T10:00:00.000Z,1.33256,1.3328,1.33182,1.33206,70
2025-10-12T11:00:00.000Z,1.33206,1.3323,1.33147,1.33171,70
2025-10-12T12:00:00.000Z,1.33171,1.33187,1.33101,1.33117,80
2025-10-12T13:00:00.000Z,1.33117,1.33133,1.33058,1.33074,80
2025-10-12T14:00:00.000Z,1.33074,1.3309,1.33014,1.3303,80
2025-10-12T15:00:00.000Z,1.3303,1.33046,1.3298,1.32996,80
2025-10-12T16:00:00.000Z,1.32996,1.33022,1.32988,1.33014,30
2025-10-12T17:00:00.000Z,1.33014,1.33034,1.33006,1.33026,30
2025-10-12T18:00:00.000Z,1.33026,1.33047,1.33018,1.33039,30
2025-10-12T19:00:00.000Z,1.33039,1.33054,1.33031,1.33046,30
2025-10-12T20:00:00.000Z,1.33046,1.33172,1.33017,1.33143,15
2025-10-12T21:00:00.000Z,1.33143,1.33251,1.33114,1.33222,15
2025-10-12T22:00:00.000Z,1.33222,1.3333,1.33193,1.33301,15
2025-10-12T23:00:00.000Z,1.33301,1.33391,1.33272,1.33362,15
2025-10-13T00:00:00.000Z,1.33335,1.33351,1.33283,1.33299,25
2025-10-13T01:00:00.000Z,1.33299,1.33315,1.33258,1.33274,25
2025-10-13T02:00:00.000Z,1.33274,1.3329,1.33232,1.33248,25
2025-10-13T03:00:00.000Z,1.33248,1.33264,1.33217,1.33233,25
2025-10-13T04:00:00.000Z,1.33233,1.33299,1.33205,1.33271,30
2025-10-13T05:00:00.000Z,1.33271,1.33319,1.33243,1.33291,30
2025-10-13T06:00:00.000Z,1.33291,1.3334,1.33263,1.33312,30
2025-10-13T07:00:00.000Z,1.33312,1.33343,1.33284,1.33315,30
2025-10-13T08:00:00.000Z,1.33315,1.33364,1.33133,1.33182,70
2025-10-13T09:00:00.000Z,1.33182,1.33231,1.33031,1.3308,70
2025-10-13T10:00:00.000Z,1.3308,1.33129,1.32929,1.32978,70
2025-10-13T11:00:00.000Z,1.32978,1.33027,1.32857,1.32906,70
2025-10-13T12:00:00.000Z,1.32906,1.32942,1.32758,1.32794,80
2025-10-13T13:00:00.000Z,1.32794,1.3283,1.32669,1.32705,80
2025-10-13T14:00:00.000Z,1.32705,1.32741,1.32579,1.32615,80
2025-10-13T15:00:00.000Z,1.32615,1.32651,1.32512,1.32548,80
2025-10-13T16:00:00.000Z,1.32548,1.326,1.32532,1.32584,30
2025-10-13T17:00:00.000Z,1.32584,1.32625,1.32568,1.32609,30
2025-10-13T18:00:00.000Z,1.32609,1.32651,1.32593,1.32635,30
2025-10-13T19:00:00.000Z,1.32635,1.32666,1.32619,1.3265,30
2025-10-13T20:00:00.000Z,1.3265,1.3292,1.32588,1.32858,15
2025-10-13T21:00:00.000Z,1.32858,1.33089,1.32796,1.33027,15
2025-10-13T22:00:00.000Z,1.33027,1.33258,1.32965,1.33196,15
2025-10-13T23:00:00.000Z,1.33196,1.33388,1.33134,1.33326,15
2025-10-14T00:00:00.000Z,1.33211,1.33253,1.33198,1.3324,25
2025-10-14T01:00:00.000Z,1.3324,1.33273,1.33227,1.3326,25
2025-10-14T02:00:00.000Z,1.3326,1.33294,1.33247,1.33281,25
2025-10-14T03:00:00.000Z,1.33281,1.33306,1.33268,1.33293,25
2025-10-14T04:00:00.000Z,1.33293,1.33303,1.3326,1.3327,30
2025-10-14T05:00:00.000Z,1.3327,1.3328,1.33244,1.33254,30
2025-10-14T06:00:00.000Z,1.33254,1.33264,1.33227,1.33237,30
2025-10-14T07:00:00.000Z,1.33237,1.33247,1.33217,1.33227,30
2025-10-14T08:00:00.000Z,1.33227,1.33374,1.33187,1.33334,70
2025-10-14T09:00:00.000Z,1.33334,1.33457,1.33294,1.33417,70
2025-10-14T10:00:00.000Z,1.33417,1.33539,1.33377,1.33499,70
2025-10-14T11:00:00.000Z,1.33499,1.33597,1.33459,1.33557,70
2025-10-14T12:00:00.000Z,1.33557,1.33697,1.33515,1.33655,80
2025-10-14T13:00:00.000Z,1.33655,1.33769,1.33613,1.33727,80
2025-10-14T14:00:00.000Z,1.33727,1.33842,1.33685,1.338,80
2025-10-14T15:00:00.000Z,1.338,1.33888,1.33758,1.33846,80
2025-10-14T16:00:00.000Z,1.33846,1.33859,1.33804,1.33817,30
2025-10-14T17:00:00.000Z,1.33817,1.3383,1.33783,1.33796,30
2025-10-14T18:00:00.000Z,1.33796,1.33809,1.33763,1.33776,30
2025-10-14T19:00:00.000Z,1.33776,1.33789,1.3375,1.33763,30
2025-10-14T20:00:00.000Z,1.33763,1.33813,1.33545,1.33595,15
2025-10-14T21:00:00.000Z,1.33595,1.33645,1.33408,1.33458,15
2025-10-14T22:00:00.000Z,1.33458,1.33508,1.33271,1.33321,15
2025-10-14T23:00:00.000Z,1.33321,1.33371,1.33166,1.33216,15
2025-10-15T00:00:00.000Z,1.34023,1.34051,1.34014,1.34042,25
2025-10-15T01:00:00.000Z,1.34042,1.34064,1.34033,1.34055,25
2025-10-15T02:00:00.000Z,1.34055,1.34078,1.34046,1.34069,25
2025-10-15T03:00:00.000Z,1.34069,1.34086,1.3406,1.34077,25
2025-10-15T04:00:00.000Z,1.34077,1.34085,1.34053,1.34061,30
2025-10-15T05:00:00.000Z,1.34061,1.34069,1.34043,1.34051,30
2025-10-15T06:00:00.000Z,1.34051,1.34059,1.34032,1.3404,30
2025-10-15T07:00:00.000Z,1.3404,1.34048,1.34026,1.34034,30
2025-10-15T08:00:00.000Z,1.34034,1.3413,1.34008,1.34104,70
2025-10-15T09:00:00.000Z,1.34104,1.34183,1.34078,1.34157,70
2025-10-15T10:00:00.000Z,1.34157,1.34237,1.34131,1.34211,70
2025-10-15T11:00:00.000Z,1.34211,1.34274,1.34185,1.34248,70
2025-10-15T12:00:00.000Z,1.34248,1.34337,1.34222,1.34311,80
2025-10-15T13:00:00.000Z,1.34311,1.34384,1.34285,1.34358,80
2025-10-15T14:00:00.000Z,1.34358,1.3443,1.34332,1.34404,80
2025-10-15T15:00:00.000Z,1.34404,1.34461,1.34378,1.34435,80
2025-10-15T16:00:00.000Z,1.34435,1.34444,1.34407,1.34416,30
2025-10-15T17:00:00.000Z,1.34416,1.34425,1.34394,1.34403,30
2025-10-15T18:00:00.000Z,1.34403,1.34412,1.34381,1.3439,30
2025-10-15T19:00:00.000Z,1.3439,1.34399,1.34373,1.34382,30
2025-10-15T20:00:00.000Z,1.34382,1.34413,1.34247,1.34278,15
2025-10-15T21:00:00.000Z,1.34278,1.34309,1.34163,1.34194,15
2025-10-15T22:00:00.000Z,1.34194,1.34225,1.34079,1.3411,15
2025-10-15T23:00:00.000Z,1.3411,1.34141,1.34014,1.34045,15
2025-10-16T00:00:00.000Z,1.34445,1.34486,1.34432,1.34473,25
2025-10-16T01:00:00.000Z,1.34473,1.34507,1.3446,1.34494,25
2025-10-16T02:00:00.000Z,1.34494,1.34527,1.34481,1.34514,25
2025-10-16T03:00:00.000Z,1.34514,1.34539,1.34501,1.34526,25
2025-10-16T04:00:00.000Z,1.34526,1.34577,1.34427,1.34478,30
2025-10-16T05:00:00.000Z,1.34478,1.34529,1.3441,1.34461,30
2025-10-16T06:00:00.000Z,1.34461,1.34512,1.34394,1.34445,30
2025-10-16T07:00:00.000Z,1.34445,1.34512,1.34394,1.34461,30
2025-10-16T08:00:00.000Z,1.34461,1.34605,1.34422,1.34566,70
2025-10-16T09:00:00.000Z,1.34566,1.34686,1.34527,1.34647,70
2025-10-16T10:00:00.000Z,1.34647,1.34767,1.34608,1.34728,70
2025-10-16T11:00:00.000Z,1.34728,1.34824,1.34689,1.34785,70
2025-10-16T12:00:00.000Z,1.34785,1.34898,1.34759,1.34872,80
2025-10-16T13:00:00.000Z,1.34872,1.34969,1.34846,1.34943,80
2025-10-16T14:00:00.000Z,1.34943,1.3504,1.34917,1.35014,80
2025-10-16T15:00:00.000Z,1.35014,1.35095,1.34988,1.35069,80
2025-10-16T16:00:00.000Z,1.35069,1.35082,1.35028,1.35041,30
2025-10-16T17:00:00.000Z,1.35041,1.35054,1.35007,1.3502,30
2025-10-16T18:00:00.000Z,1.3502,1.35033,1.34987,1.35,30
2025-10-16T19:00:00.000Z,1.35,1.35013,1.34975,1.34988,30
2025-10-16T20:00:00.000Z,1.34988,1.35037,1.34775,1.34824,15
2025-10-16T21:00:00.000Z,1.34824,1.34873,1.34642,1.34691,15
2025-10-16T22:00:00.000Z,1.34691,1.3474,1.34509,1.34558,15
2025-10-16T23:00:00.000Z,1.34558,1.34607,1.34407,1.34456,15
2025-10-19T00:00:00.000Z,1.34268,1.34275,1.34245,1.34252,25
2025-10-19T01:00:00.000Z,1.34252,1.34259,1.34234,1.34241,25
2025-10-19T02:00:00.000Z,1.34241,1.34248,1.34223,1.3423,25
2025-10-19T03:00:00.000Z,1.3423,1.34237,1.34216,1.34223,25
2025-10-19T04:00:00.000Z,1.34223,1.34264,1.34203,1.34244,30
2025-10-19T05:00:00.000Z,1.34244,1.34273,1.34224,1.34253,30
2025-10-19T06:00:00.000Z,1.34253,1.34282,1.34233,1.34262,30
2025-10-19T07:00:00.000Z,1.34262,1.34282,1.34239,1.34259,30
2025-10-19T08:00:00.000Z,1.34259,1.34281,1.34178,1.342,70
2025-10-19T09:00:00.000Z,1.342,1.34222,1.34133,1.34155,70
2025-10-19T10:00:00.000Z,1.34155,1.34177,1.34088,1.3411,70
2025-10-19T11:00:00.000Z,1.3411,1.34132,1.34057,1.34079,70
2025-10-19T12:00:00.000Z,1.34079,1.34093,1.34017,1.34031,80
2025-10-19T13:00:00.000Z,1.34031,1.34045,1.33977,1.33991,80
2025-10-19T14:00:00.000Z,1.33991,1.34005,1.33938,1.33952,80
2025-10-19T15:00:00.000Z,1.33952,1.33966,1.33907,1.33921,80
2025-10-19T16:00:00.000Z,1.33921,1.33944,1.33914,1.33937,30
2025-10-19T17:00:00.000Z,1.33937,1.33955,1.3393,1.33948,30
2025-10-19T18:00:00.000Z,1.33948,1.33966,1.33941,1.33959,30
2025-10-19T19:00:00.000Z,1.33959,1.33973,1.33952,1.33966,30
2025-10-19T20:00:00.000Z,1.33966,1.34083,1.33939,1.34056,15
2025-10-19T21:00:00.000Z,1.34056,1.34156,1.34029,1.34129,15
2025-10-19T22:00:00.000Z,1.34129,1.3423,1.34102,1.34203,15
2025-10-19T23:00:00.000Z,1.34203,1.34286,1.34176,1.34259,15
2025-10-20T00:00:00.000Z,1.34039,1.34068,1.3403,1.34059,25
2025-10-20T01:00:00.000Z,1.34059,1.34082,1.3405,1.34073,25
2025-10-20T02:00:00.000Z,1.34073,1.34096,1.34064,1.34087,25
2025-10-20T03:00:00.000Z,1.34087,1.34104,1.34078,1.34095,25
2025-10-20T04:00:00.000Z,1.34095,1.34136,1.34017,1.34058,30
2025-10-20T05:00:00.000Z,1.34058,1.34099,1.34006,1.34047,30
2025-10-20T06:00:00.000Z,1.34047,1.34088,1.33995,1.34036,30
2025-10-20T07:00:00.000Z,1.34036,1.34091,1.33995,1.3405,30
2025-10-20T08:00:00.000Z,1.3405,1.3415,1.34023,1.34123,70
2025-10-20T09:00:00.000Z,1.34123,1.34206,1.34096,1.34179,70
2025-10-20T10:00:00.000Z,1.34179,1.34263,1.34152,1.34236,70
2025-10-20T11:00:00.000Z,1.34236,1.34302,1.34209,1.34275,70
2025-10-20T12:00:00.000Z,1.34275,1.34353,1.34257,1.34335,80
2025-10-20T13:00:00.000Z,1.34335,1.34402,1.34317,1.34384,80
2025-10-20T14:00:00.000Z,1.34384,1.34451,1.34366,1.34433,80
2025-10-20T15:00:00.000Z,1.34433,1.34489,1.34415,1.34471,80
2025-10-20T16:00:00.000Z,1.34471,1.3448,1.34442,1.34451,30
2025-10-20T17:00:00.000Z,1.34451,1.3446,1.34428,1.34437,30
2025-10-20T18:00:00.000Z,1.34437,1.34446,1.34414,1.34423,30
2025-10-20T19:00:00.000Z,1.34423,1.34432,1.34406,1.34415,30
2025-10-20T20:00:00.000Z,1.34415,1.34449,1.34269,1.34303,15
2025-10-20T21:00:00.000Z,1.34303,1.34337,1.34179,1.34213,15
2025-10-20T22:00:00.000Z,1.34213,1.34247,1.34088,1.34122,15
2025-10-20T23:00:00.000Z,1.34122,1.34156,1.34018,1.34052,15
2025-10-21T00:00:00.000Z,1.33667,1.3368,1.33626,1.33639,25
2025-10-21T01:00:00.000Z,1.33639,1.33652,1.33605,1.33618,25
2025-10-21T02:00:00.000Z,1.33618,1.33631,1.33585,1.33598,25
2025-10-21T03:00:00.000Z,1.33598,1.33611,1.33573,1.33586,25
2025-10-21T04:00:00.000Z,1.33586,1.33644,1.3356,1.33618,30
2025-10-21T05:00:00.000Z,1.33618,1.3366,1.33592,1.33634,30
2025-10-21T06:00:00.000Z,1.33634,1.33676,1.33608,1.3365,30
2025-10-21T07:00:00.000Z,1.3365,1.33676,1.33624,1.3365,30
2025-10-21T08:00:00.000Z,1.3365,1.33689,1.33506,1.33545,70
2025-10-21T09:00:00.000Z,1.33545,1.33584,1.33426,1.33465,70
2025-10-21T10:00:00.000Z,1.33465,1.33504,1.33345,1.33384,70
2025-10-21T11:00:00.000Z,1.33384,1.33423,1.33289,1.33328,70
2025-10-21T12:00:00.000Z,1.33328,1.33354,1.33216,1.33242,80
2025-10-21T13:00:00.000Z,1.33242,1.33268,1.33145,1.33171,80
2025-10-21T14:00:00.000Z,1.33171,1.33197,1.33075,1.33101,80
2025-10-21T15:00:00.000Z,1.33101,1.33127,1.33021,1.33047,80
2025-10-21T16:00:00.000Z,1.33047,1.33088,1.33034,1.33075,30
2025-10-21T17:00:00.000Z,1.33075,1.33108,1.33062,1.33095,30
2025-10-21T18:00:00.000Z,1.33095,1.33128,1.33082,1.33115,30
2025-10-21T19:00:00.000Z,1.33115,1.3314,1.33102,1.33127,30
2025-10-21T20:00:00.000Z,1.33127,1.33337,1.33079,1.33289,15
2025-10-21T21:00:00.000Z,1.33289,1.33468,1.33241,1.3342,15
2025-10-21T22:00:00.000Z,1.3342,1.33599,1.33372,1.33551,15
2025-10-21T23:00:00.000Z,1.33551,1.337,1.33503,1.33652,15
2025-10-22T00:00:00.000Z,1.33502,1.33525,1.33495,1.33518,25
2025-10-22T01:00:00.000Z,1.33518,1.33537,1.33511,1.3353,25
2025-10-22T02:00:00.000Z,1.3353,1.33548,1.33523,1.33541,25
2025-10-22T03:00:00.000Z,1.33541,1.33555,1.33534,1.33548,25
2025-10-22T04:00:00.000Z,1.33548,1.33584,1.3348,1.33516,30
2025-10-22T05:00:00.000Z,1.33516,1.33552,1.33471,1.33507,30
2025-10-22T06:00:00.000Z,1.33507,1.33543,1.33462,1.33498,30
2025-10-22T07:00:00.000Z,1.33498,1.33548,1.33462,1.33512,30
2025-10-22T08:00:00.000Z,1.33512,1.33593,1.3349,1.33571,70
2025-10-22T09:00:00.000Z,1.33571,1.33639,1.33549,1.33617,70
2025-10-22T10:00:00.000Z,1.33617,1.33685,1.33595,1.33663,70
2025-10-22T11:00:00.000Z,1.33663,1.33717,1.33641,1.33695,70
2025-10-22T12:00:00.000Z,1.33695,1.33759,1.3368,1.33744,80
2025-10-22T13:00:00.000Z,1.33744,1.338,1.33729,1.33785,80
2025-10-22T14:00:00.000Z,1.33785,1.3384,1.3377,1.33825,80
2025-10-22T15:00:00.000Z,1.33825,1.33871,1.3381,1.33856,80
2025-10-22T16:00:00.000Z,1.33856,1.33863,1.33833,1.3384,30
2025-10-22T17:00:00.000Z,1.3384,1.33847,1.33821,1.33828,30
2025-10-22T18:00:00.000Z,1.33828,1.33835,1.3381,1.33817,30
2025-10-22T19:00:00.000Z,1.33817,1.33824,1.33803,1.3381,30
2025-10-22T20:00:00.000Z,1.3381,1.33837,1.33693,1.3372,15
2025-10-22T21:00:00.000Z,1.3372,1.33747,1.3362,1.33647,15
2025-10-22T22:00:00.000Z,1.33647,1.33674,1.33547,1.33574,15
2025-10-22T23:00:00.000Z,1.33574,1.33601,1.33491,1.33518,15
2025-10-23T00:00:00.000Z,1.33273,1.33306,1.33263,1.33296,25
2025-10-23T01:00:00.000Z,1.33296,1.33323,1.33286,1.33313,25
2025-10-23T02:00:00.000Z,1.33313,1.33339,1.33303,1.33329,25
2025-10-23T03:00:00.000Z,1.33329,1.33349,1.33319,1.33339,25
2025-10-23T04:00:00.000Z,1.33339,1.33374,1.33269,1.33304,30
2025-10-23T05:00:00.000Z,1.33304,1.33339,1.33256,1.33291,30
2025-10-23T06:00:00.000Z,1.33291,1.33326,1.33242,1.33277,30
2025-10-23T07:00:00.000Z,1.33277,1.33321,1.33242,1.33286,30
2025-10-23T08:00:00.000Z,1.33286,1.33403,1.33254,1.33371,70
2025-10-23T09:00:00.000Z,1.33371,1.33469,1.33339,1.33437,70
2025-10-23T10:00:00.000Z,1.33437,1.33535,1.33405,1.33503,70
2025-10-23T11:00:00.000Z,1.33503,1.33581,1.33471,1.33549,70
2025-10-23T12:00:00.000Z,1.33549,1.33641,1.33528,1.3362,80
2025-10-23T13:00:00.000Z,1.3362,1.33698,1.33599,1.33677,80
2025-10-23T14:00:00.000Z,1.33677,1.33756,1.33656,1.33735,80
2025-10-23T15:00:00.000Z,1.33735,1.338,1.33714,1.33779,80
2025-10-23T16:00:00.000Z,1.33779,1.3379,1.33745,1.33756,30
2025-10-23T17:00:00.000Z,1.33756,1.33767,1.33728,1.33739,30
2025-10-23T18:00:00.000Z,1.33739,1.3375,1.33712,1.33723,30
2025-10-23T19:00:00.000Z,1.33723,1.33734,1.33702,1.33713,30
2025-10-23T20:00:00.000Z,1.33713,1.33753,1.33538,1.33578,15
2025-10-23T21:00:00.000Z,1.33578,1.33618,1.33429,1.33469,15
2025-10-23T22:00:00.000Z,1.33469,1.33509,1.33319,1.33359,15
2025-10-23T23:00:00.000Z,1.33359,1.33399,1.33235,1.33275,15
2025-10-27T00:00:00.000Z,1.33236,1.33243,1.33215,1.33222,25
2025-10-27T01:00:00.000Z,1.33222,1.33229,1.33204,1.33211,25
2025-10-27T02:00:00.000Z,1.33211,1.33218,1.33194,1.33201,25
2025-10-27T03:00:00.000Z,1.33201,1.33208,1.33188,1.33195,25
2025-10-27T04:00:00.000Z,1.33195,1.33248,1.33167,1.3322,30
2025-10-27T05:00:00.000Z,1.3322,1.33256,1.33192,1.33228,30
2025-10-27T06:00:00.000Z,1.33228,1.33264,1.332,1.33236,30
2025-10-27T07:00:00.000Z,1.33236,1.33264,1.33199,1.33227,30
2025-10-27T08:00:00.000Z,1.33227,1.33247,1.33154,1.33174,70
2025-10-27T09:00:00.000Z,1.33174,1.33194,1.33113,1.33133,70
2025-10-27T10:00:00.000Z,1.33133,1.33153,1.33072,1.33092,70
2025-10-27T11:00:00.000Z,1.33092,1.33112,1.33043,1.33063,70
2025-10-27T12:00:00.000Z,1.33063,1.33076,1.33006,1.33019,80
2025-10-27T13:00:00.000Z,1.33019,1.33032,1.3297,1.32983,80
2025-10-27T14:00:00.000Z,1.32983,1.32996,1.32934,1.32947,80
2025-10-27T15:00:00.000Z,1.32947,1.3296,1.32906,1.32919,80
2025-10-27T16:00:00.000Z,1.32919,1.32941,1.32912,1.32934,30
2025-10-27T17:00:00.000Z,1.32934,1.32951,1.32927,1.32944,30
2025-10-27T18:00:00.000Z,1.32944,1.32962,1.32937,1.32955,30
2025-10-27T19:00:00.000Z,1.32955,1.32968,1.32948,1.32961,30
2025-10-27T20:00:00.000Z,1.32961,1.33066,1.32937,1.33042,15
2025-10-27T21:00:00.000Z,1.33042,1.33132,1.33018,1.33108,15
2025-10-27T22:00:00.000Z,1.33108,1.33197,1.33084,1.33173,15
2025-10-27T23:00:00.000Z,1.33173,1.33248,1.33149,1.33224,15
2025-10-28T00:00:00.000Z,1.33394,1.33455,1.33375,1.33436,25
2025-10-28T01:00:00.000Z,1.33436,1.33485,1.33417,1.33466,25
2025-10-28T02:00:00.000Z,1.33466,1.33515,1.33447,1.33496,25
2025-10-28T03:00:00.000Z,1.33496,1.33533,1.33477,1.33514,25
2025-10-28T04:00:00.000Z,1.33514,1.336,1.3335,1.33436,30
2025-10-28T05:00:00.000Z,1.33436,1.33522,1.33326,1.33412,30
2025-10-28T06:00:00.000Z,1.33412,1.33498,1.33302,1.33388,30
2025-10-28T07:00:00.000Z,1.33388,1.33504,1.33302,1.33418,30
2025-10-28T08:00:00.000Z,1.33418,1.33632,1.3336,1.33574,70
2025-10-28T09:00:00.000Z,1.33574,1.33752,1.33516,1.33694,70
2025-10-28T10:00:00.000Z,1.33694,1.33872,1.33636,1.33814,70
2025-10-28T11:00:00.000Z,1.33814,1.33956,1.33756,1.33898,70
2025-10-28T12:00:00.000Z,1.33898,1.34065,1.3386,1.34027,80
2025-10-28T13:00:00.000Z,1.34027,1.34169,1.33989,1.34131,80
2025-10-28T14:00:00.000Z,1.34131,1.34274,1.34093,1.34236,80
2025-10-28T15:00:00.000Z,1.34236,1.34355,1.34198,1.34317,80
2025-10-28T16:00:00.000Z,1.34317,1.34336,1.34256,1.34275,30
2025-10-28T17:00:00.000Z,1.34275,1.34294,1.34226,1.34245,30
2025-10-28T18:00:00.000Z,1.34245,1.34264,1.34196,1.34215,30
2025-10-28T19:00:00.000Z,1.34215,1.34234,1.34178,1.34197,30
2025-10-28T20:00:00.000Z,1.34197,1.3427,1.33882,1.33955,15
2025-10-28T21:00:00.000Z,1.33955,1.34028,1.33685,1.33758,15
2025-10-28T22:00:00.000Z,1.33758,1.33831,1.33488,1.33561,15
2025-10-28T23:00:00.000Z,1.33561,1.33634,1.33337,1.3341,15
2025-10-29T00:00:00.000Z,1.32784,1.32826,1.32771,1.32813,25
2025-10-29T01:00:00.000Z,1.32813,1.32847,1.328,1.32834,25
2025-10-29T02:00:00.000Z,1.32834,1.32868,1.32821,1.32855,25
2025-10-29T03:00:00.000Z,1.32855,1.32881,1.32842,1.32868,25
2025-10-29T04:00:00.000Z,1.32868,1.32943,1.3273,1.32805,30
2025-10-29T05:00:00.000Z,1.32805,1.3288,1.32713,1.32788,30
2025-10-29T06:00:00.000Z,1.32788,1.32863,1.32696,1.32771,30
2025-10-29T07:00:00.000Z,1.32771,1.32876,1.32696,1.32801,30
2025-10-29T08:00:00.000Z,1.32801,1.32949,1.32761,1.32909,70
2025-10-29T09:00:00.000Z,1.32909,1.33032,1.32869,1.32992,70
2025-10-29T10:00:00.000Z,1.32992,1.33115,1.32952,1.33075,70
2025-10-29T11:00:00.000Z,1.33075,1.33173,1.33035,1.33133,70
2025-10-29T12:00:00.000Z,1.33133,1.33249,1.33106,1.33222,80
2025-10-29T13:00:00.000Z,1.33222,1.33322,1.33195,1.33295,80
2025-10-29T14:00:00.000Z,1.33295,1.33395,1.33268,1.33368,80
2025-10-29T15:00:00.000Z,1.33368,1.33451,1.33341,1.33424,80
2025-10-29T16:00:00.000Z,1.33424,1.33437,1.33382,1.33395,30
2025-10-29T17:00:00.000Z,1.33395,1.33408,1.33361,1.33374,30
2025-10-29T18:00:00.000Z,1.33374,1.33387,1.3334,1.33353,30
2025-10-29T19:00:00.000Z,1.33353,1.33366,1.33328,1.33341,30
2025-10-29T20:00:00.000Z,1.33341,1.33391,1.33122,1.33172,15
2025-10-29T21:00:00.000Z,1.33172,1.33222,1.32985,1.33035,15
2025-10-29T22:00:00.000Z,1.33035,1.33085,1.32848,1.32898,15
2025-10-29T23:00:00.000Z,1.32898,1.32948,1.32743,1.32793,15
2025-10-30T00:00:00.000Z,1.3194,1.31991,1.31924,1.31975,25
2025-10-30T01:00:00.000Z,1.31975,1.32017,1.31959,1.32001,25
2025-10-30T02:00:00.000Z,1.32001,1.32042,1.31985,1.32026,25
2025-10-30T03:00:00.000Z,1.32026,1.32057,1.3201,1.32041,25
2025-10-30T04:00:00.000Z,1.32041,1.32114,1.31902,1.31975,30
2025-10-30T05:00:00.000Z,1.31975,1.32048,1.31882,1.31955,30
2025-10-30T06:00:00.000Z,1.31955,1.32028,1.31862,1.31935,30
2025-10-30T07:00:00.000Z,1.31935,1.32033,1.31862,1.3196,30
2025-10-30T08:00:00.000Z,1.3196,1.32141,1.31911,1.32092,70
2025-10-30T09:00:00.000Z,1.32092,1.32242,1.32043,1.32193,70
2025-10-30T10:00:00.000Z,1.32193,1.32344,1.32144,1.32295,70
2025-10-30T11:00:00.000Z,1.32295,1.32415,1.32246,1.32366,70
2025-10-30T12:00:00.000Z,1.32366,1.32507,1.32334,1.32475,80
2025-10-30T13:00:00.000Z,1.32475,1.32596,1.32443,1.32564,80
2025-10-30T14:00:00.000Z,1.32564,1.32685,1.32532,1.32653,80
2025-10-30T15:00:00.000Z,1.32653,1.32753,1.32621,1.32721,80
2025-10-30T16:00:00.000Z,1.32721,1.32737,1.3267,1.32686,30
2025-10-30T17:00:00.000Z,1.32686,1.32702,1.32644,1.3266,30
2025-10-30T18:00:00.000Z,1.3266,1.32676,1.32619,1.32635,30
2025-10-30T19:00:00.000Z,1.32635,1.32651,1.32604,1.3262,30
2025-10-30T20:00:00.000Z,1.3262,1.32681,1.32354,1.32415,15
2025-10-30T21:00:00.000Z,1.32415,1.32476,1.32188,1.32249,15
2025-10-30T22:00:00.000Z,1.32249,1.3231,1.32021,1.32082,15
2025-10-30T23:00:00.000Z,1.32082,1.32143,1.31893,1.31954,15
2025-10-31T00:00:00.000Z,1.31601,1.31611,1.31568,1.31578,25
2025-10-31T01:00:00.000Z,1.31578,1.31588,1.31552,1.31562,25
2025-10-31T02:00:00.000Z,1.31562,1.31572,1.31536,1.31546,25
2025-10-31T03:00:00.000Z,1.31546,1.31556,1.31526,1.31536,25
2025-10-31T04:00:00.000Z,1.31536,1.31569,1.31524,1.31557,30
2025-10-31T05:00:00.000Z,1.31557,1.31582,1.31545,1.3157,30
2025-10-31T06:00:00.000Z,1.3157,1.31595,1.31558,1.31583,30
2025-10-31T07:00:00.000Z,1.31583,1.316,1.31571,1.31588,30
2025-10-31T08:00:00.000Z,1.31588,1.3162,1.3147,1.31502,70
2025-10-31T09:00:00.000Z,1.31502,1.31534,1.31405,1.31437,70
2025-10-31T10:00:00.000Z,1.31437,1.31469,1.31339,1.31371,70
2025-10-31T11:00:00.000Z,1.31371,1.31403,1.31293,1.31325,70
2025-10-31T12:00:00.000Z,1.31325,1.31354,1.3122,1.31249,80
2025-10-31T13:00:00.000Z,1.31249,1.31278,1.31163,1.31192,80
2025-10-31T14:00:00.000Z,1.31192,1.31221,1.31105,1.31134,80
2025-10-31T15:00:00.000Z,1.31134,1.31163,1.31066,1.31095,80
2025-10-31T16:00:00.000Z,1.31095,1.31128,1.31085,1.31118,30
2025-10-31T17:00:00.000Z,1.31118,1.31144,1.31108,1.31134,30
2025-10-31T18:00:00.000Z,1.31134,1.3116,1.31124,1.3115,30
2025-10-31T19:00:00.000Z,1.3115,1.3117,1.3114,1.3116,30
2025-10-31T20:00:00.000Z,1.3116,1.31333,1.3112,1.31293,15
2025-10-31T21:00:00.000Z,1.31293,1.3144,1.31253,1.314,15
2025-10-31T22:00:00.000Z,1.314,1.31548,1.3136,1.31508,15
2025-10-31T23:00:00.000Z,1.31508,1.31631,1.31468,1.31591,15
2025-11-03T00:00:00.000Z,1.31365,1.31371,1.31345,1.31351,25
2025-11-03T01:00:00.000Z,1.31351,1.31357,1.31335,1.31341,25
2025-11-03T02:00:00.000Z,1.31341,1.31347,1.31325,1.31331,25
2025-11-03T03:00:00.000Z,1.31331,1.31337,1.31319,1.31325,25
2025-11-03T04:00:00.000Z,1.31325,1.31359,1.31309,1.31343,30
2025-11-03T05:00:00.000Z,1.31343,1.31367,1.31327,1.31351,30
2025-11-03T06:00:00.000Z,1.31351,1.31375,1.31335,1.31359,30
2025-11-03T07:00:00.000Z,1.31359,1.31375,1.31341,1.31357,30
2025-11-03T08:00:00.000Z,1.31357,1.31376,1.31287,1.31306,70
2025-11-03T09:00:00.000Z,1.31306,1.31325,1.31248,1.31267,70
2025-11-03T10:00:00.000Z,1.31267,1.31286,1.31208,1.31227,70
2025-11-03T11:00:00.000Z,1.31227,1.31246,1.31181,1.312,70
2025-11-03T12:00:00.000Z,1.312,1.31213,1.31145,1.31158,80
2025-11-03T13:00:00.000Z,1.31158,1.31171,1.3111,1.31123,80
2025-11-03T14:00:00.000Z,1.31123,1.31136,1.31076,1.31089,80
2025-11-03T15:00:00.000Z,1.31089,1.31102,1.31049,1.31062,80
2025-11-03T16:00:00.000Z,1.31062,1.31082,1.31056,1.31076,30
2025-11-03T17:00:00.000Z,1.31076,1.31091,1.3107,1.31085,30
2025-11-03T18:00:00.000Z,1.31085,1.31101,1.31079,1.31095,30
2025-11-03T19:00:00.000Z,1.31095,1.31107,1.31089,1.31101,30
2025-11-03T20:00:00.000Z,1.31101,1.312,1.31078,1.31177,15
2025-11-03T21:00:00.000Z,1.31177,1.31261,1.31154,1.31238,15
2025-11-03T22:00:00.000Z,1.31238,1.31323,1.31215,1.313,15
2025-11-03T23:00:00.000Z,1.313,1.3137,1.31277,1.31347,15
2025-11-04T00:00:00.000Z,1.31318,1.31372,1.31301,1.31355,25
2025-11-04T01:00:00.000Z,1.31355,1.31398,1.31338,1.31381,25
2025-11-04T02:00:00.000Z,1.31381,1.31424,1.31364,1.31407,25
2025-11-04T03:00:00.000Z,1.31407,1.3144,1.3139,1.31423,25
2025-11-04T04:00:00.000Z,1.31423,1.31512,1.31257,1.31346,30
2025-11-04T05:00:00.000Z,1.31346,1.31435,1.31236,1.31325,30
2025-11-04T06:00:00.000Z,1.31325,1.31414,1.31215,1.31304,30
2025-11-04T07:00:00.000Z,1.31304,1.31428,1.31215,1.31339,30
2025-11-04T08:00:00.000Z,1.31339,1.31525,1.31289,1.31475,70
2025-11-04T09:00:00.000Z,1.31475,1.3163,1.31425,1.3158,70
2025-11-04T10:00:00.000Z,1.3158,1.31735,1.3153,1.31685,70
2025-11-04T11:00:00.000Z,1.31685,1.31808,1.31635,1.31758,70
2025-11-04T12:00:00.000Z,1.31758,1.31905,1.31724,1.31871,80
2025-11-04T13:00:00.000Z,1.31871,1.31996,1.31837,1.31962,80
2025-11-04T14:00:00.000Z,1.31962,1.32088,1.31928,1.32054,80
2025-11-04T15:00:00.000Z,1.32054,1.32159,1.3202,1.32125,80
2025-11-04T16:00:00.000Z,1.32125,1.32142,1.32071,1.32088,30
2025-11-04T17:00:00.000Z,1.32088,1.32105,1.32045,1.32062,30
2025-11-04T18:00:00.000Z,1.32062,1.32079,1.32019,1.32036,30
2025-11-04T19:00:00.000Z,1.32036,1.32053,1.32003,1.3202,30
2025-11-04T20:00:00.000Z,1.3202,1.32082,1.31753,1.31815,15
2025-11-04T21:00:00.000Z,1.31815,1.31877,1.31586,1.31648,15
2025-11-04T22:00:00.000Z,1.31648,1.3171,1.31419,1.31481,15
2025-11-04T23:00:00.000Z,1.31481,1.31543,1.31291,1.31353,15
2025-11-05T00:00:00.000Z,1.30219,1.30225,1.30199,1.30205,25
2025-11-05T01:00:00.000Z,1.30205,1.30211,1.30189,1.30195,25
2025-11-05T02:00:00.000Z,1.30195,1.30201,1.30179,1.30185,25
2025-11-05T03:00:00.000Z,1.30185,1.30191,1.30173,1.30179,25
2025-11-05T04:00:00.000Z,1.30179,1.30233,1.30151,1.30205,30
2025-11-05T05:00:00.000Z,1.30205,1.30241,1.30177,1.30213,30
2025-11-05T06:00:00.000Z,1.30213,1.30249,1.30185,1.30221,30
2025-11-05T07:00:00.000Z,1.30221,1.30249,1.30183,1.30211,30
2025-11-05T08:00:00.000Z,1.30211,1.3023,1.3014,1.30159,70
2025-11-05T09:00:00.000Z,1.30159,1.30178,1.30101,1.3012,70
2025-11-05T10:00:00.000Z,1.3012,1.30139,1.30061,1.3008,70
2025-11-05T11:00:00.000Z,1.3008,1.30099,1.30033,1.30052,70
2025-11-05T12:00:00.000Z,1.30052,1.30065,1.29996,1.30009,80
2025-11-05T13:00:00.000Z,1.30009,1.30022,1.29962,1.29975,80
2025-11-05T14:00:00.000Z,1.29975,1.29988,1.29927,1.2994,80
2025-11-05T15:00:00.000Z,1.2994,1.29953,1.299,1.29913,80
2025-11-05T16:00:00.000Z,1.29913,1.29933,1.29907,1.29927,30
2025-11-05T17:00:00.000Z,1.29927,1.29942,1.29921,1.29936,30
2025-11-05T18:00:00.000Z,1.29936,1.29952,1.2993,1.29946,30
2025-11-05T19:00:00.000Z,1.29946,1.29958,1.2994,1.29952,30
2025-11-05T20:00:00.000Z,1.29952,1.30058,1.29928,1.30034,15
2025-11-05T21:00:00.000Z,1.30034,1.30124,1.3001,1.301,15
2025-11-05T22:00:00.000Z,1.301,1.3019,1.30076,1.30166,15
2025-11-05T23:00:00.000Z,1.30166,1.30241,1.30142,1.30217,15
2025-11-06T00:00:00.000Z,1.30528,1.3054,1.30491,1.30503,25
2025-11-06T01:00:00.000Z,1.30503,1.30515,1.30472,1.30484,25
2025-11-06T02:00:00.000Z,1.30484,1.30496,1.30454,1.30466,25
2025-11-06T03:00:00.000Z,1.30466,1.30478,1.30443,1.30455,25
2025-11-06T04:00:00.000Z,1.30455,1.30577,1.30389,1.30511,30
2025-11-06T05:00:00.000Z,1.30511,1.30591,1.30445,1.30525,30
2025-11-06T06:00:00.000Z,1.30525,1.30606,1.30459,1.3054,30
2025-11-06T07:00:00.000Z,1.3054,1.30606,1.30447,1.30513,30
2025-11-06T08:00:00.000Z,1.30513,1.30548,1.30384,1.30419,70
2025-11-06T09:00:00.000Z,1.30419,1.30454,1.30311,1.30346,70
2025-11-06T10:00:00.000Z,1.30346,1.30381,1.30239,1.30274,70
2025-11-06T11:00:00.000Z,1.30274,1.30309,1.30188,1.30223,70
2025-11-06T12:00:00.000Z,1.30223,1.30246,1.30122,1.30145,80
2025-11-06T13:00:00.000Z,1.30145,1.30168,1.30058,1.30081,80
2025-11-06T14:00:00.000Z,1.30081,1.30104,1.29995,1.30018,80
2025-11-06T15:00:00.000Z,1.30018,1.30041,1.29946,1.29969,80
2025-11-06T16:00:00.000Z,1.29969,1.30006,1.29957,1.29994,30
2025-11-06T17:00:00.000Z,1.29994,1.30025,1.29982,1.30013,30
2025-11-06T18:00:00.000Z,1.30013,1.30043,1.30001,1.30031,30
2025-11-06T19:00:00.000Z,1.30031,1.30054,1.30019,1.30042,30
2025-11-06T20:00:00.000Z,1.30042,1.30235,1.29998,1.30191,15
2025-11-06T21:00:00.000Z,1.30191,1.30356,1.30147,1.30312,15
2025-11-06T22:00:00.000Z,1.30312,1.30477,1.30268,1.30433,15
2025-11-06T23:00:00.000Z,1.30433,1.3057,1.30389,1.30526,15
2025-11-07T00:00:00.000Z,1.31406,1.31447,1.31393,1.31434,25
2025-11-07T01:00:00.000Z,1.31434,1.31466,1.31421,1.31453,25
2025-11-07T02:00:00.000Z,1.31453,1.31486,1.3144,1.31473,25
2025-11-07T03:00:00.000Z,1.31473,1.31498,1.3146,1.31485,25
2025-11-07T04:00:00.000Z,1.31485,1.31531,1.31395,1.31441,30
2025-11-07T05:00:00.000Z,1.31441,1.31487,1.31379,1.31425,30
2025-11-07T06:00:00.000Z,1.31425,1.31471,1.31363,1.31409,30
2025-11-07T07:00:00.000Z,1.31409,1.31468,1.31363,1.31422,30
2025-11-07T08:00:00.000Z,1.31422,1.31563,1.31384,1.31525,70
2025-11-07T09:00:00.000Z,1.31525,1.31642,1.31487,1.31604,70
2025-11-07T10:00:00.000Z,1.31604,1.31721,1.31566,1.31683,70
2025-11-07T11:00:00.000Z,1.31683,1.31776,1.31645,1.31738,70
2025-11-07T12:00:00.000Z,1.31738,1.31848,1.31713,1.31823,80
2025-11-07T13:00:00.000Z,1.31823,1.31917,1.31798,1.31892,80
2025-11-07T14:00:00.000Z,1.31892,1.31986,1.31867,1.31961,80
2025-11-07T15:00:00.000Z,1.31961,1.32039,1.31936,1.32014,80
2025-11-07T16:00:00.000Z,1.32014,1.32027,1.31973,1.31986,30
2025-11-07T17:00:00.000Z,1.31986,1.31999,1.31954,1.31967,30
2025-11-07T18:00:00.000Z,1.31967,1.3198,1.31934,1.31947,30
2025-11-07T19:00:00.000Z,1.31947,1.3196,1.31922,1.31935,30
2025-11-07T20:00:00.000Z,1.31935,1.31983,1.31725,1.31773,15
2025-11-07T21:00:00.000Z,1.31773,1.31821,1.31594,1.31642,15
2025-11-07T22:00:00.000Z,1.31642,1.3169,1.31463,1.31511,15
2025-11-07T23:00:00.000Z,1.31511,1.31559,1.31362,1.3141,15
2025-11-10T00:00:00.000Z,1.31506,1.31514,1.3148,1.31488,25
2025-11-10T01:00:00.000Z,1.31488,1.31496,1.31467,1.31475,25
2025-11-10T02:00:00.000Z,1.31475,1.31483,1.31454,1.31462,25
2025-11-10T03:00:00.000Z,1.31462,1.3147,1.31446,1.31454,25
2025-11-10T04:00:00.000Z,1.31454,1.31528,1.31415,1.31489,30
2025-11-10T05:00:00.000Z,1.31489,1.31538,1.3145,1.31499,30
2025-11-10T06:00:00.000Z,1.31499,1.31549,1.3146,1.3151,30
2025-11-10T07:00:00.000Z,1.3151,1.31549,1.31457,1.31496,30
2025-11-10T08:00:00.000Z,1.31496,1.31521,1.31403,1.31428,70
2025-11-10T09:00:00.000Z,1.31428,1.31453,1.3135,1.31375,70
2025-11-10T10:00:00.000Z,1.31375,1.314,1.31298,1.31323,70
2025-11-10T11:00:00.000Z,1.31323,1.31348,1.31261,1.31286,70
2025-11-10T12:00:00.000Z,1.31286,1.31303,1.31212,1.31229,80
2025-11-10T13:00:00.000Z,1.31229,1.31246,1.31166,1.31183,80
2025-11-10T14:00:00.000Z,1.31183,1.312,1.3112,1.31137,80
2025-11-10T15:00:00.000Z,1.31137,1.31154,1.31085,1.31102,80
2025-11-10T16:00:00.000Z,1.31102,1.31128,1.31094,1.3112,30
2025-11-10T17:00:00.000Z,1.3112,1.31141,1.31112,1.31133,30
2025-11-10T18:00:00.000Z,1.31133,1.31154,1.31125,1.31146,30
2025-11-10T19:00:00.000Z,1.31146,1.31162,1.31138,1.31154,30
2025-11-10T20:00:00.000Z,1.31154,1.31264,1.31128,1.31238,15
2025-11-10T21:00:00.000Z,1.31238,1.31333,1.31212,1.31307,15
2025-11-10T22:00:00.000Z,1.31307,1.31401,1.31281,1.31375,15
2025-11-10T23:00:00.000Z,1.31375,1.31453,1.31349,1.31427,15
2025-11-11T00:00:00.000Z,1.31731,1.31741,1.31698,1.31708,25
2025-11-11T01:00:00.000Z,1.31708,1.31718,1.31682,1.31692,25
2025-11-11T02:00:00.000Z,1.31692,1.31702,1.31666,1.31676,25
2025-11-11T03:00:00.000Z,1.31676,1.31686,1.31656,1.31666,25
2025-11-11T04:00:00.000Z,1.31666,1.31705,1.3165,1.31689,30
2025-11-11T05:00:00.000Z,1.31689,1.31718,1.31673,1.31702,30
2025-11-11T06:00:00.000Z,1.31702,1.31731,1.31686,1.31715,30
2025-11-11T07:00:00.000Z,1.31715,1.31734,1.31699,1.31718,30
2025-11-11T08:00:00.000Z,1.31718,1.3175,1.316,1.31632,70
2025-11-11T09:00:00.000Z,1.31632,1.31664,1.31535,1.31567,70
2025-11-11T10:00:00.000Z,1.31567,1.31599,1.31469,1.31501,70
2025-11-11T11:00:00.000Z,1.31501,1.31533,1.31423,1.31455,70
2025-11-11T12:00:00.000Z,1.31455,1.3148,1.31357,1.31382,80
2025-11-11T13:00:00.000Z,1.31382,1.31407,1.31299,1.31324,80
2025-11-11T14:00:00.000Z,1.31324,1.31349,1.31241,1.31266,80
2025-11-11T15:00:00.000Z,1.31266,1.31291,1.31199,1.31224,80
2025-11-11T16:00:00.000Z,1.31224,1.31258,1.31213,1.31247,30
2025-11-11T17:00:00.000Z,1.31247,1.31275,1.31236,1.31264,30
2025-11-11T18:00:00.000Z,1.31264,1.31291,1.31253,1.3128,30
2025-11-11T19:00:00.000Z,1.3128,1.31301,1.31269,1.3129,30
2025-11-11T20:00:00.000Z,1.3129,1.31465,1.3125,1.31425,15
2025-11-11T21:00:00.000Z,1.31425,1.31575,1.31385,1.31535,15
2025-11-11T22:00:00.000Z,1.31535,1.31685,1.31495,1.31645,15
2025-11-11T23:00:00.000Z,1.31645,1.3177,1.31605,1.3173,15
2025-11-12T00:00:00.000Z,1.31529,1.31565,1.31518,1.31554,25
2025-11-12T01:00:00.000Z,1.31554,1.31582,1.31543,1.31571,25
2025-11-12T02:00:00.000Z,1.31571,1.31599,1.3156,1.31588,25
2025-11-12T03:00:00.000Z,1.31588,1.3161,1.31577,1.31599,25
2025-11-12T04:00:00.000Z,1.31599,1.31661,1.31484,1.31546,30
2025-11-12T05:00:00.000Z,1.31546,1.31608,1.3147,1.31532,30
2025-11-12T06:00:00.000Z,1.31532,1.31594,1.31456,1.31518,30
2025-11-12T07:00:00.000Z,1.31518,1.31605,1.31456,1.31543,30
2025-11-12T08:00:00.000Z,1.31543,1.31668,1.31509,1.31634,70
2025-11-12T09:00:00.000Z,1.31634,1.31738,1.316,1.31704,70
2025-11-12T10:00:00.000Z,1.31704,1.31808,1.3167,1.31774,70
2025-11-12T11:00:00.000Z,1.31774,1.31857,1.3174,1.31823,70
2025-11-12T12:00:00.000Z,1.31823,1.3192,1.31801,1.31898,80
2025-11-12T13:00:00.000Z,1.31898,1.31982,1.31876,1.3196,80
2025-11-12T14:00:00.000Z,1.3196,1.32043,1.31938,1.32021,80
2025-11-12T15:00:00.000Z,1.32021,1.3209,1.31999,1.32068,80
2025-11-12T16:00:00.000Z,1.32068,1.32079,1.32033,1.32044,30
2025-11-12T17:00:00.000Z,1.32044,1.32055,1.32015,1.32026,30
2025-11-12T18:00:00.000Z,1.32026,1.32037,1.31997,1.32008,30
2025-11-12T19:00:00.000Z,1.32008,1.32019,1.31987,1.31998,30
2025-11-12T20:00:00.000Z,1.31998,1.32041,1.31811,1.31854,15
2025-11-12T21:00:00.000Z,1.31854,1.31897,1.31694,1.31737,15
2025-11-12T22:00:00.000Z,1.31737,1.3178,1.31576,1.31619,15
2025-11-12T23:00:00.000Z,1.31619,1.31662,1.31486,1.31529,15
2025-11-13T00:00:00.000Z,1.31303,1.31321,1.31247,1.31265,25
2025-11-13T01:00:00.000Z,1.31265,1.31283,1.31219,1.31237,25
2025-11-13T02:00:00.000Z,1.31237,1.31255,1.31192,1.3121,25
2025-11-13T03:00:00.000Z,1.3121,1.31228,1.31175,1.31193,25
2025-11-13T04:00:00.000Z,1.31193,1.31345,1.31113,1.31265,30
2025-11-13T05:00:00.000Z,1.31265,1.31367,1.31185,1.31287,30
2025-11-13T06:00:00.000Z,1.31287,1.31389,1.31207,1.31309,30
2025-11-13T07:00:00.000Z,1.31309,1.31389,1.31201,1.31281,30
2025-11-13T08:00:00.000Z,1.31281,1.31334,1.31086,1.31139,70
2025-11-13T09:00:00.000Z,1.31139,1.31192,1.30976,1.31029,70
2025-11-13T10:00:00.000Z,1.31029,1.31082,1.30867,1.3092,70
2025-11-13T11:00:00.000Z,1.3092,1.30973,1.3079,1.30843,70
2025-11-13T12:00:00.000Z,1.30843,1.30878,1.3069,1.30725,80
2025-11-13T13:00:00.000Z,1.30725,1.3076,1.30595,1.3063,80
2025-11-13T14:00:00.000Z,1.3063,1.30665,1.30499,1.30534,80
2025-11-13T15:00:00.000Z,1.30534,1.30569,1.30425,1.3046,80
2025-11-13T16:00:00.000Z,1.3046,1.30516,1.30442,1.30498,30
2025-11-13T17:00:00.000Z,1.30498,1.30543,1.3048,1.30525,30
2025-11-13T18:00:00.000Z,1.30525,1.30571,1.30507,1.30553,30
2025-11-13T19:00:00.000Z,1.30553,1.30587,1.30535,1.30569,30
2025-11-13T20:00:00.000Z,1.30569,1.30852,1.30504,1.30787,15
2025-11-13T21:00:00.000Z,1.30787,1.31029,1.30722,1.30964,15
2025-11-13T22:00:00.000Z,1.30964,1.31207,1.30899,1.31142,15
2025-11-13T23:00:00.000Z,1.31142,1.31343,1.31077,1.31278,15
2025-11-14T00:00:00.000Z,1.31536,1.31549,1.31494,1.31507,25
2025-11-14T01:00:00.000Z,1.31507,1.3152,1.31473,1.31486,25
2025-11-14T02:00:00.000Z,1.31486,1.31499,1.31452,1.31465,25
2025-11-14T03:00:00.000Z,1.31465,1.31478,1.31439,1.31452,25
2025-11-14T04:00:00.000Z,1.31452,1.31535,1.31411,1.31494,30
2025-11-14T05:00:00.000Z,1.31494,1.31552,1.31453,1.31511,30
2025-11-14T06:00:00.000Z,1.31511,1.31569,1.3147,1.31528,30
2025-11-14T07:00:00.000Z,1.31528,1.31569,1.31478,1.31519,30
2025-11-14T08:00:00.000Z,1.31519,1.31559,1.3137,1.3141,70
2025-11-14T09:00:00.000Z,1.3141,1.3145,1.31286,1.31326,70
2025-11-14T10:00:00.000Z,1.31326,1.31366,1.31202,1.31242,70
2025-11-14T11:00:00.000Z,1.31242,1.31282,1.31143,1.31183,70
2025-11-14T12:00:00.000Z,1.31183,1.3121,1.31066,1.31093,80
2025-11-14T13:00:00.000Z,1.31093,1.3112,1.30992,1.31019,80
2025-11-14T14:00:00.000Z,1.31019,1.31046,1.30919,1.30946,80
2025-11-14T15:00:00.000Z,1.30946,1.30973,1.30862,1.30889,80
2025-11-14T16:00:00.000Z,1.30889,1.30931,1.30876,1.30918,30
2025-11-14T17:00:00.000Z,1.30918,1.30952,1.30905,1.30939,30
2025-11-14T18:00:00.000Z,1.30939,1.30973,1.30926,1.3096,30
2025-11-14T19:00:00.000Z,1.3096,1.30986,1.30947,1.30973,30
2025-11-14T20:00:00.000Z,1.30973,1.31193,1.30922,1.31142,15
2025-11-14T21:00:00.000Z,1.31142,1.3133,1.31091,1.31279,15
2025-11-14T22:00:00.000Z,1.31279,1.31467,1.31228,1.31416,15
2025-11-14T23:00:00.000Z,1.31416,1.31573,1.31365,1.31522,15
2025-11-17T00:00:00.000Z,1.31574,1.31603,1.31565,1.31594,25
2025-11-17T01:00:00.000Z,1.31594,1.31617,1.31585,1.31608,25
2025-11-17T02:00:00.000Z,1.31608,1.31631,1.31599,1.31622,25
2025-11-17T03:00:00.000Z,1.31622,1.31639,1.31613,1.3163,25
2025-11-17T04:00:00.000Z,1.3163,1.31653,1.31581,1.31604,30
2025-11-17T05:00:00.000Z,1.31604,1.31627,1.3157,1.31593,30
2025-11-17T06:00:00.000Z,1.31593,1.31616,1.31559,1.31582,30
2025-11-17T07:00:00.000Z,1.31582,1.31608,1.31559,1.31585,30
2025-11-17T08:00:00.000Z,1.31585,1.31685,1.31558,1.31658,70
2025-11-17T09:00:00.000Z,1.31658,1.31741,1.31631,1.31714,70
2025-11-17T10:00:00.000Z,1.31714,1.31798,1.31687,1.31771,70
2025-11-17T11:00:00.000Z,1.31771,1.31837,1.31744,1.3181,70
2025-11-17T12:00:00.000Z,1.3181,1.31888,1.31792,1.3187,80
2025-11-17T13:00:00.000Z,1.3187,1.31937,1.31852,1.31919,80
2025-11-17T14:00:00.000Z,1.31919,1.31986,1.31901,1.31968,80
2025-11-17T15:00:00.000Z,1.31968,1.32024,1.3195,1.32006,80
2025-11-17T16:00:00.000Z,1.32006,1.32015,1.31977,1.31986,30
2025-11-17T17:00:00.000Z,1.31986,1.31995,1.31963,1.31972,30
2025-11-17T18:00:00.000Z,1.31972,1.31981,1.31949,1.31958,30
2025-11-17T19:00:00.000Z,1.31958,1.31967,1.31941,1.3195,30
2025-11-17T20:00:00.000Z,1.3195,1.31982,1.3181,1.31842,15
2025-11-17T21:00:00.000Z,1.31842,1.31874,1.31723,1.31755,15
2025-11-17T22:00:00.000Z,1.31755,1.31787,1.31636,1.31668,15
2025-11-17T23:00:00.000Z,1.31668,1.317,1.31569,1.31601,15
2025-11-18T00:00:00.000Z,1.31537,1.31557,1.31531,1.31551,25
2025-11-18T01:00:00.000Z,1.31551,1.31566,1.31545,1.3156,25
2025-11-18T02:00:00.000Z,1.3156,1.31576,1.31554,1.3157,25
2025-11-18T03:00:00.000Z,1.3157,1.31582,1.31564,1.31576,25
2025-11-18T04:00:00.000Z,1.31576,1.31594,1.31539,1.31557,30
2025-11-18T05:00:00.000Z,1.31557,1.31575,1.31531,1.31549,30
2025-11-18T06:00:00.000Z,1.31549,1.31567,1.31523,1.31541,30
2025-11-18T07:00:00.000Z,1.31541,1.31563,1.31523,1.31545,30
2025-11-18T08:00:00.000Z,1.31545,1.31614,1.31526,1.31595,70
2025-11-18T09:00:00.000Z,1.31595,1.31653,1.31576,1.31634,70
2025-11-18T10:00:00.000Z,1.31634,1.31692,1.31615,1.31673,70
2025-11-18T11:00:00.000Z,1.31673,1.31719,1.31654,1.317,70
2025-11-18T12:00:00.000Z,1.317,1.31754,1.31688,1.31742,80
2025-11-18T13:00:00.000Z,1.31742,1.31788,1.3173,1.31776,80
2025-11-18T14:00:00.000Z,1.31776,1.31822,1.31764,1.3181,80
2025-11-18T15:00:00.000Z,1.3181,1.31848,1.31798,1.31836,80
2025-11-18T16:00:00.000Z,1.31836,1.31842,1.31816,1.31822,30
2025-11-18T17:00:00.000Z,1.31822,1.31828,1.31807,1.31813,30
2025-11-18T18:00:00.000Z,1.31813,1.31819,1.31797,1.31803,30
2025-11-18T19:00:00.000Z,1.31803,1.31809,1.31791,1.31797,30
2025-11-18T20:00:00.000Z,1.31797,1.31819,1.31703,1.31725,15
2025-11-18T21:00:00.000Z,1.31725,1.31747,1.31644,1.31666,15
2025-11-18T22:00:00.000Z,1.31666,1.31688,1.31585,1.31607,15
2025-11-18T23:00:00.000Z,1.31607,1.31629,1.3154,1.31562,15
2025-11-19T00:00:00.000Z,1.31475,1.31519,1.31461,1.31505,25
2025-11-19T01:00:00.000Z,1.31505,1.31541,1.31491,1.31527,25
2025-11-19T02:00:00.000Z,1.31527,1.31563,1.31513,1.31549,25
2025-11-19T03:00:00.000Z,1.31549,1.31576,1.31535,1.31562,25
2025-11-19T04:00:00.000Z,1.31562,1.31635,1.31426,1.31499,30
2025-11-19T05:00:00.000Z,1.31499,1.31572,1.31409,1.31482,30
2025-11-19T06:00:00.000Z,1.31482,1.31555,1.31392,1.31465,30
2025-11-19T07:00:00.000Z,1.31465,1.31566,1.31392,1.31493,30
2025-11-19T08:00:00.000Z,1.31493,1.31648,1.31451,1.31606,70
2025-11-19T09:00:00.000Z,1.31606,1.31735,1.31564,1.31693,70
2025-11-19T10:00:00.000Z,1.31693,1.31822,1.31651,1.3178,70
2025-11-19T11:00:00.000Z,1.3178,1.31883,1.31738,1.31841,70
2025-11-19T12:00:00.000Z,1.31841,1.31962,1.31813,1.31934,80
2025-11-19T13:00:00.000Z,1.31934,1.32038,1.31906,1.3201,80
2025-11-19T14:00:00.000Z,1.3201,1.32114,1.31982,1.32086,80
2025-11-19T15:00:00.000Z,1.32086,1.32173,1.32058,1.32145,80
2025-11-19T16:00:00.000Z,1.32145,1.32159,1.32101,1.32115,30
2025-11-19T17:00:00.000Z,1.32115,1.32129,1.32079,1.32093,30
2025-11-19T18:00:00.000Z,1.32093,1.32107,1.32057,1.32071,30
2025-11-19T19:00:00.000Z,1.32071,1.32085,1.32044,1.32058,30
2025-11-19T20:00:00.000Z,1.32058,1.32112,1.31825,1.31879,15
2025-11-19T21:00:00.000Z,1.31879,1.31933,1.31679,1.31733,15
2025-11-19T22:00:00.000Z,1.31733,1.31787,1.31533,1.31587,15
2025-11-19T23:00:00.000Z,1.31587,1.31641,1.31421,1.31475,15
2025-11-20T00:00:00.000Z,1.3061,1.30652,1.30597,1.30639,25
2025-11-20T01:00:00.000Z,1.30639,1.30672,1.30626,1.30659,25
2025-11-20T02:00:00.000Z,1.30659,1.30693,1.30646,1.3068,25
2025-11-20T03:00:00.000Z,1.3068,1.30705,1.30667,1.30692,25
2025-11-20T04:00:00.000Z,1.30692,1.30719,1.30632,1.30659,30
2025-11-20T05:00:00.000Z,1.30659,1.30686,1.30615,1.30642,30
2025-11-20T06:00:00.000Z,1.30642,1.30669,1.30598,1.30625,30
2025-11-20T07:00:00.000Z,1.30625,1.30653,1.30598,1.30626,30
2025-11-20T08:00:00.000Z,1.30626,1.30773,1.30586,1.30733,70
2025-11-20T09:00:00.000Z,1.30733,1.30855,1.30693,1.30815,70
2025-11-20T10:00:00.000Z,1.30815,1.30937,1.30775,1.30897,70
2025-11-20T11:00:00.000Z,1.30897,1.30995,1.30857,1.30955,70
2025-11-20T12:00:00.000Z,1.30955,1.31069,1.30929,1.31043,80
2025-11-20T13:00:00.000Z,1.31043,1.31141,1.31017,1.31115,80
2025-11-20T14:00:00.000Z,1.31115,1.31213,1.31089,1.31187,80
2025-11-20T15:00:00.000Z,1.31187,1.31269,1.31161,1.31243,80
2025-11-20T16:00:00.000Z,1.31243,1.31256,1.31201,1.31214,30
2025-11-20T17:00:00.000Z,1.31214,1.31227,1.31181,1.31194,30
2025-11-20T18:00:00.000Z,1.31194,1.31207,1.3116,1.31173,30
2025-11-20T19:00:00.000Z,1.31173,1.31186,1.31148,1.31161,30
2025-11-20T20:00:00.000Z,1.31161,1.31211,1.30944,1.30994,15
2025-11-20T21:00:00.000Z,1.30994,1.31044,1.30808,1.30858,15
2025-11-20T22:00:00.000Z,1.30858,1.30908,1.30673,1.30723,15
2025-11-20T23:00:00.000Z,1.30723,1.30773,1.30568,1.30618,15
2025-11-21T00:00:00.000Z,1.30837,1.30869,1.30827,1.30859,25
2025-11-21T01:00:00.000Z,1.30859,1.30885,1.30849,1.30875,25
2025-11-21T02:00:00.000Z,1.30875,1.309,1.30865,1.3089,25
2025-11-21T03:00:00.000Z,1.3089,1.3091,1.3088,1.309,25
2025-11-21T04:00:00.000Z,1.309,1.30942,1.30819,1.30861,30
2025-11-21T05:00:00.000Z,1.30861,1.30903,1.30806,1.30848,30
2025-11-21T06:00:00.000Z,1.30848,1.3089,1.30793,1.30835,30
2025-11-21T07:00:00.000Z,1.30835,1.30891,1.30793,1.30849,30
2025-11-21T08:00:00.000Z,1.30849,1.3096,1.30819,1.3093,70
2025-11-21T09:00:00.000Z,1.3093,1.31023,1.309,1.30993,70
2025-11-21T10:00:00.000Z,1.30993,1.31086,1.30963,1.31056,70
2025-11-21T11:00:00.000Z,1.31056,1.3113,1.31026,1.311,70
2025-11-21T12:00:00.000Z,1.311,1.31187,1.3108,1.31167,80
2025-11-21T13:00:00.000Z,1.31167,1.31242,1.31147,1.31222,80
2025-11-21T14:00:00.000Z,1.31222,1.31297,1.31202,1.31277,80
2025-11-21T15:00:00.000Z,1.31277,1.31339,1.31257,1.31319,80
2025-11-21T16:00:00.000Z,1.31319,1.31329,1.31287,1.31297,30
2025-11-21T17:00:00.000Z,1.31297,1.31307,1.31271,1.31281,30
2025-11-21T18:00:00.000Z,1.31281,1.31291,1.31255,1.31265,30
2025-11-21T19:00:00.000Z,1.31265,1.31275,1.31246,1.31256,30
2025-11-21T20:00:00.000Z,1.31256,1.31294,1.31093,1.31131,15
2025-11-21T21:00:00.000Z,1.31131,1.31169,1.30991,1.31029,15
2025-11-21T22:00:00.000Z,1.31029,1.31067,1.30889,1.30927,15
2025-11-21T23:00:00.000Z,1.30927,1.30965,1.30811,1.30849,15
2025-11-24T00:00:00.000Z,1.30969,1.30975,1.3095,1.30956,25
2025-11-24T01:00:00.000Z,1.30956,1.30962,1.30941,1.30947,25
2025-11-24T02:00:00.000Z,1.30947,1.30953,1.30932,1.30938,25
2025-11-24T03:00:00.000Z,1.30938,1.30944,1.30926,1.30932,25
2025-11-24T04:00:00.000Z,1.30932,1.30974,1.30911,1.30953,30
2025-11-24T05:00:00.000Z,1.30953,1.30981,1.30932,1.3096,30
2025-11-24T06:00:00.000Z,1.3096,1.30989,1.30939,1.30968,30
2025-11-24T07:00:00.000Z,1.30968,1.30989,1.30941,1.30962,30
2025-11-24T08:00:00.000Z,1.30962,1.3098,1.30896,1.30914,70
2025-11-24T09:00:00.000Z,1.30914,1.30932,1.30859,1.30877,70
2025-11-24T10:00:00.000Z,1.30877,1.30895,1.30822,1.3084,70
2025-11-24T11:00:00.000Z,1.3084,1.30858,1.30796,1.30814,70
2025-11-24T12:00:00.000Z,1.30814,1.30826,1.30762,1.30774,80
2025-11-24T13:00:00.000Z,1.30774,1.30786,1.3073,1.30742,80
2025-11-24T14:00:00.000Z,1.30742,1.30754,1.30698,1.3071,80
2025-11-24T15:00:00.000Z,1.3071,1.30722,1.30673,1.30685,80
2025-11-24T16:00:00.000Z,1.30685,1.30704,1.30679,1.30698,30
2025-11-24T17:00:00.000Z,1.30698,1.30713,1.30692,1.30707,30
2025-11-24T18:00:00.000Z,1.30707,1.30722,1.30701,1.30716,30
2025-11-24T19:00:00.000Z,1.30716,1.30728,1.3071,1.30722,30
2025-11-24T20:00:00.000Z,1.30722,1.30818,1.307,1.30796,15
2025-11-24T21:00:00.000Z,1.30796,1.30879,1.30774,1.30857,15
2025-11-24T22:00:00.000Z,1.30857,1.30939,1.30835,1.30917,15
2025-11-24T23:00:00.000Z,1.30917,1.30986,1.30895,1.30964,15
2025-11-25T00:00:00.000Z,1.31062,1.31113,1.31046,1.31097,25
2025-11-25T01:00:00.000Z,1.31097,1.31137,1.31081,1.31121,25
2025-11-25T02:00:00.000Z,1.31121,1.31162,1.31105,1.31146,25
2025-11-25T03:00:00.000Z,1.31146,1.31177,1.3113,1.31161,25
2025-11-25T04:00:00.000Z,1.31161,1.31181,1.31109,1.31129,30
2025-11-25T05:00:00.000Z,1.31129,1.31149,1.31089,1.31109,30
2025-11-25T06:00:00.000Z,1.31109,1.31129,1.31069,1.31089,30
2025-11-25T07:00:00.000Z,1.31089,1.31109,1.31061,1.31081,30
2025-11-25T08:00:00.000Z,1.31081,1.31258,1.31033,1.3121,70
2025-11-25T09:00:00.000Z,1.3121,1.31357,1.31162,1.31309,70
2025-11-25T10:00:00.000Z,1.31309,1.31457,1.31261,1.31409,70
2025-11-25T11:00:00.000Z,1.31409,1.31526,1.31361,1.31478,70
2025-11-25T12:00:00.000Z,1.31478,1.31633,1.31436,1.31591,80
2025-11-25T13:00:00.000Z,1.31591,1.31719,1.31549,1.31677,80
2025-11-25T14:00:00.000Z,1.31677,1.31806,1.31635,1.31764,80
2025-11-25T15:00:00.000Z,1.31764,1.31866,1.31722,1.31824,80
2025-11-25T16:00:00.000Z,1.31824,1.3184,1.31773,1.31789,30
2025-11-25T17:00:00.000Z,1.31789,1.31805,1.31749,1.31765,30
2025-11-25T18:00:00.000Z,1.31765,1.31781,1.31724,1.3174,30
2025-11-25T19:00:00.000Z,1.3174,1.31756,1.31709,1.31725,30
2025-11-25T20:00:00.000Z,1.31725,1.31786,1.3146,1.31521,15
2025-11-25T21:00:00.000Z,1.31521,1.31582,1.31294,1.31355,15
2025-11-25T22:00:00.000Z,1.31355,1.31416,1.31129,1.3119,15
2025-11-25T23:00:00.000Z,1.3119,1.31251,1.31001,1.31062,15
2025-11-26T00:00:00.000Z,1.3161,1.31628,1.31553,1.31571,25
2025-11-26T01:00:00.000Z,1.31571,1.31589,1.31526,1.31544,25
2025-11-26T02:00:00.000Z,1.31544,1.31562,1.31498,1.31516,25
2025-11-26T03:00:00.000Z,1.31516,1.31534,1.31482,1.315,25
2025-11-26T04:00:00.000Z,1.315,1.31641,1.31427,1.31568,30
2025-11-26T05:00:00.000Z,1.31568,1.31663,1.31495,1.3159,30
2025-11-26T06:00:00.000Z,1.3159,1.31685,1.31517,1.31612,30
2025-11-26T07:00:00.000Z,1.31612,1.31685,1.31515,1.31588,30
2025-11-26T08:00:00.000Z,1.31588,1.31641,1.31392,1.31445,70
2025-11-26T09:00:00.000Z,1.31445,1.31498,1.31282,1.31335,70
2025-11-26T10:00:00.000Z,1.31335,1.31388,1.31172,1.31225,70
2025-11-26T11:00:00.000Z,1.31225,1.31278,1.31095,1.31148,70
2025-11-26T12:00:00.000Z,1.31148,1.31183,1.30995,1.3103,80
2025-11-26T13:00:00.000Z,1.3103,1.31065,1.30898,1.30933,80
2025-11-26T14:00:00.000Z,1.30933,1.30968,1.30802,1.30837,80
2025-11-26T15:00:00.000Z,1.30837,1.30872,1.30728,1.30763,80
2025-11-26T16:00:00.000Z,1.30763,1.3082,1.30745,1.30802,30
2025-11-26T17:00:00.000Z,1.30802,1.30847,1.30784,1.30829,30
2025-11-26T18:00:00.000Z,1.30829,1.30874,1.30811,1.30856,30
2025-11-26T19:00:00.000Z,1.30856,1.30891,1.30838,1.30873,30
2025-11-26T20:00:00.000Z,1.30873,1.31159,1.30807,1.31093,15
2025-11-26T21:00:00.000Z,1.31093,1.31337,1.31027,1.31271,15
2025-11-26T22:00:00.000Z,1.31271,1.31516,1.31205,1.3145,15
2025-11-26T23:00:00.000Z,1.3145,1.31653,1.31384,1.31587,15
2025-11-27T00:00:00.000Z,1.3245,1.32459,1.3242,1.32429,25
2025-11-27T01:00:00.000Z,1.32429,1.32438,1.32406,1.32415,25
2025-11-27T02:00:00.000Z,1.32415,1.32424,1.32391,1.324,25
2025-11-27T03:00:00.000Z,1.324,1.32409,1.32382,1.32391,25
2025-11-27T04:00:00.000Z,1.32391,1.32447,1.32364,1.3242,30
2025-11-27T05:00:00.000Z,1.3242,1.32459,1.32393,1.32432,30
2025-11-27T06:00:00.000Z,1.32432,1.32471,1.32405,1.32444,30
2025-11-27T07:00:00.000Z,1.32444,1.32471,1.32412,1.32439,30
2025-11-27T08:00:00.000Z,1.32439,1.32467,1.32334,1.32362,70
2025-11-27T09:00:00.000Z,1.32362,1.3239,1.32275,1.32303,70
2025-11-27T10:00:00.000Z,1.32303,1.32331,1.32216,1.32244,70
2025-11-27T11:00:00.000Z,1.32244,1.32272,1.32175,1.32203,70
2025-11-27T12:00:00.000Z,1.32203,1.32222,1.32121,1.3214,80
2025-11-27T13:00:00.000Z,1.3214,1.32159,1.32069,1.32088,80
2025-11-27T14:00:00.000Z,1.32088,1.32107,1.32018,1.32037,80
2025-11-27T15:00:00.000Z,1.32037,1.32056,1.31978,1.31997,80
2025-11-27T16:00:00.000Z,1.31997,1.32027,1.31988,1.32018,30
2025-11-27T17:00:00.000Z,1.32018,1.32041,1.32009,1.32032,30
2025-11-27T18:00:00.000Z,1.32032,1.32056,1.32023,1.32047,30
2025-11-27T19:00:00.000Z,1.32047,1.32065,1.32038,1.32056,30
2025-11-27T20:00:00.000Z,1.32056,1.32213,1.3202,1.32177,15
2025-11-27T21:00:00.000Z,1.32177,1.32312,1.32141,1.32276,15
2025-11-27T22:00:00.000Z,1.32276,1.3241,1.3224,1.32374,15
2025-11-27T23:00:00.000Z,1.32374,1.32486,1.32338,1.3245,15
2025-11-28T00:00:00.000Z,1.32414,1.32422,1.32389,1.32397,25
2025-11-28T01:00:00.000Z,1.32397,1.32405,1.32377,1.32385,25
2025-11-28T02:00:00.000Z,1.32385,1.32393,1.32364,1.32372,25
2025-11-28T03:00:00.000Z,1.32372,1.3238,1.32357,1.32365,25
2025-11-28T04:00:00.000Z,1.32365,1.32396,1.32352,1.32383,30
2025-11-28T05:00:00.000Z,1.32383,1.32406,1.3237,1.32393,30
2025-11-28T06:00:00.000Z,1.32393,1.32416,1.3238,1.32403,30
2025-11-28T07:00:00.000Z,1.32403,1.32417,1.3239,1.32404,30
2025-11-28T08:00:00.000Z,1.32404,1.32428,1.32316,1.3234,70
2025-11-28T09:00:00.000Z,1.3234,1.32364,1.32267,1.32291,70
2025-11-28T10:00:00.000Z,1.32291,1.32315,1.32218,1.32242,70
2025-11-28T11:00:00.000Z,1.32242,1.32266,1.32184,1.32208,70
2025-11-28T12:00:00.000Z,1.32208,1.32225,1.32137,1.32154,80
2025-11-28T13:00:00.000Z,1.32154,1.32171,1.32094,1.32111,80
2025-11-28T14:00:00.000Z,1.32111,1.32128,1.32051,1.32068,80
2025-11-28T15:00:00.000Z,1.32068,1.32085,1.32019,1.32036,80
2025-11-28T16:00:00.000Z,1.32036,1.32061,1.32028,1.32053,30
2025-11-28T17:00:00.000Z,1.32053,1.32073,1.32045,1.32065,30
2025-11-28T18:00:00.000Z,1.32065,1.32086,1.32057,1.32078,30
2025-11-28T19:00:00.000Z,1.32078,1.32093,1.3207,1.32085,30
2025-11-28T20:00:00.000Z,1.32085,1.32216,1.32055,1.32186,15
2025-11-28T21:00:00.000Z,1.32186,1.32297,1.32156,1.32267,15
2025-11-28T22:00:00.000Z,1.32267,1.32379,1.32237,1.32349,15
2025-11-28T23:00:00.000Z,1.32349,1.32442,1.32319,1.32412,15
2025-12-01T00:00:00.000Z,1.32408,1.32419,1.32374,1.32385,25
2025-12-01T01:00:00.000Z,1.32385,1.32396,1.32357,1.32368,25
2025-12-01T02:00:00.000Z,1.32368,1.32379,1.32341,1.32352,25
2025-12-01T03:00:00.000Z,1.32352,1.32363,1.32331,1.32342,25
2025-12-01T04:00:00.000Z,1.32342,1.32412,1.32307,1.32377,30
2025-12-01T05:00:00.000Z,1.32377,1.32425,1.32342,1.3239,30
2025-12-01T06:00:00.000Z,1.3239,1.32439,1.32355,1.32404,30
2025-12-01T07:00:00.000Z,1.32404,1.32439,1.3236,1.32395,30
2025-12-01T08:00:00.000Z,1.32395,1.32427,1.32277,1.32309,70
2025-12-01T09:00:00.000Z,1.32309,1.32341,1.3221,1.32242,70
2025-12-01T10:00:00.000Z,1.32242,1.32274,1.32144,1.32176,70
2025-12-01T11:00:00.000Z,1.32176,1.32208,1.32097,1.32129,70
2025-12-01T12:00:00.000Z,1.32129,1.3215,1.32037,1.32058,80
2025-12-01T13:00:00.000Z,1.32058,1.32079,1.31979,1.32,80
2025-12-01T14:00:00.000Z,1.32,1.32021,1.31921,1.31942,80
2025-12-01T15:00:00.000Z,1.31942,1.31963,1.31876,1.31897,80
2025-12-01T16:00:00.000Z,1.31897,1.31931,1.31886,1.3192,30
2025-12-01T17:00:00.000Z,1.3192,1.31948,1.31909,1.31937,30
2025-12-01T18:00:00.000Z,1.31937,1.31964,1.31926,1.31953,30
2025-12-01T19:00:00.000Z,1.31953,1.31974,1.31942,1.31963,30
2025-12-01T20:00:00.000Z,1.31963,1.32137,1.31923,1.32097,15
2025-12-01T21:00:00.000Z,1.32097,1.32246,1.32057,1.32206,15
2025-12-01T22:00:00.000Z,1.32206,1.32354,1.32166,1.32314,15
2025-12-01T23:00:00.000Z,1.32314,1.32438,1.32274,1.32398,15
2025-12-02T00:00:00.000Z,1.32099,1.32105,1.32079,1.32085,25
2025-12-02T01:00:00.000Z,1.32085,1.32091,1.32068,1.32074,25
2025-12-02T02:00:00.000Z,1.32074,1.3208,1.32058,1.32064,25
2025-12-02T03:00:00.000Z,1.32064,1.3207,1.32052,1.32058,25
2025-12-02T04:00:00.000Z,1.32058,1.32091,1.32043,1.32076,30
2025-12-02T05:00:00.000Z,1.32076,1.32099,1.32061,1.32084,30
2025-12-02T06:00:00.000Z,1.32084,1.32107,1.32069,1.32092,30
2025-12-02T07:00:00.000Z,1.32092,1.32107,1.32076,1.32091,30
2025-12-02T08:00:00.000Z,1.32091,1.3211,1.32019,1.32038,70
2025-12-02T09:00:00.000Z,1.32038,1.32057,1.31979,1.31998,70
2025-12-02T10:00:00.000Z,1.31998,1.32017,1.31938,1.31957,70
2025-12-02T11:00:00.000Z,1.31957,1.31976,1.3191,1.31929,70
2025-12-02T12:00:00.000Z,1.31929,1.31942,1.31872,1.31885,80
2025-12-02T13:00:00.000Z,1.31885,1.31898,1.31837,1.3185,80
2025-12-02T14:00:00.000Z,1.3185,1.31863,1.31801,1.31814,80
2025-12-02T15:00:00.000Z,1.31814,1.31827,1.31774,1.31787,80
2025-12-02T16:00:00.000Z,1.31787,1.31807,1.31781,1.31801,30
2025-12-02T17:00:00.000Z,1.31801,1.31818,1.31795,1.31812,30
2025-12-02T18:00:00.000Z,1.31812,1.31828,1.31806,1.31822,30
2025-12-02T19:00:00.000Z,1.31822,1.31834,1.31816,1.31828,30
2025-12-02T20:00:00.000Z,1.31828,1.31934,1.31804,1.3191,15
2025-12-02T21:00:00.000Z,1.3191,1.32,1.31886,1.31976,15
2025-12-02T22:00:00.000Z,1.31976,1.32066,1.31952,1.32042,15
2025-12-02T23:00:00.000Z,1.32042,1.32117,1.32018,1.32093,15
2025-12-03T00:00:00.000Z,1.32209,1.3223,1.32143,1.32164,25
2025-12-03T01:00:00.000Z,1.32164,1.32185,1.32111,1.32132,25
2025-12-03T02:00:00.000Z,1.32132,1.32153,1.32078,1.32099,25
2025-12-03T03:00:00.000Z,1.32099,1.3212,1.32059,1.3208,25
2025-12-03T04:00:00.000Z,1.3208,1.32296,1.31963,1.32179,30
2025-12-03T05:00:00.000Z,1.32179,1.32321,1.32062,1.32204,30
2025-12-03T06:00:00.000Z,1.32204,1.32347,1.32087,1.3223,30
2025-12-03T07:00:00.000Z,1.3223,1.32347,1.32066,1.32183,30
2025-12-03T08:00:00.000Z,1.32183,1.32245,1.31953,1.32015,70
2025-12-03T09:00:00.000Z,1.32015,1.32077,1.31824,1.31886,70
2025-12-03T10:00:00.000Z,1.31886,1.31948,1.31695,1.31757,70
2025-12-03T11:00:00.000Z,1.31757,1.31819,1.31605,1.31667,70
2025-12-03T12:00:00.000Z,1.31667,1.31708,1.31488,1.31529,80
2025-12-03T13:00:00.000Z,1.31529,1.3157,1.31375,1.31416,80
2025-12-03T14:00:00.000Z,1.31416,1.31457,1.31262,1.31303,80
2025-12-03T15:00:00.000Z,1.31303,1.31344,1.31175,1.31216,80
2025-12-03T16:00:00.000Z,1.31216,1.31282,1.31195,1.31261,30
2025-12-03T17:00:00.000Z,1.31261,1.31314,1.3124,1.31293,30
2025-12-03T18:00:00.000Z,1.31293,1.31347,1.31272,1.31326,30
2025-12-03T19:00:00.000Z,1.31326,1.31366,1.31305,1.31345,30
2025-12-03T20:00:00.000Z,1.31345,1.31684,1.31267,1.31606,15
2025-12-03T21:00:00.000Z,1.31606,1.31897,1.31528,1.31819,15
2025-12-03T22:00:00.000Z,1.31819,1.32109,1.31741,1.32031,15
2025-12-03T23:00:00.000Z,1.32031,1.32273,1.31953,1.32195,15
2025-12-04T00:00:00.000Z,1.33469,1.335,1.33459,1.3349,25
2025-12-04T01:00:00.000Z,1.3349,1.33514,1.3348,1.33504,25
2025-12-04T02:00:00.000Z,1.33504,1.33529,1.33494,1.33519,25
2025-12-04T03:00:00.000Z,1.33519,1.33538,1.33509,1.33528,25
2025-12-04T04:00:00.000Z,1.33528,1.33553,1.33476,1.33501,30
2025-12-04T05:00:00.000Z,1.33501,1.33526,1.33464,1.33489,30
2025-12-04T06:00:00.000Z,1.33489,1.33514,1.33452,1.33477,30
2025-12-04T07:00:00.000Z,1.33477,1.33506,1.33452,1.33481,30
2025-12-04T08:00:00.000Z,1.33481,1.33588,1.33452,1.33559,70
2025-12-04T09:00:00.000Z,1.33559,1.33647,1.3353,1.33618,70
2025-12-04T10:00:00.000Z,1.33618,1.33707,1.33589,1.33678,70
2025-12-04T11:00:00.000Z,1.33678,1.33749,1.33649,1.3372,70
2025-12-04T12:00:00.000Z,1.3372,1.33803,1.33701,1.33784,80
2025-12-04T13:00:00.000Z,1.33784,1.33855,1.33765,1.33836,80
2025-12-04T14:00:00.000Z,1.33836,1.33908,1.33817,1.33889,80
2025-12-04T15:00:00.000Z,1.33889,1.33948,1.3387,1.33929,80
2025-12-04T16:00:00.000Z,1.33929,1.33939,1.33898,1.33908,30
2025-12-04T17:00:00.000Z,1.33908,1.33918,1.33883,1.33893,30
2025-12-04T18:00:00.000Z,1.33893,1.33903,1.33868,1.33878,30
2025-12-04T19:00:00.000Z,1.33878,1.33888,1.33859,1.33869,30
2025-12-04T20:00:00.000Z,1.33869,1.33904,1.33717,1.33752,15
2025-12-04T21:00:00.000Z,1.33752,1.33787,1.33621,1.33656,15
2025-12-04T22:00:00.000Z,1.33656,1.33691,1.33526,1.33561,15
2025-12-04T23:00:00.000Z,1.33561,1.33596,1.33453,1.33488,15
2025-12-05T00:00:00.000Z,1.33239,1.33246,1.33217,1.33224,25
2025-12-05T01:00:00.000Z,1.33224,1.33231,1.33206,1.33213,25
2025-12-05T02:00:00.000Z,1.33213,1.3322,1.33195,1.33202,25
2025-12-05T03:00:00.000Z,1.33202,1.33209,1.33189,1.33196,25
2025-12-05T04:00:00.000Z,1.33196,1.33263,1.3316,1.33227,30
2025-12-05T05:00:00.000Z,1.33227,1.33271,1.33191,1.33235,30
2025-12-05T06:00:00.000Z,1.33235,1.3328,1.33199,1.33244,30
2025-12-05T07:00:00.000Z,1.33244,1.3328,1.33194,1.3323,30
2025-12-05T08:00:00.000Z,1.3323,1.33251,1.33152,1.33173,70
2025-12-05T09:00:00.000Z,1.33173,1.33194,1.33109,1.3313,70
2025-12-05T10:00:00.000Z,1.3313,1.33151,1.33065,1.33086,70
2025-12-05T11:00:00.000Z,1.33086,1.33107,1.33035,1.33056,70
2025-12-05T12:00:00.000Z,1.33056,1.3307,1.32995,1.33009,80
2025-12-05T13:00:00.000Z,1.33009,1.33023,1.32957,1.32971,80
2025-12-05T14:00:00.000Z,1.32971,1.32985,1.32918,1.32932,80
2025-12-05T15:00:00.000Z,1.32932,1.32946,1.32889,1.32903,80
2025-12-05T16:00:00.000Z,1.32903,1.32925,1.32896,1.32918,30
2025-12-05T17:00:00.000Z,1.32918,1.32936,1.32911,1.32929,30
2025-12-05T18:00:00.000Z,1.32929,1.32947,1.32922,1.3294,30
2025-12-05T19:00:00.000Z,1.3294,1.32954,1.32933,1.32947,30
2025-12-05T20:00:00.000Z,1.32947,1.33055,1.32922,1.3303,15
2025-12-05T21:00:00.000Z,1.3303,1.33123,1.33005,1.33098,15
2025-12-05T22:00:00.000Z,1.33098,1.33191,1.33073,1.33166,15
2025-12-05T23:00:00.000Z,1.33166,1.33243,1.33141,1.33218,15
2025-12-08T00:00:00.000Z,1.33266,1.33272,1.33246,1.33252,25
2025-12-08T01:00:00.000Z,1.33252,1.33258,1.33236,1.33242,25
2025-12-08T02:00:00.000Z,1.33242,1.33248,1.33226,1.33232,25
2025-12-08T03:00:00.000Z,1.33232,1.33238,1.3322,1.33226,25
2025-12-08T04:00:00.000Z,1.33226,1.33268,1.33205,1.33247,30
2025-12-08T05:00:00.000Z,1.33247,1.33276,1.33226,1.33255,30
2025-12-08T06:00:00.000Z,1.33255,1.33284,1.33234,1.33263,30
2025-12-08T07:00:00.000Z,1.33263,1.33284,1.33237,1.33258,30
2025-12-08T08:00:00.000Z,1.33258,1.33277,1.33188,1.33207,70
2025-12-08T09:00:00.000Z,1.33207,1.33226,1.33148,1.33167,70
2025-12-08T10:00:00.000Z,1.33167,1.33186,1.33109,1.33128,70
2025-12-08T11:00:00.000Z,1.33128,1.33147,1.33081,1.331,70
2025-12-08T12:00:00.000Z,1.331,1.33113,1.33045,1.33058,80
2025-12-08T13:00:00.000Z,1.33058,1.33071,1.3301,1.33023,80
2025-12-08T14:00:00.000Z,1.33023,1.33036,1.32976,1.32989,80
2025-12-08T15:00:00.000Z,1.32989,1.33002,1.32949,1.32962,80
2025-12-08T16:00:00.000Z,1.32962,1.32982,1.32956,1.32976,30
2025-12-08T17:00:00.000Z,1.32976,1.32992,1.3297,1.32986,30
2025-12-08T18:00:00.000Z,1.32986,1.33002,1.3298,1.32996,30
2025-12-08T19:00:00.000Z,1.32996,1.33008,1.3299,1.33002,30
2025-12-08T20:00:00.000Z,1.33002,1.331,1.32979,1.33077,15
2025-12-08T21:00:00.000Z,1.33077,1.33161,1.33054,1.33138,15
2025-12-08T22:00:00.000Z,1.33138,1.33222,1.33115,1.33199,15
2025-12-08T23:00:00.000Z,1.33199,1.33269,1.33176,1.33246,15
2025-12-09T00:00:00.000Z,1.33298,1.33308,1.33265,1.33275,25
2025-12-09T01:00:00.000Z,1.33275,1.33285,1.33249,1.33259,25
2025-12-09T02:00:00.000Z,1.33259,1.33269,1.33233,1.33243,25
2025-12-09T03:00:00.000Z,1.33243,1.33253,1.33223,1.33233,25
2025-12-09T04:00:00.000Z,1.33233,1.33292,1.33205,1.33264,30
2025-12-09T05:00:00.000Z,1.33264,1.33305,1.33236,1.33277,30
2025-12-09T06:00:00.000Z,1.33277,1.33318,1.33249,1.3329,30
2025-12-09T07:00:00.000Z,1.3329,1.33318,1.33257,1.33285,30
2025-12-09T08:00:00.000Z,1.33285,1.33316,1.3317,1.33201,70
2025-12-09T09:00:00.000Z,1.33201,1.33232,1.33105,1.33136,70
2025-12-09T10:00:00.000Z,1.33136,1.33167,1.3304,1.33071,70
2025-12-09T11:00:00.000Z,1.33071,1.33102,1.32995,1.33026,70
2025-12-09T12:00:00.000Z,1.33026,1.33047,1.32935,1.32956,80
2025-12-09T13:00:00.000Z,1.32956,1.32977,1.32879,1.329,80
2025-12-09T14:00:00.000Z,1.329,1.32921,1.32822,1.32843,80
2025-12-09T15:00:00.000Z,1.32843,1.32864,1.32778,1.32799,80
2025-12-09T16:00:00.000Z,1.32799,1.32832,1.32789,1.32822,30
2025-12-09T17:00:00.000Z,1.32822,1.32848,1.32812,1.32838,30
2025-12-09T18:00:00.000Z,1.32838,1.32864,1.32828,1.32854,30
2025-12-09T19:00:00.000Z,1.32854,1.32874,1.32844,1.32864,30
2025-12-09T20:00:00.000Z,1.32864,1.33026,1.32826,1.32988,15
2025-12-09T21:00:00.000Z,1.32988,1.33127,1.3295,1.33089,15
2025-12-09T22:00:00.000Z,1.33089,1.33228,1.33051,1.3319,15
2025-12-09T23:00:00.000Z,1.3319,1.33306,1.33152,1.33268,15
2025-12-10T00:00:00.000Z,1.33036,1.33043,1.33014,1.33021,25
2025-12-10T01:00:00.000Z,1.33021,1.33028,1.33003,1.3301,25
2025-12-10T02:00:00.000Z,1.3301,1.33017,1.32993,1.33,25
2025-12-10T03:00:00.000Z,1.33,1.33007,1.32986,1.32993,25
2025-12-10T04:00:00.000Z,1.32993,1.33058,1.32958,1.33023,30
2025-12-10T05:00:00.000Z,1.33023,1.33067,1.32988,1.33032,30
2025-12-10T06:00:00.000Z,1.33032,1.33075,1.32997,1.3304,30
2025-12-10T07:00:00.000Z,1.3304,1.33075,1.32992,1.33027,30
2025-12-10T08:00:00.000Z,1.33027,1.33047,1.32951,1.32971,70
2025-12-10T09:00:00.000Z,1.32971,1.32991,1.32909,1.32929,70
2025-12-10T10:00:00.000Z,1.32929,1.32949,1.32866,1.32886,70
2025-12-10T11:00:00.000Z,1.32886,1.32906,1.32836,1.32856,70
2025-12-10T12:00:00.000Z,1.32856,1.3287,1.32796,1.3281,80
2025-12-10T13:00:00.000Z,1.3281,1.32824,1.32759,1.32773,80
2025-12-10T14:00:00.000Z,1.32773,1.32787,1.32722,1.32736,80
2025-12-10T15:00:00.000Z,1.32736,1.3275,1.32693,1.32707,80
2025-12-10T16:00:00.000Z,1.32707,1.32729,1.327,1.32722,30
2025-12-10T17:00:00.000Z,1.32722,1.3274,1.32715,1.32733,30
2025-12-10T18:00:00.000Z,1.32733,1.32751,1.32726,1.32744,30
2025-12-10T19:00:00.000Z,1.32744,1.32757,1.32737,1.3275,30
2025-12-10T20:00:00.000Z,1.3275,1.32864,1.32724,1.32838,15
2025-12-10T21:00:00.000Z,1.32838,1.32935,1.32812,1.32909,15
2025-12-10T22:00:00.000Z,1.32909,1.33006,1.32883,1.3298,15
2025-12-10T23:00:00.000Z,1.3298,1.33061,1.32954,1.33035,15
2025-12-11T00:00:00.000Z,1.3389,1.33903,1.33848,1.33861,25
2025-12-11T01:00:00.000Z,1.33861,1.33874,1.33828,1.33841,25
2025-12-11T02:00:00.000Z,1.33841,1.33854,1.33807,1.3382,25
2025-12-11T03:00:00.000Z,1.3382,1.33833,1.33795,1.33808,25
2025-12-11T04:00:00.000Z,1.33808,1.33904,1.33759,1.33855,30
2025-12-11T05:00:00.000Z,1.33855,1.33921,1.33806,1.33872,30
2025-12-11T06:00:00.000Z,1.33872,1.33937,1.33823,1.33888,30
2025-12-11T07:00:00.000Z,1.33888,1.33937,1.33825,1.33874,30
2025-12-11T08:00:00.000Z,1.33874,1.33913,1.33728,1.33767,70
2025-12-11T09:00:00.000Z,1.33767,1.33806,1.33646,1.33685,70
2025-12-11T10:00:00.000Z,1.33685,1.33724,1.33564,1.33603,70
2025-12-11T11:00:00.000Z,1.33603,1.33642,1.33507,1.33546,70
2025-12-11T12:00:00.000Z,1.33546,1.33572,1.33432,1.33458,80
2025-12-11T13:00:00.000Z,1.33458,1.33484,1.3336,1.33386,80
2025-12-11T14:00:00.000Z,1.33386,1.33412,1.33288,1.33314,80
2025-12-11T15:00:00.000Z,1.33314,1.3334,1.33233,1.33259,80
2025-12-11T16:00:00.000Z,1.33259,1.33301,1.33246,1.33288,30
2025-12-11T17:00:00.000Z,1.33288,1.33321,1.33275,1.33308,30
2025-12-11T18:00:00.000Z,1.33308,1.33342,1.33295,1.33329,30
2025-12-11T19:00:00.000Z,1.33329,1.33354,1.33316,1.33341,30
2025-12-11T20:00:00.000Z,1.33341,1.33558,1.33291,1.33508,15
2025-12-11T21:00:00.000Z,1.33508,1.33693,1.33458,1.33643,15
2025-12-11T22:00:00.000Z,1.33643,1.33829,1.33593,1.33779,15
2025-12-11T23:00:00.000Z,1.33779,1.33933,1.33729,1.33883,15
2025-12-12T00:00:00.000Z,1.33939,1.33948,1.3391,1.33919,25
2025-12-12T01:00:00.000Z,1.33919,1.33928,1.33896,1.33905,25
2025-12-12T02:00:00.000Z,1.33905,1.33914,1.33882,1.33891,25
2025-12-12T03:00:00.000Z,1.33891,1.339,1.33873,1.33882,25
2025-12-12T04:00:00.000Z,1.33882,1.33913,1.3387,1.33901,30
2025-12-12T05:00:00.000Z,1.33901,1.33924,1.33889,1.33912,30
2025-12-12T06:00:00.000Z,1.33912,1.33935,1.339,1.33923,30
2025-12-12T07:00:00.000Z,1.33923,1.33939,1.33911,1.33927,30
2025-12-12T08:00:00.000Z,1.33927,1.33954,1.33827,1.33854,70
2025-12-12T09:00:00.000Z,1.33854,1.33881,1.33771,1.33798,70
2025-12-12T10:00:00.000Z,1.33798,1.33825,1.33714,1.33741,70
2025-12-12T11:00:00.000Z,1.33741,1.33768,1.33675,1.33702,70
2025-12-12T12:00:00.000Z,1.33702,1.33725,1.33615,1.33638,80
2025-12-12T13:00:00.000Z,1.33638,1.33661,1.33566,1.33589,80
2025-12-12T14:00:00.000Z,1.33589,1.33612,1.33517,1.3354,80
2025-12-12T15:00:00.000Z,1.3354,1.33563,1.33482,1.33505,80
2025-12-12T16:00:00.000Z,1.33505,1.33534,1.33496,1.33525,30
2025-12-12T17:00:00.000Z,1.33525,1.33548,1.33516,1.33539,30
2025-12-12T18:00:00.000Z,1.33539,1.33562,1.3353,1.33553,30
2025-12-12T19:00:00.000Z,1.33553,1.3357,1.33544,1.33561,30
2025-12-12T20:00:00.000Z,1.33561,1.33699,1.33529,1.33667,15
2025-12-12T21:00:00.000Z,1.33667,1.33785,1.33635,1.33753,15
2025-12-12T22:00:00.000Z,1.33753,1.33871,1.33721,1.33839,15
2025-12-12T23:00:00.000Z,1.33839,1.33937,1.33807,1.33905,15
2025-12-15T00:00:00.000Z,1.33684,1.33692,1.3366,1.33668,25
2025-12-15T01:00:00.000Z,1.33668,1.33676,1.33648,1.33656,25
2025-12-15T02:00:00.000Z,1.33656,1.33664,1.33637,1.33645,25
2025-12-15T03:00:00.000Z,1.33645,1.33653,1.3363,1.33638,25
2025-12-15T04:00:00.000Z,1.33638,1.33699,1.33606,1.33667,30
2025-12-15T05:00:00.000Z,1.33667,1.33708,1.33635,1.33676,30
2025-12-15T06:00:00.000Z,1.33676,1.33718,1.33644,1.33686,30
2025-12-15T07:00:00.000Z,1.33686,1.33718,1.33643,1.33675,30
2025-12-15T08:00:00.000Z,1.33675,1.33697,1.33592,1.33614,70
2025-12-15T09:00:00.000Z,1.33614,1.33636,1.33546,1.33568,70
2025-12-15T10:00:00.000Z,1.33568,1.3359,1.33499,1.33521,70
2025-12-15T11:00:00.000Z,1.33521,1.33543,1.33466,1.33488,70
2025-12-15T12:00:00.000Z,1.33488,1.33503,1.33423,1.33438,80
2025-12-15T13:00:00.000Z,1.33438,1.33453,1.33382,1.33397,80
2025-12-15T14:00:00.000Z,1.33397,1.33412,1.33341,1.33356,80
2025-12-15T15:00:00.000Z,1.33356,1.33371,1.3331,1.33325,80
2025-12-15T16:00:00.000Z,1.33325,1.33349,1.33317,1.33341,30
2025-12-15T17:00:00.000Z,1.33341,1.33361,1.33333,1.33353,30
2025-12-15T18:00:00.000Z,1.33353,1.33373,1.33345,1.33365,30
2025-12-15T19:00:00.000Z,1.33365,1.3338,1.33357,1.33372,30
2025-12-15T20:00:00.000Z,1.33372,1.33494,1.33344,1.33466,15
2025-12-15T21:00:00.000Z,1.33466,1.3357,1.33438,1.33542,15
2025-12-15T22:00:00.000Z,1.33542,1.33646,1.33514,1.33618,15
2025-12-15T23:00:00.000Z,1.33618,1.33705,1.3359,1.33677,15
2025-12-16T00:00:00.000Z,1.33797,1.33847,1.33781,1.33831,25
2025-12-16T01:00:00.000Z,1.33831,1.33872,1.33815,1.33856,25
2025-12-16T02:00:00.000Z,1.33856,1.33896,1.3384,1.3388,25
2025-12-16T03:00:00.000Z,1.3388,1.33911,1.33864,1.33895,25
2025-12-16T04:00:00.000Z,1.33895,1.33925,1.33827,1.33857,30
2025-12-16T05:00:00.000Z,1.33857,1.33887,1.33807,1.33837,30
2025-12-16T06:00:00.000Z,1.33837,1.33867,1.33788,1.33818,30
2025-12-16T07:00:00.000Z,1.33818,1.33848,1.33787,1.33817,30
2025-12-16T08:00:00.000Z,1.33817,1.33991,1.3377,1.33944,70
2025-12-16T09:00:00.000Z,1.33944,1.34088,1.33897,1.34041,70
2025-12-16T10:00:00.000Z,1.34041,1.34185,1.33994,1.34138,70
2025-12-16T11:00:00.000Z,1.34138,1.34253,1.34091,1.34206,70
2025-12-16T12:00:00.000Z,1.34206,1.34342,1.34175,1.34311,80
2025-12-16T13:00:00.000Z,1.34311,1.34427,1.3428,1.34396,80
2025-12-16T14:00:00.000Z,1.34396,1.34512,1.34365,1.34481,80
2025-12-16T15:00:00.000Z,1.34481,1.34578,1.3445,1.34547,80
2025-12-16T16:00:00.000Z,1.34547,1.34563,1.34497,1.34513,30
2025-12-16T17:00:00.000Z,1.34513,1.34529,1.34473,1.34489,30
2025-12-16T18:00:00.000Z,1.34489,1.34505,1.34448,1.34464,30
2025-12-16T19:00:00.000Z,1.34464,1.3448,1.34434,1.3445,30
2025-12-16T20:00:00.000Z,1.3445,1.34509,1.34193,1.34252,15
2025-12-16T21:00:00.000Z,1.34252,1.34311,1.34032,1.34091,15
2025-12-16T22:00:00.000Z,1.34091,1.3415,1.33871,1.3393,15
2025-12-16T23:00:00.000Z,1.3393,1.33989,1.33747,1.33806,15
2025-12-17T00:00:00.000Z,1.34262,1.3428,1.34205,1.34223,25
2025-12-17T01:00:00.000Z,1.34223,1.34241,1.34177,1.34195,25
2025-12-17T02:00:00.000Z,1.34195,1.34213,1.34149,1.34167,25
2025-12-17T03:00:00.000Z,1.34167,1.34185,1.34132,1.3415,25
2025-12-17T04:00:00.000Z,1.3415,1.34195,1.34136,1.34181,30
2025-12-17T05:00:00.000Z,1.34181,1.34218,1.34167,1.34204,30
2025-12-17T06:00:00.000Z,1.34204,1.3424,1.3419,1.34226,30
2025-12-17T07:00:00.000Z,1.34226,1.34254,1.34212,1.3424,30
2025-12-17T08:00:00.000Z,1.3424,1.34294,1.34039,1.34093,70
2025-12-17T09:00:00.000Z,1.34093,1.34147,1.33927,1.33981,70
2025-12-17T10:00:00.000Z,1.33981,1.34035,1.33814,1.33868,70
2025-12-17T11:00:00.000Z,1.33868,1.33922,1.33735,1.33789,70
2025-12-17T12:00:00.000Z,1.33789,1.33846,1.33598,1.33655,80
2025-12-17T13:00:00.000Z,1.33655,1.33712,1.33499,1.33556,80
2025-12-17T14:00:00.000Z,1.33556,1.33613,1.334,1.33457,80
2025-12-17T15:00:00.000Z,1.33457,1.33514,1.33337,1.33394,80
2025-12-17T16:00:00.000Z,1.33394,1.33451,1.33376,1.33433,30
2025-12-17T17:00:00.000Z,1.33433,1.3348,1.33415,1.33462,30
2025-12-17T18:00:00.000Z,1.33462,1.33508,1.33444,1.3349,30
2025-12-17T19:00:00.000Z,1.3349,1.33525,1.33472,1.33507,30
2025-12-17T20:00:00.000Z,1.33507,1.33804,1.33439,1.33736,15
2025-12-17T21:00:00.000Z,1.33736,1.33989,1.33668,1.33921,15
2025-12-17T22:00:00.000Z,1.33921,1.34175,1.33853,1.34107,15
2025-12-17T23:00:00.000Z,1.34107,1.34318,1.34039,1.3425,15
2025-12-18T00:00:00.000Z,1.33745,1.33797,1.33729,1.33781,25
2025-12-18T01:00:00.000Z,1.33781,1.33823,1.33765,1.33807,25
2025-12-18T02:00:00.000Z,1.33807,1.33849,1.33791,1.33833,25
2025-12-18T03:00:00.000Z,1.33833,1.33864,1.33817,1.33848,25
2025-12-18T04:00:00.000Z,1.33848,1.33886,1.33766,1.33804,30
2025-12-18T05:00:00.000Z,1.33804,1.33842,1.33745,1.33783,30
2025-12-18T06:00:00.000Z,1.33783,1.33821,1.33725,1.33763,30
2025-12-18T07:00:00.000Z,1.33763,1.33804,1.33725,1.33766,30
2025-12-18T08:00:00.000Z,1.33766,1.33949,1.33717,1.339,70
2025-12-18T09:00:00.000Z,1.339,1.34052,1.33851,1.34003,70
2025-12-18T10:00:00.000Z,1.34003,1.34155,1.33954,1.34106,70
2025-12-18T11:00:00.000Z,1.34106,1.34227,1.34057,1.34178,70
2025-12-18T12:00:00.000Z,1.34178,1.34322,1.34145,1.34289,80
2025-12-18T13:00:00.000Z,1.34289,1.34412,1.34256,1.34379,80
2025-12-18T14:00:00.000Z,1.34379,1.34502,1.34346,1.34469,80
2025-12-18T15:00:00.000Z,1.34469,1.34571,1.34436,1.34538,80
2025-12-18T16:00:00.000Z,1.34538,1.34554,1.34486,1.34502,30
2025-12-18T17:00:00.000Z,1.34502,1.34518,1.3446,1.34476,30
2025-12-18T18:00:00.000Z,1.34476,1.34492,1.34434,1.3445,30
2025-12-18T19:00:00.000Z,1.3445,1.34466,1.34419,1.34435,30
2025-12-18T20:00:00.000Z,1.34435,1.34498,1.3416,1.34223,15
2025-12-18T21:00:00.000Z,1.34223,1.34286,1.33988,1.34051,15
2025-12-18T22:00:00.000Z,1.34051,1.34114,1.33816,1.33879,15
2025-12-18T23:00:00.000Z,1.33879,1.33942,1.33683,1.33746,15
2025-12-19T00:00:00.000Z,1.33842,1.33857,1.33837,1.33852,25
2025-12-19T01:00:00.000Z,1.33852,1.33865,1.33847,1.3386,25
2025-12-19T02:00:00.000Z,1.3386,1.33872,1.33855,1.33867,25
2025-12-19T03:00:00.000Z,1.33867,1.33877,1.33862,1.33872,25
2025-12-19T04:00:00.000Z,1.33872,1.33897,1.33826,1.33851,30
2025-12-19T05:00:00.000Z,1.33851,1.33876,1.3382,1.33845,30
2025-12-19T06:00:00.000Z,1.33845,1.3387,1.33814,1.33839,30
2025-12-19T07:00:00.000Z,1.33839,1.33873,1.33814,1.33848,30
2025-12-19T08:00:00.000Z,1.33848,1.33901,1.33834,1.33887,70
2025-12-19T09:00:00.000Z,1.33887,1.3393,1.33873,1.33916,70
2025-12-19T10:00:00.000Z,1.33916,1.3396,1.33902,1.33946,70
2025-12-19T11:00:00.000Z,1.33946,1.33981,1.33932,1.33967,70
2025-12-19T12:00:00.000Z,1.33967,1.34009,1.33957,1.33999,80
2025-12-19T13:00:00.000Z,1.33999,1.34035,1.33989,1.34025,80
2025-12-19T14:00:00.000Z,1.34025,1.34061,1.34015,1.34051,80
2025-12-19T15:00:00.000Z,1.34051,1.34081,1.34041,1.34071,80
2025-12-19T16:00:00.000Z,1.34071,1.34076,1.34056,1.34061,30
2025-12-19T17:00:00.000Z,1.34061,1.34066,1.34048,1.34053,30
2025-12-19T18:00:00.000Z,1.34053,1.34058,1.34041,1.34046,30
2025-12-19T19:00:00.000Z,1.34046,1.34051,1.34036,1.34041,30
2025-12-19T20:00:00.000Z,1.34041,1.34058,1.33966,1.33983,15
2025-12-19T21:00:00.000Z,1.33983,1.34,1.3392,1.33937,15
2025-12-19T22:00:00.000Z,1.33937,1.33954,1.33873,1.3389,15
2025-12-19T23:00:00.000Z,1.3389,1.33907,1.33837,1.33854,15
2025-12-22T00:00:00.000Z,1.33801,1.33815,1.33757,1.33771,25
2025-12-22T01:00:00.000Z,1.33771,1.33785,1.33735,1.33749,25
2025-12-22T02:00:00.000Z,1.33749,1.33763,1.33713,1.33727,25
2025-12-22T03:00:00.000Z,1.33727,1.33741,1.337,1.33714,25
2025-12-22T04:00:00.000Z,1.33714,1.33861,1.33634,1.33781,30
2025-12-22T05:00:00.000Z,1.33781,1.33879,1.33701,1.33799,30
2025-12-22T06:00:00.000Z,1.33799,1.33896,1.33719,1.33816,30
2025-12-22T07:00:00.000Z,1.33816,1.33896,1.33703,1.33783,30
2025-12-22T08:00:00.000Z,1.33783,1.33825,1.33628,1.3367,70
2025-12-22T09:00:00.000Z,1.3367,1.33712,1.3354,1.33582,70
2025-12-22T10:00:00.000Z,1.33582,1.33624,1.33453,1.33495,70
2025-12-22T11:00:00.000Z,1.33495,1.33537,1.33392,1.33434,70
2025-12-22T12:00:00.000Z,1.33434,1.33462,1.33312,1.3334,80
2025-12-22T13:00:00.000Z,1.3334,1.33368,1.33236,1.33264,80
2025-12-22T14:00:00.000Z,1.33264,1.33292,1.3316,1.33188,80
2025-12-22T15:00:00.000Z,1.33188,1.33216,1.33101,1.33129,80
2025-12-22T16:00:00.000Z,1.33129,1.33173,1.33115,1.33159,30
2025-12-22T17:00:00.000Z,1.33159,1.33195,1.33145,1.33181,30
2025-12-22T18:00:00.000Z,1.33181,1.33217,1.33167,1.33203,30
2025-12-22T19:00:00.000Z,1.33203,1.3323,1.33189,1.33216,30
2025-12-22T20:00:00.000Z,1.33216,1.33438,1.33165,1.33387,15
2025-12-22T21:00:00.000Z,1.33387,1.33576,1.33336,1.33525,15
2025-12-22T22:00:00.000Z,1.33525,1.33715,1.33474,1.33664,15
2025-12-22T23:00:00.000Z,1.33664,1.33821,1.33613,1.3377,15
2025-12-23T00:00:00.000Z,1.34689,1.34715,1.34681,1.34707,25
2025-12-23T01:00:00.000Z,1.34707,1.34728,1.34699,1.3472,25
2025-12-23T02:00:00.000Z,1.3472,1.34741,1.34712,1.34733,25
2025-12-23T03:00:00.000Z,1.34733,1.34749,1.34725,1.34741,25
2025-12-23T04:00:00.000Z,1.34741,1.34747,1.34721,1.34727,30
2025-12-23T05:00:00.000Z,1.34727,1.34733,1.34711,1.34717,30
2025-12-23T06:00:00.000Z,1.34717,1.34723,1.347,1.34706,30
2025-12-23T07:00:00.000Z,1.34706,1.34712,1.34694,1.347,30
2025-12-23T08:00:00.000Z,1.347,1.34792,1.34675,1.34767,70
2025-12-23T09:00:00.000Z,1.34767,1.34843,1.34742,1.34818,70
2025-12-23T10:00:00.000Z,1.34818,1.34895,1.34793,1.3487,70
2025-12-23T11:00:00.000Z,1.3487,1.34931,1.34845,1.34906,70
2025-12-23T12:00:00.000Z,1.34906,1.34993,1.3488,1.34967,80
2025-12-23T13:00:00.000Z,1.34967,1.35039,1.34941,1.35013,80
2025-12-23T14:00:00.000Z,1.35013,1.35084,1.34987,1.35058,80
2025-12-23T15:00:00.000Z,1.35058,1.35113,1.35032,1.35087,80
2025-12-23T16:00:00.000Z,1.35087,1.35095,1.35061,1.35069,30
2025-12-23T17:00:00.000Z,1.35069,1.35077,1.35048,1.35056,30
2025-12-23T18:00:00.000Z,1.35056,1.35064,1.35036,1.35044,30
2025-12-23T19:00:00.000Z,1.35044,1.35052,1.35028,1.35036,30
2025-12-23T20:00:00.000Z,1.35036,1.35067,1.34901,1.34932,15
2025-12-23T21:00:00.000Z,1.34932,1.34963,1.34817,1.34848,15
2025-12-23T22:00:00.000Z,1.34848,1.34879,1.34733,1.34764,15
2025-12-23T23:00:00.000Z,1.34764,1.34795,1.34668,1.34699,15
2025-12-24T00:00:00.000Z,1.35139,1.35146,1.35117,1.35124,25
2025-12-24T01:00:00.000Z,1.35124,1.35131,1.35107,1.35114,25
2025-12-24T02:00:00.000Z,1.35114,1.35121,1.35096,1.35103,25
2025-12-24T03:00:00.000Z,1.35103,1.3511,1.3509,1.35097,25
2025-12-24T04:00:00.000Z,1.35097,1.35141,1.35075,1.35119,30
2025-12-24T05:00:00.000Z,1.35119,1.35149,1.35097,1.35127,30
2025-12-24T06:00:00.000Z,1.35127,1.35158,1.35105,1.35136,30
2025-12-24T07:00:00.000Z,1.35136,1.35158,1.35108,1.3513,30
2025-12-24T08:00:00.000Z,1.3513,1.3515,1.35056,1.35076,70
2025-12-24T09:00:00.000Z,1.35076,1.35096,1.35015,1.35035,70
2025-12-24T10:00:00.000Z,1.35035,1.35055,1.34973,1.34993,70
2025-12-24T11:00:00.000Z,1.34993,1.35013,1.34944,1.34964,70
2025-12-24T12:00:00.000Z,1.34964,1.34977,1.34906,1.34919,80
2025-12-24T13:00:00.000Z,1.34919,1.34932,1.3487,1.34883,80
2025-12-24T14:00:00.000Z,1.34883,1.34896,1.34833,1.34846,80
2025-12-24T15:00:00.000Z,1.34846,1.34859,1.34805,1.34818,80
2025-12-24T16:00:00.000Z,1.34818,1.3484,1.34811,1.34833,30
2025-12-24T17:00:00.000Z,1.34833,1.3485,1.34826,1.34843,30
2025-12-24T18:00:00.000Z,1.34843,1.34861,1.34836,1.34854,30
2025-12-24T19:00:00.000Z,1.34854,1.34867,1.34847,1.3486,30
2025-12-24T20:00:00.000Z,1.3486,1.3497,1.34835,1.34945,15
2025-12-24T21:00:00.000Z,1.34945,1.35039,1.3492,1.35014,15
2025-12-24T22:00:00.000Z,1.35014,1.35108,1.34989,1.35083,15
2025-12-24T23:00:00.000Z,1.35083,1.35161,1.35058,1.35136,15
2025-12-26T00:00:00.000Z,1.35071,1.35096,1.35063,1.35088,25
2025-12-26T01:00:00.000Z,1.35088,1.35108,1.3508,1.351,25
2025-12-26T02:00:00.000Z,1.351,1.35121,1.35092,1.35113,25
2025-12-26T03:00:00.000Z,1.35113,1.35128,1.35105,1.3512,25
2025-12-26T04:00:00.000Z,1.3512,1.35149,1.35063,1.35092,30
2025-12-26T05:00:00.000Z,1.35092,1.35121,1.35053,1.35082,30
2025-12-26T06:00:00.000Z,1.35082,1.35111,1.35043,1.35072,30
2025-12-26T07:00:00.000Z,1.35072,1.3511,1.35043,1.35081,30
2025-12-26T08:00:00.000Z,1.35081,1.35167,1.35058,1.35144,70
2025-12-26T09:00:00.000Z,1.35144,1.35216,1.35121,1.35193,70
2025-12-26T10:00:00.000Z,1.35193,1.35265,1.3517,1.35242,70
2025-12-26T11:00:00.000Z,1.35242,1.35299,1.35219,1.35276,70
2025-12-26T12:00:00.000Z,1.35276,1.35345,1.3526,1.35329,80
2025-12-26T13:00:00.000Z,1.35329,1.35387,1.35313,1.35371,80
2025-12-26T14:00:00.000Z,1.35371,1.3543,1.35355,1.35414,80
2025-12-26T15:00:00.000Z,1.35414,1.35463,1.35398,1.35447,80
2025-12-26T16:00:00.000Z,1.35447,1.35455,1.35422,1.3543,30
2025-12-26T17:00:00.000Z,1.3543,1.35438,1.3541,1.35418,30
2025-12-26T18:00:00.000Z,1.35418,1.35426,1.35398,1.35406,30
2025-12-26T19:00:00.000Z,1.35406,1.35414,1.35391,1.35399,30
2025-12-26T20:00:00.000Z,1.35399,1.35428,1.35275,1.35304,15
2025-12-26T21:00:00.000Z,1.35304,1.35333,1.35197,1.35226,15
2025-12-26T22:00:00.000Z,1.35226,1.35255,1.3512,1.35149,15
2025-12-26T23:00:00.000Z,1.35149,1.35178,1.3506,1.35089,15
2025-12-29T00:00:00.000Z,1.35007,1.35014,1.34985,1.34992,25
2025-12-29T01:00:00.000Z,1.34992,1.34999,1.34975,1.34982,25
2025-12-29T02:00:00.000Z,1.34982,1.34989,1.34964,1.34971,25
2025-12-29T03:00:00.000Z,1.34971,1.34978,1.34958,1.34965,25
2025-12-29T04:00:00.000Z,1.34965,1.34998,1.3495,1.34983,30
2025-12-29T05:00:00.000Z,1.34983,1.35007,1.34968,1.34992,30
2025-12-29T06:00:00.000Z,1.34992,1.35015,1.34977,1.35,30
2025-12-29T07:00:00.000Z,1.35,1.35015,1.34984,1.34999,30
2025-12-29T08:00:00.000Z,1.34999,1.35019,1.34924,1.34944,70
2025-12-29T09:00:00.000Z,1.34944,1.34964,1.34882,1.34902,70
2025-12-29T10:00:00.000Z,1.34902,1.34922,1.3484,1.3486,70
2025-12-29T11:00:00.000Z,1.3486,1.3488,1.3481,1.3483,70
2025-12-29T12:00:00.000Z,1.3483,1.34844,1.34771,1.34785,80
2025-12-29T13:00:00.000Z,1.34785,1.34799,1.34734,1.34748,80
2025-12-29T14:00:00.000Z,1.34748,1.34762,1.34697,1.34711,80
2025-12-29T15:00:00.000Z,1.34711,1.34725,1.34668,1.34682,80
2025-12-29T16:00:00.000Z,1.34682,1.34704,1.34675,1.34697,30
2025-12-29T17:00:00.000Z,1.34697,1.34714,1.3469,1.34707,30
2025-12-29T18:00:00.000Z,1.34707,1.34725,1.347,1.34718,30
2025-12-29T19:00:00.000Z,1.34718,1.34731,1.34711,1.34724,30
2025-12-29T20:00:00.000Z,1.34724,1.34824,1.34701,1.34801,15
2025-12-29T21:00:00.000Z,1.34801,1.34886,1.34778,1.34863,15
2025-12-29T22:00:00.000Z,1.34863,1.34948,1.3484,1.34925,15
2025-12-29T23:00:00.000Z,1.34925,1.34996,1.34902,1.34973,15
2025-12-30T00:00:00.000Z,1.35099,1.35139,1.35086,1.35126,25
2025-12-30T01:00:00.000Z,1.35126,1.35159,1.35113,1.35146,25
2025-12-30T02:00:00.000Z,1.35146,1.35178,1.35133,1.35165,25
2025-12-30T03:00:00.000Z,1.35165,1.3519,1.35152,1.35177,25
2025-12-30T04:00:00.000Z,1.35177,1.35233,1.3507,1.35126,30
2025-12-30T05:00:00.000Z,1.35126,1.35182,1.35055,1.35111,30
2025-12-30T06:00:00.000Z,1.35111,1.35167,1.35039,1.35095,30
2025-12-30T07:00:00.000Z,1.35095,1.3517,1.35039,1.35114,30
2025-12-30T08:00:00.000Z,1.35114,1.35254,1.35076,1.35216,70
2025-12-30T09:00:00.000Z,1.35216,1.35333,1.35178,1.35295,70
2025-12-30T10:00:00.000Z,1.35295,1.35411,1.35257,1.35373,70
2025-12-30T11:00:00.000Z,1.35373,1.35466,1.35335,1.35428,70
2025-12-30T12:00:00.000Z,1.35428,1.35537,1.35403,1.35512,80
2025-12-30T13:00:00.000Z,1.35512,1.35606,1.35487,1.35581,80
2025-12-30T14:00:00.000Z,1.35581,1.35675,1.35556,1.3565,80
2025-12-30T15:00:00.000Z,1.3565,1.35728,1.35625,1.35703,80
2025-12-30T16:00:00.000Z,1.35703,1.35716,1.35662,1.35675,30
2025-12-30T17:00:00.000Z,1.35675,1.35688,1.35643,1.35656,30
2025-12-30T18:00:00.000Z,1.35656,1.35669,1.35623,1.35636,30
2025-12-30T19:00:00.000Z,1.35636,1.35649,1.35611,1.35624,30
2025-12-30T20:00:00.000Z,1.35624,1.35671,1.35419,1.35466,15
2025-12-30T21:00:00.000Z,1.35466,1.35513,1.3529,1.35337,15
2025-12-30T22:00:00.000Z,1.35337,1.35384,1.35162,1.35209,15
2025-12-30T23:00:00.000Z,1.35209,1.35256,1.35063,1.3511,15
2025-12-31T00:00:00.000Z,1.34678,1.3469,1.3464,1.34652,25
2025-12-31T01:00:00.000Z,1.34652,1.34664,1.34622,1.34634,25
2025-12-31T02:00:00.000Z,1.34634,1.34646,1.34604,1.34616,25
2025-12-31T03:00:00.000Z,1.34616,1.34628,1.34593,1.34605,25
2025-12-31T04:00:00.000Z,1.34605,1.34646,1.34589,1.3463,30
2025-12-31T05:00:00.000Z,1.3463,1.3466,1.34614,1.34644,30
2025-12-31T06:00:00.000Z,1.34644,1.34675,1.34628,1.34659,30
2025-12-31T07:00:00.000Z,1.34659,1.3468,1.34643,1.34664,30
2025-12-31T08:00:00.000Z,1.34664,1.34699,1.34534,1.34569,70
2025-12-31T09:00:00.000Z,1.34569,1.34604,1.34461,1.34496,70
2025-12-31T10:00:00.000Z,1.34496,1.34531,1.34387,1.34422,70
2025-12-31T11:00:00.000Z,1.34422,1.34457,1.34336,1.34371,70
2025-12-31T12:00:00.000Z,1.34371,1.34401,1.34258,1.34288,80
2025-12-31T13:00:00.000Z,1.34288,1.34318,1.34194,1.34224,80
2025-12-31T14:00:00.000Z,1.34224,1.34254,1.3413,1.3416,80
2025-12-31T15:00:00.000Z,1.3416,1.3419,1.34085,1.34115,80
2025-12-31T16:00:00.000Z,1.34115,1.34153,1.34103,1.34141,30
2025-12-31T17:00:00.000Z,1.34141,1.34171,1.34129,1.34159,30
2025-12-31T18:00:00.000Z,1.34159,1.34189,1.34147,1.34177,30
2025-12-31T19:00:00.000Z,1.34177,1.342,1.34165,1.34188,30
2025-12-31T20:00:00.000Z,1.34188,1.34382,1.34143,1.34337,15
2025-12-31T21:00:00.000Z,1.34337,1.34503,1.34292,1.34458,15
2025-12-31T22:00:00.000Z,1.34458,1.34624,1.34413,1.34579,15
2025-12-31T23:00:00.000Z,1.34579,1.34717,1.34534,1.34672,15
